student_id,assignment_id,topic,due_date,submitted_at,delay_days,status,is_late,is_missed,was_submitted
S0001,ASG_01,Computer Vision,2025-07-21 13:55:37.168988000,2025-07-21 13:55:37.168988000,0,on_time,0,0,1
S0002,ASG_01,Computer Vision,2025-07-21 13:55:37.168988000,2025-07-24 13:55:37.168988000,3,late,1,0,1
S0003,ASG_01,Computer Vision,2025-07-21 13:55:37.168988000,,11,missed,0,1,0
S0004,ASG_01,Computer Vision,2025-07-21 13:55:37.168988000,2025-07-22 13:55:37.168988000,1,late,1,0,1
S0005,ASG_01,Computer Vision,2025-07-21 13:55:37.168988000,2025-07-21 13:55:37.168988000,0,on_time,0,0,1
S0006,ASG_01,Computer Vision,2025-07-21 13:55:37.168988000,2025-07-24 13:55:37.168988000,3,late,1,0,1
S0007,ASG_01,Computer Vision,2025-07-21 13:55:37.168988000,2025-07-24 13:55:37.168988000,3,late,1,0,1
S0008,ASG_01,Computer Vision,2025-07-21 13:55:37.168988000,2025-07-21 13:55:37.168988000,0,on_time,0,0,1
S0009,ASG_01,Computer Vision,2025-07-21 13:55:37.168988000,2025-07-21 13:55:37.168988000,0,on_time,0,0,1
S0010,ASG_01,Computer Vision,2025-07-21 13:55:37.168988000,2025-07-22 13:55:37.168988000,1,late,1,0,1
S0011,ASG_01,Computer Vision,2025-07-21 13:55:37.168988000,2025-07-21 13:55:37.168988000,0,on_time,0,0,1
S0012,ASG_01,Computer Vision,2025-07-21 13:55:37.168988000,2025-07-23 13:55:37.168988000,2,late,1,0,1
S0013,ASG_01,Computer Vision,2025-07-21 13:55:37.168988000,2025-07-22 13:55:37.168988000,1,late,1,0,1
S0014,ASG_01,Computer Vision,2025-07-21 13:55:37.168988000,2025-07-24 13:55:37.168988000,3,late,1,0,1
S0015,ASG_01,Computer Vision,2025-07-21 13:55:37.168988000,2025-07-23 13:55:37.168988000,2,late,1,0,1
S0016,ASG_01,Computer Vision,2025-07-21 13:55:37.168988000,2025-07-22 13:55:37.168988000,1,late,1,0,1
S0017,ASG_01,Computer Vision,2025-07-21 13:55:37.168988000,2025-07-21 13:55:37.168988000,0,on_time,0,0,1
S0018,ASG_01,Computer Vision,2025-07-21 13:55:37.168988000,2025-07-24 13:55:37.168988000,3,late,1,0,1
S0019,ASG_01,Computer Vision,2025-07-21 13:55:37.168988000,2025-07-21 13:55:37.168988000,0,on_time,0,0,1
S0020,ASG_01,Computer Vision,2025-07-21 13:55:37.168988000,2025-07-24 13:55:37.168988000,3,late,1,0,1
S0021,ASG_01,Computer Vision,2025-07-21 13:55:37.168988000,2025-07-23 13:55:37.168988000,2,late,1,0,1
S0022,ASG_01,Computer Vision,2025-07-21 13:55:37.168988000,2025-07-23 13:55:37.168988000,2,late,1,0,1
S0023,ASG_01,Computer Vision,2025-07-21 13:55:37.168988000,2025-07-23 13:55:37.168988000,2,late,1,0,1
S0024,ASG_01,Computer Vision,2025-07-21 13:55:37.168988000,2025-07-23 13:55:37.168988000,2,late,1,0,1
S0025,ASG_01,Computer Vision,2025-07-21 13:55:37.168988000,2025-07-23 13:55:37.168988000,2,late,1,0,1
S0026,ASG_01,Computer Vision,2025-07-21 13:55:37.168988000,2025-07-24 13:55:37.168988000,3,late,1,0,1
S0027,ASG_01,Computer Vision,2025-07-21 13:55:37.168988000,2025-07-22 13:55:37.168988000,1,late,1,0,1
S0028,ASG_01,Computer Vision,2025-07-21 13:55:37.168988000,2025-07-21 13:55:37.168988000,0,on_time,0,0,1
S0029,ASG_01,Computer Vision,2025-07-21 13:55:37.168988000,2025-07-26 13:55:37.168988000,5,late,1,0,1
S0030,ASG_01,Computer Vision,2025-07-21 13:55:37.168988000,2025-07-24 13:55:37.168988000,3,late,1,0,1
S0031,ASG_01,Computer Vision,2025-07-21 13:55:37.168988000,2025-07-22 13:55:37.168988000,1,late,1,0,1
S0032,ASG_01,Computer Vision,2025-07-21 13:55:37.168988000,2025-07-24 13:55:37.168988000,3,late,1,0,1
S0033,ASG_01,Computer Vision,2025-07-21 13:55:37.168988000,2025-07-23 13:55:37.168988000,2,late,1,0,1
S0034,ASG_01,Computer Vision,2025-07-21 13:55:37.168988000,,15,missed,0,1,0
S0035,ASG_01,Computer Vision,2025-07-21 13:55:37.168988000,2025-07-24 13:55:37.168988000,3,late,1,0,1
S0036,ASG_01,Computer Vision,2025-07-21 13:55:37.168988000,2025-07-21 13:55:37.168988000,0,on_time,0,0,1
S0037,ASG_01,Computer Vision,2025-07-21 13:55:37.168988000,2025-07-21 13:55:37.168988000,0,on_time,0,0,1
S0038,ASG_01,Computer Vision,2025-07-21 13:55:37.168988000,2025-07-22 13:55:37.168988000,1,late,1,0,1
S0039,ASG_01,Computer Vision,2025-07-21 13:55:37.168988000,2025-07-22 13:55:37.168988000,1,late,1,0,1
S0040,ASG_01,Computer Vision,2025-07-21 13:55:37.168988000,2025-07-24 13:55:37.168988000,3,late,1,0,1
S0041,ASG_01,Computer Vision,2025-07-21 13:55:37.168988000,2025-07-23 13:55:37.168988000,2,late,1,0,1
S0042,ASG_01,Computer Vision,2025-07-21 13:55:37.168988000,2025-07-21 13:55:37.168988000,0,on_time,0,0,1
S0043,ASG_01,Computer Vision,2025-07-21 13:55:37.168988000,,13,missed,0,1,0
S0044,ASG_01,Computer Vision,2025-07-21 13:55:37.168988000,2025-07-21 13:55:37.168988000,0,on_time,0,0,1
S0045,ASG_01,Computer Vision,2025-07-21 13:55:37.168988000,2025-07-23 13:55:37.168988000,2,late,1,0,1
S0046,ASG_01,Computer Vision,2025-07-21 13:55:37.168988000,2025-07-24 13:55:37.168988000,3,late,1,0,1
S0047,ASG_01,Computer Vision,2025-07-21 13:55:37.168988000,2025-07-21 13:55:37.168988000,0,on_time,0,0,1
S0048,ASG_01,Computer Vision,2025-07-21 13:55:37.168988000,2025-07-21 13:55:37.168988000,0,on_time,0,0,1
S0049,ASG_01,Computer Vision,2025-07-21 13:55:37.168988000,,13,missed,0,1,0
S0050,ASG_01,Computer Vision,2025-07-21 13:55:37.168988000,2025-07-21 13:55:37.168988000,0,on_time,0,0,1
S0051,ASG_01,Computer Vision,2025-07-21 13:55:37.168988000,2025-07-21 13:55:37.168988000,0,on_time,0,0,1
S0052,ASG_01,Computer Vision,2025-07-21 13:55:37.168988000,2025-07-25 13:55:37.168988000,4,late,1,0,1
S0053,ASG_01,Computer Vision,2025-07-21 13:55:37.168988000,2025-07-23 13:55:37.168988000,2,late,1,0,1
S0054,ASG_01,Computer Vision,2025-07-21 13:55:37.168988000,2025-07-22 13:55:37.168988000,1,late,1,0,1
S0055,ASG_01,Computer Vision,2025-07-21 13:55:37.168988000,2025-07-22 13:55:37.168988000,1,late,1,0,1
S0056,ASG_01,Computer Vision,2025-07-21 13:55:37.168988000,2025-07-21 13:55:37.168988000,0,on_time,0,0,1
S0057,ASG_01,Computer Vision,2025-07-21 13:55:37.168988000,2025-07-23 13:55:37.168988000,2,late,1,0,1
S0058,ASG_01,Computer Vision,2025-07-21 13:55:37.168988000,2025-07-21 13:55:37.168988000,0,on_time,0,0,1
S0059,ASG_01,Computer Vision,2025-07-21 13:55:37.168988000,2025-07-21 13:55:37.168988000,0,on_time,0,0,1
S0060,ASG_01,Computer Vision,2025-07-21 13:55:37.168988000,2025-07-22 13:55:37.168988000,1,late,1,0,1
S0061,ASG_01,Computer Vision,2025-07-21 13:55:37.168988000,2025-07-22 13:55:37.168988000,1,late,1,0,1
S0062,ASG_01,Computer Vision,2025-07-21 13:55:37.168988000,,13,missed,0,1,0
S0063,ASG_01,Computer Vision,2025-07-21 13:55:37.168988000,,10,missed,0,1,0
S0064,ASG_01,Computer Vision,2025-07-21 13:55:37.168988000,2025-07-24 13:55:37.168988000,3,late,1,0,1
S0065,ASG_01,Computer Vision,2025-07-21 13:55:37.168988000,2025-07-25 13:55:37.168988000,4,late,1,0,1
S0066,ASG_01,Computer Vision,2025-07-21 13:55:37.168988000,2025-07-21 13:55:37.168988000,0,on_time,0,0,1
S0067,ASG_01,Computer Vision,2025-07-21 13:55:37.168988000,2025-07-21 13:55:37.168988000,0,on_time,0,0,1
S0068,ASG_01,Computer Vision,2025-07-21 13:55:37.168988000,2025-07-24 13:55:37.168988000,3,late,1,0,1
S0069,ASG_01,Computer Vision,2025-07-21 13:55:37.168988000,,8,missed,0,1,0
S0070,ASG_01,Computer Vision,2025-07-21 13:55:37.168988000,2025-07-23 13:55:37.168988000,2,late,1,0,1
S0071,ASG_01,Computer Vision,2025-07-21 13:55:37.168988000,,15,missed,0,1,0
S0072,ASG_01,Computer Vision,2025-07-21 13:55:37.168988000,2025-07-27 13:55:37.168988000,6,late,1,0,1
S0073,ASG_01,Computer Vision,2025-07-21 13:55:37.168988000,2025-07-21 13:55:37.168988000,0,on_time,0,0,1
S0074,ASG_01,Computer Vision,2025-07-21 13:55:37.168988000,2025-07-23 13:55:37.168988000,2,late,1,0,1
S0075,ASG_01,Computer Vision,2025-07-21 13:55:37.168988000,2025-07-21 13:55:37.168988000,0,on_time,0,0,1
S0076,ASG_01,Computer Vision,2025-07-21 13:55:37.168988000,2025-07-22 13:55:37.168988000,1,late,1,0,1
S0077,ASG_01,Computer Vision,2025-07-21 13:55:37.168988000,2025-07-23 13:55:37.168988000,2,late,1,0,1
S0078,ASG_01,Computer Vision,2025-07-21 13:55:37.168988000,2025-07-21 13:55:37.168988000,0,on_time,0,0,1
S0079,ASG_01,Computer Vision,2025-07-21 13:55:37.168988000,2025-07-21 13:55:37.168988000,0,on_time,0,0,1
S0080,ASG_01,Computer Vision,2025-07-21 13:55:37.168988000,2025-07-23 13:55:37.168988000,2,late,1,0,1
S0081,ASG_01,Computer Vision,2025-07-21 13:55:37.168988000,2025-07-23 13:55:37.168988000,2,late,1,0,1
S0082,ASG_01,Computer Vision,2025-07-21 13:55:37.168988000,2025-07-22 13:55:37.168988000,1,late,1,0,1
S0083,ASG_01,Computer Vision,2025-07-21 13:55:37.168988000,2025-07-21 13:55:37.168988000,0,on_time,0,0,1
S0084,ASG_01,Computer Vision,2025-07-21 13:55:37.168988000,2025-07-26 13:55:37.168988000,5,late,1,0,1
S0085,ASG_01,Computer Vision,2025-07-21 13:55:37.168988000,2025-07-24 13:55:37.168988000,3,late,1,0,1
S0086,ASG_01,Computer Vision,2025-07-21 13:55:37.168988000,2025-07-24 13:55:37.168988000,3,late,1,0,1
S0087,ASG_01,Computer Vision,2025-07-21 13:55:37.168988000,2025-07-22 13:55:37.168988000,1,late,1,0,1
S0088,ASG_01,Computer Vision,2025-07-21 13:55:37.168988000,2025-07-21 13:55:37.168988000,0,on_time,0,0,1
S0089,ASG_01,Computer Vision,2025-07-21 13:55:37.168988000,2025-07-21 13:55:37.168988000,0,on_time,0,0,1
S0090,ASG_01,Computer Vision,2025-07-21 13:55:37.168988000,2025-07-21 13:55:37.168988000,0,on_time,0,0,1
S0091,ASG_01,Computer Vision,2025-07-21 13:55:37.168988000,2025-07-26 13:55:37.168988000,5,late,1,0,1
S0092,ASG_01,Computer Vision,2025-07-21 13:55:37.168988000,2025-07-22 13:55:37.168988000,1,late,1,0,1
S0093,ASG_01,Computer Vision,2025-07-21 13:55:37.168988000,2025-07-25 13:55:37.168988000,4,late,1,0,1
S0094,ASG_01,Computer Vision,2025-07-21 13:55:37.168988000,2025-07-21 13:55:37.168988000,0,on_time,0,0,1
S0095,ASG_01,Computer Vision,2025-07-21 13:55:37.168988000,2025-07-23 13:55:37.168988000,2,late,1,0,1
S0096,ASG_01,Computer Vision,2025-07-21 13:55:37.168988000,2025-07-23 13:55:37.168988000,2,late,1,0,1
S0097,ASG_01,Computer Vision,2025-07-21 13:55:37.168988000,2025-07-21 13:55:37.168988000,0,on_time,0,0,1
S0098,ASG_01,Computer Vision,2025-07-21 13:55:37.168988000,2025-07-25 13:55:37.168988000,4,late,1,0,1
S0099,ASG_01,Computer Vision,2025-07-21 13:55:37.168988000,2025-07-21 13:55:37.168988000,0,on_time,0,0,1
S0100,ASG_01,Computer Vision,2025-07-21 13:55:37.168988000,2025-07-21 13:55:37.168988000,0,on_time,0,0,1
S0101,ASG_01,Computer Vision,2025-07-21 13:55:37.168988000,2025-07-24 13:55:37.168988000,3,late,1,0,1
S0102,ASG_01,Computer Vision,2025-07-21 13:55:37.168988000,2025-07-23 13:55:37.168988000,2,late,1,0,1
S0103,ASG_01,Computer Vision,2025-07-21 13:55:37.168988000,2025-07-23 13:55:37.168988000,2,late,1,0,1
S0104,ASG_01,Computer Vision,2025-07-21 13:55:37.168988000,2025-07-22 13:55:37.168988000,1,late,1,0,1
S0105,ASG_01,Computer Vision,2025-07-21 13:55:37.168988000,2025-07-21 13:55:37.168988000,0,on_time,0,0,1
S0106,ASG_01,Computer Vision,2025-07-21 13:55:37.168988000,2025-07-21 13:55:37.168988000,0,on_time,0,0,1
S0107,ASG_01,Computer Vision,2025-07-21 13:55:37.168988000,2025-07-21 13:55:37.168988000,0,on_time,0,0,1
S0108,ASG_01,Computer Vision,2025-07-21 13:55:37.168988000,2025-07-24 13:55:37.168988000,3,late,1,0,1
S0109,ASG_01,Computer Vision,2025-07-21 13:55:37.168988000,2025-07-23 13:55:37.168988000,2,late,1,0,1
S0110,ASG_01,Computer Vision,2025-07-21 13:55:37.168988000,2025-07-23 13:55:37.168988000,2,late,1,0,1
S0111,ASG_01,Computer Vision,2025-07-21 13:55:37.168988000,2025-07-21 13:55:37.168988000,0,on_time,0,0,1
S0112,ASG_01,Computer Vision,2025-07-21 13:55:37.168988000,2025-07-23 13:55:37.168988000,2,late,1,0,1
S0113,ASG_01,Computer Vision,2025-07-21 13:55:37.168988000,2025-07-22 13:55:37.168988000,1,late,1,0,1
S0114,ASG_01,Computer Vision,2025-07-21 13:55:37.168988000,2025-07-22 13:55:37.168988000,1,late,1,0,1
S0115,ASG_01,Computer Vision,2025-07-21 13:55:37.168988000,2025-07-23 13:55:37.168988000,2,late,1,0,1
S0116,ASG_01,Computer Vision,2025-07-21 13:55:37.168988000,2025-07-23 13:55:37.168988000,2,late,1,0,1
S0117,ASG_01,Computer Vision,2025-07-21 13:55:37.168988000,2025-07-27 13:55:37.168988000,6,late,1,0,1
S0118,ASG_01,Computer Vision,2025-07-21 13:55:37.168988000,2025-07-21 13:55:37.168988000,0,on_time,0,0,1
S0119,ASG_01,Computer Vision,2025-07-21 13:55:37.168988000,2025-07-21 13:55:37.168988000,0,on_time,0,0,1
S0120,ASG_01,Computer Vision,2025-07-21 13:55:37.168988000,2025-07-23 13:55:37.168988000,2,late,1,0,1
S0121,ASG_01,Computer Vision,2025-07-21 13:55:37.168988000,2025-07-21 13:55:37.168988000,0,on_time,0,0,1
S0122,ASG_01,Computer Vision,2025-07-21 13:55:37.168988000,2025-07-21 13:55:37.168988000,0,on_time,0,0,1
S0123,ASG_01,Computer Vision,2025-07-21 13:55:37.168988000,2025-07-21 13:55:37.168988000,0,on_time,0,0,1
S0124,ASG_01,Computer Vision,2025-07-21 13:55:37.168988000,2025-07-26 13:55:37.168988000,5,late,1,0,1
S0125,ASG_01,Computer Vision,2025-07-21 13:55:37.168988000,2025-07-21 13:55:37.168988000,0,on_time,0,0,1
S0126,ASG_01,Computer Vision,2025-07-21 13:55:37.168988000,2025-07-21 13:55:37.168988000,0,on_time,0,0,1
S0127,ASG_01,Computer Vision,2025-07-21 13:55:37.168988000,2025-07-26 13:55:37.168988000,5,late,1,0,1
S0128,ASG_01,Computer Vision,2025-07-21 13:55:37.168988000,2025-07-21 13:55:37.168988000,0,on_time,0,0,1
S0129,ASG_01,Computer Vision,2025-07-21 13:55:37.168988000,2025-07-27 13:55:37.168988000,6,late,1,0,1
S0130,ASG_01,Computer Vision,2025-07-21 13:55:37.168988000,,11,missed,0,1,0
S0131,ASG_01,Computer Vision,2025-07-21 13:55:37.168988000,2025-07-26 13:55:37.168988000,5,late,1,0,1
S0132,ASG_01,Computer Vision,2025-07-21 13:55:37.168988000,2025-07-22 13:55:37.168988000,1,late,1,0,1
S0133,ASG_01,Computer Vision,2025-07-21 13:55:37.168988000,2025-07-23 13:55:37.168988000,2,late,1,0,1
S0134,ASG_01,Computer Vision,2025-07-21 13:55:37.168988000,2025-07-22 13:55:37.168988000,1,late,1,0,1
S0135,ASG_01,Computer Vision,2025-07-21 13:55:37.168988000,2025-07-22 13:55:37.168988000,1,late,1,0,1
S0136,ASG_01,Computer Vision,2025-07-21 13:55:37.168988000,,12,missed,0,1,0
S0137,ASG_01,Computer Vision,2025-07-21 13:55:37.168988000,2025-07-22 13:55:37.168988000,1,late,1,0,1
S0138,ASG_01,Computer Vision,2025-07-21 13:55:37.168988000,2025-07-24 13:55:37.168988000,3,late,1,0,1
S0139,ASG_01,Computer Vision,2025-07-21 13:55:37.168988000,2025-07-23 13:55:37.168988000,2,late,1,0,1
S0140,ASG_01,Computer Vision,2025-07-21 13:55:37.168988000,2025-07-23 13:55:37.168988000,2,late,1,0,1
S0141,ASG_01,Computer Vision,2025-07-21 13:55:37.168988000,2025-07-23 13:55:37.168988000,2,late,1,0,1
S0142,ASG_01,Computer Vision,2025-07-21 13:55:37.168988000,2025-07-28 13:55:37.168988000,7,late,1,0,1
S0143,ASG_01,Computer Vision,2025-07-21 13:55:37.168988000,2025-07-25 13:55:37.168988000,4,late,1,0,1
S0144,ASG_01,Computer Vision,2025-07-21 13:55:37.168988000,2025-07-21 13:55:37.168988000,0,on_time,0,0,1
S0145,ASG_01,Computer Vision,2025-07-21 13:55:37.168988000,2025-07-23 13:55:37.168988000,2,late,1,0,1
S0146,ASG_01,Computer Vision,2025-07-21 13:55:37.168988000,2025-07-24 13:55:37.168988000,3,late,1,0,1
S0147,ASG_01,Computer Vision,2025-07-21 13:55:37.168988000,,10,missed,0,1,0
S0148,ASG_01,Computer Vision,2025-07-21 13:55:37.168988000,2025-07-24 13:55:37.168988000,3,late,1,0,1
S0149,ASG_01,Computer Vision,2025-07-21 13:55:37.168988000,2025-07-21 13:55:37.168988000,0,on_time,0,0,1
S0150,ASG_01,Computer Vision,2025-07-21 13:55:37.168988000,2025-07-23 13:55:37.168988000,2,late,1,0,1
S0151,ASG_01,Computer Vision,2025-07-21 13:55:37.168988000,2025-07-22 13:55:37.168988000,1,late,1,0,1
S0152,ASG_01,Computer Vision,2025-07-21 13:55:37.168988000,2025-07-22 13:55:37.168988000,1,late,1,0,1
S0153,ASG_01,Computer Vision,2025-07-21 13:55:37.168988000,2025-07-25 13:55:37.168988000,4,late,1,0,1
S0154,ASG_01,Computer Vision,2025-07-21 13:55:37.168988000,2025-07-22 13:55:37.168988000,1,late,1,0,1
S0155,ASG_01,Computer Vision,2025-07-21 13:55:37.168988000,2025-07-24 13:55:37.168988000,3,late,1,0,1
S0156,ASG_01,Computer Vision,2025-07-21 13:55:37.168988000,2025-07-21 13:55:37.168988000,0,on_time,0,0,1
S0157,ASG_01,Computer Vision,2025-07-21 13:55:37.168988000,2025-07-25 13:55:37.168988000,4,late,1,0,1
S0158,ASG_01,Computer Vision,2025-07-21 13:55:37.168988000,2025-07-24 13:55:37.168988000,3,late,1,0,1
S0159,ASG_01,Computer Vision,2025-07-21 13:55:37.168988000,2025-07-23 13:55:37.168988000,2,late,1,0,1
S0160,ASG_01,Computer Vision,2025-07-21 13:55:37.168988000,2025-07-22 13:55:37.168988000,1,late,1,0,1
S0161,ASG_01,Computer Vision,2025-07-21 13:55:37.168988000,2025-07-24 13:55:37.168988000,3,late,1,0,1
S0162,ASG_01,Computer Vision,2025-07-21 13:55:37.168988000,2025-07-25 13:55:37.168988000,4,late,1,0,1
S0163,ASG_01,Computer Vision,2025-07-21 13:55:37.168988000,2025-07-25 13:55:37.168988000,4,late,1,0,1
S0164,ASG_01,Computer Vision,2025-07-21 13:55:37.168988000,2025-07-24 13:55:37.168988000,3,late,1,0,1
S0165,ASG_01,Computer Vision,2025-07-21 13:55:37.168988000,2025-07-23 13:55:37.168988000,2,late,1,0,1
S0166,ASG_01,Computer Vision,2025-07-21 13:55:37.168988000,2025-07-24 13:55:37.168988000,3,late,1,0,1
S0167,ASG_01,Computer Vision,2025-07-21 13:55:37.168988000,2025-07-24 13:55:37.168988000,3,late,1,0,1
S0168,ASG_01,Computer Vision,2025-07-21 13:55:37.168988000,2025-07-23 13:55:37.168988000,2,late,1,0,1
S0169,ASG_01,Computer Vision,2025-07-21 13:55:37.168988000,2025-07-23 13:55:37.168988000,2,late,1,0,1
S0170,ASG_01,Computer Vision,2025-07-21 13:55:37.168988000,2025-07-24 13:55:37.168988000,3,late,1,0,1
S0171,ASG_01,Computer Vision,2025-07-21 13:55:37.168988000,2025-07-22 13:55:37.168988000,1,late,1,0,1
S0172,ASG_01,Computer Vision,2025-07-21 13:55:37.168988000,2025-07-21 13:55:37.168988000,0,on_time,0,0,1
S0173,ASG_01,Computer Vision,2025-07-21 13:55:37.168988000,2025-07-24 13:55:37.168988000,3,late,1,0,1
S0174,ASG_01,Computer Vision,2025-07-21 13:55:37.168988000,2025-07-21 13:55:37.168988000,0,on_time,0,0,1
S0175,ASG_01,Computer Vision,2025-07-21 13:55:37.168988000,2025-07-21 13:55:37.168988000,0,on_time,0,0,1
S0176,ASG_01,Computer Vision,2025-07-21 13:55:37.168988000,,15,missed,0,1,0
S0177,ASG_01,Computer Vision,2025-07-21 13:55:37.168988000,2025-07-22 13:55:37.168988000,1,late,1,0,1
S0178,ASG_01,Computer Vision,2025-07-21 13:55:37.168988000,2025-07-24 13:55:37.168988000,3,late,1,0,1
S0179,ASG_01,Computer Vision,2025-07-21 13:55:37.168988000,2025-07-23 13:55:37.168988000,2,late,1,0,1
S0180,ASG_01,Computer Vision,2025-07-21 13:55:37.168988000,2025-07-23 13:55:37.168988000,2,late,1,0,1
S0181,ASG_01,Computer Vision,2025-07-21 13:55:37.168988000,2025-07-21 13:55:37.168988000,0,on_time,0,0,1
S0182,ASG_01,Computer Vision,2025-07-21 13:55:37.168988000,2025-07-23 13:55:37.168988000,2,late,1,0,1
S0183,ASG_01,Computer Vision,2025-07-21 13:55:37.168988000,2025-07-25 13:55:37.168988000,4,late,1,0,1
S0184,ASG_01,Computer Vision,2025-07-21 13:55:37.168988000,2025-07-24 13:55:37.168988000,3,late,1,0,1
S0185,ASG_01,Computer Vision,2025-07-21 13:55:37.168988000,2025-07-24 13:55:37.168988000,3,late,1,0,1
S0186,ASG_01,Computer Vision,2025-07-21 13:55:37.168988000,2025-07-23 13:55:37.168988000,2,late,1,0,1
S0187,ASG_01,Computer Vision,2025-07-21 13:55:37.168988000,2025-07-22 13:55:37.168988000,1,late,1,0,1
S0188,ASG_01,Computer Vision,2025-07-21 13:55:37.168988000,2025-07-22 13:55:37.168988000,1,late,1,0,1
S0189,ASG_01,Computer Vision,2025-07-21 13:55:37.168988000,2025-07-23 13:55:37.168988000,2,late,1,0,1
S0190,ASG_01,Computer Vision,2025-07-21 13:55:37.168988000,2025-07-21 13:55:37.168988000,0,on_time,0,0,1
S0191,ASG_01,Computer Vision,2025-07-21 13:55:37.168988000,2025-07-25 13:55:37.168988000,4,late,1,0,1
S0192,ASG_01,Computer Vision,2025-07-21 13:55:37.168988000,2025-07-21 13:55:37.168988000,0,on_time,0,0,1
S0193,ASG_01,Computer Vision,2025-07-21 13:55:37.168988000,2025-07-24 13:55:37.168988000,3,late,1,0,1
S0194,ASG_01,Computer Vision,2025-07-21 13:55:37.168988000,2025-07-24 13:55:37.168988000,3,late,1,0,1
S0195,ASG_01,Computer Vision,2025-07-21 13:55:37.168988000,2025-07-24 13:55:37.168988000,3,late,1,0,1
S0196,ASG_01,Computer Vision,2025-07-21 13:55:37.168988000,2025-07-26 13:55:37.168988000,5,late,1,0,1
S0197,ASG_01,Computer Vision,2025-07-21 13:55:37.168988000,2025-07-21 13:55:37.168988000,0,on_time,0,0,1
S0198,ASG_01,Computer Vision,2025-07-21 13:55:37.168988000,2025-07-21 13:55:37.168988000,0,on_time,0,0,1
S0199,ASG_01,Computer Vision,2025-07-21 13:55:37.168988000,,7,missed,0,1,0
S0200,ASG_01,Computer Vision,2025-07-21 13:55:37.168988000,2025-07-21 13:55:37.168988000,0,on_time,0,0,1
S0201,ASG_01,Computer Vision,2025-07-21 13:55:37.168988000,2025-07-21 13:55:37.168988000,0,on_time,0,0,1
S0202,ASG_01,Computer Vision,2025-07-21 13:55:37.168988000,2025-07-23 13:55:37.168988000,2,late,1,0,1
S0203,ASG_01,Computer Vision,2025-07-21 13:55:37.168988000,2025-07-21 13:55:37.168988000,0,on_time,0,0,1
S0204,ASG_01,Computer Vision,2025-07-21 13:55:37.168988000,2025-07-23 13:55:37.168988000,2,late,1,0,1
S0205,ASG_01,Computer Vision,2025-07-21 13:55:37.168988000,2025-07-23 13:55:37.168988000,2,late,1,0,1
S0206,ASG_01,Computer Vision,2025-07-21 13:55:37.168988000,2025-07-22 13:55:37.168988000,1,late,1,0,1
S0207,ASG_01,Computer Vision,2025-07-21 13:55:37.168988000,2025-07-23 13:55:37.168988000,2,late,1,0,1
S0208,ASG_01,Computer Vision,2025-07-21 13:55:37.168988000,,11,missed,0,1,0
S0209,ASG_01,Computer Vision,2025-07-21 13:55:37.168988000,2025-07-22 13:55:37.168988000,1,late,1,0,1
S0210,ASG_01,Computer Vision,2025-07-21 13:55:37.168988000,2025-07-24 13:55:37.168988000,3,late,1,0,1
S0211,ASG_01,Computer Vision,2025-07-21 13:55:37.168988000,2025-07-23 13:55:37.168988000,2,late,1,0,1
S0212,ASG_01,Computer Vision,2025-07-21 13:55:37.168988000,,7,missed,0,1,0
S0213,ASG_01,Computer Vision,2025-07-21 13:55:37.168988000,,7,missed,0,1,0
S0214,ASG_01,Computer Vision,2025-07-21 13:55:37.168988000,2025-07-21 13:55:37.168988000,0,on_time,0,0,1
S0215,ASG_01,Computer Vision,2025-07-21 13:55:37.168988000,2025-07-21 13:55:37.168988000,0,on_time,0,0,1
S0216,ASG_01,Computer Vision,2025-07-21 13:55:37.168988000,,13,missed,0,1,0
S0217,ASG_01,Computer Vision,2025-07-21 13:55:37.168988000,2025-07-23 13:55:37.168988000,2,late,1,0,1
S0218,ASG_01,Computer Vision,2025-07-21 13:55:37.168988000,2025-07-25 13:55:37.168988000,4,late,1,0,1
S0219,ASG_01,Computer Vision,2025-07-21 13:55:37.168988000,,14,missed,0,1,0
S0220,ASG_01,Computer Vision,2025-07-21 13:55:37.168988000,2025-07-25 13:55:37.168988000,4,late,1,0,1
S0221,ASG_01,Computer Vision,2025-07-21 13:55:37.168988000,2025-07-21 13:55:37.168988000,0,on_time,0,0,1
S0222,ASG_01,Computer Vision,2025-07-21 13:55:37.168988000,2025-07-21 13:55:37.168988000,0,on_time,0,0,1
S0223,ASG_01,Computer Vision,2025-07-21 13:55:37.168988000,2025-07-22 13:55:37.168988000,1,late,1,0,1
S0224,ASG_01,Computer Vision,2025-07-21 13:55:37.168988000,2025-07-26 13:55:37.168988000,5,late,1,0,1
S0225,ASG_01,Computer Vision,2025-07-21 13:55:37.168988000,2025-07-23 13:55:37.168988000,2,late,1,0,1
S0226,ASG_01,Computer Vision,2025-07-21 13:55:37.168988000,2025-07-23 13:55:37.168988000,2,late,1,0,1
S0227,ASG_01,Computer Vision,2025-07-21 13:55:37.168988000,2025-07-21 13:55:37.168988000,0,on_time,0,0,1
S0228,ASG_01,Computer Vision,2025-07-21 13:55:37.168988000,2025-07-21 13:55:37.168988000,0,on_time,0,0,1
S0229,ASG_01,Computer Vision,2025-07-21 13:55:37.168988000,2025-07-21 13:55:37.168988000,0,on_time,0,0,1
S0230,ASG_01,Computer Vision,2025-07-21 13:55:37.168988000,2025-07-23 13:55:37.168988000,2,late,1,0,1
S0231,ASG_01,Computer Vision,2025-07-21 13:55:37.168988000,2025-07-23 13:55:37.168988000,2,late,1,0,1
S0232,ASG_01,Computer Vision,2025-07-21 13:55:37.168988000,2025-07-25 13:55:37.168988000,4,late,1,0,1
S0233,ASG_01,Computer Vision,2025-07-21 13:55:37.168988000,2025-07-21 13:55:37.168988000,0,on_time,0,0,1
S0234,ASG_01,Computer Vision,2025-07-21 13:55:37.168988000,2025-07-22 13:55:37.168988000,1,late,1,0,1
S0235,ASG_01,Computer Vision,2025-07-21 13:55:37.168988000,2025-07-23 13:55:37.168988000,2,late,1,0,1
S0236,ASG_01,Computer Vision,2025-07-21 13:55:37.168988000,2025-07-23 13:55:37.168988000,2,late,1,0,1
S0237,ASG_01,Computer Vision,2025-07-21 13:55:37.168988000,2025-07-27 13:55:37.168988000,6,late,1,0,1
S0238,ASG_01,Computer Vision,2025-07-21 13:55:37.168988000,2025-07-23 13:55:37.168988000,2,late,1,0,1
S0239,ASG_01,Computer Vision,2025-07-21 13:55:37.168988000,2025-07-21 13:55:37.168988000,0,on_time,0,0,1
S0240,ASG_01,Computer Vision,2025-07-21 13:55:37.168988000,2025-07-23 13:55:37.168988000,2,late,1,0,1
S0241,ASG_01,Computer Vision,2025-07-21 13:55:37.168988000,2025-07-21 13:55:37.168988000,0,on_time,0,0,1
S0242,ASG_01,Computer Vision,2025-07-21 13:55:37.168988000,2025-07-21 13:55:37.168988000,0,on_time,0,0,1
S0243,ASG_01,Computer Vision,2025-07-21 13:55:37.168988000,2025-07-22 13:55:37.168988000,1,late,1,0,1
S0244,ASG_01,Computer Vision,2025-07-21 13:55:37.168988000,2025-07-26 13:55:37.168988000,5,late,1,0,1
S0245,ASG_01,Computer Vision,2025-07-21 13:55:37.168988000,2025-07-21 13:55:37.168988000,0,on_time,0,0,1
S0246,ASG_01,Computer Vision,2025-07-21 13:55:37.168988000,2025-07-22 13:55:37.168988000,1,late,1,0,1
S0247,ASG_01,Computer Vision,2025-07-21 13:55:37.168988000,2025-07-23 13:55:37.168988000,2,late,1,0,1
S0248,ASG_01,Computer Vision,2025-07-21 13:55:37.168988000,2025-07-22 13:55:37.168988000,1,late,1,0,1
S0249,ASG_01,Computer Vision,2025-07-21 13:55:37.168988000,2025-07-21 13:55:37.168988000,0,on_time,0,0,1
S0250,ASG_01,Computer Vision,2025-07-21 13:55:37.168988000,2025-07-28 13:55:37.168988000,7,late,1,0,1
S0251,ASG_01,Computer Vision,2025-07-21 13:55:37.168988000,2025-07-25 13:55:37.168988000,4,late,1,0,1
S0252,ASG_01,Computer Vision,2025-07-21 13:55:37.168988000,2025-07-24 13:55:37.168988000,3,late,1,0,1
S0253,ASG_01,Computer Vision,2025-07-21 13:55:37.168988000,2025-07-23 13:55:37.168988000,2,late,1,0,1
S0254,ASG_01,Computer Vision,2025-07-21 13:55:37.168988000,2025-07-23 13:55:37.168988000,2,late,1,0,1
S0255,ASG_01,Computer Vision,2025-07-21 13:55:37.168988000,2025-07-24 13:55:37.168988000,3,late,1,0,1
S0256,ASG_01,Computer Vision,2025-07-21 13:55:37.168988000,2025-07-23 13:55:37.168988000,2,late,1,0,1
S0257,ASG_01,Computer Vision,2025-07-21 13:55:37.168988000,2025-07-23 13:55:37.168988000,2,late,1,0,1
S0258,ASG_01,Computer Vision,2025-07-21 13:55:37.168988000,2025-07-24 13:55:37.168988000,3,late,1,0,1
S0259,ASG_01,Computer Vision,2025-07-21 13:55:37.168988000,2025-07-22 13:55:37.168988000,1,late,1,0,1
S0260,ASG_01,Computer Vision,2025-07-21 13:55:37.168988000,2025-07-21 13:55:37.168988000,0,on_time,0,0,1
S0261,ASG_01,Computer Vision,2025-07-21 13:55:37.168988000,2025-07-24 13:55:37.168988000,3,late,1,0,1
S0262,ASG_01,Computer Vision,2025-07-21 13:55:37.168988000,2025-07-21 13:55:37.168988000,0,on_time,0,0,1
S0263,ASG_01,Computer Vision,2025-07-21 13:55:37.168988000,2025-07-22 13:55:37.168988000,1,late,1,0,1
S0264,ASG_01,Computer Vision,2025-07-21 13:55:37.168988000,2025-07-23 13:55:37.168988000,2,late,1,0,1
S0265,ASG_01,Computer Vision,2025-07-21 13:55:37.168988000,2025-07-24 13:55:37.168988000,3,late,1,0,1
S0266,ASG_01,Computer Vision,2025-07-21 13:55:37.168988000,2025-07-22 13:55:37.168988000,1,late,1,0,1
S0267,ASG_01,Computer Vision,2025-07-21 13:55:37.168988000,2025-07-22 13:55:37.168988000,1,late,1,0,1
S0268,ASG_01,Computer Vision,2025-07-21 13:55:37.168988000,2025-07-23 13:55:37.168988000,2,late,1,0,1
S0269,ASG_01,Computer Vision,2025-07-21 13:55:37.168988000,2025-07-22 13:55:37.168988000,1,late,1,0,1
S0270,ASG_01,Computer Vision,2025-07-21 13:55:37.168988000,2025-07-25 13:55:37.168988000,4,late,1,0,1
S0271,ASG_01,Computer Vision,2025-07-21 13:55:37.168988000,2025-07-21 13:55:37.168988000,0,on_time,0,0,1
S0272,ASG_01,Computer Vision,2025-07-21 13:55:37.168988000,2025-07-22 13:55:37.168988000,1,late,1,0,1
S0273,ASG_01,Computer Vision,2025-07-21 13:55:37.168988000,2025-07-21 13:55:37.168988000,0,on_time,0,0,1
S0274,ASG_01,Computer Vision,2025-07-21 13:55:37.168988000,,14,missed,0,1,0
S0275,ASG_01,Computer Vision,2025-07-21 13:55:37.168988000,2025-07-25 13:55:37.168988000,4,late,1,0,1
S0276,ASG_01,Computer Vision,2025-07-21 13:55:37.168988000,2025-07-21 13:55:37.168988000,0,on_time,0,0,1
S0277,ASG_01,Computer Vision,2025-07-21 13:55:37.168988000,2025-07-24 13:55:37.168988000,3,late,1,0,1
S0278,ASG_01,Computer Vision,2025-07-21 13:55:37.168988000,2025-07-24 13:55:37.168988000,3,late,1,0,1
S0279,ASG_01,Computer Vision,2025-07-21 13:55:37.168988000,2025-07-24 13:55:37.168988000,3,late,1,0,1
S0280,ASG_01,Computer Vision,2025-07-21 13:55:37.168988000,2025-07-21 13:55:37.168988000,0,on_time,0,0,1
S0281,ASG_01,Computer Vision,2025-07-21 13:55:37.168988000,2025-07-21 13:55:37.168988000,0,on_time,0,0,1
S0282,ASG_01,Computer Vision,2025-07-21 13:55:37.168988000,2025-07-22 13:55:37.168988000,1,late,1,0,1
S0283,ASG_01,Computer Vision,2025-07-21 13:55:37.168988000,2025-07-22 13:55:37.168988000,1,late,1,0,1
S0284,ASG_01,Computer Vision,2025-07-21 13:55:37.168988000,,13,missed,0,1,0
S0285,ASG_01,Computer Vision,2025-07-21 13:55:37.168988000,2025-07-24 13:55:37.168988000,3,late,1,0,1
S0286,ASG_01,Computer Vision,2025-07-21 13:55:37.168988000,2025-07-23 13:55:37.168988000,2,late,1,0,1
S0287,ASG_01,Computer Vision,2025-07-21 13:55:37.168988000,2025-07-23 13:55:37.168988000,2,late,1,0,1
S0288,ASG_01,Computer Vision,2025-07-21 13:55:37.168988000,2025-07-22 13:55:37.168988000,1,late,1,0,1
S0289,ASG_01,Computer Vision,2025-07-21 13:55:37.168988000,2025-07-21 13:55:37.168988000,0,on_time,0,0,1
S0290,ASG_01,Computer Vision,2025-07-21 13:55:37.168988000,2025-07-21 13:55:37.168988000,0,on_time,0,0,1
S0291,ASG_01,Computer Vision,2025-07-21 13:55:37.168988000,2025-07-22 13:55:37.168988000,1,late,1,0,1
S0292,ASG_01,Computer Vision,2025-07-21 13:55:37.168988000,2025-07-22 13:55:37.168988000,1,late,1,0,1
S0293,ASG_01,Computer Vision,2025-07-21 13:55:37.168988000,2025-07-23 13:55:37.168988000,2,late,1,0,1
S0294,ASG_01,Computer Vision,2025-07-21 13:55:37.168988000,2025-07-24 13:55:37.168988000,3,late,1,0,1
S0295,ASG_01,Computer Vision,2025-07-21 13:55:37.168988000,2025-07-22 13:55:37.168988000,1,late,1,0,1
S0296,ASG_01,Computer Vision,2025-07-21 13:55:37.168988000,2025-07-24 13:55:37.168988000,3,late,1,0,1
S0297,ASG_01,Computer Vision,2025-07-21 13:55:37.168988000,2025-07-21 13:55:37.168988000,0,on_time,0,0,1
S0298,ASG_01,Computer Vision,2025-07-21 13:55:37.168988000,,10,missed,0,1,0
S0299,ASG_01,Computer Vision,2025-07-21 13:55:37.168988000,2025-07-23 13:55:37.168988000,2,late,1,0,1
S0300,ASG_01,Computer Vision,2025-07-21 13:55:37.168988000,2025-07-25 13:55:37.168988000,4,late,1,0,1
S0301,ASG_01,Computer Vision,2025-07-21 13:55:37.168988000,2025-07-22 13:55:37.168988000,1,late,1,0,1
S0302,ASG_01,Computer Vision,2025-07-21 13:55:37.168988000,2025-07-21 13:55:37.168988000,0,on_time,0,0,1
S0303,ASG_01,Computer Vision,2025-07-21 13:55:37.168988000,2025-07-22 13:55:37.168988000,1,late,1,0,1
S0304,ASG_01,Computer Vision,2025-07-21 13:55:37.168988000,2025-07-23 13:55:37.168988000,2,late,1,0,1
S0305,ASG_01,Computer Vision,2025-07-21 13:55:37.168988000,2025-07-21 13:55:37.168988000,0,on_time,0,0,1
S0306,ASG_01,Computer Vision,2025-07-21 13:55:37.168988000,2025-07-23 13:55:37.168988000,2,late,1,0,1
S0307,ASG_01,Computer Vision,2025-07-21 13:55:37.168988000,2025-07-21 13:55:37.168988000,0,on_time,0,0,1
S0308,ASG_01,Computer Vision,2025-07-21 13:55:37.168988000,2025-07-26 13:55:37.168988000,5,late,1,0,1
S0309,ASG_01,Computer Vision,2025-07-21 13:55:37.168988000,2025-07-22 13:55:37.168988000,1,late,1,0,1
S0310,ASG_01,Computer Vision,2025-07-21 13:55:37.168988000,2025-07-21 13:55:37.168988000,0,on_time,0,0,1
S0311,ASG_01,Computer Vision,2025-07-21 13:55:37.168988000,2025-07-21 13:55:37.168988000,0,on_time,0,0,1
S0312,ASG_01,Computer Vision,2025-07-21 13:55:37.168988000,2025-07-23 13:55:37.168988000,2,late,1,0,1
S0313,ASG_01,Computer Vision,2025-07-21 13:55:37.168988000,2025-07-23 13:55:37.168988000,2,late,1,0,1
S0314,ASG_01,Computer Vision,2025-07-21 13:55:37.168988000,2025-07-24 13:55:37.168988000,3,late,1,0,1
S0315,ASG_01,Computer Vision,2025-07-21 13:55:37.168988000,2025-07-22 13:55:37.168988000,1,late,1,0,1
S0316,ASG_01,Computer Vision,2025-07-21 13:55:37.168988000,2025-07-24 13:55:37.168988000,3,late,1,0,1
S0317,ASG_01,Computer Vision,2025-07-21 13:55:37.168988000,,9,missed,0,1,0
S0318,ASG_01,Computer Vision,2025-07-21 13:55:37.168988000,2025-07-23 13:55:37.168988000,2,late,1,0,1
S0319,ASG_01,Computer Vision,2025-07-21 13:55:37.168988000,,15,missed,0,1,0
S0320,ASG_01,Computer Vision,2025-07-21 13:55:37.168988000,2025-07-23 13:55:37.168988000,2,late,1,0,1
S0321,ASG_01,Computer Vision,2025-07-21 13:55:37.168988000,2025-07-21 13:55:37.168988000,0,on_time,0,0,1
S0322,ASG_01,Computer Vision,2025-07-21 13:55:37.168988000,2025-07-22 13:55:37.168988000,1,late,1,0,1
S0323,ASG_01,Computer Vision,2025-07-21 13:55:37.168988000,2025-07-25 13:55:37.168988000,4,late,1,0,1
S0324,ASG_01,Computer Vision,2025-07-21 13:55:37.168988000,2025-07-22 13:55:37.168988000,1,late,1,0,1
S0325,ASG_01,Computer Vision,2025-07-21 13:55:37.168988000,2025-07-21 13:55:37.168988000,0,on_time,0,0,1
S0326,ASG_01,Computer Vision,2025-07-21 13:55:37.168988000,,13,missed,0,1,0
S0327,ASG_01,Computer Vision,2025-07-21 13:55:37.168988000,2025-07-22 13:55:37.168988000,1,late,1,0,1
S0328,ASG_01,Computer Vision,2025-07-21 13:55:37.168988000,2025-07-21 13:55:37.168988000,0,on_time,0,0,1
S0329,ASG_01,Computer Vision,2025-07-21 13:55:37.168988000,2025-07-25 13:55:37.168988000,4,late,1,0,1
S0330,ASG_01,Computer Vision,2025-07-21 13:55:37.168988000,2025-07-22 13:55:37.168988000,1,late,1,0,1
S0331,ASG_01,Computer Vision,2025-07-21 13:55:37.168988000,2025-07-22 13:55:37.168988000,1,late,1,0,1
S0332,ASG_01,Computer Vision,2025-07-21 13:55:37.168988000,2025-07-22 13:55:37.168988000,1,late,1,0,1
S0333,ASG_01,Computer Vision,2025-07-21 13:55:37.168988000,2025-07-24 13:55:37.168988000,3,late,1,0,1
S0334,ASG_01,Computer Vision,2025-07-21 13:55:37.168988000,2025-07-21 13:55:37.168988000,0,on_time,0,0,1
S0335,ASG_01,Computer Vision,2025-07-21 13:55:37.168988000,2025-07-26 13:55:37.168988000,5,late,1,0,1
S0336,ASG_01,Computer Vision,2025-07-21 13:55:37.168988000,2025-07-22 13:55:37.168988000,1,late,1,0,1
S0337,ASG_01,Computer Vision,2025-07-21 13:55:37.168988000,2025-07-24 13:55:37.168988000,3,late,1,0,1
S0338,ASG_01,Computer Vision,2025-07-21 13:55:37.168988000,2025-07-21 13:55:37.168988000,0,on_time,0,0,1
S0339,ASG_01,Computer Vision,2025-07-21 13:55:37.168988000,2025-07-23 13:55:37.168988000,2,late,1,0,1
S0340,ASG_01,Computer Vision,2025-07-21 13:55:37.168988000,2025-07-26 13:55:37.168988000,5,late,1,0,1
S0341,ASG_01,Computer Vision,2025-07-21 13:55:37.168988000,2025-07-26 13:55:37.168988000,5,late,1,0,1
S0342,ASG_01,Computer Vision,2025-07-21 13:55:37.168988000,,10,missed,0,1,0
S0343,ASG_01,Computer Vision,2025-07-21 13:55:37.168988000,,8,missed,0,1,0
S0344,ASG_01,Computer Vision,2025-07-21 13:55:37.168988000,2025-07-23 13:55:37.168988000,2,late,1,0,1
S0345,ASG_01,Computer Vision,2025-07-21 13:55:37.168988000,2025-07-22 13:55:37.168988000,1,late,1,0,1
S0346,ASG_01,Computer Vision,2025-07-21 13:55:37.168988000,2025-07-23 13:55:37.168988000,2,late,1,0,1
S0347,ASG_01,Computer Vision,2025-07-21 13:55:37.168988000,2025-07-22 13:55:37.168988000,1,late,1,0,1
S0348,ASG_01,Computer Vision,2025-07-21 13:55:37.168988000,2025-07-21 13:55:37.168988000,0,on_time,0,0,1
S0349,ASG_01,Computer Vision,2025-07-21 13:55:37.168988000,2025-07-23 13:55:37.168988000,2,late,1,0,1
S0350,ASG_01,Computer Vision,2025-07-21 13:55:37.168988000,2025-07-21 13:55:37.168988000,0,on_time,0,0,1
S0351,ASG_01,Computer Vision,2025-07-21 13:55:37.168988000,2025-07-23 13:55:37.168988000,2,late,1,0,1
S0352,ASG_01,Computer Vision,2025-07-21 13:55:37.168988000,2025-07-21 13:55:37.168988000,0,on_time,0,0,1
S0353,ASG_01,Computer Vision,2025-07-21 13:55:37.168988000,2025-07-23 13:55:37.168988000,2,late,1,0,1
S0354,ASG_01,Computer Vision,2025-07-21 13:55:37.168988000,2025-07-23 13:55:37.168988000,2,late,1,0,1
S0355,ASG_01,Computer Vision,2025-07-21 13:55:37.168988000,2025-07-24 13:55:37.168988000,3,late,1,0,1
S0356,ASG_01,Computer Vision,2025-07-21 13:55:37.168988000,2025-07-24 13:55:37.168988000,3,late,1,0,1
S0357,ASG_01,Computer Vision,2025-07-21 13:55:37.168988000,2025-07-24 13:55:37.168988000,3,late,1,0,1
S0358,ASG_01,Computer Vision,2025-07-21 13:55:37.168988000,2025-07-21 13:55:37.168988000,0,on_time,0,0,1
S0359,ASG_01,Computer Vision,2025-07-21 13:55:37.168988000,2025-07-24 13:55:37.168988000,3,late,1,0,1
S0360,ASG_01,Computer Vision,2025-07-21 13:55:37.168988000,2025-07-22 13:55:37.168988000,1,late,1,0,1
S0361,ASG_01,Computer Vision,2025-07-21 13:55:37.168988000,2025-07-23 13:55:37.168988000,2,late,1,0,1
S0362,ASG_01,Computer Vision,2025-07-21 13:55:37.168988000,2025-07-24 13:55:37.168988000,3,late,1,0,1
S0363,ASG_01,Computer Vision,2025-07-21 13:55:37.168988000,2025-07-21 13:55:37.168988000,0,on_time,0,0,1
S0364,ASG_01,Computer Vision,2025-07-21 13:55:37.168988000,,7,missed,0,1,0
S0365,ASG_01,Computer Vision,2025-07-21 13:55:37.168988000,,9,missed,0,1,0
S0366,ASG_01,Computer Vision,2025-07-21 13:55:37.168988000,2025-07-22 13:55:37.168988000,1,late,1,0,1
S0367,ASG_01,Computer Vision,2025-07-21 13:55:37.168988000,2025-07-22 13:55:37.168988000,1,late,1,0,1
S0368,ASG_01,Computer Vision,2025-07-21 13:55:37.168988000,2025-07-22 13:55:37.168988000,1,late,1,0,1
S0369,ASG_01,Computer Vision,2025-07-21 13:55:37.168988000,,15,missed,0,1,0
S0370,ASG_01,Computer Vision,2025-07-21 13:55:37.168988000,2025-07-24 13:55:37.168988000,3,late,1,0,1
S0371,ASG_01,Computer Vision,2025-07-21 13:55:37.168988000,2025-07-23 13:55:37.168988000,2,late,1,0,1
S0372,ASG_01,Computer Vision,2025-07-21 13:55:37.168988000,,13,missed,0,1,0
S0373,ASG_01,Computer Vision,2025-07-21 13:55:37.168988000,2025-07-21 13:55:37.168988000,0,on_time,0,0,1
S0374,ASG_01,Computer Vision,2025-07-21 13:55:37.168988000,,7,missed,0,1,0
S0375,ASG_01,Computer Vision,2025-07-21 13:55:37.168988000,2025-07-21 13:55:37.168988000,0,on_time,0,0,1
S0376,ASG_01,Computer Vision,2025-07-21 13:55:37.168988000,2025-07-22 13:55:37.168988000,1,late,1,0,1
S0377,ASG_01,Computer Vision,2025-07-21 13:55:37.168988000,2025-07-22 13:55:37.168988000,1,late,1,0,1
S0378,ASG_01,Computer Vision,2025-07-21 13:55:37.168988000,2025-07-21 13:55:37.168988000,0,on_time,0,0,1
S0379,ASG_01,Computer Vision,2025-07-21 13:55:37.168988000,2025-07-21 13:55:37.168988000,0,on_time,0,0,1
S0380,ASG_01,Computer Vision,2025-07-21 13:55:37.168988000,2025-07-23 13:55:37.168988000,2,late,1,0,1
S0381,ASG_01,Computer Vision,2025-07-21 13:55:37.168988000,2025-07-21 13:55:37.168988000,0,on_time,0,0,1
S0382,ASG_01,Computer Vision,2025-07-21 13:55:37.168988000,2025-07-23 13:55:37.168988000,2,late,1,0,1
S0383,ASG_01,Computer Vision,2025-07-21 13:55:37.168988000,2025-07-24 13:55:37.168988000,3,late,1,0,1
S0384,ASG_01,Computer Vision,2025-07-21 13:55:37.168988000,2025-07-23 13:55:37.168988000,2,late,1,0,1
S0385,ASG_01,Computer Vision,2025-07-21 13:55:37.168988000,,11,missed,0,1,0
S0386,ASG_01,Computer Vision,2025-07-21 13:55:37.168988000,2025-07-24 13:55:37.168988000,3,late,1,0,1
S0387,ASG_01,Computer Vision,2025-07-21 13:55:37.168988000,2025-07-21 13:55:37.168988000,0,on_time,0,0,1
S0388,ASG_01,Computer Vision,2025-07-21 13:55:37.168988000,2025-07-24 13:55:37.168988000,3,late,1,0,1
S0389,ASG_01,Computer Vision,2025-07-21 13:55:37.168988000,2025-07-21 13:55:37.168988000,0,on_time,0,0,1
S0390,ASG_01,Computer Vision,2025-07-21 13:55:37.168988000,,9,missed,0,1,0
S0391,ASG_01,Computer Vision,2025-07-21 13:55:37.168988000,2025-07-24 13:55:37.168988000,3,late,1,0,1
S0392,ASG_01,Computer Vision,2025-07-21 13:55:37.168988000,2025-07-21 13:55:37.168988000,0,on_time,0,0,1
S0393,ASG_01,Computer Vision,2025-07-21 13:55:37.168988000,2025-07-22 13:55:37.168988000,1,late,1,0,1
S0394,ASG_01,Computer Vision,2025-07-21 13:55:37.168988000,2025-07-27 13:55:37.168988000,6,late,1,0,1
S0395,ASG_01,Computer Vision,2025-07-21 13:55:37.168988000,2025-07-25 13:55:37.168988000,4,late,1,0,1
S0396,ASG_01,Computer Vision,2025-07-21 13:55:37.168988000,2025-07-24 13:55:37.168988000,3,late,1,0,1
S0397,ASG_01,Computer Vision,2025-07-21 13:55:37.168988000,2025-07-23 13:55:37.168988000,2,late,1,0,1
S0398,ASG_01,Computer Vision,2025-07-21 13:55:37.168988000,2025-07-23 13:55:37.168988000,2,late,1,0,1
S0399,ASG_01,Computer Vision,2025-07-21 13:55:37.168988000,2025-07-24 13:55:37.168988000,3,late,1,0,1
S0400,ASG_01,Computer Vision,2025-07-21 13:55:37.168988000,,14,missed,0,1,0
S0401,ASG_01,Computer Vision,2025-07-21 13:55:37.168988000,2025-07-23 13:55:37.168988000,2,late,1,0,1
S0402,ASG_01,Computer Vision,2025-07-21 13:55:37.168988000,2025-07-21 13:55:37.168988000,0,on_time,0,0,1
S0403,ASG_01,Computer Vision,2025-07-21 13:55:37.168988000,2025-07-26 13:55:37.168988000,5,late,1,0,1
S0404,ASG_01,Computer Vision,2025-07-21 13:55:37.168988000,2025-07-23 13:55:37.168988000,2,late,1,0,1
S0405,ASG_01,Computer Vision,2025-07-21 13:55:37.168988000,2025-07-22 13:55:37.168988000,1,late,1,0,1
S0406,ASG_01,Computer Vision,2025-07-21 13:55:37.168988000,2025-07-21 13:55:37.168988000,0,on_time,0,0,1
S0407,ASG_01,Computer Vision,2025-07-21 13:55:37.168988000,2025-07-22 13:55:37.168988000,1,late,1,0,1
S0408,ASG_01,Computer Vision,2025-07-21 13:55:37.168988000,2025-07-22 13:55:37.168988000,1,late,1,0,1
S0409,ASG_01,Computer Vision,2025-07-21 13:55:37.168988000,,11,missed,0,1,0
S0410,ASG_01,Computer Vision,2025-07-21 13:55:37.168988000,2025-07-23 13:55:37.168988000,2,late,1,0,1
S0411,ASG_01,Computer Vision,2025-07-21 13:55:37.168988000,2025-07-23 13:55:37.168988000,2,late,1,0,1
S0412,ASG_01,Computer Vision,2025-07-21 13:55:37.168988000,2025-07-21 13:55:37.168988000,0,on_time,0,0,1
S0413,ASG_01,Computer Vision,2025-07-21 13:55:37.168988000,2025-07-21 13:55:37.168988000,0,on_time,0,0,1
S0414,ASG_01,Computer Vision,2025-07-21 13:55:37.168988000,2025-07-24 13:55:37.168988000,3,late,1,0,1
S0415,ASG_01,Computer Vision,2025-07-21 13:55:37.168988000,2025-07-21 13:55:37.168988000,0,on_time,0,0,1
S0416,ASG_01,Computer Vision,2025-07-21 13:55:37.168988000,,15,missed,0,1,0
S0417,ASG_01,Computer Vision,2025-07-21 13:55:37.168988000,2025-07-25 13:55:37.168988000,4,late,1,0,1
S0418,ASG_01,Computer Vision,2025-07-21 13:55:37.168988000,2025-07-23 13:55:37.168988000,2,late,1,0,1
S0419,ASG_01,Computer Vision,2025-07-21 13:55:37.168988000,2025-07-21 13:55:37.168988000,0,on_time,0,0,1
S0420,ASG_01,Computer Vision,2025-07-21 13:55:37.168988000,2025-07-23 13:55:37.168988000,2,late,1,0,1
S0421,ASG_01,Computer Vision,2025-07-21 13:55:37.168988000,2025-07-25 13:55:37.168988000,4,late,1,0,1
S0422,ASG_01,Computer Vision,2025-07-21 13:55:37.168988000,2025-07-21 13:55:37.168988000,0,on_time,0,0,1
S0423,ASG_01,Computer Vision,2025-07-21 13:55:37.168988000,2025-07-23 13:55:37.168988000,2,late,1,0,1
S0424,ASG_01,Computer Vision,2025-07-21 13:55:37.168988000,,7,missed,0,1,0
S0425,ASG_01,Computer Vision,2025-07-21 13:55:37.168988000,2025-07-22 13:55:37.168988000,1,late,1,0,1
S0426,ASG_01,Computer Vision,2025-07-21 13:55:37.168988000,2025-07-23 13:55:37.168988000,2,late,1,0,1
S0427,ASG_01,Computer Vision,2025-07-21 13:55:37.168988000,2025-07-23 13:55:37.168988000,2,late,1,0,1
S0428,ASG_01,Computer Vision,2025-07-21 13:55:37.168988000,2025-07-21 13:55:37.168988000,0,on_time,0,0,1
S0429,ASG_01,Computer Vision,2025-07-21 13:55:37.168988000,2025-07-25 13:55:37.168988000,4,late,1,0,1
S0430,ASG_01,Computer Vision,2025-07-21 13:55:37.168988000,2025-07-23 13:55:37.168988000,2,late,1,0,1
S0431,ASG_01,Computer Vision,2025-07-21 13:55:37.168988000,2025-07-21 13:55:37.168988000,0,on_time,0,0,1
S0432,ASG_01,Computer Vision,2025-07-21 13:55:37.168988000,2025-07-23 13:55:37.168988000,2,late,1,0,1
S0433,ASG_01,Computer Vision,2025-07-21 13:55:37.168988000,2025-07-23 13:55:37.168988000,2,late,1,0,1
S0434,ASG_01,Computer Vision,2025-07-21 13:55:37.168988000,2025-07-21 13:55:37.168988000,0,on_time,0,0,1
S0435,ASG_01,Computer Vision,2025-07-21 13:55:37.168988000,2025-07-26 13:55:37.168988000,5,late,1,0,1
S0436,ASG_01,Computer Vision,2025-07-21 13:55:37.168988000,2025-07-22 13:55:37.168988000,1,late,1,0,1
S0437,ASG_01,Computer Vision,2025-07-21 13:55:37.168988000,2025-07-21 13:55:37.168988000,0,on_time,0,0,1
S0438,ASG_01,Computer Vision,2025-07-21 13:55:37.168988000,2025-07-25 13:55:37.168988000,4,late,1,0,1
S0439,ASG_01,Computer Vision,2025-07-21 13:55:37.168988000,2025-07-22 13:55:37.168988000,1,late,1,0,1
S0440,ASG_01,Computer Vision,2025-07-21 13:55:37.168988000,2025-07-23 13:55:37.168988000,2,late,1,0,1
S0441,ASG_01,Computer Vision,2025-07-21 13:55:37.168988000,2025-07-22 13:55:37.168988000,1,late,1,0,1
S0442,ASG_01,Computer Vision,2025-07-21 13:55:37.168988000,2025-07-23 13:55:37.168988000,2,late,1,0,1
S0443,ASG_01,Computer Vision,2025-07-21 13:55:37.168988000,2025-07-24 13:55:37.168988000,3,late,1,0,1
S0444,ASG_01,Computer Vision,2025-07-21 13:55:37.168988000,2025-07-24 13:55:37.168988000,3,late,1,0,1
S0445,ASG_01,Computer Vision,2025-07-21 13:55:37.168988000,2025-07-21 13:55:37.168988000,0,on_time,0,0,1
S0446,ASG_01,Computer Vision,2025-07-21 13:55:37.168988000,2025-07-22 13:55:37.168988000,1,late,1,0,1
S0447,ASG_01,Computer Vision,2025-07-21 13:55:37.168988000,2025-07-22 13:55:37.168988000,1,late,1,0,1
S0448,ASG_01,Computer Vision,2025-07-21 13:55:37.168988000,2025-07-23 13:55:37.168988000,2,late,1,0,1
S0449,ASG_01,Computer Vision,2025-07-21 13:55:37.168988000,2025-07-24 13:55:37.168988000,3,late,1,0,1
S0450,ASG_01,Computer Vision,2025-07-21 13:55:37.168988000,2025-07-21 13:55:37.168988000,0,on_time,0,0,1
S0451,ASG_01,Computer Vision,2025-07-21 13:55:37.168988000,2025-07-23 13:55:37.168988000,2,late,1,0,1
S0452,ASG_01,Computer Vision,2025-07-21 13:55:37.168988000,2025-07-24 13:55:37.168988000,3,late,1,0,1
S0453,ASG_01,Computer Vision,2025-07-21 13:55:37.168988000,2025-07-22 13:55:37.168988000,1,late,1,0,1
S0454,ASG_01,Computer Vision,2025-07-21 13:55:37.168988000,2025-07-23 13:55:37.168988000,2,late,1,0,1
S0455,ASG_01,Computer Vision,2025-07-21 13:55:37.168988000,,14,missed,0,1,0
S0456,ASG_01,Computer Vision,2025-07-21 13:55:37.168988000,2025-07-24 13:55:37.168988000,3,late,1,0,1
S0457,ASG_01,Computer Vision,2025-07-21 13:55:37.168988000,2025-07-21 13:55:37.168988000,0,on_time,0,0,1
S0458,ASG_01,Computer Vision,2025-07-21 13:55:37.168988000,2025-07-22 13:55:37.168988000,1,late,1,0,1
S0459,ASG_01,Computer Vision,2025-07-21 13:55:37.168988000,2025-07-23 13:55:37.168988000,2,late,1,0,1
S0460,ASG_01,Computer Vision,2025-07-21 13:55:37.168988000,2025-07-22 13:55:37.168988000,1,late,1,0,1
S0461,ASG_01,Computer Vision,2025-07-21 13:55:37.168988000,2025-07-21 13:55:37.168988000,0,on_time,0,0,1
S0462,ASG_01,Computer Vision,2025-07-21 13:55:37.168988000,2025-07-21 13:55:37.168988000,0,on_time,0,0,1
S0463,ASG_01,Computer Vision,2025-07-21 13:55:37.168988000,2025-07-24 13:55:37.168988000,3,late,1,0,1
S0464,ASG_01,Computer Vision,2025-07-21 13:55:37.168988000,2025-07-21 13:55:37.168988000,0,on_time,0,0,1
S0465,ASG_01,Computer Vision,2025-07-21 13:55:37.168988000,2025-07-21 13:55:37.168988000,0,on_time,0,0,1
S0466,ASG_01,Computer Vision,2025-07-21 13:55:37.168988000,2025-07-22 13:55:37.168988000,1,late,1,0,1
S0467,ASG_01,Computer Vision,2025-07-21 13:55:37.168988000,2025-07-22 13:55:37.168988000,1,late,1,0,1
S0468,ASG_01,Computer Vision,2025-07-21 13:55:37.168988000,2025-07-21 13:55:37.168988000,0,on_time,0,0,1
S0469,ASG_01,Computer Vision,2025-07-21 13:55:37.168988000,2025-07-23 13:55:37.168988000,2,late,1,0,1
S0470,ASG_01,Computer Vision,2025-07-21 13:55:37.168988000,2025-07-23 13:55:37.168988000,2,late,1,0,1
S0471,ASG_01,Computer Vision,2025-07-21 13:55:37.168988000,2025-07-22 13:55:37.168988000,1,late,1,0,1
S0472,ASG_01,Computer Vision,2025-07-21 13:55:37.168988000,2025-07-21 13:55:37.168988000,0,on_time,0,0,1
S0473,ASG_01,Computer Vision,2025-07-21 13:55:37.168988000,2025-07-22 13:55:37.168988000,1,late,1,0,1
S0474,ASG_01,Computer Vision,2025-07-21 13:55:37.168988000,2025-07-22 13:55:37.168988000,1,late,1,0,1
S0475,ASG_01,Computer Vision,2025-07-21 13:55:37.168988000,2025-07-21 13:55:37.168988000,0,on_time,0,0,1
S0476,ASG_01,Computer Vision,2025-07-21 13:55:37.168988000,2025-07-23 13:55:37.168988000,2,late,1,0,1
S0477,ASG_01,Computer Vision,2025-07-21 13:55:37.168988000,2025-07-24 13:55:37.168988000,3,late,1,0,1
S0478,ASG_01,Computer Vision,2025-07-21 13:55:37.168988000,2025-07-25 13:55:37.168988000,4,late,1,0,1
S0479,ASG_01,Computer Vision,2025-07-21 13:55:37.168988000,2025-07-25 13:55:37.168988000,4,late,1,0,1
S0480,ASG_01,Computer Vision,2025-07-21 13:55:37.168988000,2025-07-22 13:55:37.168988000,1,late,1,0,1
S0481,ASG_01,Computer Vision,2025-07-21 13:55:37.168988000,2025-07-23 13:55:37.168988000,2,late,1,0,1
S0482,ASG_01,Computer Vision,2025-07-21 13:55:37.168988000,2025-07-22 13:55:37.168988000,1,late,1,0,1
S0483,ASG_01,Computer Vision,2025-07-21 13:55:37.168988000,2025-07-23 13:55:37.168988000,2,late,1,0,1
S0484,ASG_01,Computer Vision,2025-07-21 13:55:37.168988000,2025-07-22 13:55:37.168988000,1,late,1,0,1
S0485,ASG_01,Computer Vision,2025-07-21 13:55:37.168988000,2025-07-22 13:55:37.168988000,1,late,1,0,1
S0486,ASG_01,Computer Vision,2025-07-21 13:55:37.168988000,2025-07-24 13:55:37.168988000,3,late,1,0,1
S0487,ASG_01,Computer Vision,2025-07-21 13:55:37.168988000,2025-07-23 13:55:37.168988000,2,late,1,0,1
S0488,ASG_01,Computer Vision,2025-07-21 13:55:37.168988000,2025-07-21 13:55:37.168988000,0,on_time,0,0,1
S0489,ASG_01,Computer Vision,2025-07-21 13:55:37.168988000,2025-07-25 13:55:37.168988000,4,late,1,0,1
S0490,ASG_01,Computer Vision,2025-07-21 13:55:37.168988000,2025-07-23 13:55:37.168988000,2,late,1,0,1
S0491,ASG_01,Computer Vision,2025-07-21 13:55:37.168988000,2025-07-23 13:55:37.168988000,2,late,1,0,1
S0492,ASG_01,Computer Vision,2025-07-21 13:55:37.168988000,2025-07-23 13:55:37.168988000,2,late,1,0,1
S0493,ASG_01,Computer Vision,2025-07-21 13:55:37.168988000,2025-07-23 13:55:37.168988000,2,late,1,0,1
S0494,ASG_01,Computer Vision,2025-07-21 13:55:37.168988000,2025-07-23 13:55:37.168988000,2,late,1,0,1
S0495,ASG_01,Computer Vision,2025-07-21 13:55:37.168988000,2025-07-21 13:55:37.168988000,0,on_time,0,0,1
S0496,ASG_01,Computer Vision,2025-07-21 13:55:37.168988000,2025-07-24 13:55:37.168988000,3,late,1,0,1
S0497,ASG_01,Computer Vision,2025-07-21 13:55:37.168988000,2025-07-22 13:55:37.168988000,1,late,1,0,1
S0498,ASG_01,Computer Vision,2025-07-21 13:55:37.168988000,2025-07-21 13:55:37.168988000,0,on_time,0,0,1
S0499,ASG_01,Computer Vision,2025-07-21 13:55:37.168988000,2025-07-22 13:55:37.168988000,1,late,1,0,1
S0500,ASG_01,Computer Vision,2025-07-21 13:55:37.168988000,2025-07-25 13:55:37.168988000,4,late,1,0,1
S0001,ASG_02,Deep Learning,2025-08-06 20:28:20.805351636,2025-08-06 20:28:20.805351636,0,on_time,0,0,1
S0002,ASG_02,Deep Learning,2025-08-06 20:28:20.805351636,2025-08-08 20:28:20.805351636,2,late,1,0,1
S0003,ASG_02,Deep Learning,2025-08-06 20:28:20.805351636,2025-08-07 20:28:20.805351636,1,late,1,0,1
S0004,ASG_02,Deep Learning,2025-08-06 20:28:20.805351636,,10,missed,0,1,0
S0005,ASG_02,Deep Learning,2025-08-06 20:28:20.805351636,2025-08-07 20:28:20.805351636,1,late,1,0,1
S0006,ASG_02,Deep Learning,2025-08-06 20:28:20.805351636,2025-08-08 20:28:20.805351636,2,late,1,0,1
S0007,ASG_02,Deep Learning,2025-08-06 20:28:20.805351636,2025-08-06 20:28:20.805351636,0,on_time,0,0,1
S0008,ASG_02,Deep Learning,2025-08-06 20:28:20.805351636,2025-08-10 20:28:20.805351636,4,late,1,0,1
S0009,ASG_02,Deep Learning,2025-08-06 20:28:20.805351636,2025-08-06 20:28:20.805351636,0,on_time,0,0,1
S0010,ASG_02,Deep Learning,2025-08-06 20:28:20.805351636,2025-08-08 20:28:20.805351636,2,late,1,0,1
S0011,ASG_02,Deep Learning,2025-08-06 20:28:20.805351636,2025-08-08 20:28:20.805351636,2,late,1,0,1
S0012,ASG_02,Deep Learning,2025-08-06 20:28:20.805351636,2025-08-09 20:28:20.805351636,3,late,1,0,1
S0013,ASG_02,Deep Learning,2025-08-06 20:28:20.805351636,,11,missed,0,1,0
S0014,ASG_02,Deep Learning,2025-08-06 20:28:20.805351636,2025-08-08 20:28:20.805351636,2,late,1,0,1
S0015,ASG_02,Deep Learning,2025-08-06 20:28:20.805351636,2025-08-08 20:28:20.805351636,2,late,1,0,1
S0016,ASG_02,Deep Learning,2025-08-06 20:28:20.805351636,2025-08-07 20:28:20.805351636,1,late,1,0,1
S0017,ASG_02,Deep Learning,2025-08-06 20:28:20.805351636,2025-08-10 20:28:20.805351636,4,late,1,0,1
S0018,ASG_02,Deep Learning,2025-08-06 20:28:20.805351636,2025-08-10 20:28:20.805351636,4,late,1,0,1
S0019,ASG_02,Deep Learning,2025-08-06 20:28:20.805351636,2025-08-07 20:28:20.805351636,1,late,1,0,1
S0020,ASG_02,Deep Learning,2025-08-06 20:28:20.805351636,2025-08-08 20:28:20.805351636,2,late,1,0,1
S0021,ASG_02,Deep Learning,2025-08-06 20:28:20.805351636,2025-08-09 20:28:20.805351636,3,late,1,0,1
S0022,ASG_02,Deep Learning,2025-08-06 20:28:20.805351636,2025-08-06 20:28:20.805351636,0,on_time,0,0,1
S0023,ASG_02,Deep Learning,2025-08-06 20:28:20.805351636,2025-08-08 20:28:20.805351636,2,late,1,0,1
S0024,ASG_02,Deep Learning,2025-08-06 20:28:20.805351636,2025-08-08 20:28:20.805351636,2,late,1,0,1
S0025,ASG_02,Deep Learning,2025-08-06 20:28:20.805351636,2025-08-07 20:28:20.805351636,1,late,1,0,1
S0026,ASG_02,Deep Learning,2025-08-06 20:28:20.805351636,2025-08-08 20:28:20.805351636,2,late,1,0,1
S0027,ASG_02,Deep Learning,2025-08-06 20:28:20.805351636,2025-08-10 20:28:20.805351636,4,late,1,0,1
S0028,ASG_02,Deep Learning,2025-08-06 20:28:20.805351636,2025-08-06 20:28:20.805351636,0,on_time,0,0,1
S0029,ASG_02,Deep Learning,2025-08-06 20:28:20.805351636,2025-08-06 20:28:20.805351636,0,on_time,0,0,1
S0030,ASG_02,Deep Learning,2025-08-06 20:28:20.805351636,2025-08-07 20:28:20.805351636,1,late,1,0,1
S0031,ASG_02,Deep Learning,2025-08-06 20:28:20.805351636,2025-08-08 20:28:20.805351636,2,late,1,0,1
S0032,ASG_02,Deep Learning,2025-08-06 20:28:20.805351636,2025-08-08 20:28:20.805351636,2,late,1,0,1
S0033,ASG_02,Deep Learning,2025-08-06 20:28:20.805351636,2025-08-08 20:28:20.805351636,2,late,1,0,1
S0034,ASG_02,Deep Learning,2025-08-06 20:28:20.805351636,2025-08-07 20:28:20.805351636,1,late,1,0,1
S0035,ASG_02,Deep Learning,2025-08-06 20:28:20.805351636,2025-08-07 20:28:20.805351636,1,late,1,0,1
S0036,ASG_02,Deep Learning,2025-08-06 20:28:20.805351636,2025-08-09 20:28:20.805351636,3,late,1,0,1
S0037,ASG_02,Deep Learning,2025-08-06 20:28:20.805351636,2025-08-07 20:28:20.805351636,1,late,1,0,1
S0038,ASG_02,Deep Learning,2025-08-06 20:28:20.805351636,2025-08-08 20:28:20.805351636,2,late,1,0,1
S0039,ASG_02,Deep Learning,2025-08-06 20:28:20.805351636,2025-08-08 20:28:20.805351636,2,late,1,0,1
S0040,ASG_02,Deep Learning,2025-08-06 20:28:20.805351636,2025-08-07 20:28:20.805351636,1,late,1,0,1
S0041,ASG_02,Deep Learning,2025-08-06 20:28:20.805351636,2025-08-08 20:28:20.805351636,2,late,1,0,1
S0042,ASG_02,Deep Learning,2025-08-06 20:28:20.805351636,2025-08-09 20:28:20.805351636,3,late,1,0,1
S0043,ASG_02,Deep Learning,2025-08-06 20:28:20.805351636,2025-08-08 20:28:20.805351636,2,late,1,0,1
S0044,ASG_02,Deep Learning,2025-08-06 20:28:20.805351636,2025-08-06 20:28:20.805351636,0,on_time,0,0,1
S0045,ASG_02,Deep Learning,2025-08-06 20:28:20.805351636,2025-08-08 20:28:20.805351636,2,late,1,0,1
S0046,ASG_02,Deep Learning,2025-08-06 20:28:20.805351636,2025-08-08 20:28:20.805351636,2,late,1,0,1
S0047,ASG_02,Deep Learning,2025-08-06 20:28:20.805351636,2025-08-07 20:28:20.805351636,1,late,1,0,1
S0048,ASG_02,Deep Learning,2025-08-06 20:28:20.805351636,2025-08-12 20:28:20.805351636,6,late,1,0,1
S0049,ASG_02,Deep Learning,2025-08-06 20:28:20.805351636,2025-08-10 20:28:20.805351636,4,late,1,0,1
S0050,ASG_02,Deep Learning,2025-08-06 20:28:20.805351636,2025-08-08 20:28:20.805351636,2,late,1,0,1
S0051,ASG_02,Deep Learning,2025-08-06 20:28:20.805351636,2025-08-08 20:28:20.805351636,2,late,1,0,1
S0052,ASG_02,Deep Learning,2025-08-06 20:28:20.805351636,2025-08-10 20:28:20.805351636,4,late,1,0,1
S0053,ASG_02,Deep Learning,2025-08-06 20:28:20.805351636,2025-08-09 20:28:20.805351636,3,late,1,0,1
S0054,ASG_02,Deep Learning,2025-08-06 20:28:20.805351636,2025-08-07 20:28:20.805351636,1,late,1,0,1
S0055,ASG_02,Deep Learning,2025-08-06 20:28:20.805351636,2025-08-08 20:28:20.805351636,2,late,1,0,1
S0056,ASG_02,Deep Learning,2025-08-06 20:28:20.805351636,2025-08-08 20:28:20.805351636,2,late,1,0,1
S0057,ASG_02,Deep Learning,2025-08-06 20:28:20.805351636,2025-08-06 20:28:20.805351636,0,on_time,0,0,1
S0058,ASG_02,Deep Learning,2025-08-06 20:28:20.805351636,2025-08-06 20:28:20.805351636,0,on_time,0,0,1
S0059,ASG_02,Deep Learning,2025-08-06 20:28:20.805351636,2025-08-08 20:28:20.805351636,2,late,1,0,1
S0060,ASG_02,Deep Learning,2025-08-06 20:28:20.805351636,2025-08-12 20:28:20.805351636,6,late,1,0,1
S0061,ASG_02,Deep Learning,2025-08-06 20:28:20.805351636,2025-08-10 20:28:20.805351636,4,late,1,0,1
S0062,ASG_02,Deep Learning,2025-08-06 20:28:20.805351636,,15,missed,0,1,0
S0063,ASG_02,Deep Learning,2025-08-06 20:28:20.805351636,2025-08-08 20:28:20.805351636,2,late,1,0,1
S0064,ASG_02,Deep Learning,2025-08-06 20:28:20.805351636,2025-08-06 20:28:20.805351636,0,on_time,0,0,1
S0065,ASG_02,Deep Learning,2025-08-06 20:28:20.805351636,2025-08-06 20:28:20.805351636,0,on_time,0,0,1
S0066,ASG_02,Deep Learning,2025-08-06 20:28:20.805351636,2025-08-07 20:28:20.805351636,1,late,1,0,1
S0067,ASG_02,Deep Learning,2025-08-06 20:28:20.805351636,2025-08-07 20:28:20.805351636,1,late,1,0,1
S0068,ASG_02,Deep Learning,2025-08-06 20:28:20.805351636,2025-08-08 20:28:20.805351636,2,late,1,0,1
S0069,ASG_02,Deep Learning,2025-08-06 20:28:20.805351636,2025-08-10 20:28:20.805351636,4,late,1,0,1
S0070,ASG_02,Deep Learning,2025-08-06 20:28:20.805351636,,8,missed,0,1,0
S0071,ASG_02,Deep Learning,2025-08-06 20:28:20.805351636,2025-08-09 20:28:20.805351636,3,late,1,0,1
S0072,ASG_02,Deep Learning,2025-08-06 20:28:20.805351636,2025-08-09 20:28:20.805351636,3,late,1,0,1
S0073,ASG_02,Deep Learning,2025-08-06 20:28:20.805351636,2025-08-09 20:28:20.805351636,3,late,1,0,1
S0074,ASG_02,Deep Learning,2025-08-06 20:28:20.805351636,2025-08-06 20:28:20.805351636,0,on_time,0,0,1
S0075,ASG_02,Deep Learning,2025-08-06 20:28:20.805351636,2025-08-06 20:28:20.805351636,0,on_time,0,0,1
S0076,ASG_02,Deep Learning,2025-08-06 20:28:20.805351636,2025-08-10 20:28:20.805351636,4,late,1,0,1
S0077,ASG_02,Deep Learning,2025-08-06 20:28:20.805351636,2025-08-10 20:28:20.805351636,4,late,1,0,1
S0078,ASG_02,Deep Learning,2025-08-06 20:28:20.805351636,2025-08-06 20:28:20.805351636,0,on_time,0,0,1
S0079,ASG_02,Deep Learning,2025-08-06 20:28:20.805351636,2025-08-07 20:28:20.805351636,1,late,1,0,1
S0080,ASG_02,Deep Learning,2025-08-06 20:28:20.805351636,2025-08-09 20:28:20.805351636,3,late,1,0,1
S0081,ASG_02,Deep Learning,2025-08-06 20:28:20.805351636,2025-08-08 20:28:20.805351636,2,late,1,0,1
S0082,ASG_02,Deep Learning,2025-08-06 20:28:20.805351636,,11,missed,0,1,0
S0083,ASG_02,Deep Learning,2025-08-06 20:28:20.805351636,,7,missed,0,1,0
S0084,ASG_02,Deep Learning,2025-08-06 20:28:20.805351636,2025-08-07 20:28:20.805351636,1,late,1,0,1
S0085,ASG_02,Deep Learning,2025-08-06 20:28:20.805351636,,10,missed,0,1,0
S0086,ASG_02,Deep Learning,2025-08-06 20:28:20.805351636,2025-08-07 20:28:20.805351636,1,late,1,0,1
S0087,ASG_02,Deep Learning,2025-08-06 20:28:20.805351636,2025-08-06 20:28:20.805351636,0,on_time,0,0,1
S0088,ASG_02,Deep Learning,2025-08-06 20:28:20.805351636,2025-08-07 20:28:20.805351636,1,late,1,0,1
S0089,ASG_02,Deep Learning,2025-08-06 20:28:20.805351636,2025-08-09 20:28:20.805351636,3,late,1,0,1
S0090,ASG_02,Deep Learning,2025-08-06 20:28:20.805351636,2025-08-10 20:28:20.805351636,4,late,1,0,1
S0091,ASG_02,Deep Learning,2025-08-06 20:28:20.805351636,2025-08-08 20:28:20.805351636,2,late,1,0,1
S0092,ASG_02,Deep Learning,2025-08-06 20:28:20.805351636,2025-08-07 20:28:20.805351636,1,late,1,0,1
S0093,ASG_02,Deep Learning,2025-08-06 20:28:20.805351636,2025-08-06 20:28:20.805351636,0,on_time,0,0,1
S0094,ASG_02,Deep Learning,2025-08-06 20:28:20.805351636,2025-08-06 20:28:20.805351636,0,on_time,0,0,1
S0095,ASG_02,Deep Learning,2025-08-06 20:28:20.805351636,2025-08-09 20:28:20.805351636,3,late,1,0,1
S0096,ASG_02,Deep Learning,2025-08-06 20:28:20.805351636,,12,missed,0,1,0
S0097,ASG_02,Deep Learning,2025-08-06 20:28:20.805351636,2025-08-10 20:28:20.805351636,4,late,1,0,1
S0098,ASG_02,Deep Learning,2025-08-06 20:28:20.805351636,2025-08-07 20:28:20.805351636,1,late,1,0,1
S0099,ASG_02,Deep Learning,2025-08-06 20:28:20.805351636,2025-08-08 20:28:20.805351636,2,late,1,0,1
S0100,ASG_02,Deep Learning,2025-08-06 20:28:20.805351636,2025-08-09 20:28:20.805351636,3,late,1,0,1
S0101,ASG_02,Deep Learning,2025-08-06 20:28:20.805351636,2025-08-07 20:28:20.805351636,1,late,1,0,1
S0102,ASG_02,Deep Learning,2025-08-06 20:28:20.805351636,2025-08-06 20:28:20.805351636,0,on_time,0,0,1
S0103,ASG_02,Deep Learning,2025-08-06 20:28:20.805351636,2025-08-06 20:28:20.805351636,0,on_time,0,0,1
S0104,ASG_02,Deep Learning,2025-08-06 20:28:20.805351636,2025-08-07 20:28:20.805351636,1,late,1,0,1
S0105,ASG_02,Deep Learning,2025-08-06 20:28:20.805351636,2025-08-06 20:28:20.805351636,0,on_time,0,0,1
S0106,ASG_02,Deep Learning,2025-08-06 20:28:20.805351636,2025-08-12 20:28:20.805351636,6,late,1,0,1
S0107,ASG_02,Deep Learning,2025-08-06 20:28:20.805351636,2025-08-07 20:28:20.805351636,1,late,1,0,1
S0108,ASG_02,Deep Learning,2025-08-06 20:28:20.805351636,,15,missed,0,1,0
S0109,ASG_02,Deep Learning,2025-08-06 20:28:20.805351636,2025-08-08 20:28:20.805351636,2,late,1,0,1
S0110,ASG_02,Deep Learning,2025-08-06 20:28:20.805351636,2025-08-07 20:28:20.805351636,1,late,1,0,1
S0111,ASG_02,Deep Learning,2025-08-06 20:28:20.805351636,2025-08-06 20:28:20.805351636,0,on_time,0,0,1
S0112,ASG_02,Deep Learning,2025-08-06 20:28:20.805351636,2025-08-08 20:28:20.805351636,2,late,1,0,1
S0113,ASG_02,Deep Learning,2025-08-06 20:28:20.805351636,2025-08-06 20:28:20.805351636,0,on_time,0,0,1
S0114,ASG_02,Deep Learning,2025-08-06 20:28:20.805351636,2025-08-06 20:28:20.805351636,0,on_time,0,0,1
S0115,ASG_02,Deep Learning,2025-08-06 20:28:20.805351636,,12,missed,0,1,0
S0116,ASG_02,Deep Learning,2025-08-06 20:28:20.805351636,,7,missed,0,1,0
S0117,ASG_02,Deep Learning,2025-08-06 20:28:20.805351636,2025-08-08 20:28:20.805351636,2,late,1,0,1
S0118,ASG_02,Deep Learning,2025-08-06 20:28:20.805351636,2025-08-07 20:28:20.805351636,1,late,1,0,1
S0119,ASG_02,Deep Learning,2025-08-06 20:28:20.805351636,2025-08-10 20:28:20.805351636,4,late,1,0,1
S0120,ASG_02,Deep Learning,2025-08-06 20:28:20.805351636,2025-08-08 20:28:20.805351636,2,late,1,0,1
S0121,ASG_02,Deep Learning,2025-08-06 20:28:20.805351636,2025-08-11 20:28:20.805351636,5,late,1,0,1
S0122,ASG_02,Deep Learning,2025-08-06 20:28:20.805351636,2025-08-06 20:28:20.805351636,0,on_time,0,0,1
S0123,ASG_02,Deep Learning,2025-08-06 20:28:20.805351636,2025-08-06 20:28:20.805351636,0,on_time,0,0,1
S0124,ASG_02,Deep Learning,2025-08-06 20:28:20.805351636,2025-08-06 20:28:20.805351636,0,on_time,0,0,1
S0125,ASG_02,Deep Learning,2025-08-06 20:28:20.805351636,2025-08-07 20:28:20.805351636,1,late,1,0,1
S0126,ASG_02,Deep Learning,2025-08-06 20:28:20.805351636,2025-08-06 20:28:20.805351636,0,on_time,0,0,1
S0127,ASG_02,Deep Learning,2025-08-06 20:28:20.805351636,2025-08-06 20:28:20.805351636,0,on_time,0,0,1
S0128,ASG_02,Deep Learning,2025-08-06 20:28:20.805351636,2025-08-08 20:28:20.805351636,2,late,1,0,1
S0129,ASG_02,Deep Learning,2025-08-06 20:28:20.805351636,2025-08-06 20:28:20.805351636,0,on_time,0,0,1
S0130,ASG_02,Deep Learning,2025-08-06 20:28:20.805351636,2025-08-06 20:28:20.805351636,0,on_time,0,0,1
S0131,ASG_02,Deep Learning,2025-08-06 20:28:20.805351636,,8,missed,0,1,0
S0132,ASG_02,Deep Learning,2025-08-06 20:28:20.805351636,2025-08-06 20:28:20.805351636,0,on_time,0,0,1
S0133,ASG_02,Deep Learning,2025-08-06 20:28:20.805351636,2025-08-06 20:28:20.805351636,0,on_time,0,0,1
S0134,ASG_02,Deep Learning,2025-08-06 20:28:20.805351636,2025-08-08 20:28:20.805351636,2,late,1,0,1
S0135,ASG_02,Deep Learning,2025-08-06 20:28:20.805351636,2025-08-09 20:28:20.805351636,3,late,1,0,1
S0136,ASG_02,Deep Learning,2025-08-06 20:28:20.805351636,2025-08-06 20:28:20.805351636,0,on_time,0,0,1
S0137,ASG_02,Deep Learning,2025-08-06 20:28:20.805351636,2025-08-09 20:28:20.805351636,3,late,1,0,1
S0138,ASG_02,Deep Learning,2025-08-06 20:28:20.805351636,2025-08-08 20:28:20.805351636,2,late,1,0,1
S0139,ASG_02,Deep Learning,2025-08-06 20:28:20.805351636,2025-08-07 20:28:20.805351636,1,late,1,0,1
S0140,ASG_02,Deep Learning,2025-08-06 20:28:20.805351636,2025-08-06 20:28:20.805351636,0,on_time,0,0,1
S0141,ASG_02,Deep Learning,2025-08-06 20:28:20.805351636,2025-08-06 20:28:20.805351636,0,on_time,0,0,1
S0142,ASG_02,Deep Learning,2025-08-06 20:28:20.805351636,2025-08-08 20:28:20.805351636,2,late,1,0,1
S0143,ASG_02,Deep Learning,2025-08-06 20:28:20.805351636,2025-08-08 20:28:20.805351636,2,late,1,0,1
S0144,ASG_02,Deep Learning,2025-08-06 20:28:20.805351636,2025-08-09 20:28:20.805351636,3,late,1,0,1
S0145,ASG_02,Deep Learning,2025-08-06 20:28:20.805351636,2025-08-10 20:28:20.805351636,4,late,1,0,1
S0146,ASG_02,Deep Learning,2025-08-06 20:28:20.805351636,2025-08-10 20:28:20.805351636,4,late,1,0,1
S0147,ASG_02,Deep Learning,2025-08-06 20:28:20.805351636,2025-08-10 20:28:20.805351636,4,late,1,0,1
S0148,ASG_02,Deep Learning,2025-08-06 20:28:20.805351636,2025-08-07 20:28:20.805351636,1,late,1,0,1
S0149,ASG_02,Deep Learning,2025-08-06 20:28:20.805351636,2025-08-07 20:28:20.805351636,1,late,1,0,1
S0150,ASG_02,Deep Learning,2025-08-06 20:28:20.805351636,2025-08-09 20:28:20.805351636,3,late,1,0,1
S0151,ASG_02,Deep Learning,2025-08-06 20:28:20.805351636,2025-08-06 20:28:20.805351636,0,on_time,0,0,1
S0152,ASG_02,Deep Learning,2025-08-06 20:28:20.805351636,2025-08-06 20:28:20.805351636,0,on_time,0,0,1
S0153,ASG_02,Deep Learning,2025-08-06 20:28:20.805351636,2025-08-08 20:28:20.805351636,2,late,1,0,1
S0154,ASG_02,Deep Learning,2025-08-06 20:28:20.805351636,2025-08-11 20:28:20.805351636,5,late,1,0,1
S0155,ASG_02,Deep Learning,2025-08-06 20:28:20.805351636,2025-08-10 20:28:20.805351636,4,late,1,0,1
S0156,ASG_02,Deep Learning,2025-08-06 20:28:20.805351636,2025-08-09 20:28:20.805351636,3,late,1,0,1
S0157,ASG_02,Deep Learning,2025-08-06 20:28:20.805351636,2025-08-07 20:28:20.805351636,1,late,1,0,1
S0158,ASG_02,Deep Learning,2025-08-06 20:28:20.805351636,2025-08-06 20:28:20.805351636,0,on_time,0,0,1
S0159,ASG_02,Deep Learning,2025-08-06 20:28:20.805351636,2025-08-09 20:28:20.805351636,3,late,1,0,1
S0160,ASG_02,Deep Learning,2025-08-06 20:28:20.805351636,2025-08-10 20:28:20.805351636,4,late,1,0,1
S0161,ASG_02,Deep Learning,2025-08-06 20:28:20.805351636,2025-08-07 20:28:20.805351636,1,late,1,0,1
S0162,ASG_02,Deep Learning,2025-08-06 20:28:20.805351636,2025-08-07 20:28:20.805351636,1,late,1,0,1
S0163,ASG_02,Deep Learning,2025-08-06 20:28:20.805351636,,12,missed,0,1,0
S0164,ASG_02,Deep Learning,2025-08-06 20:28:20.805351636,2025-08-08 20:28:20.805351636,2,late,1,0,1
S0165,ASG_02,Deep Learning,2025-08-06 20:28:20.805351636,,7,missed,0,1,0
S0166,ASG_02,Deep Learning,2025-08-06 20:28:20.805351636,2025-08-06 20:28:20.805351636,0,on_time,0,0,1
S0167,ASG_02,Deep Learning,2025-08-06 20:28:20.805351636,2025-08-09 20:28:20.805351636,3,late,1,0,1
S0168,ASG_02,Deep Learning,2025-08-06 20:28:20.805351636,,12,missed,0,1,0
S0169,ASG_02,Deep Learning,2025-08-06 20:28:20.805351636,2025-08-07 20:28:20.805351636,1,late,1,0,1
S0170,ASG_02,Deep Learning,2025-08-06 20:28:20.805351636,2025-08-09 20:28:20.805351636,3,late,1,0,1
S0171,ASG_02,Deep Learning,2025-08-06 20:28:20.805351636,2025-08-06 20:28:20.805351636,0,on_time,0,0,1
S0172,ASG_02,Deep Learning,2025-08-06 20:28:20.805351636,2025-08-06 20:28:20.805351636,0,on_time,0,0,1
S0173,ASG_02,Deep Learning,2025-08-06 20:28:20.805351636,2025-08-09 20:28:20.805351636,3,late,1,0,1
S0174,ASG_02,Deep Learning,2025-08-06 20:28:20.805351636,2025-08-07 20:28:20.805351636,1,late,1,0,1
S0175,ASG_02,Deep Learning,2025-08-06 20:28:20.805351636,2025-08-06 20:28:20.805351636,0,on_time,0,0,1
S0176,ASG_02,Deep Learning,2025-08-06 20:28:20.805351636,2025-08-06 20:28:20.805351636,0,on_time,0,0,1
S0177,ASG_02,Deep Learning,2025-08-06 20:28:20.805351636,2025-08-09 20:28:20.805351636,3,late,1,0,1
S0178,ASG_02,Deep Learning,2025-08-06 20:28:20.805351636,2025-08-06 20:28:20.805351636,0,on_time,0,0,1
S0179,ASG_02,Deep Learning,2025-08-06 20:28:20.805351636,2025-08-10 20:28:20.805351636,4,late,1,0,1
S0180,ASG_02,Deep Learning,2025-08-06 20:28:20.805351636,2025-08-07 20:28:20.805351636,1,late,1,0,1
S0181,ASG_02,Deep Learning,2025-08-06 20:28:20.805351636,2025-08-09 20:28:20.805351636,3,late,1,0,1
S0182,ASG_02,Deep Learning,2025-08-06 20:28:20.805351636,2025-08-08 20:28:20.805351636,2,late,1,0,1
S0183,ASG_02,Deep Learning,2025-08-06 20:28:20.805351636,2025-08-11 20:28:20.805351636,5,late,1,0,1
S0184,ASG_02,Deep Learning,2025-08-06 20:28:20.805351636,,14,missed,0,1,0
S0185,ASG_02,Deep Learning,2025-08-06 20:28:20.805351636,2025-08-06 20:28:20.805351636,0,on_time,0,0,1
S0186,ASG_02,Deep Learning,2025-08-06 20:28:20.805351636,2025-08-07 20:28:20.805351636,1,late,1,0,1
S0187,ASG_02,Deep Learning,2025-08-06 20:28:20.805351636,2025-08-07 20:28:20.805351636,1,late,1,0,1
S0188,ASG_02,Deep Learning,2025-08-06 20:28:20.805351636,2025-08-08 20:28:20.805351636,2,late,1,0,1
S0189,ASG_02,Deep Learning,2025-08-06 20:28:20.805351636,2025-08-08 20:28:20.805351636,2,late,1,0,1
S0190,ASG_02,Deep Learning,2025-08-06 20:28:20.805351636,2025-08-07 20:28:20.805351636,1,late,1,0,1
S0191,ASG_02,Deep Learning,2025-08-06 20:28:20.805351636,2025-08-06 20:28:20.805351636,0,on_time,0,0,1
S0192,ASG_02,Deep Learning,2025-08-06 20:28:20.805351636,,11,missed,0,1,0
S0193,ASG_02,Deep Learning,2025-08-06 20:28:20.805351636,2025-08-08 20:28:20.805351636,2,late,1,0,1
S0194,ASG_02,Deep Learning,2025-08-06 20:28:20.805351636,2025-08-08 20:28:20.805351636,2,late,1,0,1
S0195,ASG_02,Deep Learning,2025-08-06 20:28:20.805351636,2025-08-12 20:28:20.805351636,6,late,1,0,1
S0196,ASG_02,Deep Learning,2025-08-06 20:28:20.805351636,2025-08-06 20:28:20.805351636,0,on_time,0,0,1
S0197,ASG_02,Deep Learning,2025-08-06 20:28:20.805351636,2025-08-09 20:28:20.805351636,3,late,1,0,1
S0198,ASG_02,Deep Learning,2025-08-06 20:28:20.805351636,2025-08-06 20:28:20.805351636,0,on_time,0,0,1
S0199,ASG_02,Deep Learning,2025-08-06 20:28:20.805351636,2025-08-08 20:28:20.805351636,2,late,1,0,1
S0200,ASG_02,Deep Learning,2025-08-06 20:28:20.805351636,2025-08-09 20:28:20.805351636,3,late,1,0,1
S0201,ASG_02,Deep Learning,2025-08-06 20:28:20.805351636,2025-08-07 20:28:20.805351636,1,late,1,0,1
S0202,ASG_02,Deep Learning,2025-08-06 20:28:20.805351636,2025-08-06 20:28:20.805351636,0,on_time,0,0,1
S0203,ASG_02,Deep Learning,2025-08-06 20:28:20.805351636,2025-08-09 20:28:20.805351636,3,late,1,0,1
S0204,ASG_02,Deep Learning,2025-08-06 20:28:20.805351636,2025-08-09 20:28:20.805351636,3,late,1,0,1
S0205,ASG_02,Deep Learning,2025-08-06 20:28:20.805351636,2025-08-06 20:28:20.805351636,0,on_time,0,0,1
S0206,ASG_02,Deep Learning,2025-08-06 20:28:20.805351636,2025-08-07 20:28:20.805351636,1,late,1,0,1
S0207,ASG_02,Deep Learning,2025-08-06 20:28:20.805351636,2025-08-09 20:28:20.805351636,3,late,1,0,1
S0208,ASG_02,Deep Learning,2025-08-06 20:28:20.805351636,2025-08-09 20:28:20.805351636,3,late,1,0,1
S0209,ASG_02,Deep Learning,2025-08-06 20:28:20.805351636,2025-08-08 20:28:20.805351636,2,late,1,0,1
S0210,ASG_02,Deep Learning,2025-08-06 20:28:20.805351636,2025-08-10 20:28:20.805351636,4,late,1,0,1
S0211,ASG_02,Deep Learning,2025-08-06 20:28:20.805351636,2025-08-09 20:28:20.805351636,3,late,1,0,1
S0212,ASG_02,Deep Learning,2025-08-06 20:28:20.805351636,2025-08-09 20:28:20.805351636,3,late,1,0,1
S0213,ASG_02,Deep Learning,2025-08-06 20:28:20.805351636,2025-08-06 20:28:20.805351636,0,on_time,0,0,1
S0214,ASG_02,Deep Learning,2025-08-06 20:28:20.805351636,2025-08-08 20:28:20.805351636,2,late,1,0,1
S0215,ASG_02,Deep Learning,2025-08-06 20:28:20.805351636,2025-08-08 20:28:20.805351636,2,late,1,0,1
S0216,ASG_02,Deep Learning,2025-08-06 20:28:20.805351636,2025-08-10 20:28:20.805351636,4,late,1,0,1
S0217,ASG_02,Deep Learning,2025-08-06 20:28:20.805351636,2025-08-06 20:28:20.805351636,0,on_time,0,0,1
S0218,ASG_02,Deep Learning,2025-08-06 20:28:20.805351636,2025-08-07 20:28:20.805351636,1,late,1,0,1
S0219,ASG_02,Deep Learning,2025-08-06 20:28:20.805351636,2025-08-08 20:28:20.805351636,2,late,1,0,1
S0220,ASG_02,Deep Learning,2025-08-06 20:28:20.805351636,2025-08-06 20:28:20.805351636,0,on_time,0,0,1
S0221,ASG_02,Deep Learning,2025-08-06 20:28:20.805351636,2025-08-06 20:28:20.805351636,0,on_time,0,0,1
S0222,ASG_02,Deep Learning,2025-08-06 20:28:20.805351636,2025-08-10 20:28:20.805351636,4,late,1,0,1
S0223,ASG_02,Deep Learning,2025-08-06 20:28:20.805351636,,15,missed,0,1,0
S0224,ASG_02,Deep Learning,2025-08-06 20:28:20.805351636,2025-08-06 20:28:20.805351636,0,on_time,0,0,1
S0225,ASG_02,Deep Learning,2025-08-06 20:28:20.805351636,2025-08-09 20:28:20.805351636,3,late,1,0,1
S0226,ASG_02,Deep Learning,2025-08-06 20:28:20.805351636,2025-08-08 20:28:20.805351636,2,late,1,0,1
S0227,ASG_02,Deep Learning,2025-08-06 20:28:20.805351636,2025-08-10 20:28:20.805351636,4,late,1,0,1
S0228,ASG_02,Deep Learning,2025-08-06 20:28:20.805351636,,10,missed,0,1,0
S0229,ASG_02,Deep Learning,2025-08-06 20:28:20.805351636,,8,missed,0,1,0
S0230,ASG_02,Deep Learning,2025-08-06 20:28:20.805351636,2025-08-09 20:28:20.805351636,3,late,1,0,1
S0231,ASG_02,Deep Learning,2025-08-06 20:28:20.805351636,2025-08-08 20:28:20.805351636,2,late,1,0,1
S0232,ASG_02,Deep Learning,2025-08-06 20:28:20.805351636,2025-08-08 20:28:20.805351636,2,late,1,0,1
S0233,ASG_02,Deep Learning,2025-08-06 20:28:20.805351636,2025-08-12 20:28:20.805351636,6,late,1,0,1
S0234,ASG_02,Deep Learning,2025-08-06 20:28:20.805351636,2025-08-10 20:28:20.805351636,4,late,1,0,1
S0235,ASG_02,Deep Learning,2025-08-06 20:28:20.805351636,2025-08-06 20:28:20.805351636,0,on_time,0,0,1
S0236,ASG_02,Deep Learning,2025-08-06 20:28:20.805351636,2025-08-09 20:28:20.805351636,3,late,1,0,1
S0237,ASG_02,Deep Learning,2025-08-06 20:28:20.805351636,2025-08-08 20:28:20.805351636,2,late,1,0,1
S0238,ASG_02,Deep Learning,2025-08-06 20:28:20.805351636,2025-08-07 20:28:20.805351636,1,late,1,0,1
S0239,ASG_02,Deep Learning,2025-08-06 20:28:20.805351636,2025-08-10 20:28:20.805351636,4,late,1,0,1
S0240,ASG_02,Deep Learning,2025-08-06 20:28:20.805351636,2025-08-06 20:28:20.805351636,0,on_time,0,0,1
S0241,ASG_02,Deep Learning,2025-08-06 20:28:20.805351636,2025-08-09 20:28:20.805351636,3,late,1,0,1
S0242,ASG_02,Deep Learning,2025-08-06 20:28:20.805351636,2025-08-08 20:28:20.805351636,2,late,1,0,1
S0243,ASG_02,Deep Learning,2025-08-06 20:28:20.805351636,2025-08-06 20:28:20.805351636,0,on_time,0,0,1
S0244,ASG_02,Deep Learning,2025-08-06 20:28:20.805351636,2025-08-06 20:28:20.805351636,0,on_time,0,0,1
S0245,ASG_02,Deep Learning,2025-08-06 20:28:20.805351636,2025-08-08 20:28:20.805351636,2,late,1,0,1
S0246,ASG_02,Deep Learning,2025-08-06 20:28:20.805351636,2025-08-06 20:28:20.805351636,0,on_time,0,0,1
S0247,ASG_02,Deep Learning,2025-08-06 20:28:20.805351636,2025-08-10 20:28:20.805351636,4,late,1,0,1
S0248,ASG_02,Deep Learning,2025-08-06 20:28:20.805351636,2025-08-08 20:28:20.805351636,2,late,1,0,1
S0249,ASG_02,Deep Learning,2025-08-06 20:28:20.805351636,2025-08-10 20:28:20.805351636,4,late,1,0,1
S0250,ASG_02,Deep Learning,2025-08-06 20:28:20.805351636,2025-08-08 20:28:20.805351636,2,late,1,0,1
S0251,ASG_02,Deep Learning,2025-08-06 20:28:20.805351636,2025-08-11 20:28:20.805351636,5,late,1,0,1
S0252,ASG_02,Deep Learning,2025-08-06 20:28:20.805351636,2025-08-07 20:28:20.805351636,1,late,1,0,1
S0253,ASG_02,Deep Learning,2025-08-06 20:28:20.805351636,,14,missed,0,1,0
S0254,ASG_02,Deep Learning,2025-08-06 20:28:20.805351636,2025-08-07 20:28:20.805351636,1,late,1,0,1
S0255,ASG_02,Deep Learning,2025-08-06 20:28:20.805351636,2025-08-08 20:28:20.805351636,2,late,1,0,1
S0256,ASG_02,Deep Learning,2025-08-06 20:28:20.805351636,2025-08-07 20:28:20.805351636,1,late,1,0,1
S0257,ASG_02,Deep Learning,2025-08-06 20:28:20.805351636,2025-08-08 20:28:20.805351636,2,late,1,0,1
S0258,ASG_02,Deep Learning,2025-08-06 20:28:20.805351636,2025-08-06 20:28:20.805351636,0,on_time,0,0,1
S0259,ASG_02,Deep Learning,2025-08-06 20:28:20.805351636,2025-08-09 20:28:20.805351636,3,late,1,0,1
S0260,ASG_02,Deep Learning,2025-08-06 20:28:20.805351636,2025-08-07 20:28:20.805351636,1,late,1,0,1
S0261,ASG_02,Deep Learning,2025-08-06 20:28:20.805351636,2025-08-06 20:28:20.805351636,0,on_time,0,0,1
S0262,ASG_02,Deep Learning,2025-08-06 20:28:20.805351636,2025-08-06 20:28:20.805351636,0,on_time,0,0,1
S0263,ASG_02,Deep Learning,2025-08-06 20:28:20.805351636,2025-08-10 20:28:20.805351636,4,late,1,0,1
S0264,ASG_02,Deep Learning,2025-08-06 20:28:20.805351636,2025-08-06 20:28:20.805351636,0,on_time,0,0,1
S0265,ASG_02,Deep Learning,2025-08-06 20:28:20.805351636,2025-08-07 20:28:20.805351636,1,late,1,0,1
S0266,ASG_02,Deep Learning,2025-08-06 20:28:20.805351636,2025-08-06 20:28:20.805351636,0,on_time,0,0,1
S0267,ASG_02,Deep Learning,2025-08-06 20:28:20.805351636,2025-08-11 20:28:20.805351636,5,late,1,0,1
S0268,ASG_02,Deep Learning,2025-08-06 20:28:20.805351636,2025-08-08 20:28:20.805351636,2,late,1,0,1
S0269,ASG_02,Deep Learning,2025-08-06 20:28:20.805351636,2025-08-08 20:28:20.805351636,2,late,1,0,1
S0270,ASG_02,Deep Learning,2025-08-06 20:28:20.805351636,2025-08-06 20:28:20.805351636,0,on_time,0,0,1
S0271,ASG_02,Deep Learning,2025-08-06 20:28:20.805351636,2025-08-06 20:28:20.805351636,0,on_time,0,0,1
S0272,ASG_02,Deep Learning,2025-08-06 20:28:20.805351636,2025-08-08 20:28:20.805351636,2,late,1,0,1
S0273,ASG_02,Deep Learning,2025-08-06 20:28:20.805351636,2025-08-07 20:28:20.805351636,1,late,1,0,1
S0274,ASG_02,Deep Learning,2025-08-06 20:28:20.805351636,2025-08-06 20:28:20.805351636,0,on_time,0,0,1
S0275,ASG_02,Deep Learning,2025-08-06 20:28:20.805351636,,14,missed,0,1,0
S0276,ASG_02,Deep Learning,2025-08-06 20:28:20.805351636,2025-08-08 20:28:20.805351636,2,late,1,0,1
S0277,ASG_02,Deep Learning,2025-08-06 20:28:20.805351636,2025-08-09 20:28:20.805351636,3,late,1,0,1
S0278,ASG_02,Deep Learning,2025-08-06 20:28:20.805351636,2025-08-06 20:28:20.805351636,0,on_time,0,0,1
S0279,ASG_02,Deep Learning,2025-08-06 20:28:20.805351636,2025-08-10 20:28:20.805351636,4,late,1,0,1
S0280,ASG_02,Deep Learning,2025-08-06 20:28:20.805351636,2025-08-07 20:28:20.805351636,1,late,1,0,1
S0281,ASG_02,Deep Learning,2025-08-06 20:28:20.805351636,2025-08-06 20:28:20.805351636,0,on_time,0,0,1
S0282,ASG_02,Deep Learning,2025-08-06 20:28:20.805351636,2025-08-11 20:28:20.805351636,5,late,1,0,1
S0283,ASG_02,Deep Learning,2025-08-06 20:28:20.805351636,2025-08-08 20:28:20.805351636,2,late,1,0,1
S0284,ASG_02,Deep Learning,2025-08-06 20:28:20.805351636,2025-08-09 20:28:20.805351636,3,late,1,0,1
S0285,ASG_02,Deep Learning,2025-08-06 20:28:20.805351636,2025-08-06 20:28:20.805351636,0,on_time,0,0,1
S0286,ASG_02,Deep Learning,2025-08-06 20:28:20.805351636,2025-08-06 20:28:20.805351636,0,on_time,0,0,1
S0287,ASG_02,Deep Learning,2025-08-06 20:28:20.805351636,2025-08-07 20:28:20.805351636,1,late,1,0,1
S0288,ASG_02,Deep Learning,2025-08-06 20:28:20.805351636,2025-08-06 20:28:20.805351636,0,on_time,0,0,1
S0289,ASG_02,Deep Learning,2025-08-06 20:28:20.805351636,2025-08-07 20:28:20.805351636,1,late,1,0,1
S0290,ASG_02,Deep Learning,2025-08-06 20:28:20.805351636,2025-08-07 20:28:20.805351636,1,late,1,0,1
S0291,ASG_02,Deep Learning,2025-08-06 20:28:20.805351636,2025-08-10 20:28:20.805351636,4,late,1,0,1
S0292,ASG_02,Deep Learning,2025-08-06 20:28:20.805351636,,12,missed,0,1,0
S0293,ASG_02,Deep Learning,2025-08-06 20:28:20.805351636,2025-08-08 20:28:20.805351636,2,late,1,0,1
S0294,ASG_02,Deep Learning,2025-08-06 20:28:20.805351636,2025-08-09 20:28:20.805351636,3,late,1,0,1
S0295,ASG_02,Deep Learning,2025-08-06 20:28:20.805351636,2025-08-11 20:28:20.805351636,5,late,1,0,1
S0296,ASG_02,Deep Learning,2025-08-06 20:28:20.805351636,2025-08-09 20:28:20.805351636,3,late,1,0,1
S0297,ASG_02,Deep Learning,2025-08-06 20:28:20.805351636,2025-08-06 20:28:20.805351636,0,on_time,0,0,1
S0298,ASG_02,Deep Learning,2025-08-06 20:28:20.805351636,2025-08-07 20:28:20.805351636,1,late,1,0,1
S0299,ASG_02,Deep Learning,2025-08-06 20:28:20.805351636,2025-08-08 20:28:20.805351636,2,late,1,0,1
S0300,ASG_02,Deep Learning,2025-08-06 20:28:20.805351636,2025-08-10 20:28:20.805351636,4,late,1,0,1
S0301,ASG_02,Deep Learning,2025-08-06 20:28:20.805351636,2025-08-06 20:28:20.805351636,0,on_time,0,0,1
S0302,ASG_02,Deep Learning,2025-08-06 20:28:20.805351636,2025-08-09 20:28:20.805351636,3,late,1,0,1
S0303,ASG_02,Deep Learning,2025-08-06 20:28:20.805351636,2025-08-06 20:28:20.805351636,0,on_time,0,0,1
S0304,ASG_02,Deep Learning,2025-08-06 20:28:20.805351636,,11,missed,0,1,0
S0305,ASG_02,Deep Learning,2025-08-06 20:28:20.805351636,2025-08-07 20:28:20.805351636,1,late,1,0,1
S0306,ASG_02,Deep Learning,2025-08-06 20:28:20.805351636,2025-08-07 20:28:20.805351636,1,late,1,0,1
S0307,ASG_02,Deep Learning,2025-08-06 20:28:20.805351636,2025-08-08 20:28:20.805351636,2,late,1,0,1
S0308,ASG_02,Deep Learning,2025-08-06 20:28:20.805351636,2025-08-07 20:28:20.805351636,1,late,1,0,1
S0309,ASG_02,Deep Learning,2025-08-06 20:28:20.805351636,2025-08-08 20:28:20.805351636,2,late,1,0,1
S0310,ASG_02,Deep Learning,2025-08-06 20:28:20.805351636,2025-08-06 20:28:20.805351636,0,on_time,0,0,1
S0311,ASG_02,Deep Learning,2025-08-06 20:28:20.805351636,2025-08-06 20:28:20.805351636,0,on_time,0,0,1
S0312,ASG_02,Deep Learning,2025-08-06 20:28:20.805351636,2025-08-08 20:28:20.805351636,2,late,1,0,1
S0313,ASG_02,Deep Learning,2025-08-06 20:28:20.805351636,2025-08-06 20:28:20.805351636,0,on_time,0,0,1
S0314,ASG_02,Deep Learning,2025-08-06 20:28:20.805351636,2025-08-07 20:28:20.805351636,1,late,1,0,1
S0315,ASG_02,Deep Learning,2025-08-06 20:28:20.805351636,2025-08-08 20:28:20.805351636,2,late,1,0,1
S0316,ASG_02,Deep Learning,2025-08-06 20:28:20.805351636,2025-08-06 20:28:20.805351636,0,on_time,0,0,1
S0317,ASG_02,Deep Learning,2025-08-06 20:28:20.805351636,,12,missed,0,1,0
S0318,ASG_02,Deep Learning,2025-08-06 20:28:20.805351636,2025-08-08 20:28:20.805351636,2,late,1,0,1
S0319,ASG_02,Deep Learning,2025-08-06 20:28:20.805351636,2025-08-08 20:28:20.805351636,2,late,1,0,1
S0320,ASG_02,Deep Learning,2025-08-06 20:28:20.805351636,2025-08-06 20:28:20.805351636,0,on_time,0,0,1
S0321,ASG_02,Deep Learning,2025-08-06 20:28:20.805351636,2025-08-06 20:28:20.805351636,0,on_time,0,0,1
S0322,ASG_02,Deep Learning,2025-08-06 20:28:20.805351636,2025-08-09 20:28:20.805351636,3,late,1,0,1
S0323,ASG_02,Deep Learning,2025-08-06 20:28:20.805351636,2025-08-07 20:28:20.805351636,1,late,1,0,1
S0324,ASG_02,Deep Learning,2025-08-06 20:28:20.805351636,2025-08-06 20:28:20.805351636,0,on_time,0,0,1
S0325,ASG_02,Deep Learning,2025-08-06 20:28:20.805351636,2025-08-06 20:28:20.805351636,0,on_time,0,0,1
S0326,ASG_02,Deep Learning,2025-08-06 20:28:20.805351636,2025-08-08 20:28:20.805351636,2,late,1,0,1
S0327,ASG_02,Deep Learning,2025-08-06 20:28:20.805351636,2025-08-08 20:28:20.805351636,2,late,1,0,1
S0328,ASG_02,Deep Learning,2025-08-06 20:28:20.805351636,2025-08-06 20:28:20.805351636,0,on_time,0,0,1
S0329,ASG_02,Deep Learning,2025-08-06 20:28:20.805351636,2025-08-10 20:28:20.805351636,4,late,1,0,1
S0330,ASG_02,Deep Learning,2025-08-06 20:28:20.805351636,2025-08-06 20:28:20.805351636,0,on_time,0,0,1
S0331,ASG_02,Deep Learning,2025-08-06 20:28:20.805351636,2025-08-10 20:28:20.805351636,4,late,1,0,1
S0332,ASG_02,Deep Learning,2025-08-06 20:28:20.805351636,2025-08-08 20:28:20.805351636,2,late,1,0,1
S0333,ASG_02,Deep Learning,2025-08-06 20:28:20.805351636,2025-08-07 20:28:20.805351636,1,late,1,0,1
S0334,ASG_02,Deep Learning,2025-08-06 20:28:20.805351636,2025-08-07 20:28:20.805351636,1,late,1,0,1
S0335,ASG_02,Deep Learning,2025-08-06 20:28:20.805351636,2025-08-07 20:28:20.805351636,1,late,1,0,1
S0336,ASG_02,Deep Learning,2025-08-06 20:28:20.805351636,2025-08-08 20:28:20.805351636,2,late,1,0,1
S0337,ASG_02,Deep Learning,2025-08-06 20:28:20.805351636,2025-08-06 20:28:20.805351636,0,on_time,0,0,1
S0338,ASG_02,Deep Learning,2025-08-06 20:28:20.805351636,2025-08-07 20:28:20.805351636,1,late,1,0,1
S0339,ASG_02,Deep Learning,2025-08-06 20:28:20.805351636,2025-08-07 20:28:20.805351636,1,late,1,0,1
S0340,ASG_02,Deep Learning,2025-08-06 20:28:20.805351636,2025-08-10 20:28:20.805351636,4,late,1,0,1
S0341,ASG_02,Deep Learning,2025-08-06 20:28:20.805351636,2025-08-10 20:28:20.805351636,4,late,1,0,1
S0342,ASG_02,Deep Learning,2025-08-06 20:28:20.805351636,2025-08-10 20:28:20.805351636,4,late,1,0,1
S0343,ASG_02,Deep Learning,2025-08-06 20:28:20.805351636,,12,missed,0,1,0
S0344,ASG_02,Deep Learning,2025-08-06 20:28:20.805351636,2025-08-06 20:28:20.805351636,0,on_time,0,0,1
S0345,ASG_02,Deep Learning,2025-08-06 20:28:20.805351636,2025-08-08 20:28:20.805351636,2,late,1,0,1
S0346,ASG_02,Deep Learning,2025-08-06 20:28:20.805351636,2025-08-08 20:28:20.805351636,2,late,1,0,1
S0347,ASG_02,Deep Learning,2025-08-06 20:28:20.805351636,2025-08-06 20:28:20.805351636,0,on_time,0,0,1
S0348,ASG_02,Deep Learning,2025-08-06 20:28:20.805351636,2025-08-08 20:28:20.805351636,2,late,1,0,1
S0349,ASG_02,Deep Learning,2025-08-06 20:28:20.805351636,2025-08-06 20:28:20.805351636,0,on_time,0,0,1
S0350,ASG_02,Deep Learning,2025-08-06 20:28:20.805351636,2025-08-06 20:28:20.805351636,0,on_time,0,0,1
S0351,ASG_02,Deep Learning,2025-08-06 20:28:20.805351636,2025-08-06 20:28:20.805351636,0,on_time,0,0,1
S0352,ASG_02,Deep Learning,2025-08-06 20:28:20.805351636,2025-08-08 20:28:20.805351636,2,late,1,0,1
S0353,ASG_02,Deep Learning,2025-08-06 20:28:20.805351636,2025-08-07 20:28:20.805351636,1,late,1,0,1
S0354,ASG_02,Deep Learning,2025-08-06 20:28:20.805351636,2025-08-06 20:28:20.805351636,0,on_time,0,0,1
S0355,ASG_02,Deep Learning,2025-08-06 20:28:20.805351636,2025-08-09 20:28:20.805351636,3,late,1,0,1
S0356,ASG_02,Deep Learning,2025-08-06 20:28:20.805351636,2025-08-07 20:28:20.805351636,1,late,1,0,1
S0357,ASG_02,Deep Learning,2025-08-06 20:28:20.805351636,2025-08-08 20:28:20.805351636,2,late,1,0,1
S0358,ASG_02,Deep Learning,2025-08-06 20:28:20.805351636,2025-08-08 20:28:20.805351636,2,late,1,0,1
S0359,ASG_02,Deep Learning,2025-08-06 20:28:20.805351636,2025-08-12 20:28:20.805351636,6,late,1,0,1
S0360,ASG_02,Deep Learning,2025-08-06 20:28:20.805351636,2025-08-07 20:28:20.805351636,1,late,1,0,1
S0361,ASG_02,Deep Learning,2025-08-06 20:28:20.805351636,2025-08-10 20:28:20.805351636,4,late,1,0,1
S0362,ASG_02,Deep Learning,2025-08-06 20:28:20.805351636,2025-08-08 20:28:20.805351636,2,late,1,0,1
S0363,ASG_02,Deep Learning,2025-08-06 20:28:20.805351636,2025-08-08 20:28:20.805351636,2,late,1,0,1
S0364,ASG_02,Deep Learning,2025-08-06 20:28:20.805351636,2025-08-07 20:28:20.805351636,1,late,1,0,1
S0365,ASG_02,Deep Learning,2025-08-06 20:28:20.805351636,2025-08-07 20:28:20.805351636,1,late,1,0,1
S0366,ASG_02,Deep Learning,2025-08-06 20:28:20.805351636,2025-08-07 20:28:20.805351636,1,late,1,0,1
S0367,ASG_02,Deep Learning,2025-08-06 20:28:20.805351636,2025-08-09 20:28:20.805351636,3,late,1,0,1
S0368,ASG_02,Deep Learning,2025-08-06 20:28:20.805351636,2025-08-06 20:28:20.805351636,0,on_time,0,0,1
S0369,ASG_02,Deep Learning,2025-08-06 20:28:20.805351636,,11,missed,0,1,0
S0370,ASG_02,Deep Learning,2025-08-06 20:28:20.805351636,2025-08-07 20:28:20.805351636,1,late,1,0,1
S0371,ASG_02,Deep Learning,2025-08-06 20:28:20.805351636,2025-08-06 20:28:20.805351636,0,on_time,0,0,1
S0372,ASG_02,Deep Learning,2025-08-06 20:28:20.805351636,2025-08-06 20:28:20.805351636,0,on_time,0,0,1
S0373,ASG_02,Deep Learning,2025-08-06 20:28:20.805351636,,8,missed,0,1,0
S0374,ASG_02,Deep Learning,2025-08-06 20:28:20.805351636,2025-08-09 20:28:20.805351636,3,late,1,0,1
S0375,ASG_02,Deep Learning,2025-08-06 20:28:20.805351636,,10,missed,0,1,0
S0376,ASG_02,Deep Learning,2025-08-06 20:28:20.805351636,2025-08-06 20:28:20.805351636,0,on_time,0,0,1
S0377,ASG_02,Deep Learning,2025-08-06 20:28:20.805351636,2025-08-08 20:28:20.805351636,2,late,1,0,1
S0378,ASG_02,Deep Learning,2025-08-06 20:28:20.805351636,2025-08-08 20:28:20.805351636,2,late,1,0,1
S0379,ASG_02,Deep Learning,2025-08-06 20:28:20.805351636,2025-08-12 20:28:20.805351636,6,late,1,0,1
S0380,ASG_02,Deep Learning,2025-08-06 20:28:20.805351636,2025-08-08 20:28:20.805351636,2,late,1,0,1
S0381,ASG_02,Deep Learning,2025-08-06 20:28:20.805351636,2025-08-06 20:28:20.805351636,0,on_time,0,0,1
S0382,ASG_02,Deep Learning,2025-08-06 20:28:20.805351636,2025-08-06 20:28:20.805351636,0,on_time,0,0,1
S0383,ASG_02,Deep Learning,2025-08-06 20:28:20.805351636,2025-08-11 20:28:20.805351636,5,late,1,0,1
S0384,ASG_02,Deep Learning,2025-08-06 20:28:20.805351636,2025-08-08 20:28:20.805351636,2,late,1,0,1
S0385,ASG_02,Deep Learning,2025-08-06 20:28:20.805351636,2025-08-07 20:28:20.805351636,1,late,1,0,1
S0386,ASG_02,Deep Learning,2025-08-06 20:28:20.805351636,2025-08-06 20:28:20.805351636,0,on_time,0,0,1
S0387,ASG_02,Deep Learning,2025-08-06 20:28:20.805351636,2025-08-08 20:28:20.805351636,2,late,1,0,1
S0388,ASG_02,Deep Learning,2025-08-06 20:28:20.805351636,2025-08-08 20:28:20.805351636,2,late,1,0,1
S0389,ASG_02,Deep Learning,2025-08-06 20:28:20.805351636,2025-08-06 20:28:20.805351636,0,on_time,0,0,1
S0390,ASG_02,Deep Learning,2025-08-06 20:28:20.805351636,2025-08-06 20:28:20.805351636,0,on_time,0,0,1
S0391,ASG_02,Deep Learning,2025-08-06 20:28:20.805351636,,13,missed,0,1,0
S0392,ASG_02,Deep Learning,2025-08-06 20:28:20.805351636,2025-08-06 20:28:20.805351636,0,on_time,0,0,1
S0393,ASG_02,Deep Learning,2025-08-06 20:28:20.805351636,2025-08-10 20:28:20.805351636,4,late,1,0,1
S0394,ASG_02,Deep Learning,2025-08-06 20:28:20.805351636,2025-08-06 20:28:20.805351636,0,on_time,0,0,1
S0395,ASG_02,Deep Learning,2025-08-06 20:28:20.805351636,2025-08-08 20:28:20.805351636,2,late,1,0,1
S0396,ASG_02,Deep Learning,2025-08-06 20:28:20.805351636,2025-08-07 20:28:20.805351636,1,late,1,0,1
S0397,ASG_02,Deep Learning,2025-08-06 20:28:20.805351636,2025-08-07 20:28:20.805351636,1,late,1,0,1
S0398,ASG_02,Deep Learning,2025-08-06 20:28:20.805351636,2025-08-06 20:28:20.805351636,0,on_time,0,0,1
S0399,ASG_02,Deep Learning,2025-08-06 20:28:20.805351636,2025-08-06 20:28:20.805351636,0,on_time,0,0,1
S0400,ASG_02,Deep Learning,2025-08-06 20:28:20.805351636,2025-08-07 20:28:20.805351636,1,late,1,0,1
S0401,ASG_02,Deep Learning,2025-08-06 20:28:20.805351636,2025-08-07 20:28:20.805351636,1,late,1,0,1
S0402,ASG_02,Deep Learning,2025-08-06 20:28:20.805351636,2025-08-08 20:28:20.805351636,2,late,1,0,1
S0403,ASG_02,Deep Learning,2025-08-06 20:28:20.805351636,2025-08-09 20:28:20.805351636,3,late,1,0,1
S0404,ASG_02,Deep Learning,2025-08-06 20:28:20.805351636,2025-08-06 20:28:20.805351636,0,on_time,0,0,1
S0405,ASG_02,Deep Learning,2025-08-06 20:28:20.805351636,2025-08-07 20:28:20.805351636,1,late,1,0,1
S0406,ASG_02,Deep Learning,2025-08-06 20:28:20.805351636,2025-08-07 20:28:20.805351636,1,late,1,0,1
S0407,ASG_02,Deep Learning,2025-08-06 20:28:20.805351636,2025-08-06 20:28:20.805351636,0,on_time,0,0,1
S0408,ASG_02,Deep Learning,2025-08-06 20:28:20.805351636,2025-08-09 20:28:20.805351636,3,late,1,0,1
S0409,ASG_02,Deep Learning,2025-08-06 20:28:20.805351636,2025-08-11 20:28:20.805351636,5,late,1,0,1
S0410,ASG_02,Deep Learning,2025-08-06 20:28:20.805351636,2025-08-06 20:28:20.805351636,0,on_time,0,0,1
S0411,ASG_02,Deep Learning,2025-08-06 20:28:20.805351636,2025-08-06 20:28:20.805351636,0,on_time,0,0,1
S0412,ASG_02,Deep Learning,2025-08-06 20:28:20.805351636,2025-08-06 20:28:20.805351636,0,on_time,0,0,1
S0413,ASG_02,Deep Learning,2025-08-06 20:28:20.805351636,,13,missed,0,1,0
S0414,ASG_02,Deep Learning,2025-08-06 20:28:20.805351636,2025-08-06 20:28:20.805351636,0,on_time,0,0,1
S0415,ASG_02,Deep Learning,2025-08-06 20:28:20.805351636,2025-08-06 20:28:20.805351636,0,on_time,0,0,1
S0416,ASG_02,Deep Learning,2025-08-06 20:28:20.805351636,2025-08-06 20:28:20.805351636,0,on_time,0,0,1
S0417,ASG_02,Deep Learning,2025-08-06 20:28:20.805351636,2025-08-06 20:28:20.805351636,0,on_time,0,0,1
S0418,ASG_02,Deep Learning,2025-08-06 20:28:20.805351636,2025-08-09 20:28:20.805351636,3,late,1,0,1
S0419,ASG_02,Deep Learning,2025-08-06 20:28:20.805351636,2025-08-06 20:28:20.805351636,0,on_time,0,0,1
S0420,ASG_02,Deep Learning,2025-08-06 20:28:20.805351636,2025-08-06 20:28:20.805351636,0,on_time,0,0,1
S0421,ASG_02,Deep Learning,2025-08-06 20:28:20.805351636,2025-08-09 20:28:20.805351636,3,late,1,0,1
S0422,ASG_02,Deep Learning,2025-08-06 20:28:20.805351636,2025-08-06 20:28:20.805351636,0,on_time,0,0,1
S0423,ASG_02,Deep Learning,2025-08-06 20:28:20.805351636,2025-08-09 20:28:20.805351636,3,late,1,0,1
S0424,ASG_02,Deep Learning,2025-08-06 20:28:20.805351636,2025-08-10 20:28:20.805351636,4,late,1,0,1
S0425,ASG_02,Deep Learning,2025-08-06 20:28:20.805351636,2025-08-08 20:28:20.805351636,2,late,1,0,1
S0426,ASG_02,Deep Learning,2025-08-06 20:28:20.805351636,2025-08-06 20:28:20.805351636,0,on_time,0,0,1
S0427,ASG_02,Deep Learning,2025-08-06 20:28:20.805351636,,11,missed,0,1,0
S0428,ASG_02,Deep Learning,2025-08-06 20:28:20.805351636,2025-08-07 20:28:20.805351636,1,late,1,0,1
S0429,ASG_02,Deep Learning,2025-08-06 20:28:20.805351636,2025-08-07 20:28:20.805351636,1,late,1,0,1
S0430,ASG_02,Deep Learning,2025-08-06 20:28:20.805351636,2025-08-08 20:28:20.805351636,2,late,1,0,1
S0431,ASG_02,Deep Learning,2025-08-06 20:28:20.805351636,2025-08-06 20:28:20.805351636,0,on_time,0,0,1
S0432,ASG_02,Deep Learning,2025-08-06 20:28:20.805351636,2025-08-09 20:28:20.805351636,3,late,1,0,1
S0433,ASG_02,Deep Learning,2025-08-06 20:28:20.805351636,2025-08-07 20:28:20.805351636,1,late,1,0,1
S0434,ASG_02,Deep Learning,2025-08-06 20:28:20.805351636,2025-08-06 20:28:20.805351636,0,on_time,0,0,1
S0435,ASG_02,Deep Learning,2025-08-06 20:28:20.805351636,2025-08-08 20:28:20.805351636,2,late,1,0,1
S0436,ASG_02,Deep Learning,2025-08-06 20:28:20.805351636,2025-08-09 20:28:20.805351636,3,late,1,0,1
S0437,ASG_02,Deep Learning,2025-08-06 20:28:20.805351636,2025-08-06 20:28:20.805351636,0,on_time,0,0,1
S0438,ASG_02,Deep Learning,2025-08-06 20:28:20.805351636,2025-08-07 20:28:20.805351636,1,late,1,0,1
S0439,ASG_02,Deep Learning,2025-08-06 20:28:20.805351636,2025-08-07 20:28:20.805351636,1,late,1,0,1
S0440,ASG_02,Deep Learning,2025-08-06 20:28:20.805351636,2025-08-09 20:28:20.805351636,3,late,1,0,1
S0441,ASG_02,Deep Learning,2025-08-06 20:28:20.805351636,2025-08-06 20:28:20.805351636,0,on_time,0,0,1
S0442,ASG_02,Deep Learning,2025-08-06 20:28:20.805351636,2025-08-09 20:28:20.805351636,3,late,1,0,1
S0443,ASG_02,Deep Learning,2025-08-06 20:28:20.805351636,2025-08-08 20:28:20.805351636,2,late,1,0,1
S0444,ASG_02,Deep Learning,2025-08-06 20:28:20.805351636,2025-08-09 20:28:20.805351636,3,late,1,0,1
S0445,ASG_02,Deep Learning,2025-08-06 20:28:20.805351636,2025-08-10 20:28:20.805351636,4,late,1,0,1
S0446,ASG_02,Deep Learning,2025-08-06 20:28:20.805351636,2025-08-07 20:28:20.805351636,1,late,1,0,1
S0447,ASG_02,Deep Learning,2025-08-06 20:28:20.805351636,2025-08-08 20:28:20.805351636,2,late,1,0,1
S0448,ASG_02,Deep Learning,2025-08-06 20:28:20.805351636,2025-08-08 20:28:20.805351636,2,late,1,0,1
S0449,ASG_02,Deep Learning,2025-08-06 20:28:20.805351636,2025-08-08 20:28:20.805351636,2,late,1,0,1
S0450,ASG_02,Deep Learning,2025-08-06 20:28:20.805351636,2025-08-07 20:28:20.805351636,1,late,1,0,1
S0451,ASG_02,Deep Learning,2025-08-06 20:28:20.805351636,2025-08-06 20:28:20.805351636,0,on_time,0,0,1
S0452,ASG_02,Deep Learning,2025-08-06 20:28:20.805351636,2025-08-07 20:28:20.805351636,1,late,1,0,1
S0453,ASG_02,Deep Learning,2025-08-06 20:28:20.805351636,2025-08-06 20:28:20.805351636,0,on_time,0,0,1
S0454,ASG_02,Deep Learning,2025-08-06 20:28:20.805351636,2025-08-06 20:28:20.805351636,0,on_time,0,0,1
S0455,ASG_02,Deep Learning,2025-08-06 20:28:20.805351636,2025-08-06 20:28:20.805351636,0,on_time,0,0,1
S0456,ASG_02,Deep Learning,2025-08-06 20:28:20.805351636,,15,missed,0,1,0
S0457,ASG_02,Deep Learning,2025-08-06 20:28:20.805351636,2025-08-08 20:28:20.805351636,2,late,1,0,1
S0458,ASG_02,Deep Learning,2025-08-06 20:28:20.805351636,2025-08-08 20:28:20.805351636,2,late,1,0,1
S0459,ASG_02,Deep Learning,2025-08-06 20:28:20.805351636,,9,missed,0,1,0
S0460,ASG_02,Deep Learning,2025-08-06 20:28:20.805351636,2025-08-07 20:28:20.805351636,1,late,1,0,1
S0461,ASG_02,Deep Learning,2025-08-06 20:28:20.805351636,2025-08-08 20:28:20.805351636,2,late,1,0,1
S0462,ASG_02,Deep Learning,2025-08-06 20:28:20.805351636,2025-08-09 20:28:20.805351636,3,late,1,0,1
S0463,ASG_02,Deep Learning,2025-08-06 20:28:20.805351636,2025-08-10 20:28:20.805351636,4,late,1,0,1
S0464,ASG_02,Deep Learning,2025-08-06 20:28:20.805351636,2025-08-09 20:28:20.805351636,3,late,1,0,1
S0465,ASG_02,Deep Learning,2025-08-06 20:28:20.805351636,,11,missed,0,1,0
S0466,ASG_02,Deep Learning,2025-08-06 20:28:20.805351636,2025-08-07 20:28:20.805351636,1,late,1,0,1
S0467,ASG_02,Deep Learning,2025-08-06 20:28:20.805351636,2025-08-09 20:28:20.805351636,3,late,1,0,1
S0468,ASG_02,Deep Learning,2025-08-06 20:28:20.805351636,2025-08-07 20:28:20.805351636,1,late,1,0,1
S0469,ASG_02,Deep Learning,2025-08-06 20:28:20.805351636,2025-08-06 20:28:20.805351636,0,on_time,0,0,1
S0470,ASG_02,Deep Learning,2025-08-06 20:28:20.805351636,2025-08-08 20:28:20.805351636,2,late,1,0,1
S0471,ASG_02,Deep Learning,2025-08-06 20:28:20.805351636,2025-08-10 20:28:20.805351636,4,late,1,0,1
S0472,ASG_02,Deep Learning,2025-08-06 20:28:20.805351636,2025-08-09 20:28:20.805351636,3,late,1,0,1
S0473,ASG_02,Deep Learning,2025-08-06 20:28:20.805351636,2025-08-06 20:28:20.805351636,0,on_time,0,0,1
S0474,ASG_02,Deep Learning,2025-08-06 20:28:20.805351636,,8,missed,0,1,0
S0475,ASG_02,Deep Learning,2025-08-06 20:28:20.805351636,2025-08-08 20:28:20.805351636,2,late,1,0,1
S0476,ASG_02,Deep Learning,2025-08-06 20:28:20.805351636,2025-08-08 20:28:20.805351636,2,late,1,0,1
S0477,ASG_02,Deep Learning,2025-08-06 20:28:20.805351636,2025-08-09 20:28:20.805351636,3,late,1,0,1
S0478,ASG_02,Deep Learning,2025-08-06 20:28:20.805351636,,14,missed,0,1,0
S0479,ASG_02,Deep Learning,2025-08-06 20:28:20.805351636,2025-08-06 20:28:20.805351636,0,on_time,0,0,1
S0480,ASG_02,Deep Learning,2025-08-06 20:28:20.805351636,,11,missed,0,1,0
S0481,ASG_02,Deep Learning,2025-08-06 20:28:20.805351636,2025-08-06 20:28:20.805351636,0,on_time,0,0,1
S0482,ASG_02,Deep Learning,2025-08-06 20:28:20.805351636,2025-08-06 20:28:20.805351636,0,on_time,0,0,1
S0483,ASG_02,Deep Learning,2025-08-06 20:28:20.805351636,2025-08-07 20:28:20.805351636,1,late,1,0,1
S0484,ASG_02,Deep Learning,2025-08-06 20:28:20.805351636,2025-08-08 20:28:20.805351636,2,late,1,0,1
S0485,ASG_02,Deep Learning,2025-08-06 20:28:20.805351636,,9,missed,0,1,0
S0486,ASG_02,Deep Learning,2025-08-06 20:28:20.805351636,2025-08-07 20:28:20.805351636,1,late,1,0,1
S0487,ASG_02,Deep Learning,2025-08-06 20:28:20.805351636,2025-08-06 20:28:20.805351636,0,on_time,0,0,1
S0488,ASG_02,Deep Learning,2025-08-06 20:28:20.805351636,2025-08-06 20:28:20.805351636,0,on_time,0,0,1
S0489,ASG_02,Deep Learning,2025-08-06 20:28:20.805351636,2025-08-09 20:28:20.805351636,3,late,1,0,1
S0490,ASG_02,Deep Learning,2025-08-06 20:28:20.805351636,2025-08-09 20:28:20.805351636,3,late,1,0,1
S0491,ASG_02,Deep Learning,2025-08-06 20:28:20.805351636,2025-08-06 20:28:20.805351636,0,on_time,0,0,1
S0492,ASG_02,Deep Learning,2025-08-06 20:28:20.805351636,2025-08-07 20:28:20.805351636,1,late,1,0,1
S0493,ASG_02,Deep Learning,2025-08-06 20:28:20.805351636,2025-08-06 20:28:20.805351636,0,on_time,0,0,1
S0494,ASG_02,Deep Learning,2025-08-06 20:28:20.805351636,2025-08-06 20:28:20.805351636,0,on_time,0,0,1
S0495,ASG_02,Deep Learning,2025-08-06 20:28:20.805351636,2025-08-08 20:28:20.805351636,2,late,1,0,1
S0496,ASG_02,Deep Learning,2025-08-06 20:28:20.805351636,2025-08-07 20:28:20.805351636,1,late,1,0,1
S0497,ASG_02,Deep Learning,2025-08-06 20:28:20.805351636,2025-08-09 20:28:20.805351636,3,late,1,0,1
S0498,ASG_02,Deep Learning,2025-08-06 20:28:20.805351636,2025-08-06 20:28:20.805351636,0,on_time,0,0,1
S0499,ASG_02,Deep Learning,2025-08-06 20:28:20.805351636,2025-08-06 20:28:20.805351636,0,on_time,0,0,1
S0500,ASG_02,Deep Learning,2025-08-06 20:28:20.805351636,2025-08-06 20:28:20.805351636,0,on_time,0,0,1
S0001,ASG_03,Linear Algebra,2025-08-23 03:01:04.441715272,2025-08-24 03:01:04.441715272,1,late,1,0,1
S0002,ASG_03,Linear Algebra,2025-08-23 03:01:04.441715272,2025-08-23 03:01:04.441715272,0,on_time,0,0,1
S0003,ASG_03,Linear Algebra,2025-08-23 03:01:04.441715272,2025-08-23 03:01:04.441715272,0,on_time,0,0,1
S0004,ASG_03,Linear Algebra,2025-08-23 03:01:04.441715272,2025-08-23 03:01:04.441715272,0,on_time,0,0,1
S0005,ASG_03,Linear Algebra,2025-08-23 03:01:04.441715272,2025-08-24 03:01:04.441715272,1,late,1,0,1
S0006,ASG_03,Linear Algebra,2025-08-23 03:01:04.441715272,,15,missed,0,1,0
S0007,ASG_03,Linear Algebra,2025-08-23 03:01:04.441715272,2025-08-23 03:01:04.441715272,0,on_time,0,0,1
S0008,ASG_03,Linear Algebra,2025-08-23 03:01:04.441715272,,10,missed,0,1,0
S0009,ASG_03,Linear Algebra,2025-08-23 03:01:04.441715272,2025-08-24 03:01:04.441715272,1,late,1,0,1
S0010,ASG_03,Linear Algebra,2025-08-23 03:01:04.441715272,2025-08-23 03:01:04.441715272,0,on_time,0,0,1
S0011,ASG_03,Linear Algebra,2025-08-23 03:01:04.441715272,2025-08-23 03:01:04.441715272,0,on_time,0,0,1
S0012,ASG_03,Linear Algebra,2025-08-23 03:01:04.441715272,2025-08-23 03:01:04.441715272,0,on_time,0,0,1
S0013,ASG_03,Linear Algebra,2025-08-23 03:01:04.441715272,2025-08-23 03:01:04.441715272,0,on_time,0,0,1
S0014,ASG_03,Linear Algebra,2025-08-23 03:01:04.441715272,2025-08-24 03:01:04.441715272,1,late,1,0,1
S0015,ASG_03,Linear Algebra,2025-08-23 03:01:04.441715272,2025-08-24 03:01:04.441715272,1,late,1,0,1
S0016,ASG_03,Linear Algebra,2025-08-23 03:01:04.441715272,2025-08-26 03:01:04.441715272,3,late,1,0,1
S0017,ASG_03,Linear Algebra,2025-08-23 03:01:04.441715272,2025-08-24 03:01:04.441715272,1,late,1,0,1
S0018,ASG_03,Linear Algebra,2025-08-23 03:01:04.441715272,2025-08-26 03:01:04.441715272,3,late,1,0,1
S0019,ASG_03,Linear Algebra,2025-08-23 03:01:04.441715272,2025-08-23 03:01:04.441715272,0,on_time,0,0,1
S0020,ASG_03,Linear Algebra,2025-08-23 03:01:04.441715272,,11,missed,0,1,0
S0021,ASG_03,Linear Algebra,2025-08-23 03:01:04.441715272,2025-08-23 03:01:04.441715272,0,on_time,0,0,1
S0022,ASG_03,Linear Algebra,2025-08-23 03:01:04.441715272,2025-08-23 03:01:04.441715272,0,on_time,0,0,1
S0023,ASG_03,Linear Algebra,2025-08-23 03:01:04.441715272,,11,missed,0,1,0
S0024,ASG_03,Linear Algebra,2025-08-23 03:01:04.441715272,2025-08-25 03:01:04.441715272,2,late,1,0,1
S0025,ASG_03,Linear Algebra,2025-08-23 03:01:04.441715272,2025-08-25 03:01:04.441715272,2,late,1,0,1
S0026,ASG_03,Linear Algebra,2025-08-23 03:01:04.441715272,2025-08-23 03:01:04.441715272,0,on_time,0,0,1
S0027,ASG_03,Linear Algebra,2025-08-23 03:01:04.441715272,,9,missed,0,1,0
S0028,ASG_03,Linear Algebra,2025-08-23 03:01:04.441715272,2025-08-23 03:01:04.441715272,0,on_time,0,0,1
S0029,ASG_03,Linear Algebra,2025-08-23 03:01:04.441715272,2025-08-23 03:01:04.441715272,0,on_time,0,0,1
S0030,ASG_03,Linear Algebra,2025-08-23 03:01:04.441715272,2025-08-26 03:01:04.441715272,3,late,1,0,1
S0031,ASG_03,Linear Algebra,2025-08-23 03:01:04.441715272,,15,missed,0,1,0
S0032,ASG_03,Linear Algebra,2025-08-23 03:01:04.441715272,2025-08-26 03:01:04.441715272,3,late,1,0,1
S0033,ASG_03,Linear Algebra,2025-08-23 03:01:04.441715272,2025-08-24 03:01:04.441715272,1,late,1,0,1
S0034,ASG_03,Linear Algebra,2025-08-23 03:01:04.441715272,2025-08-29 03:01:04.441715272,6,late,1,0,1
S0035,ASG_03,Linear Algebra,2025-08-23 03:01:04.441715272,,12,missed,0,1,0
S0036,ASG_03,Linear Algebra,2025-08-23 03:01:04.441715272,2025-08-25 03:01:04.441715272,2,late,1,0,1
S0037,ASG_03,Linear Algebra,2025-08-23 03:01:04.441715272,2025-08-23 03:01:04.441715272,0,on_time,0,0,1
S0038,ASG_03,Linear Algebra,2025-08-23 03:01:04.441715272,2025-08-24 03:01:04.441715272,1,late,1,0,1
S0039,ASG_03,Linear Algebra,2025-08-23 03:01:04.441715272,2025-08-27 03:01:04.441715272,4,late,1,0,1
S0040,ASG_03,Linear Algebra,2025-08-23 03:01:04.441715272,2025-08-23 03:01:04.441715272,0,on_time,0,0,1
S0041,ASG_03,Linear Algebra,2025-08-23 03:01:04.441715272,2025-08-25 03:01:04.441715272,2,late,1,0,1
S0042,ASG_03,Linear Algebra,2025-08-23 03:01:04.441715272,2025-08-24 03:01:04.441715272,1,late,1,0,1
S0043,ASG_03,Linear Algebra,2025-08-23 03:01:04.441715272,2025-08-23 03:01:04.441715272,0,on_time,0,0,1
S0044,ASG_03,Linear Algebra,2025-08-23 03:01:04.441715272,2025-08-25 03:01:04.441715272,2,late,1,0,1
S0045,ASG_03,Linear Algebra,2025-08-23 03:01:04.441715272,2025-08-23 03:01:04.441715272,0,on_time,0,0,1
S0046,ASG_03,Linear Algebra,2025-08-23 03:01:04.441715272,2025-08-24 03:01:04.441715272,1,late,1,0,1
S0047,ASG_03,Linear Algebra,2025-08-23 03:01:04.441715272,2025-08-23 03:01:04.441715272,0,on_time,0,0,1
S0048,ASG_03,Linear Algebra,2025-08-23 03:01:04.441715272,2025-08-23 03:01:04.441715272,0,on_time,0,0,1
S0049,ASG_03,Linear Algebra,2025-08-23 03:01:04.441715272,2025-08-24 03:01:04.441715272,1,late,1,0,1
S0050,ASG_03,Linear Algebra,2025-08-23 03:01:04.441715272,2025-08-24 03:01:04.441715272,1,late,1,0,1
S0051,ASG_03,Linear Algebra,2025-08-23 03:01:04.441715272,2025-08-23 03:01:04.441715272,0,on_time,0,0,1
S0052,ASG_03,Linear Algebra,2025-08-23 03:01:04.441715272,2025-08-26 03:01:04.441715272,3,late,1,0,1
S0053,ASG_03,Linear Algebra,2025-08-23 03:01:04.441715272,2025-08-26 03:01:04.441715272,3,late,1,0,1
S0054,ASG_03,Linear Algebra,2025-08-23 03:01:04.441715272,2025-08-25 03:01:04.441715272,2,late,1,0,1
S0055,ASG_03,Linear Algebra,2025-08-23 03:01:04.441715272,2025-08-26 03:01:04.441715272,3,late,1,0,1
S0056,ASG_03,Linear Algebra,2025-08-23 03:01:04.441715272,2025-08-23 03:01:04.441715272,0,on_time,0,0,1
S0057,ASG_03,Linear Algebra,2025-08-23 03:01:04.441715272,2025-08-23 03:01:04.441715272,0,on_time,0,0,1
S0058,ASG_03,Linear Algebra,2025-08-23 03:01:04.441715272,2025-08-25 03:01:04.441715272,2,late,1,0,1
S0059,ASG_03,Linear Algebra,2025-08-23 03:01:04.441715272,2025-08-23 03:01:04.441715272,0,on_time,0,0,1
S0060,ASG_03,Linear Algebra,2025-08-23 03:01:04.441715272,,12,missed,0,1,0
S0061,ASG_03,Linear Algebra,2025-08-23 03:01:04.441715272,2025-08-30 03:01:04.441715272,7,late,1,0,1
S0062,ASG_03,Linear Algebra,2025-08-23 03:01:04.441715272,2025-08-25 03:01:04.441715272,2,late,1,0,1
S0063,ASG_03,Linear Algebra,2025-08-23 03:01:04.441715272,2025-08-24 03:01:04.441715272,1,late,1,0,1
S0064,ASG_03,Linear Algebra,2025-08-23 03:01:04.441715272,2025-08-23 03:01:04.441715272,0,on_time,0,0,1
S0065,ASG_03,Linear Algebra,2025-08-23 03:01:04.441715272,2025-08-23 03:01:04.441715272,0,on_time,0,0,1
S0066,ASG_03,Linear Algebra,2025-08-23 03:01:04.441715272,2025-08-25 03:01:04.441715272,2,late,1,0,1
S0067,ASG_03,Linear Algebra,2025-08-23 03:01:04.441715272,2025-08-24 03:01:04.441715272,1,late,1,0,1
S0068,ASG_03,Linear Algebra,2025-08-23 03:01:04.441715272,2025-08-27 03:01:04.441715272,4,late,1,0,1
S0069,ASG_03,Linear Algebra,2025-08-23 03:01:04.441715272,,11,missed,0,1,0
S0070,ASG_03,Linear Algebra,2025-08-23 03:01:04.441715272,2025-08-24 03:01:04.441715272,1,late,1,0,1
S0071,ASG_03,Linear Algebra,2025-08-23 03:01:04.441715272,,15,missed,0,1,0
S0072,ASG_03,Linear Algebra,2025-08-23 03:01:04.441715272,2025-08-24 03:01:04.441715272,1,late,1,0,1
S0073,ASG_03,Linear Algebra,2025-08-23 03:01:04.441715272,,7,missed,0,1,0
S0074,ASG_03,Linear Algebra,2025-08-23 03:01:04.441715272,2025-08-23 03:01:04.441715272,0,on_time,0,0,1
S0075,ASG_03,Linear Algebra,2025-08-23 03:01:04.441715272,2025-08-24 03:01:04.441715272,1,late,1,0,1
S0076,ASG_03,Linear Algebra,2025-08-23 03:01:04.441715272,2025-08-23 03:01:04.441715272,0,on_time,0,0,1
S0077,ASG_03,Linear Algebra,2025-08-23 03:01:04.441715272,,12,missed,0,1,0
S0078,ASG_03,Linear Algebra,2025-08-23 03:01:04.441715272,2025-08-25 03:01:04.441715272,2,late,1,0,1
S0079,ASG_03,Linear Algebra,2025-08-23 03:01:04.441715272,2025-08-26 03:01:04.441715272,3,late,1,0,1
S0080,ASG_03,Linear Algebra,2025-08-23 03:01:04.441715272,2025-08-23 03:01:04.441715272,0,on_time,0,0,1
S0081,ASG_03,Linear Algebra,2025-08-23 03:01:04.441715272,2025-08-26 03:01:04.441715272,3,late,1,0,1
S0082,ASG_03,Linear Algebra,2025-08-23 03:01:04.441715272,2025-08-26 03:01:04.441715272,3,late,1,0,1
S0083,ASG_03,Linear Algebra,2025-08-23 03:01:04.441715272,2025-08-25 03:01:04.441715272,2,late,1,0,1
S0084,ASG_03,Linear Algebra,2025-08-23 03:01:04.441715272,2025-08-26 03:01:04.441715272,3,late,1,0,1
S0085,ASG_03,Linear Algebra,2025-08-23 03:01:04.441715272,2025-08-23 03:01:04.441715272,0,on_time,0,0,1
S0086,ASG_03,Linear Algebra,2025-08-23 03:01:04.441715272,2025-08-27 03:01:04.441715272,4,late,1,0,1
S0087,ASG_03,Linear Algebra,2025-08-23 03:01:04.441715272,2025-08-23 03:01:04.441715272,0,on_time,0,0,1
S0088,ASG_03,Linear Algebra,2025-08-23 03:01:04.441715272,2025-08-25 03:01:04.441715272,2,late,1,0,1
S0089,ASG_03,Linear Algebra,2025-08-23 03:01:04.441715272,2025-08-23 03:01:04.441715272,0,on_time,0,0,1
S0090,ASG_03,Linear Algebra,2025-08-23 03:01:04.441715272,2025-08-23 03:01:04.441715272,0,on_time,0,0,1
S0091,ASG_03,Linear Algebra,2025-08-23 03:01:04.441715272,,7,missed,0,1,0
S0092,ASG_03,Linear Algebra,2025-08-23 03:01:04.441715272,2025-08-25 03:01:04.441715272,2,late,1,0,1
S0093,ASG_03,Linear Algebra,2025-08-23 03:01:04.441715272,,12,missed,0,1,0
S0094,ASG_03,Linear Algebra,2025-08-23 03:01:04.441715272,2025-08-25 03:01:04.441715272,2,late,1,0,1
S0095,ASG_03,Linear Algebra,2025-08-23 03:01:04.441715272,2025-08-25 03:01:04.441715272,2,late,1,0,1
S0096,ASG_03,Linear Algebra,2025-08-23 03:01:04.441715272,2025-08-25 03:01:04.441715272,2,late,1,0,1
S0097,ASG_03,Linear Algebra,2025-08-23 03:01:04.441715272,2025-08-26 03:01:04.441715272,3,late,1,0,1
S0098,ASG_03,Linear Algebra,2025-08-23 03:01:04.441715272,2025-08-23 03:01:04.441715272,0,on_time,0,0,1
S0099,ASG_03,Linear Algebra,2025-08-23 03:01:04.441715272,2025-08-24 03:01:04.441715272,1,late,1,0,1
S0100,ASG_03,Linear Algebra,2025-08-23 03:01:04.441715272,2025-08-28 03:01:04.441715272,5,late,1,0,1
S0101,ASG_03,Linear Algebra,2025-08-23 03:01:04.441715272,2025-08-25 03:01:04.441715272,2,late,1,0,1
S0102,ASG_03,Linear Algebra,2025-08-23 03:01:04.441715272,2025-08-25 03:01:04.441715272,2,late,1,0,1
S0103,ASG_03,Linear Algebra,2025-08-23 03:01:04.441715272,2025-08-24 03:01:04.441715272,1,late,1,0,1
S0104,ASG_03,Linear Algebra,2025-08-23 03:01:04.441715272,2025-08-23 03:01:04.441715272,0,on_time,0,0,1
S0105,ASG_03,Linear Algebra,2025-08-23 03:01:04.441715272,2025-08-25 03:01:04.441715272,2,late,1,0,1
S0106,ASG_03,Linear Algebra,2025-08-23 03:01:04.441715272,2025-08-25 03:01:04.441715272,2,late,1,0,1
S0107,ASG_03,Linear Algebra,2025-08-23 03:01:04.441715272,2025-08-24 03:01:04.441715272,1,late,1,0,1
S0108,ASG_03,Linear Algebra,2025-08-23 03:01:04.441715272,2025-08-30 03:01:04.441715272,7,late,1,0,1
S0109,ASG_03,Linear Algebra,2025-08-23 03:01:04.441715272,2025-08-24 03:01:04.441715272,1,late,1,0,1
S0110,ASG_03,Linear Algebra,2025-08-23 03:01:04.441715272,,11,missed,0,1,0
S0111,ASG_03,Linear Algebra,2025-08-23 03:01:04.441715272,2025-08-26 03:01:04.441715272,3,late,1,0,1
S0112,ASG_03,Linear Algebra,2025-08-23 03:01:04.441715272,,11,missed,0,1,0
S0113,ASG_03,Linear Algebra,2025-08-23 03:01:04.441715272,2025-08-26 03:01:04.441715272,3,late,1,0,1
S0114,ASG_03,Linear Algebra,2025-08-23 03:01:04.441715272,2025-08-23 03:01:04.441715272,0,on_time,0,0,1
S0115,ASG_03,Linear Algebra,2025-08-23 03:01:04.441715272,2025-08-26 03:01:04.441715272,3,late,1,0,1
S0116,ASG_03,Linear Algebra,2025-08-23 03:01:04.441715272,2025-08-23 03:01:04.441715272,0,on_time,0,0,1
S0117,ASG_03,Linear Algebra,2025-08-23 03:01:04.441715272,2025-08-23 03:01:04.441715272,0,on_time,0,0,1
S0118,ASG_03,Linear Algebra,2025-08-23 03:01:04.441715272,2025-08-23 03:01:04.441715272,0,on_time,0,0,1
S0119,ASG_03,Linear Algebra,2025-08-23 03:01:04.441715272,2025-08-26 03:01:04.441715272,3,late,1,0,1
S0120,ASG_03,Linear Algebra,2025-08-23 03:01:04.441715272,2025-08-25 03:01:04.441715272,2,late,1,0,1
S0121,ASG_03,Linear Algebra,2025-08-23 03:01:04.441715272,2025-08-27 03:01:04.441715272,4,late,1,0,1
S0122,ASG_03,Linear Algebra,2025-08-23 03:01:04.441715272,2025-08-23 03:01:04.441715272,0,on_time,0,0,1
S0123,ASG_03,Linear Algebra,2025-08-23 03:01:04.441715272,2025-08-23 03:01:04.441715272,0,on_time,0,0,1
S0124,ASG_03,Linear Algebra,2025-08-23 03:01:04.441715272,2025-08-23 03:01:04.441715272,0,on_time,0,0,1
S0125,ASG_03,Linear Algebra,2025-08-23 03:01:04.441715272,2025-08-23 03:01:04.441715272,0,on_time,0,0,1
S0126,ASG_03,Linear Algebra,2025-08-23 03:01:04.441715272,2025-08-25 03:01:04.441715272,2,late,1,0,1
S0127,ASG_03,Linear Algebra,2025-08-23 03:01:04.441715272,2025-08-25 03:01:04.441715272,2,late,1,0,1
S0128,ASG_03,Linear Algebra,2025-08-23 03:01:04.441715272,,11,missed,0,1,0
S0129,ASG_03,Linear Algebra,2025-08-23 03:01:04.441715272,2025-08-28 03:01:04.441715272,5,late,1,0,1
S0130,ASG_03,Linear Algebra,2025-08-23 03:01:04.441715272,2025-08-23 03:01:04.441715272,0,on_time,0,0,1
S0131,ASG_03,Linear Algebra,2025-08-23 03:01:04.441715272,2025-08-23 03:01:04.441715272,0,on_time,0,0,1
S0132,ASG_03,Linear Algebra,2025-08-23 03:01:04.441715272,2025-08-24 03:01:04.441715272,1,late,1,0,1
S0133,ASG_03,Linear Algebra,2025-08-23 03:01:04.441715272,2025-08-28 03:01:04.441715272,5,late,1,0,1
S0134,ASG_03,Linear Algebra,2025-08-23 03:01:04.441715272,2025-08-26 03:01:04.441715272,3,late,1,0,1
S0135,ASG_03,Linear Algebra,2025-08-23 03:01:04.441715272,,11,missed,0,1,0
S0136,ASG_03,Linear Algebra,2025-08-23 03:01:04.441715272,2025-08-25 03:01:04.441715272,2,late,1,0,1
S0137,ASG_03,Linear Algebra,2025-08-23 03:01:04.441715272,2025-08-24 03:01:04.441715272,1,late,1,0,1
S0138,ASG_03,Linear Algebra,2025-08-23 03:01:04.441715272,2025-08-24 03:01:04.441715272,1,late,1,0,1
S0139,ASG_03,Linear Algebra,2025-08-23 03:01:04.441715272,2025-08-24 03:01:04.441715272,1,late,1,0,1
S0140,ASG_03,Linear Algebra,2025-08-23 03:01:04.441715272,2025-08-25 03:01:04.441715272,2,late,1,0,1
S0141,ASG_03,Linear Algebra,2025-08-23 03:01:04.441715272,2025-08-26 03:01:04.441715272,3,late,1,0,1
S0142,ASG_03,Linear Algebra,2025-08-23 03:01:04.441715272,2025-08-24 03:01:04.441715272,1,late,1,0,1
S0143,ASG_03,Linear Algebra,2025-08-23 03:01:04.441715272,2025-08-26 03:01:04.441715272,3,late,1,0,1
S0144,ASG_03,Linear Algebra,2025-08-23 03:01:04.441715272,2025-08-26 03:01:04.441715272,3,late,1,0,1
S0145,ASG_03,Linear Algebra,2025-08-23 03:01:04.441715272,2025-08-27 03:01:04.441715272,4,late,1,0,1
S0146,ASG_03,Linear Algebra,2025-08-23 03:01:04.441715272,2025-08-23 03:01:04.441715272,0,on_time,0,0,1
S0147,ASG_03,Linear Algebra,2025-08-23 03:01:04.441715272,2025-08-25 03:01:04.441715272,2,late,1,0,1
S0148,ASG_03,Linear Algebra,2025-08-23 03:01:04.441715272,2025-08-23 03:01:04.441715272,0,on_time,0,0,1
S0149,ASG_03,Linear Algebra,2025-08-23 03:01:04.441715272,2025-08-25 03:01:04.441715272,2,late,1,0,1
S0150,ASG_03,Linear Algebra,2025-08-23 03:01:04.441715272,2025-08-24 03:01:04.441715272,1,late,1,0,1
S0151,ASG_03,Linear Algebra,2025-08-23 03:01:04.441715272,2025-08-23 03:01:04.441715272,0,on_time,0,0,1
S0152,ASG_03,Linear Algebra,2025-08-23 03:01:04.441715272,,10,missed,0,1,0
S0153,ASG_03,Linear Algebra,2025-08-23 03:01:04.441715272,2025-08-25 03:01:04.441715272,2,late,1,0,1
S0154,ASG_03,Linear Algebra,2025-08-23 03:01:04.441715272,2025-08-25 03:01:04.441715272,2,late,1,0,1
S0155,ASG_03,Linear Algebra,2025-08-23 03:01:04.441715272,2025-08-23 03:01:04.441715272,0,on_time,0,0,1
S0156,ASG_03,Linear Algebra,2025-08-23 03:01:04.441715272,2025-08-27 03:01:04.441715272,4,late,1,0,1
S0157,ASG_03,Linear Algebra,2025-08-23 03:01:04.441715272,2025-08-23 03:01:04.441715272,0,on_time,0,0,1
S0158,ASG_03,Linear Algebra,2025-08-23 03:01:04.441715272,2025-08-24 03:01:04.441715272,1,late,1,0,1
S0159,ASG_03,Linear Algebra,2025-08-23 03:01:04.441715272,2025-08-24 03:01:04.441715272,1,late,1,0,1
S0160,ASG_03,Linear Algebra,2025-08-23 03:01:04.441715272,2025-08-23 03:01:04.441715272,0,on_time,0,0,1
S0161,ASG_03,Linear Algebra,2025-08-23 03:01:04.441715272,2025-08-26 03:01:04.441715272,3,late,1,0,1
S0162,ASG_03,Linear Algebra,2025-08-23 03:01:04.441715272,2025-08-24 03:01:04.441715272,1,late,1,0,1
S0163,ASG_03,Linear Algebra,2025-08-23 03:01:04.441715272,2025-08-23 03:01:04.441715272,0,on_time,0,0,1
S0164,ASG_03,Linear Algebra,2025-08-23 03:01:04.441715272,,15,missed,0,1,0
S0165,ASG_03,Linear Algebra,2025-08-23 03:01:04.441715272,2025-08-24 03:01:04.441715272,1,late,1,0,1
S0166,ASG_03,Linear Algebra,2025-08-23 03:01:04.441715272,2025-08-23 03:01:04.441715272,0,on_time,0,0,1
S0167,ASG_03,Linear Algebra,2025-08-23 03:01:04.441715272,2025-08-23 03:01:04.441715272,0,on_time,0,0,1
S0168,ASG_03,Linear Algebra,2025-08-23 03:01:04.441715272,2025-08-25 03:01:04.441715272,2,late,1,0,1
S0169,ASG_03,Linear Algebra,2025-08-23 03:01:04.441715272,2025-08-25 03:01:04.441715272,2,late,1,0,1
S0170,ASG_03,Linear Algebra,2025-08-23 03:01:04.441715272,2025-08-23 03:01:04.441715272,0,on_time,0,0,1
S0171,ASG_03,Linear Algebra,2025-08-23 03:01:04.441715272,2025-08-24 03:01:04.441715272,1,late,1,0,1
S0172,ASG_03,Linear Algebra,2025-08-23 03:01:04.441715272,2025-08-26 03:01:04.441715272,3,late,1,0,1
S0173,ASG_03,Linear Algebra,2025-08-23 03:01:04.441715272,2025-08-24 03:01:04.441715272,1,late,1,0,1
S0174,ASG_03,Linear Algebra,2025-08-23 03:01:04.441715272,2025-08-24 03:01:04.441715272,1,late,1,0,1
S0175,ASG_03,Linear Algebra,2025-08-23 03:01:04.441715272,,13,missed,0,1,0
S0176,ASG_03,Linear Algebra,2025-08-23 03:01:04.441715272,,7,missed,0,1,0
S0177,ASG_03,Linear Algebra,2025-08-23 03:01:04.441715272,,10,missed,0,1,0
S0178,ASG_03,Linear Algebra,2025-08-23 03:01:04.441715272,2025-08-23 03:01:04.441715272,0,on_time,0,0,1
S0179,ASG_03,Linear Algebra,2025-08-23 03:01:04.441715272,2025-08-28 03:01:04.441715272,5,late,1,0,1
S0180,ASG_03,Linear Algebra,2025-08-23 03:01:04.441715272,2025-08-23 03:01:04.441715272,0,on_time,0,0,1
S0181,ASG_03,Linear Algebra,2025-08-23 03:01:04.441715272,2025-08-25 03:01:04.441715272,2,late,1,0,1
S0182,ASG_03,Linear Algebra,2025-08-23 03:01:04.441715272,2025-08-25 03:01:04.441715272,2,late,1,0,1
S0183,ASG_03,Linear Algebra,2025-08-23 03:01:04.441715272,2025-08-25 03:01:04.441715272,2,late,1,0,1
S0184,ASG_03,Linear Algebra,2025-08-23 03:01:04.441715272,2025-08-28 03:01:04.441715272,5,late,1,0,1
S0185,ASG_03,Linear Algebra,2025-08-23 03:01:04.441715272,2025-08-23 03:01:04.441715272,0,on_time,0,0,1
S0186,ASG_03,Linear Algebra,2025-08-23 03:01:04.441715272,2025-08-27 03:01:04.441715272,4,late,1,0,1
S0187,ASG_03,Linear Algebra,2025-08-23 03:01:04.441715272,2025-08-23 03:01:04.441715272,0,on_time,0,0,1
S0188,ASG_03,Linear Algebra,2025-08-23 03:01:04.441715272,2025-08-26 03:01:04.441715272,3,late,1,0,1
S0189,ASG_03,Linear Algebra,2025-08-23 03:01:04.441715272,2025-08-23 03:01:04.441715272,0,on_time,0,0,1
S0190,ASG_03,Linear Algebra,2025-08-23 03:01:04.441715272,,9,missed,0,1,0
S0191,ASG_03,Linear Algebra,2025-08-23 03:01:04.441715272,,7,missed,0,1,0
S0192,ASG_03,Linear Algebra,2025-08-23 03:01:04.441715272,2025-08-23 03:01:04.441715272,0,on_time,0,0,1
S0193,ASG_03,Linear Algebra,2025-08-23 03:01:04.441715272,2025-08-25 03:01:04.441715272,2,late,1,0,1
S0194,ASG_03,Linear Algebra,2025-08-23 03:01:04.441715272,2025-08-28 03:01:04.441715272,5,late,1,0,1
S0195,ASG_03,Linear Algebra,2025-08-23 03:01:04.441715272,2025-08-26 03:01:04.441715272,3,late,1,0,1
S0196,ASG_03,Linear Algebra,2025-08-23 03:01:04.441715272,2025-08-26 03:01:04.441715272,3,late,1,0,1
S0197,ASG_03,Linear Algebra,2025-08-23 03:01:04.441715272,,9,missed,0,1,0
S0198,ASG_03,Linear Algebra,2025-08-23 03:01:04.441715272,2025-08-25 03:01:04.441715272,2,late,1,0,1
S0199,ASG_03,Linear Algebra,2025-08-23 03:01:04.441715272,2025-08-24 03:01:04.441715272,1,late,1,0,1
S0200,ASG_03,Linear Algebra,2025-08-23 03:01:04.441715272,2025-08-29 03:01:04.441715272,6,late,1,0,1
S0201,ASG_03,Linear Algebra,2025-08-23 03:01:04.441715272,2025-08-25 03:01:04.441715272,2,late,1,0,1
S0202,ASG_03,Linear Algebra,2025-08-23 03:01:04.441715272,2025-08-27 03:01:04.441715272,4,late,1,0,1
S0203,ASG_03,Linear Algebra,2025-08-23 03:01:04.441715272,2025-08-23 03:01:04.441715272,0,on_time,0,0,1
S0204,ASG_03,Linear Algebra,2025-08-23 03:01:04.441715272,2025-08-23 03:01:04.441715272,0,on_time,0,0,1
S0205,ASG_03,Linear Algebra,2025-08-23 03:01:04.441715272,2025-08-24 03:01:04.441715272,1,late,1,0,1
S0206,ASG_03,Linear Algebra,2025-08-23 03:01:04.441715272,2025-08-23 03:01:04.441715272,0,on_time,0,0,1
S0207,ASG_03,Linear Algebra,2025-08-23 03:01:04.441715272,2025-08-25 03:01:04.441715272,2,late,1,0,1
S0208,ASG_03,Linear Algebra,2025-08-23 03:01:04.441715272,,11,missed,0,1,0
S0209,ASG_03,Linear Algebra,2025-08-23 03:01:04.441715272,,9,missed,0,1,0
S0210,ASG_03,Linear Algebra,2025-08-23 03:01:04.441715272,2025-08-26 03:01:04.441715272,3,late,1,0,1
S0211,ASG_03,Linear Algebra,2025-08-23 03:01:04.441715272,2025-08-26 03:01:04.441715272,3,late,1,0,1
S0212,ASG_03,Linear Algebra,2025-08-23 03:01:04.441715272,2025-08-24 03:01:04.441715272,1,late,1,0,1
S0213,ASG_03,Linear Algebra,2025-08-23 03:01:04.441715272,2025-08-24 03:01:04.441715272,1,late,1,0,1
S0214,ASG_03,Linear Algebra,2025-08-23 03:01:04.441715272,2025-08-23 03:01:04.441715272,0,on_time,0,0,1
S0215,ASG_03,Linear Algebra,2025-08-23 03:01:04.441715272,2025-08-23 03:01:04.441715272,0,on_time,0,0,1
S0216,ASG_03,Linear Algebra,2025-08-23 03:01:04.441715272,2025-08-26 03:01:04.441715272,3,late,1,0,1
S0217,ASG_03,Linear Algebra,2025-08-23 03:01:04.441715272,2025-08-26 03:01:04.441715272,3,late,1,0,1
S0218,ASG_03,Linear Algebra,2025-08-23 03:01:04.441715272,2025-08-25 03:01:04.441715272,2,late,1,0,1
S0219,ASG_03,Linear Algebra,2025-08-23 03:01:04.441715272,2025-08-23 03:01:04.441715272,0,on_time,0,0,1
S0220,ASG_03,Linear Algebra,2025-08-23 03:01:04.441715272,2025-08-25 03:01:04.441715272,2,late,1,0,1
S0221,ASG_03,Linear Algebra,2025-08-23 03:01:04.441715272,2025-08-28 03:01:04.441715272,5,late,1,0,1
S0222,ASG_03,Linear Algebra,2025-08-23 03:01:04.441715272,2025-08-23 03:01:04.441715272,0,on_time,0,0,1
S0223,ASG_03,Linear Algebra,2025-08-23 03:01:04.441715272,2025-08-26 03:01:04.441715272,3,late,1,0,1
S0224,ASG_03,Linear Algebra,2025-08-23 03:01:04.441715272,2025-08-27 03:01:04.441715272,4,late,1,0,1
S0225,ASG_03,Linear Algebra,2025-08-23 03:01:04.441715272,2025-08-24 03:01:04.441715272,1,late,1,0,1
S0226,ASG_03,Linear Algebra,2025-08-23 03:01:04.441715272,,13,missed,0,1,0
S0227,ASG_03,Linear Algebra,2025-08-23 03:01:04.441715272,2025-08-23 03:01:04.441715272,0,on_time,0,0,1
S0228,ASG_03,Linear Algebra,2025-08-23 03:01:04.441715272,2025-08-24 03:01:04.441715272,1,late,1,0,1
S0229,ASG_03,Linear Algebra,2025-08-23 03:01:04.441715272,,8,missed,0,1,0
S0230,ASG_03,Linear Algebra,2025-08-23 03:01:04.441715272,2025-08-25 03:01:04.441715272,2,late,1,0,1
S0231,ASG_03,Linear Algebra,2025-08-23 03:01:04.441715272,2025-08-24 03:01:04.441715272,1,late,1,0,1
S0232,ASG_03,Linear Algebra,2025-08-23 03:01:04.441715272,2025-08-24 03:01:04.441715272,1,late,1,0,1
S0233,ASG_03,Linear Algebra,2025-08-23 03:01:04.441715272,2025-08-23 03:01:04.441715272,0,on_time,0,0,1
S0234,ASG_03,Linear Algebra,2025-08-23 03:01:04.441715272,2025-08-26 03:01:04.441715272,3,late,1,0,1
S0235,ASG_03,Linear Algebra,2025-08-23 03:01:04.441715272,2025-08-23 03:01:04.441715272,0,on_time,0,0,1
S0236,ASG_03,Linear Algebra,2025-08-23 03:01:04.441715272,2025-08-26 03:01:04.441715272,3,late,1,0,1
S0237,ASG_03,Linear Algebra,2025-08-23 03:01:04.441715272,2025-08-23 03:01:04.441715272,0,on_time,0,0,1
S0238,ASG_03,Linear Algebra,2025-08-23 03:01:04.441715272,2025-08-23 03:01:04.441715272,0,on_time,0,0,1
S0239,ASG_03,Linear Algebra,2025-08-23 03:01:04.441715272,2025-08-23 03:01:04.441715272,0,on_time,0,0,1
S0240,ASG_03,Linear Algebra,2025-08-23 03:01:04.441715272,2025-08-24 03:01:04.441715272,1,late,1,0,1
S0241,ASG_03,Linear Algebra,2025-08-23 03:01:04.441715272,2025-08-23 03:01:04.441715272,0,on_time,0,0,1
S0242,ASG_03,Linear Algebra,2025-08-23 03:01:04.441715272,2025-08-23 03:01:04.441715272,0,on_time,0,0,1
S0243,ASG_03,Linear Algebra,2025-08-23 03:01:04.441715272,2025-08-25 03:01:04.441715272,2,late,1,0,1
S0244,ASG_03,Linear Algebra,2025-08-23 03:01:04.441715272,2025-08-23 03:01:04.441715272,0,on_time,0,0,1
S0245,ASG_03,Linear Algebra,2025-08-23 03:01:04.441715272,,15,missed,0,1,0
S0246,ASG_03,Linear Algebra,2025-08-23 03:01:04.441715272,2025-08-24 03:01:04.441715272,1,late,1,0,1
S0247,ASG_03,Linear Algebra,2025-08-23 03:01:04.441715272,2025-08-24 03:01:04.441715272,1,late,1,0,1
S0248,ASG_03,Linear Algebra,2025-08-23 03:01:04.441715272,2025-08-27 03:01:04.441715272,4,late,1,0,1
S0249,ASG_03,Linear Algebra,2025-08-23 03:01:04.441715272,2025-08-23 03:01:04.441715272,0,on_time,0,0,1
S0250,ASG_03,Linear Algebra,2025-08-23 03:01:04.441715272,2025-08-27 03:01:04.441715272,4,late,1,0,1
S0251,ASG_03,Linear Algebra,2025-08-23 03:01:04.441715272,2025-08-24 03:01:04.441715272,1,late,1,0,1
S0252,ASG_03,Linear Algebra,2025-08-23 03:01:04.441715272,2025-08-23 03:01:04.441715272,0,on_time,0,0,1
S0253,ASG_03,Linear Algebra,2025-08-23 03:01:04.441715272,2025-08-24 03:01:04.441715272,1,late,1,0,1
S0254,ASG_03,Linear Algebra,2025-08-23 03:01:04.441715272,2025-08-24 03:01:04.441715272,1,late,1,0,1
S0255,ASG_03,Linear Algebra,2025-08-23 03:01:04.441715272,2025-08-27 03:01:04.441715272,4,late,1,0,1
S0256,ASG_03,Linear Algebra,2025-08-23 03:01:04.441715272,2025-08-23 03:01:04.441715272,0,on_time,0,0,1
S0257,ASG_03,Linear Algebra,2025-08-23 03:01:04.441715272,2025-08-28 03:01:04.441715272,5,late,1,0,1
S0258,ASG_03,Linear Algebra,2025-08-23 03:01:04.441715272,2025-08-26 03:01:04.441715272,3,late,1,0,1
S0259,ASG_03,Linear Algebra,2025-08-23 03:01:04.441715272,2025-08-25 03:01:04.441715272,2,late,1,0,1
S0260,ASG_03,Linear Algebra,2025-08-23 03:01:04.441715272,2025-08-23 03:01:04.441715272,0,on_time,0,0,1
S0261,ASG_03,Linear Algebra,2025-08-23 03:01:04.441715272,2025-08-23 03:01:04.441715272,0,on_time,0,0,1
S0262,ASG_03,Linear Algebra,2025-08-23 03:01:04.441715272,2025-08-25 03:01:04.441715272,2,late,1,0,1
S0263,ASG_03,Linear Algebra,2025-08-23 03:01:04.441715272,,15,missed,0,1,0
S0264,ASG_03,Linear Algebra,2025-08-23 03:01:04.441715272,2025-08-26 03:01:04.441715272,3,late,1,0,1
S0265,ASG_03,Linear Algebra,2025-08-23 03:01:04.441715272,2025-08-26 03:01:04.441715272,3,late,1,0,1
S0266,ASG_03,Linear Algebra,2025-08-23 03:01:04.441715272,2025-08-29 03:01:04.441715272,6,late,1,0,1
S0267,ASG_03,Linear Algebra,2025-08-23 03:01:04.441715272,,15,missed,0,1,0
S0268,ASG_03,Linear Algebra,2025-08-23 03:01:04.441715272,2025-08-26 03:01:04.441715272,3,late,1,0,1
S0269,ASG_03,Linear Algebra,2025-08-23 03:01:04.441715272,2025-08-24 03:01:04.441715272,1,late,1,0,1
S0270,ASG_03,Linear Algebra,2025-08-23 03:01:04.441715272,,12,missed,0,1,0
S0271,ASG_03,Linear Algebra,2025-08-23 03:01:04.441715272,2025-08-23 03:01:04.441715272,0,on_time,0,0,1
S0272,ASG_03,Linear Algebra,2025-08-23 03:01:04.441715272,2025-08-26 03:01:04.441715272,3,late,1,0,1
S0273,ASG_03,Linear Algebra,2025-08-23 03:01:04.441715272,2025-08-23 03:01:04.441715272,0,on_time,0,0,1
S0274,ASG_03,Linear Algebra,2025-08-23 03:01:04.441715272,2025-08-23 03:01:04.441715272,0,on_time,0,0,1
S0275,ASG_03,Linear Algebra,2025-08-23 03:01:04.441715272,2025-08-24 03:01:04.441715272,1,late,1,0,1
S0276,ASG_03,Linear Algebra,2025-08-23 03:01:04.441715272,2025-08-23 03:01:04.441715272,0,on_time,0,0,1
S0277,ASG_03,Linear Algebra,2025-08-23 03:01:04.441715272,2025-08-24 03:01:04.441715272,1,late,1,0,1
S0278,ASG_03,Linear Algebra,2025-08-23 03:01:04.441715272,2025-08-26 03:01:04.441715272,3,late,1,0,1
S0279,ASG_03,Linear Algebra,2025-08-23 03:01:04.441715272,2025-08-24 03:01:04.441715272,1,late,1,0,1
S0280,ASG_03,Linear Algebra,2025-08-23 03:01:04.441715272,2025-08-25 03:01:04.441715272,2,late,1,0,1
S0281,ASG_03,Linear Algebra,2025-08-23 03:01:04.441715272,2025-08-23 03:01:04.441715272,0,on_time,0,0,1
S0282,ASG_03,Linear Algebra,2025-08-23 03:01:04.441715272,2025-08-23 03:01:04.441715272,0,on_time,0,0,1
S0283,ASG_03,Linear Algebra,2025-08-23 03:01:04.441715272,2025-08-26 03:01:04.441715272,3,late,1,0,1
S0284,ASG_03,Linear Algebra,2025-08-23 03:01:04.441715272,,15,missed,0,1,0
S0285,ASG_03,Linear Algebra,2025-08-23 03:01:04.441715272,2025-08-23 03:01:04.441715272,0,on_time,0,0,1
S0286,ASG_03,Linear Algebra,2025-08-23 03:01:04.441715272,2025-08-24 03:01:04.441715272,1,late,1,0,1
S0287,ASG_03,Linear Algebra,2025-08-23 03:01:04.441715272,,14,missed,0,1,0
S0288,ASG_03,Linear Algebra,2025-08-23 03:01:04.441715272,2025-08-26 03:01:04.441715272,3,late,1,0,1
S0289,ASG_03,Linear Algebra,2025-08-23 03:01:04.441715272,2025-08-24 03:01:04.441715272,1,late,1,0,1
S0290,ASG_03,Linear Algebra,2025-08-23 03:01:04.441715272,2025-08-23 03:01:04.441715272,0,on_time,0,0,1
S0291,ASG_03,Linear Algebra,2025-08-23 03:01:04.441715272,2025-08-23 03:01:04.441715272,0,on_time,0,0,1
S0292,ASG_03,Linear Algebra,2025-08-23 03:01:04.441715272,2025-08-28 03:01:04.441715272,5,late,1,0,1
S0293,ASG_03,Linear Algebra,2025-08-23 03:01:04.441715272,2025-08-23 03:01:04.441715272,0,on_time,0,0,1
S0294,ASG_03,Linear Algebra,2025-08-23 03:01:04.441715272,2025-08-26 03:01:04.441715272,3,late,1,0,1
S0295,ASG_03,Linear Algebra,2025-08-23 03:01:04.441715272,,11,missed,0,1,0
S0296,ASG_03,Linear Algebra,2025-08-23 03:01:04.441715272,2025-08-26 03:01:04.441715272,3,late,1,0,1
S0297,ASG_03,Linear Algebra,2025-08-23 03:01:04.441715272,,14,missed,0,1,0
S0298,ASG_03,Linear Algebra,2025-08-23 03:01:04.441715272,2025-08-27 03:01:04.441715272,4,late,1,0,1
S0299,ASG_03,Linear Algebra,2025-08-23 03:01:04.441715272,2025-08-26 03:01:04.441715272,3,late,1,0,1
S0300,ASG_03,Linear Algebra,2025-08-23 03:01:04.441715272,2025-08-24 03:01:04.441715272,1,late,1,0,1
S0301,ASG_03,Linear Algebra,2025-08-23 03:01:04.441715272,,12,missed,0,1,0
S0302,ASG_03,Linear Algebra,2025-08-23 03:01:04.441715272,2025-08-26 03:01:04.441715272,3,late,1,0,1
S0303,ASG_03,Linear Algebra,2025-08-23 03:01:04.441715272,,12,missed,0,1,0
S0304,ASG_03,Linear Algebra,2025-08-23 03:01:04.441715272,2025-08-27 03:01:04.441715272,4,late,1,0,1
S0305,ASG_03,Linear Algebra,2025-08-23 03:01:04.441715272,2025-08-23 03:01:04.441715272,0,on_time,0,0,1
S0306,ASG_03,Linear Algebra,2025-08-23 03:01:04.441715272,2025-08-28 03:01:04.441715272,5,late,1,0,1
S0307,ASG_03,Linear Algebra,2025-08-23 03:01:04.441715272,2025-08-25 03:01:04.441715272,2,late,1,0,1
S0308,ASG_03,Linear Algebra,2025-08-23 03:01:04.441715272,,12,missed,0,1,0
S0309,ASG_03,Linear Algebra,2025-08-23 03:01:04.441715272,2025-08-28 03:01:04.441715272,5,late,1,0,1
S0310,ASG_03,Linear Algebra,2025-08-23 03:01:04.441715272,2025-08-24 03:01:04.441715272,1,late,1,0,1
S0311,ASG_03,Linear Algebra,2025-08-23 03:01:04.441715272,2025-08-26 03:01:04.441715272,3,late,1,0,1
S0312,ASG_03,Linear Algebra,2025-08-23 03:01:04.441715272,2025-08-27 03:01:04.441715272,4,late,1,0,1
S0313,ASG_03,Linear Algebra,2025-08-23 03:01:04.441715272,2025-08-25 03:01:04.441715272,2,late,1,0,1
S0314,ASG_03,Linear Algebra,2025-08-23 03:01:04.441715272,2025-08-24 03:01:04.441715272,1,late,1,0,1
S0315,ASG_03,Linear Algebra,2025-08-23 03:01:04.441715272,2025-08-23 03:01:04.441715272,0,on_time,0,0,1
S0316,ASG_03,Linear Algebra,2025-08-23 03:01:04.441715272,2025-08-23 03:01:04.441715272,0,on_time,0,0,1
S0317,ASG_03,Linear Algebra,2025-08-23 03:01:04.441715272,2025-08-26 03:01:04.441715272,3,late,1,0,1
S0318,ASG_03,Linear Algebra,2025-08-23 03:01:04.441715272,2025-08-25 03:01:04.441715272,2,late,1,0,1
S0319,ASG_03,Linear Algebra,2025-08-23 03:01:04.441715272,2025-08-27 03:01:04.441715272,4,late,1,0,1
S0320,ASG_03,Linear Algebra,2025-08-23 03:01:04.441715272,2025-08-24 03:01:04.441715272,1,late,1,0,1
S0321,ASG_03,Linear Algebra,2025-08-23 03:01:04.441715272,2025-08-28 03:01:04.441715272,5,late,1,0,1
S0322,ASG_03,Linear Algebra,2025-08-23 03:01:04.441715272,2025-08-25 03:01:04.441715272,2,late,1,0,1
S0323,ASG_03,Linear Algebra,2025-08-23 03:01:04.441715272,2025-08-24 03:01:04.441715272,1,late,1,0,1
S0324,ASG_03,Linear Algebra,2025-08-23 03:01:04.441715272,2025-08-23 03:01:04.441715272,0,on_time,0,0,1
S0325,ASG_03,Linear Algebra,2025-08-23 03:01:04.441715272,2025-08-24 03:01:04.441715272,1,late,1,0,1
S0326,ASG_03,Linear Algebra,2025-08-23 03:01:04.441715272,2025-08-26 03:01:04.441715272,3,late,1,0,1
S0327,ASG_03,Linear Algebra,2025-08-23 03:01:04.441715272,2025-08-27 03:01:04.441715272,4,late,1,0,1
S0328,ASG_03,Linear Algebra,2025-08-23 03:01:04.441715272,2025-08-25 03:01:04.441715272,2,late,1,0,1
S0329,ASG_03,Linear Algebra,2025-08-23 03:01:04.441715272,2025-08-27 03:01:04.441715272,4,late,1,0,1
S0330,ASG_03,Linear Algebra,2025-08-23 03:01:04.441715272,2025-08-23 03:01:04.441715272,0,on_time,0,0,1
S0331,ASG_03,Linear Algebra,2025-08-23 03:01:04.441715272,2025-08-25 03:01:04.441715272,2,late,1,0,1
S0332,ASG_03,Linear Algebra,2025-08-23 03:01:04.441715272,2025-08-25 03:01:04.441715272,2,late,1,0,1
S0333,ASG_03,Linear Algebra,2025-08-23 03:01:04.441715272,2025-08-26 03:01:04.441715272,3,late,1,0,1
S0334,ASG_03,Linear Algebra,2025-08-23 03:01:04.441715272,2025-08-25 03:01:04.441715272,2,late,1,0,1
S0335,ASG_03,Linear Algebra,2025-08-23 03:01:04.441715272,2025-08-25 03:01:04.441715272,2,late,1,0,1
S0336,ASG_03,Linear Algebra,2025-08-23 03:01:04.441715272,2025-08-23 03:01:04.441715272,0,on_time,0,0,1
S0337,ASG_03,Linear Algebra,2025-08-23 03:01:04.441715272,2025-08-27 03:01:04.441715272,4,late,1,0,1
S0338,ASG_03,Linear Algebra,2025-08-23 03:01:04.441715272,2025-08-27 03:01:04.441715272,4,late,1,0,1
S0339,ASG_03,Linear Algebra,2025-08-23 03:01:04.441715272,2025-08-25 03:01:04.441715272,2,late,1,0,1
S0340,ASG_03,Linear Algebra,2025-08-23 03:01:04.441715272,2025-08-27 03:01:04.441715272,4,late,1,0,1
S0341,ASG_03,Linear Algebra,2025-08-23 03:01:04.441715272,2025-08-27 03:01:04.441715272,4,late,1,0,1
S0342,ASG_03,Linear Algebra,2025-08-23 03:01:04.441715272,2025-08-25 03:01:04.441715272,2,late,1,0,1
S0343,ASG_03,Linear Algebra,2025-08-23 03:01:04.441715272,2025-08-29 03:01:04.441715272,6,late,1,0,1
S0344,ASG_03,Linear Algebra,2025-08-23 03:01:04.441715272,2025-08-26 03:01:04.441715272,3,late,1,0,1
S0345,ASG_03,Linear Algebra,2025-08-23 03:01:04.441715272,2025-08-23 03:01:04.441715272,0,on_time,0,0,1
S0346,ASG_03,Linear Algebra,2025-08-23 03:01:04.441715272,2025-08-25 03:01:04.441715272,2,late,1,0,1
S0347,ASG_03,Linear Algebra,2025-08-23 03:01:04.441715272,2025-08-26 03:01:04.441715272,3,late,1,0,1
S0348,ASG_03,Linear Algebra,2025-08-23 03:01:04.441715272,2025-08-27 03:01:04.441715272,4,late,1,0,1
S0349,ASG_03,Linear Algebra,2025-08-23 03:01:04.441715272,2025-08-25 03:01:04.441715272,2,late,1,0,1
S0350,ASG_03,Linear Algebra,2025-08-23 03:01:04.441715272,2025-08-23 03:01:04.441715272,0,on_time,0,0,1
S0351,ASG_03,Linear Algebra,2025-08-23 03:01:04.441715272,2025-08-24 03:01:04.441715272,1,late,1,0,1
S0352,ASG_03,Linear Algebra,2025-08-23 03:01:04.441715272,,13,missed,0,1,0
S0353,ASG_03,Linear Algebra,2025-08-23 03:01:04.441715272,2025-08-26 03:01:04.441715272,3,late,1,0,1
S0354,ASG_03,Linear Algebra,2025-08-23 03:01:04.441715272,2025-08-24 03:01:04.441715272,1,late,1,0,1
S0355,ASG_03,Linear Algebra,2025-08-23 03:01:04.441715272,2025-08-24 03:01:04.441715272,1,late,1,0,1
S0356,ASG_03,Linear Algebra,2025-08-23 03:01:04.441715272,2025-08-27 03:01:04.441715272,4,late,1,0,1
S0357,ASG_03,Linear Algebra,2025-08-23 03:01:04.441715272,2025-08-27 03:01:04.441715272,4,late,1,0,1
S0358,ASG_03,Linear Algebra,2025-08-23 03:01:04.441715272,2025-08-23 03:01:04.441715272,0,on_time,0,0,1
S0359,ASG_03,Linear Algebra,2025-08-23 03:01:04.441715272,2025-08-25 03:01:04.441715272,2,late,1,0,1
S0360,ASG_03,Linear Algebra,2025-08-23 03:01:04.441715272,2025-08-24 03:01:04.441715272,1,late,1,0,1
S0361,ASG_03,Linear Algebra,2025-08-23 03:01:04.441715272,2025-08-27 03:01:04.441715272,4,late,1,0,1
S0362,ASG_03,Linear Algebra,2025-08-23 03:01:04.441715272,2025-08-24 03:01:04.441715272,1,late,1,0,1
S0363,ASG_03,Linear Algebra,2025-08-23 03:01:04.441715272,2025-08-23 03:01:04.441715272,0,on_time,0,0,1
S0364,ASG_03,Linear Algebra,2025-08-23 03:01:04.441715272,2025-08-25 03:01:04.441715272,2,late,1,0,1
S0365,ASG_03,Linear Algebra,2025-08-23 03:01:04.441715272,2025-08-26 03:01:04.441715272,3,late,1,0,1
S0366,ASG_03,Linear Algebra,2025-08-23 03:01:04.441715272,,12,missed,0,1,0
S0367,ASG_03,Linear Algebra,2025-08-23 03:01:04.441715272,2025-08-25 03:01:04.441715272,2,late,1,0,1
S0368,ASG_03,Linear Algebra,2025-08-23 03:01:04.441715272,2025-08-25 03:01:04.441715272,2,late,1,0,1
S0369,ASG_03,Linear Algebra,2025-08-23 03:01:04.441715272,2025-08-23 03:01:04.441715272,0,on_time,0,0,1
S0370,ASG_03,Linear Algebra,2025-08-23 03:01:04.441715272,2025-08-27 03:01:04.441715272,4,late,1,0,1
S0371,ASG_03,Linear Algebra,2025-08-23 03:01:04.441715272,2025-08-27 03:01:04.441715272,4,late,1,0,1
S0372,ASG_03,Linear Algebra,2025-08-23 03:01:04.441715272,2025-08-25 03:01:04.441715272,2,late,1,0,1
S0373,ASG_03,Linear Algebra,2025-08-23 03:01:04.441715272,2025-08-23 03:01:04.441715272,0,on_time,0,0,1
S0374,ASG_03,Linear Algebra,2025-08-23 03:01:04.441715272,2025-08-25 03:01:04.441715272,2,late,1,0,1
S0375,ASG_03,Linear Algebra,2025-08-23 03:01:04.441715272,2025-08-23 03:01:04.441715272,0,on_time,0,0,1
S0376,ASG_03,Linear Algebra,2025-08-23 03:01:04.441715272,2025-08-23 03:01:04.441715272,0,on_time,0,0,1
S0377,ASG_03,Linear Algebra,2025-08-23 03:01:04.441715272,,10,missed,0,1,0
S0378,ASG_03,Linear Algebra,2025-08-23 03:01:04.441715272,2025-08-25 03:01:04.441715272,2,late,1,0,1
S0379,ASG_03,Linear Algebra,2025-08-23 03:01:04.441715272,2025-08-24 03:01:04.441715272,1,late,1,0,1
S0380,ASG_03,Linear Algebra,2025-08-23 03:01:04.441715272,2025-08-23 03:01:04.441715272,0,on_time,0,0,1
S0381,ASG_03,Linear Algebra,2025-08-23 03:01:04.441715272,2025-08-25 03:01:04.441715272,2,late,1,0,1
S0382,ASG_03,Linear Algebra,2025-08-23 03:01:04.441715272,2025-08-24 03:01:04.441715272,1,late,1,0,1
S0383,ASG_03,Linear Algebra,2025-08-23 03:01:04.441715272,,12,missed,0,1,0
S0384,ASG_03,Linear Algebra,2025-08-23 03:01:04.441715272,2025-08-26 03:01:04.441715272,3,late,1,0,1
S0385,ASG_03,Linear Algebra,2025-08-23 03:01:04.441715272,2025-08-24 03:01:04.441715272,1,late,1,0,1
S0386,ASG_03,Linear Algebra,2025-08-23 03:01:04.441715272,2025-08-24 03:01:04.441715272,1,late,1,0,1
S0387,ASG_03,Linear Algebra,2025-08-23 03:01:04.441715272,2025-08-28 03:01:04.441715272,5,late,1,0,1
S0388,ASG_03,Linear Algebra,2025-08-23 03:01:04.441715272,2025-08-23 03:01:04.441715272,0,on_time,0,0,1
S0389,ASG_03,Linear Algebra,2025-08-23 03:01:04.441715272,2025-08-26 03:01:04.441715272,3,late,1,0,1
S0390,ASG_03,Linear Algebra,2025-08-23 03:01:04.441715272,2025-08-26 03:01:04.441715272,3,late,1,0,1
S0391,ASG_03,Linear Algebra,2025-08-23 03:01:04.441715272,2025-08-23 03:01:04.441715272,0,on_time,0,0,1
S0392,ASG_03,Linear Algebra,2025-08-23 03:01:04.441715272,2025-08-23 03:01:04.441715272,0,on_time,0,0,1
S0393,ASG_03,Linear Algebra,2025-08-23 03:01:04.441715272,,15,missed,0,1,0
S0394,ASG_03,Linear Algebra,2025-08-23 03:01:04.441715272,2025-08-23 03:01:04.441715272,0,on_time,0,0,1
S0395,ASG_03,Linear Algebra,2025-08-23 03:01:04.441715272,,9,missed,0,1,0
S0396,ASG_03,Linear Algebra,2025-08-23 03:01:04.441715272,2025-08-24 03:01:04.441715272,1,late,1,0,1
S0397,ASG_03,Linear Algebra,2025-08-23 03:01:04.441715272,2025-08-26 03:01:04.441715272,3,late,1,0,1
S0398,ASG_03,Linear Algebra,2025-08-23 03:01:04.441715272,2025-08-24 03:01:04.441715272,1,late,1,0,1
S0399,ASG_03,Linear Algebra,2025-08-23 03:01:04.441715272,2025-08-23 03:01:04.441715272,0,on_time,0,0,1
S0400,ASG_03,Linear Algebra,2025-08-23 03:01:04.441715272,,12,missed,0,1,0
S0401,ASG_03,Linear Algebra,2025-08-23 03:01:04.441715272,,9,missed,0,1,0
S0402,ASG_03,Linear Algebra,2025-08-23 03:01:04.441715272,2025-08-25 03:01:04.441715272,2,late,1,0,1
S0403,ASG_03,Linear Algebra,2025-08-23 03:01:04.441715272,2025-08-25 03:01:04.441715272,2,late,1,0,1
S0404,ASG_03,Linear Algebra,2025-08-23 03:01:04.441715272,2025-08-25 03:01:04.441715272,2,late,1,0,1
S0405,ASG_03,Linear Algebra,2025-08-23 03:01:04.441715272,2025-08-24 03:01:04.441715272,1,late,1,0,1
S0406,ASG_03,Linear Algebra,2025-08-23 03:01:04.441715272,,8,missed,0,1,0
S0407,ASG_03,Linear Algebra,2025-08-23 03:01:04.441715272,2025-08-24 03:01:04.441715272,1,late,1,0,1
S0408,ASG_03,Linear Algebra,2025-08-23 03:01:04.441715272,2025-08-25 03:01:04.441715272,2,late,1,0,1
S0409,ASG_03,Linear Algebra,2025-08-23 03:01:04.441715272,2025-08-27 03:01:04.441715272,4,late,1,0,1
S0410,ASG_03,Linear Algebra,2025-08-23 03:01:04.441715272,2025-08-25 03:01:04.441715272,2,late,1,0,1
S0411,ASG_03,Linear Algebra,2025-08-23 03:01:04.441715272,2025-08-23 03:01:04.441715272,0,on_time,0,0,1
S0412,ASG_03,Linear Algebra,2025-08-23 03:01:04.441715272,2025-08-23 03:01:04.441715272,0,on_time,0,0,1
S0413,ASG_03,Linear Algebra,2025-08-23 03:01:04.441715272,2025-08-23 03:01:04.441715272,0,on_time,0,0,1
S0414,ASG_03,Linear Algebra,2025-08-23 03:01:04.441715272,2025-08-28 03:01:04.441715272,5,late,1,0,1
S0415,ASG_03,Linear Algebra,2025-08-23 03:01:04.441715272,,13,missed,0,1,0
S0416,ASG_03,Linear Algebra,2025-08-23 03:01:04.441715272,2025-08-23 03:01:04.441715272,0,on_time,0,0,1
S0417,ASG_03,Linear Algebra,2025-08-23 03:01:04.441715272,2025-08-24 03:01:04.441715272,1,late,1,0,1
S0418,ASG_03,Linear Algebra,2025-08-23 03:01:04.441715272,2025-08-24 03:01:04.441715272,1,late,1,0,1
S0419,ASG_03,Linear Algebra,2025-08-23 03:01:04.441715272,2025-08-24 03:01:04.441715272,1,late,1,0,1
S0420,ASG_03,Linear Algebra,2025-08-23 03:01:04.441715272,2025-08-27 03:01:04.441715272,4,late,1,0,1
S0421,ASG_03,Linear Algebra,2025-08-23 03:01:04.441715272,,11,missed,0,1,0
S0422,ASG_03,Linear Algebra,2025-08-23 03:01:04.441715272,2025-08-23 03:01:04.441715272,0,on_time,0,0,1
S0423,ASG_03,Linear Algebra,2025-08-23 03:01:04.441715272,2025-08-27 03:01:04.441715272,4,late,1,0,1
S0424,ASG_03,Linear Algebra,2025-08-23 03:01:04.441715272,2025-08-24 03:01:04.441715272,1,late,1,0,1
S0425,ASG_03,Linear Algebra,2025-08-23 03:01:04.441715272,,12,missed,0,1,0
S0426,ASG_03,Linear Algebra,2025-08-23 03:01:04.441715272,2025-08-23 03:01:04.441715272,0,on_time,0,0,1
S0427,ASG_03,Linear Algebra,2025-08-23 03:01:04.441715272,,10,missed,0,1,0
S0428,ASG_03,Linear Algebra,2025-08-23 03:01:04.441715272,2025-08-24 03:01:04.441715272,1,late,1,0,1
S0429,ASG_03,Linear Algebra,2025-08-23 03:01:04.441715272,2025-08-23 03:01:04.441715272,0,on_time,0,0,1
S0430,ASG_03,Linear Algebra,2025-08-23 03:01:04.441715272,2025-08-25 03:01:04.441715272,2,late,1,0,1
S0431,ASG_03,Linear Algebra,2025-08-23 03:01:04.441715272,2025-08-26 03:01:04.441715272,3,late,1,0,1
S0432,ASG_03,Linear Algebra,2025-08-23 03:01:04.441715272,2025-08-23 03:01:04.441715272,0,on_time,0,0,1
S0433,ASG_03,Linear Algebra,2025-08-23 03:01:04.441715272,2025-08-26 03:01:04.441715272,3,late,1,0,1
S0434,ASG_03,Linear Algebra,2025-08-23 03:01:04.441715272,2025-08-24 03:01:04.441715272,1,late,1,0,1
S0435,ASG_03,Linear Algebra,2025-08-23 03:01:04.441715272,2025-08-28 03:01:04.441715272,5,late,1,0,1
S0436,ASG_03,Linear Algebra,2025-08-23 03:01:04.441715272,2025-08-26 03:01:04.441715272,3,late,1,0,1
S0437,ASG_03,Linear Algebra,2025-08-23 03:01:04.441715272,2025-08-25 03:01:04.441715272,2,late,1,0,1
S0438,ASG_03,Linear Algebra,2025-08-23 03:01:04.441715272,2025-08-24 03:01:04.441715272,1,late,1,0,1
S0439,ASG_03,Linear Algebra,2025-08-23 03:01:04.441715272,2025-08-30 03:01:04.441715272,7,late,1,0,1
S0440,ASG_03,Linear Algebra,2025-08-23 03:01:04.441715272,,7,missed,0,1,0
S0441,ASG_03,Linear Algebra,2025-08-23 03:01:04.441715272,2025-08-25 03:01:04.441715272,2,late,1,0,1
S0442,ASG_03,Linear Algebra,2025-08-23 03:01:04.441715272,2025-08-27 03:01:04.441715272,4,late,1,0,1
S0443,ASG_03,Linear Algebra,2025-08-23 03:01:04.441715272,2025-08-25 03:01:04.441715272,2,late,1,0,1
S0444,ASG_03,Linear Algebra,2025-08-23 03:01:04.441715272,2025-08-25 03:01:04.441715272,2,late,1,0,1
S0445,ASG_03,Linear Algebra,2025-08-23 03:01:04.441715272,2025-08-24 03:01:04.441715272,1,late,1,0,1
S0446,ASG_03,Linear Algebra,2025-08-23 03:01:04.441715272,2025-08-23 03:01:04.441715272,0,on_time,0,0,1
S0447,ASG_03,Linear Algebra,2025-08-23 03:01:04.441715272,2025-08-27 03:01:04.441715272,4,late,1,0,1
S0448,ASG_03,Linear Algebra,2025-08-23 03:01:04.441715272,2025-08-23 03:01:04.441715272,0,on_time,0,0,1
S0449,ASG_03,Linear Algebra,2025-08-23 03:01:04.441715272,2025-08-27 03:01:04.441715272,4,late,1,0,1
S0450,ASG_03,Linear Algebra,2025-08-23 03:01:04.441715272,2025-08-23 03:01:04.441715272,0,on_time,0,0,1
S0451,ASG_03,Linear Algebra,2025-08-23 03:01:04.441715272,2025-08-24 03:01:04.441715272,1,late,1,0,1
S0452,ASG_03,Linear Algebra,2025-08-23 03:01:04.441715272,2025-08-23 03:01:04.441715272,0,on_time,0,0,1
S0453,ASG_03,Linear Algebra,2025-08-23 03:01:04.441715272,2025-08-26 03:01:04.441715272,3,late,1,0,1
S0454,ASG_03,Linear Algebra,2025-08-23 03:01:04.441715272,2025-08-23 03:01:04.441715272,0,on_time,0,0,1
S0455,ASG_03,Linear Algebra,2025-08-23 03:01:04.441715272,2025-08-25 03:01:04.441715272,2,late,1,0,1
S0456,ASG_03,Linear Algebra,2025-08-23 03:01:04.441715272,2025-08-23 03:01:04.441715272,0,on_time,0,0,1
S0457,ASG_03,Linear Algebra,2025-08-23 03:01:04.441715272,,10,missed,0,1,0
S0458,ASG_03,Linear Algebra,2025-08-23 03:01:04.441715272,2025-08-23 03:01:04.441715272,0,on_time,0,0,1
S0459,ASG_03,Linear Algebra,2025-08-23 03:01:04.441715272,2025-08-24 03:01:04.441715272,1,late,1,0,1
S0460,ASG_03,Linear Algebra,2025-08-23 03:01:04.441715272,2025-08-24 03:01:04.441715272,1,late,1,0,1
S0461,ASG_03,Linear Algebra,2025-08-23 03:01:04.441715272,2025-08-23 03:01:04.441715272,0,on_time,0,0,1
S0462,ASG_03,Linear Algebra,2025-08-23 03:01:04.441715272,2025-08-26 03:01:04.441715272,3,late,1,0,1
S0463,ASG_03,Linear Algebra,2025-08-23 03:01:04.441715272,2025-08-23 03:01:04.441715272,0,on_time,0,0,1
S0464,ASG_03,Linear Algebra,2025-08-23 03:01:04.441715272,,9,missed,0,1,0
S0465,ASG_03,Linear Algebra,2025-08-23 03:01:04.441715272,2025-08-23 03:01:04.441715272,0,on_time,0,0,1
S0466,ASG_03,Linear Algebra,2025-08-23 03:01:04.441715272,2025-08-24 03:01:04.441715272,1,late,1,0,1
S0467,ASG_03,Linear Algebra,2025-08-23 03:01:04.441715272,2025-08-28 03:01:04.441715272,5,late,1,0,1
S0468,ASG_03,Linear Algebra,2025-08-23 03:01:04.441715272,2025-08-29 03:01:04.441715272,6,late,1,0,1
S0469,ASG_03,Linear Algebra,2025-08-23 03:01:04.441715272,,10,missed,0,1,0
S0470,ASG_03,Linear Algebra,2025-08-23 03:01:04.441715272,2025-08-23 03:01:04.441715272,0,on_time,0,0,1
S0471,ASG_03,Linear Algebra,2025-08-23 03:01:04.441715272,2025-08-24 03:01:04.441715272,1,late,1,0,1
S0472,ASG_03,Linear Algebra,2025-08-23 03:01:04.441715272,2025-08-25 03:01:04.441715272,2,late,1,0,1
S0473,ASG_03,Linear Algebra,2025-08-23 03:01:04.441715272,2025-08-24 03:01:04.441715272,1,late,1,0,1
S0474,ASG_03,Linear Algebra,2025-08-23 03:01:04.441715272,2025-08-26 03:01:04.441715272,3,late,1,0,1
S0475,ASG_03,Linear Algebra,2025-08-23 03:01:04.441715272,,15,missed,0,1,0
S0476,ASG_03,Linear Algebra,2025-08-23 03:01:04.441715272,2025-08-23 03:01:04.441715272,0,on_time,0,0,1
S0477,ASG_03,Linear Algebra,2025-08-23 03:01:04.441715272,2025-08-24 03:01:04.441715272,1,late,1,0,1
S0478,ASG_03,Linear Algebra,2025-08-23 03:01:04.441715272,2025-08-26 03:01:04.441715272,3,late,1,0,1
S0479,ASG_03,Linear Algebra,2025-08-23 03:01:04.441715272,2025-08-24 03:01:04.441715272,1,late,1,0,1
S0480,ASG_03,Linear Algebra,2025-08-23 03:01:04.441715272,2025-08-27 03:01:04.441715272,4,late,1,0,1
S0481,ASG_03,Linear Algebra,2025-08-23 03:01:04.441715272,,9,missed,0,1,0
S0482,ASG_03,Linear Algebra,2025-08-23 03:01:04.441715272,2025-08-24 03:01:04.441715272,1,late,1,0,1
S0483,ASG_03,Linear Algebra,2025-08-23 03:01:04.441715272,2025-08-24 03:01:04.441715272,1,late,1,0,1
S0484,ASG_03,Linear Algebra,2025-08-23 03:01:04.441715272,,13,missed,0,1,0
S0485,ASG_03,Linear Algebra,2025-08-23 03:01:04.441715272,2025-08-25 03:01:04.441715272,2,late,1,0,1
S0486,ASG_03,Linear Algebra,2025-08-23 03:01:04.441715272,2025-08-29 03:01:04.441715272,6,late,1,0,1
S0487,ASG_03,Linear Algebra,2025-08-23 03:01:04.441715272,2025-08-23 03:01:04.441715272,0,on_time,0,0,1
S0488,ASG_03,Linear Algebra,2025-08-23 03:01:04.441715272,2025-08-27 03:01:04.441715272,4,late,1,0,1
S0489,ASG_03,Linear Algebra,2025-08-23 03:01:04.441715272,2025-08-26 03:01:04.441715272,3,late,1,0,1
S0490,ASG_03,Linear Algebra,2025-08-23 03:01:04.441715272,2025-08-23 03:01:04.441715272,0,on_time,0,0,1
S0491,ASG_03,Linear Algebra,2025-08-23 03:01:04.441715272,2025-08-23 03:01:04.441715272,0,on_time,0,0,1
S0492,ASG_03,Linear Algebra,2025-08-23 03:01:04.441715272,,8,missed,0,1,0
S0493,ASG_03,Linear Algebra,2025-08-23 03:01:04.441715272,2025-08-23 03:01:04.441715272,0,on_time,0,0,1
S0494,ASG_03,Linear Algebra,2025-08-23 03:01:04.441715272,2025-08-25 03:01:04.441715272,2,late,1,0,1
S0495,ASG_03,Linear Algebra,2025-08-23 03:01:04.441715272,2025-08-26 03:01:04.441715272,3,late,1,0,1
S0496,ASG_03,Linear Algebra,2025-08-23 03:01:04.441715272,2025-08-27 03:01:04.441715272,4,late,1,0,1
S0497,ASG_03,Linear Algebra,2025-08-23 03:01:04.441715272,2025-08-25 03:01:04.441715272,2,late,1,0,1
S0498,ASG_03,Linear Algebra,2025-08-23 03:01:04.441715272,2025-08-24 03:01:04.441715272,1,late,1,0,1
S0499,ASG_03,Linear Algebra,2025-08-23 03:01:04.441715272,2025-08-24 03:01:04.441715272,1,late,1,0,1
S0500,ASG_03,Linear Algebra,2025-08-23 03:01:04.441715272,2025-08-25 03:01:04.441715272,2,late,1,0,1
S0001,ASG_04,ML Basics,2025-09-08 09:33:48.078078909,,15,missed,0,1,0
S0002,ASG_04,ML Basics,2025-09-08 09:33:48.078078909,2025-09-08 09:33:48.078078909,0,on_time,0,0,1
S0003,ASG_04,ML Basics,2025-09-08 09:33:48.078078909,2025-09-09 09:33:48.078078909,1,late,1,0,1
S0004,ASG_04,ML Basics,2025-09-08 09:33:48.078078909,2025-09-11 09:33:48.078078909,3,late,1,0,1
S0005,ASG_04,ML Basics,2025-09-08 09:33:48.078078909,2025-09-08 09:33:48.078078909,0,on_time,0,0,1
S0006,ASG_04,ML Basics,2025-09-08 09:33:48.078078909,2025-09-08 09:33:48.078078909,0,on_time,0,0,1
S0007,ASG_04,ML Basics,2025-09-08 09:33:48.078078909,2025-09-11 09:33:48.078078909,3,late,1,0,1
S0008,ASG_04,ML Basics,2025-09-08 09:33:48.078078909,2025-09-09 09:33:48.078078909,1,late,1,0,1
S0009,ASG_04,ML Basics,2025-09-08 09:33:48.078078909,2025-09-11 09:33:48.078078909,3,late,1,0,1
S0010,ASG_04,ML Basics,2025-09-08 09:33:48.078078909,2025-09-08 09:33:48.078078909,0,on_time,0,0,1
S0011,ASG_04,ML Basics,2025-09-08 09:33:48.078078909,2025-09-09 09:33:48.078078909,1,late,1,0,1
S0012,ASG_04,ML Basics,2025-09-08 09:33:48.078078909,2025-09-10 09:33:48.078078909,2,late,1,0,1
S0013,ASG_04,ML Basics,2025-09-08 09:33:48.078078909,2025-09-10 09:33:48.078078909,2,late,1,0,1
S0014,ASG_04,ML Basics,2025-09-08 09:33:48.078078909,,13,missed,0,1,0
S0015,ASG_04,ML Basics,2025-09-08 09:33:48.078078909,,12,missed,0,1,0
S0016,ASG_04,ML Basics,2025-09-08 09:33:48.078078909,2025-09-11 09:33:48.078078909,3,late,1,0,1
S0017,ASG_04,ML Basics,2025-09-08 09:33:48.078078909,2025-09-10 09:33:48.078078909,2,late,1,0,1
S0018,ASG_04,ML Basics,2025-09-08 09:33:48.078078909,2025-09-08 09:33:48.078078909,0,on_time,0,0,1
S0019,ASG_04,ML Basics,2025-09-08 09:33:48.078078909,2025-09-10 09:33:48.078078909,2,late,1,0,1
S0020,ASG_04,ML Basics,2025-09-08 09:33:48.078078909,2025-09-10 09:33:48.078078909,2,late,1,0,1
S0021,ASG_04,ML Basics,2025-09-08 09:33:48.078078909,2025-09-09 09:33:48.078078909,1,late,1,0,1
S0022,ASG_04,ML Basics,2025-09-08 09:33:48.078078909,2025-09-11 09:33:48.078078909,3,late,1,0,1
S0023,ASG_04,ML Basics,2025-09-08 09:33:48.078078909,2025-09-11 09:33:48.078078909,3,late,1,0,1
S0024,ASG_04,ML Basics,2025-09-08 09:33:48.078078909,2025-09-08 09:33:48.078078909,0,on_time,0,0,1
S0025,ASG_04,ML Basics,2025-09-08 09:33:48.078078909,2025-09-12 09:33:48.078078909,4,late,1,0,1
S0026,ASG_04,ML Basics,2025-09-08 09:33:48.078078909,2025-09-08 09:33:48.078078909,0,on_time,0,0,1
S0027,ASG_04,ML Basics,2025-09-08 09:33:48.078078909,2025-09-12 09:33:48.078078909,4,late,1,0,1
S0028,ASG_04,ML Basics,2025-09-08 09:33:48.078078909,2025-09-09 09:33:48.078078909,1,late,1,0,1
S0029,ASG_04,ML Basics,2025-09-08 09:33:48.078078909,2025-09-10 09:33:48.078078909,2,late,1,0,1
S0030,ASG_04,ML Basics,2025-09-08 09:33:48.078078909,2025-09-10 09:33:48.078078909,2,late,1,0,1
S0031,ASG_04,ML Basics,2025-09-08 09:33:48.078078909,2025-09-11 09:33:48.078078909,3,late,1,0,1
S0032,ASG_04,ML Basics,2025-09-08 09:33:48.078078909,,12,missed,0,1,0
S0033,ASG_04,ML Basics,2025-09-08 09:33:48.078078909,2025-09-08 09:33:48.078078909,0,on_time,0,0,1
S0034,ASG_04,ML Basics,2025-09-08 09:33:48.078078909,2025-09-08 09:33:48.078078909,0,on_time,0,0,1
S0035,ASG_04,ML Basics,2025-09-08 09:33:48.078078909,2025-09-10 09:33:48.078078909,2,late,1,0,1
S0036,ASG_04,ML Basics,2025-09-08 09:33:48.078078909,2025-09-10 09:33:48.078078909,2,late,1,0,1
S0037,ASG_04,ML Basics,2025-09-08 09:33:48.078078909,2025-09-08 09:33:48.078078909,0,on_time,0,0,1
S0038,ASG_04,ML Basics,2025-09-08 09:33:48.078078909,2025-09-10 09:33:48.078078909,2,late,1,0,1
S0039,ASG_04,ML Basics,2025-09-08 09:33:48.078078909,,9,missed,0,1,0
S0040,ASG_04,ML Basics,2025-09-08 09:33:48.078078909,2025-09-08 09:33:48.078078909,0,on_time,0,0,1
S0041,ASG_04,ML Basics,2025-09-08 09:33:48.078078909,2025-09-08 09:33:48.078078909,0,on_time,0,0,1
S0042,ASG_04,ML Basics,2025-09-08 09:33:48.078078909,2025-09-09 09:33:48.078078909,1,late,1,0,1
S0043,ASG_04,ML Basics,2025-09-08 09:33:48.078078909,2025-09-09 09:33:48.078078909,1,late,1,0,1
S0044,ASG_04,ML Basics,2025-09-08 09:33:48.078078909,2025-09-08 09:33:48.078078909,0,on_time,0,0,1
S0045,ASG_04,ML Basics,2025-09-08 09:33:48.078078909,2025-09-10 09:33:48.078078909,2,late,1,0,1
S0046,ASG_04,ML Basics,2025-09-08 09:33:48.078078909,2025-09-08 09:33:48.078078909,0,on_time,0,0,1
S0047,ASG_04,ML Basics,2025-09-08 09:33:48.078078909,2025-09-09 09:33:48.078078909,1,late,1,0,1
S0048,ASG_04,ML Basics,2025-09-08 09:33:48.078078909,2025-09-14 09:33:48.078078909,6,late,1,0,1
S0049,ASG_04,ML Basics,2025-09-08 09:33:48.078078909,2025-09-12 09:33:48.078078909,4,late,1,0,1
S0050,ASG_04,ML Basics,2025-09-08 09:33:48.078078909,2025-09-10 09:33:48.078078909,2,late,1,0,1
S0051,ASG_04,ML Basics,2025-09-08 09:33:48.078078909,2025-09-08 09:33:48.078078909,0,on_time,0,0,1
S0052,ASG_04,ML Basics,2025-09-08 09:33:48.078078909,2025-09-12 09:33:48.078078909,4,late,1,0,1
S0053,ASG_04,ML Basics,2025-09-08 09:33:48.078078909,2025-09-12 09:33:48.078078909,4,late,1,0,1
S0054,ASG_04,ML Basics,2025-09-08 09:33:48.078078909,2025-09-12 09:33:48.078078909,4,late,1,0,1
S0055,ASG_04,ML Basics,2025-09-08 09:33:48.078078909,2025-09-14 09:33:48.078078909,6,late,1,0,1
S0056,ASG_04,ML Basics,2025-09-08 09:33:48.078078909,2025-09-08 09:33:48.078078909,0,on_time,0,0,1
S0057,ASG_04,ML Basics,2025-09-08 09:33:48.078078909,2025-09-14 09:33:48.078078909,6,late,1,0,1
S0058,ASG_04,ML Basics,2025-09-08 09:33:48.078078909,2025-09-09 09:33:48.078078909,1,late,1,0,1
S0059,ASG_04,ML Basics,2025-09-08 09:33:48.078078909,2025-09-11 09:33:48.078078909,3,late,1,0,1
S0060,ASG_04,ML Basics,2025-09-08 09:33:48.078078909,2025-09-08 09:33:48.078078909,0,on_time,0,0,1
S0061,ASG_04,ML Basics,2025-09-08 09:33:48.078078909,2025-09-09 09:33:48.078078909,1,late,1,0,1
S0062,ASG_04,ML Basics,2025-09-08 09:33:48.078078909,2025-09-11 09:33:48.078078909,3,late,1,0,1
S0063,ASG_04,ML Basics,2025-09-08 09:33:48.078078909,2025-09-11 09:33:48.078078909,3,late,1,0,1
S0064,ASG_04,ML Basics,2025-09-08 09:33:48.078078909,2025-09-09 09:33:48.078078909,1,late,1,0,1
S0065,ASG_04,ML Basics,2025-09-08 09:33:48.078078909,2025-09-10 09:33:48.078078909,2,late,1,0,1
S0066,ASG_04,ML Basics,2025-09-08 09:33:48.078078909,2025-09-08 09:33:48.078078909,0,on_time,0,0,1
S0067,ASG_04,ML Basics,2025-09-08 09:33:48.078078909,2025-09-11 09:33:48.078078909,3,late,1,0,1
S0068,ASG_04,ML Basics,2025-09-08 09:33:48.078078909,2025-09-08 09:33:48.078078909,0,on_time,0,0,1
S0069,ASG_04,ML Basics,2025-09-08 09:33:48.078078909,2025-09-13 09:33:48.078078909,5,late,1,0,1
S0070,ASG_04,ML Basics,2025-09-08 09:33:48.078078909,,9,missed,0,1,0
S0071,ASG_04,ML Basics,2025-09-08 09:33:48.078078909,2025-09-10 09:33:48.078078909,2,late,1,0,1
S0072,ASG_04,ML Basics,2025-09-08 09:33:48.078078909,2025-09-08 09:33:48.078078909,0,on_time,0,0,1
S0073,ASG_04,ML Basics,2025-09-08 09:33:48.078078909,2025-09-11 09:33:48.078078909,3,late,1,0,1
S0074,ASG_04,ML Basics,2025-09-08 09:33:48.078078909,2025-09-11 09:33:48.078078909,3,late,1,0,1
S0075,ASG_04,ML Basics,2025-09-08 09:33:48.078078909,2025-09-10 09:33:48.078078909,2,late,1,0,1
S0076,ASG_04,ML Basics,2025-09-08 09:33:48.078078909,2025-09-10 09:33:48.078078909,2,late,1,0,1
S0077,ASG_04,ML Basics,2025-09-08 09:33:48.078078909,2025-09-09 09:33:48.078078909,1,late,1,0,1
S0078,ASG_04,ML Basics,2025-09-08 09:33:48.078078909,2025-09-10 09:33:48.078078909,2,late,1,0,1
S0079,ASG_04,ML Basics,2025-09-08 09:33:48.078078909,2025-09-09 09:33:48.078078909,1,late,1,0,1
S0080,ASG_04,ML Basics,2025-09-08 09:33:48.078078909,2025-09-08 09:33:48.078078909,0,on_time,0,0,1
S0081,ASG_04,ML Basics,2025-09-08 09:33:48.078078909,2025-09-09 09:33:48.078078909,1,late,1,0,1
S0082,ASG_04,ML Basics,2025-09-08 09:33:48.078078909,2025-09-11 09:33:48.078078909,3,late,1,0,1
S0083,ASG_04,ML Basics,2025-09-08 09:33:48.078078909,2025-09-12 09:33:48.078078909,4,late,1,0,1
S0084,ASG_04,ML Basics,2025-09-08 09:33:48.078078909,2025-09-08 09:33:48.078078909,0,on_time,0,0,1
S0085,ASG_04,ML Basics,2025-09-08 09:33:48.078078909,2025-09-10 09:33:48.078078909,2,late,1,0,1
S0086,ASG_04,ML Basics,2025-09-08 09:33:48.078078909,2025-09-08 09:33:48.078078909,0,on_time,0,0,1
S0087,ASG_04,ML Basics,2025-09-08 09:33:48.078078909,2025-09-09 09:33:48.078078909,1,late,1,0,1
S0088,ASG_04,ML Basics,2025-09-08 09:33:48.078078909,2025-09-08 09:33:48.078078909,0,on_time,0,0,1
S0089,ASG_04,ML Basics,2025-09-08 09:33:48.078078909,2025-09-09 09:33:48.078078909,1,late,1,0,1
S0090,ASG_04,ML Basics,2025-09-08 09:33:48.078078909,2025-09-10 09:33:48.078078909,2,late,1,0,1
S0091,ASG_04,ML Basics,2025-09-08 09:33:48.078078909,2025-09-10 09:33:48.078078909,2,late,1,0,1
S0092,ASG_04,ML Basics,2025-09-08 09:33:48.078078909,2025-09-10 09:33:48.078078909,2,late,1,0,1
S0093,ASG_04,ML Basics,2025-09-08 09:33:48.078078909,2025-09-08 09:33:48.078078909,0,on_time,0,0,1
S0094,ASG_04,ML Basics,2025-09-08 09:33:48.078078909,2025-09-09 09:33:48.078078909,1,late,1,0,1
S0095,ASG_04,ML Basics,2025-09-08 09:33:48.078078909,2025-09-11 09:33:48.078078909,3,late,1,0,1
S0096,ASG_04,ML Basics,2025-09-08 09:33:48.078078909,2025-09-08 09:33:48.078078909,0,on_time,0,0,1
S0097,ASG_04,ML Basics,2025-09-08 09:33:48.078078909,,7,missed,0,1,0
S0098,ASG_04,ML Basics,2025-09-08 09:33:48.078078909,2025-09-08 09:33:48.078078909,0,on_time,0,0,1
S0099,ASG_04,ML Basics,2025-09-08 09:33:48.078078909,2025-09-08 09:33:48.078078909,0,on_time,0,0,1
S0100,ASG_04,ML Basics,2025-09-08 09:33:48.078078909,2025-09-10 09:33:48.078078909,2,late,1,0,1
S0101,ASG_04,ML Basics,2025-09-08 09:33:48.078078909,,14,missed,0,1,0
S0102,ASG_04,ML Basics,2025-09-08 09:33:48.078078909,2025-09-08 09:33:48.078078909,0,on_time,0,0,1
S0103,ASG_04,ML Basics,2025-09-08 09:33:48.078078909,2025-09-10 09:33:48.078078909,2,late,1,0,1
S0104,ASG_04,ML Basics,2025-09-08 09:33:48.078078909,2025-09-11 09:33:48.078078909,3,late,1,0,1
S0105,ASG_04,ML Basics,2025-09-08 09:33:48.078078909,2025-09-11 09:33:48.078078909,3,late,1,0,1
S0106,ASG_04,ML Basics,2025-09-08 09:33:48.078078909,2025-09-13 09:33:48.078078909,5,late,1,0,1
S0107,ASG_04,ML Basics,2025-09-08 09:33:48.078078909,2025-09-12 09:33:48.078078909,4,late,1,0,1
S0108,ASG_04,ML Basics,2025-09-08 09:33:48.078078909,2025-09-13 09:33:48.078078909,5,late,1,0,1
S0109,ASG_04,ML Basics,2025-09-08 09:33:48.078078909,2025-09-08 09:33:48.078078909,0,on_time,0,0,1
S0110,ASG_04,ML Basics,2025-09-08 09:33:48.078078909,,15,missed,0,1,0
S0111,ASG_04,ML Basics,2025-09-08 09:33:48.078078909,2025-09-11 09:33:48.078078909,3,late,1,0,1
S0112,ASG_04,ML Basics,2025-09-08 09:33:48.078078909,,7,missed,0,1,0
S0113,ASG_04,ML Basics,2025-09-08 09:33:48.078078909,2025-09-10 09:33:48.078078909,2,late,1,0,1
S0114,ASG_04,ML Basics,2025-09-08 09:33:48.078078909,2025-09-08 09:33:48.078078909,0,on_time,0,0,1
S0115,ASG_04,ML Basics,2025-09-08 09:33:48.078078909,,11,missed,0,1,0
S0116,ASG_04,ML Basics,2025-09-08 09:33:48.078078909,,15,missed,0,1,0
S0117,ASG_04,ML Basics,2025-09-08 09:33:48.078078909,2025-09-10 09:33:48.078078909,2,late,1,0,1
S0118,ASG_04,ML Basics,2025-09-08 09:33:48.078078909,2025-09-08 09:33:48.078078909,0,on_time,0,0,1
S0119,ASG_04,ML Basics,2025-09-08 09:33:48.078078909,,13,missed,0,1,0
S0120,ASG_04,ML Basics,2025-09-08 09:33:48.078078909,2025-09-08 09:33:48.078078909,0,on_time,0,0,1
S0121,ASG_04,ML Basics,2025-09-08 09:33:48.078078909,2025-09-10 09:33:48.078078909,2,late,1,0,1
S0122,ASG_04,ML Basics,2025-09-08 09:33:48.078078909,2025-09-11 09:33:48.078078909,3,late,1,0,1
S0123,ASG_04,ML Basics,2025-09-08 09:33:48.078078909,2025-09-10 09:33:48.078078909,2,late,1,0,1
S0124,ASG_04,ML Basics,2025-09-08 09:33:48.078078909,2025-09-10 09:33:48.078078909,2,late,1,0,1
S0125,ASG_04,ML Basics,2025-09-08 09:33:48.078078909,2025-09-10 09:33:48.078078909,2,late,1,0,1
S0126,ASG_04,ML Basics,2025-09-08 09:33:48.078078909,2025-09-08 09:33:48.078078909,0,on_time,0,0,1
S0127,ASG_04,ML Basics,2025-09-08 09:33:48.078078909,,9,missed,0,1,0
S0128,ASG_04,ML Basics,2025-09-08 09:33:48.078078909,2025-09-08 09:33:48.078078909,0,on_time,0,0,1
S0129,ASG_04,ML Basics,2025-09-08 09:33:48.078078909,2025-09-11 09:33:48.078078909,3,late,1,0,1
S0130,ASG_04,ML Basics,2025-09-08 09:33:48.078078909,2025-09-13 09:33:48.078078909,5,late,1,0,1
S0131,ASG_04,ML Basics,2025-09-08 09:33:48.078078909,2025-09-15 09:33:48.078078909,7,late,1,0,1
S0132,ASG_04,ML Basics,2025-09-08 09:33:48.078078909,,7,missed,0,1,0
S0133,ASG_04,ML Basics,2025-09-08 09:33:48.078078909,2025-09-09 09:33:48.078078909,1,late,1,0,1
S0134,ASG_04,ML Basics,2025-09-08 09:33:48.078078909,2025-09-11 09:33:48.078078909,3,late,1,0,1
S0135,ASG_04,ML Basics,2025-09-08 09:33:48.078078909,2025-09-13 09:33:48.078078909,5,late,1,0,1
S0136,ASG_04,ML Basics,2025-09-08 09:33:48.078078909,2025-09-10 09:33:48.078078909,2,late,1,0,1
S0137,ASG_04,ML Basics,2025-09-08 09:33:48.078078909,2025-09-10 09:33:48.078078909,2,late,1,0,1
S0138,ASG_04,ML Basics,2025-09-08 09:33:48.078078909,2025-09-08 09:33:48.078078909,0,on_time,0,0,1
S0139,ASG_04,ML Basics,2025-09-08 09:33:48.078078909,2025-09-14 09:33:48.078078909,6,late,1,0,1
S0140,ASG_04,ML Basics,2025-09-08 09:33:48.078078909,2025-09-08 09:33:48.078078909,0,on_time,0,0,1
S0141,ASG_04,ML Basics,2025-09-08 09:33:48.078078909,2025-09-09 09:33:48.078078909,1,late,1,0,1
S0142,ASG_04,ML Basics,2025-09-08 09:33:48.078078909,2025-09-10 09:33:48.078078909,2,late,1,0,1
S0143,ASG_04,ML Basics,2025-09-08 09:33:48.078078909,2025-09-08 09:33:48.078078909,0,on_time,0,0,1
S0144,ASG_04,ML Basics,2025-09-08 09:33:48.078078909,2025-09-08 09:33:48.078078909,0,on_time,0,0,1
S0145,ASG_04,ML Basics,2025-09-08 09:33:48.078078909,2025-09-08 09:33:48.078078909,0,on_time,0,0,1
S0146,ASG_04,ML Basics,2025-09-08 09:33:48.078078909,2025-09-11 09:33:48.078078909,3,late,1,0,1
S0147,ASG_04,ML Basics,2025-09-08 09:33:48.078078909,2025-09-12 09:33:48.078078909,4,late,1,0,1
S0148,ASG_04,ML Basics,2025-09-08 09:33:48.078078909,2025-09-11 09:33:48.078078909,3,late,1,0,1
S0149,ASG_04,ML Basics,2025-09-08 09:33:48.078078909,2025-09-11 09:33:48.078078909,3,late,1,0,1
S0150,ASG_04,ML Basics,2025-09-08 09:33:48.078078909,2025-09-10 09:33:48.078078909,2,late,1,0,1
S0151,ASG_04,ML Basics,2025-09-08 09:33:48.078078909,,9,missed,0,1,0
S0152,ASG_04,ML Basics,2025-09-08 09:33:48.078078909,2025-09-08 09:33:48.078078909,0,on_time,0,0,1
S0153,ASG_04,ML Basics,2025-09-08 09:33:48.078078909,2025-09-10 09:33:48.078078909,2,late,1,0,1
S0154,ASG_04,ML Basics,2025-09-08 09:33:48.078078909,,14,missed,0,1,0
S0155,ASG_04,ML Basics,2025-09-08 09:33:48.078078909,2025-09-09 09:33:48.078078909,1,late,1,0,1
S0156,ASG_04,ML Basics,2025-09-08 09:33:48.078078909,2025-09-08 09:33:48.078078909,0,on_time,0,0,1
S0157,ASG_04,ML Basics,2025-09-08 09:33:48.078078909,2025-09-08 09:33:48.078078909,0,on_time,0,0,1
S0158,ASG_04,ML Basics,2025-09-08 09:33:48.078078909,2025-09-08 09:33:48.078078909,0,on_time,0,0,1
S0159,ASG_04,ML Basics,2025-09-08 09:33:48.078078909,2025-09-12 09:33:48.078078909,4,late,1,0,1
S0160,ASG_04,ML Basics,2025-09-08 09:33:48.078078909,2025-09-09 09:33:48.078078909,1,late,1,0,1
S0161,ASG_04,ML Basics,2025-09-08 09:33:48.078078909,2025-09-09 09:33:48.078078909,1,late,1,0,1
S0162,ASG_04,ML Basics,2025-09-08 09:33:48.078078909,2025-09-12 09:33:48.078078909,4,late,1,0,1
S0163,ASG_04,ML Basics,2025-09-08 09:33:48.078078909,2025-09-11 09:33:48.078078909,3,late,1,0,1
S0164,ASG_04,ML Basics,2025-09-08 09:33:48.078078909,2025-09-09 09:33:48.078078909,1,late,1,0,1
S0165,ASG_04,ML Basics,2025-09-08 09:33:48.078078909,,7,missed,0,1,0
S0166,ASG_04,ML Basics,2025-09-08 09:33:48.078078909,2025-09-09 09:33:48.078078909,1,late,1,0,1
S0167,ASG_04,ML Basics,2025-09-08 09:33:48.078078909,2025-09-10 09:33:48.078078909,2,late,1,0,1
S0168,ASG_04,ML Basics,2025-09-08 09:33:48.078078909,2025-09-08 09:33:48.078078909,0,on_time,0,0,1
S0169,ASG_04,ML Basics,2025-09-08 09:33:48.078078909,2025-09-10 09:33:48.078078909,2,late,1,0,1
S0170,ASG_04,ML Basics,2025-09-08 09:33:48.078078909,2025-09-12 09:33:48.078078909,4,late,1,0,1
S0171,ASG_04,ML Basics,2025-09-08 09:33:48.078078909,2025-09-11 09:33:48.078078909,3,late,1,0,1
S0172,ASG_04,ML Basics,2025-09-08 09:33:48.078078909,2025-09-09 09:33:48.078078909,1,late,1,0,1
S0173,ASG_04,ML Basics,2025-09-08 09:33:48.078078909,2025-09-08 09:33:48.078078909,0,on_time,0,0,1
S0174,ASG_04,ML Basics,2025-09-08 09:33:48.078078909,,9,missed,0,1,0
S0175,ASG_04,ML Basics,2025-09-08 09:33:48.078078909,2025-09-08 09:33:48.078078909,0,on_time,0,0,1
S0176,ASG_04,ML Basics,2025-09-08 09:33:48.078078909,2025-09-11 09:33:48.078078909,3,late,1,0,1
S0177,ASG_04,ML Basics,2025-09-08 09:33:48.078078909,,8,missed,0,1,0
S0178,ASG_04,ML Basics,2025-09-08 09:33:48.078078909,2025-09-08 09:33:48.078078909,0,on_time,0,0,1
S0179,ASG_04,ML Basics,2025-09-08 09:33:48.078078909,2025-09-09 09:33:48.078078909,1,late,1,0,1
S0180,ASG_04,ML Basics,2025-09-08 09:33:48.078078909,2025-09-12 09:33:48.078078909,4,late,1,0,1
S0181,ASG_04,ML Basics,2025-09-08 09:33:48.078078909,2025-09-12 09:33:48.078078909,4,late,1,0,1
S0182,ASG_04,ML Basics,2025-09-08 09:33:48.078078909,2025-09-11 09:33:48.078078909,3,late,1,0,1
S0183,ASG_04,ML Basics,2025-09-08 09:33:48.078078909,,7,missed,0,1,0
S0184,ASG_04,ML Basics,2025-09-08 09:33:48.078078909,2025-09-10 09:33:48.078078909,2,late,1,0,1
S0185,ASG_04,ML Basics,2025-09-08 09:33:48.078078909,2025-09-10 09:33:48.078078909,2,late,1,0,1
S0186,ASG_04,ML Basics,2025-09-08 09:33:48.078078909,2025-09-08 09:33:48.078078909,0,on_time,0,0,1
S0187,ASG_04,ML Basics,2025-09-08 09:33:48.078078909,2025-09-09 09:33:48.078078909,1,late,1,0,1
S0188,ASG_04,ML Basics,2025-09-08 09:33:48.078078909,2025-09-09 09:33:48.078078909,1,late,1,0,1
S0189,ASG_04,ML Basics,2025-09-08 09:33:48.078078909,2025-09-11 09:33:48.078078909,3,late,1,0,1
S0190,ASG_04,ML Basics,2025-09-08 09:33:48.078078909,2025-09-10 09:33:48.078078909,2,late,1,0,1
S0191,ASG_04,ML Basics,2025-09-08 09:33:48.078078909,2025-09-12 09:33:48.078078909,4,late,1,0,1
S0192,ASG_04,ML Basics,2025-09-08 09:33:48.078078909,2025-09-09 09:33:48.078078909,1,late,1,0,1
S0193,ASG_04,ML Basics,2025-09-08 09:33:48.078078909,2025-09-08 09:33:48.078078909,0,on_time,0,0,1
S0194,ASG_04,ML Basics,2025-09-08 09:33:48.078078909,2025-09-12 09:33:48.078078909,4,late,1,0,1
S0195,ASG_04,ML Basics,2025-09-08 09:33:48.078078909,2025-09-10 09:33:48.078078909,2,late,1,0,1
S0196,ASG_04,ML Basics,2025-09-08 09:33:48.078078909,2025-09-09 09:33:48.078078909,1,late,1,0,1
S0197,ASG_04,ML Basics,2025-09-08 09:33:48.078078909,2025-09-08 09:33:48.078078909,0,on_time,0,0,1
S0198,ASG_04,ML Basics,2025-09-08 09:33:48.078078909,2025-09-09 09:33:48.078078909,1,late,1,0,1
S0199,ASG_04,ML Basics,2025-09-08 09:33:48.078078909,2025-09-09 09:33:48.078078909,1,late,1,0,1
S0200,ASG_04,ML Basics,2025-09-08 09:33:48.078078909,2025-09-08 09:33:48.078078909,0,on_time,0,0,1
S0201,ASG_04,ML Basics,2025-09-08 09:33:48.078078909,2025-09-08 09:33:48.078078909,0,on_time,0,0,1
S0202,ASG_04,ML Basics,2025-09-08 09:33:48.078078909,2025-09-09 09:33:48.078078909,1,late,1,0,1
S0203,ASG_04,ML Basics,2025-09-08 09:33:48.078078909,2025-09-11 09:33:48.078078909,3,late,1,0,1
S0204,ASG_04,ML Basics,2025-09-08 09:33:48.078078909,2025-09-12 09:33:48.078078909,4,late,1,0,1
S0205,ASG_04,ML Basics,2025-09-08 09:33:48.078078909,2025-09-11 09:33:48.078078909,3,late,1,0,1
S0206,ASG_04,ML Basics,2025-09-08 09:33:48.078078909,2025-09-11 09:33:48.078078909,3,late,1,0,1
S0207,ASG_04,ML Basics,2025-09-08 09:33:48.078078909,2025-09-08 09:33:48.078078909,0,on_time,0,0,1
S0208,ASG_04,ML Basics,2025-09-08 09:33:48.078078909,2025-09-10 09:33:48.078078909,2,late,1,0,1
S0209,ASG_04,ML Basics,2025-09-08 09:33:48.078078909,2025-09-11 09:33:48.078078909,3,late,1,0,1
S0210,ASG_04,ML Basics,2025-09-08 09:33:48.078078909,,14,missed,0,1,0
S0211,ASG_04,ML Basics,2025-09-08 09:33:48.078078909,2025-09-09 09:33:48.078078909,1,late,1,0,1
S0212,ASG_04,ML Basics,2025-09-08 09:33:48.078078909,2025-09-10 09:33:48.078078909,2,late,1,0,1
S0213,ASG_04,ML Basics,2025-09-08 09:33:48.078078909,2025-09-13 09:33:48.078078909,5,late,1,0,1
S0214,ASG_04,ML Basics,2025-09-08 09:33:48.078078909,2025-09-12 09:33:48.078078909,4,late,1,0,1
S0215,ASG_04,ML Basics,2025-09-08 09:33:48.078078909,2025-09-10 09:33:48.078078909,2,late,1,0,1
S0216,ASG_04,ML Basics,2025-09-08 09:33:48.078078909,2025-09-11 09:33:48.078078909,3,late,1,0,1
S0217,ASG_04,ML Basics,2025-09-08 09:33:48.078078909,2025-09-09 09:33:48.078078909,1,late,1,0,1
S0218,ASG_04,ML Basics,2025-09-08 09:33:48.078078909,2025-09-11 09:33:48.078078909,3,late,1,0,1
S0219,ASG_04,ML Basics,2025-09-08 09:33:48.078078909,2025-09-10 09:33:48.078078909,2,late,1,0,1
S0220,ASG_04,ML Basics,2025-09-08 09:33:48.078078909,2025-09-11 09:33:48.078078909,3,late,1,0,1
S0221,ASG_04,ML Basics,2025-09-08 09:33:48.078078909,,14,missed,0,1,0
S0222,ASG_04,ML Basics,2025-09-08 09:33:48.078078909,2025-09-11 09:33:48.078078909,3,late,1,0,1
S0223,ASG_04,ML Basics,2025-09-08 09:33:48.078078909,,13,missed,0,1,0
S0224,ASG_04,ML Basics,2025-09-08 09:33:48.078078909,2025-09-10 09:33:48.078078909,2,late,1,0,1
S0225,ASG_04,ML Basics,2025-09-08 09:33:48.078078909,,7,missed,0,1,0
S0226,ASG_04,ML Basics,2025-09-08 09:33:48.078078909,2025-09-10 09:33:48.078078909,2,late,1,0,1
S0227,ASG_04,ML Basics,2025-09-08 09:33:48.078078909,2025-09-10 09:33:48.078078909,2,late,1,0,1
S0228,ASG_04,ML Basics,2025-09-08 09:33:48.078078909,2025-09-09 09:33:48.078078909,1,late,1,0,1
S0229,ASG_04,ML Basics,2025-09-08 09:33:48.078078909,2025-09-10 09:33:48.078078909,2,late,1,0,1
S0230,ASG_04,ML Basics,2025-09-08 09:33:48.078078909,2025-09-09 09:33:48.078078909,1,late,1,0,1
S0231,ASG_04,ML Basics,2025-09-08 09:33:48.078078909,2025-09-09 09:33:48.078078909,1,late,1,0,1
S0232,ASG_04,ML Basics,2025-09-08 09:33:48.078078909,,11,missed,0,1,0
S0233,ASG_04,ML Basics,2025-09-08 09:33:48.078078909,2025-09-08 09:33:48.078078909,0,on_time,0,0,1
S0234,ASG_04,ML Basics,2025-09-08 09:33:48.078078909,2025-09-11 09:33:48.078078909,3,late,1,0,1
S0235,ASG_04,ML Basics,2025-09-08 09:33:48.078078909,2025-09-11 09:33:48.078078909,3,late,1,0,1
S0236,ASG_04,ML Basics,2025-09-08 09:33:48.078078909,2025-09-09 09:33:48.078078909,1,late,1,0,1
S0237,ASG_04,ML Basics,2025-09-08 09:33:48.078078909,2025-09-10 09:33:48.078078909,2,late,1,0,1
S0238,ASG_04,ML Basics,2025-09-08 09:33:48.078078909,2025-09-08 09:33:48.078078909,0,on_time,0,0,1
S0239,ASG_04,ML Basics,2025-09-08 09:33:48.078078909,2025-09-10 09:33:48.078078909,2,late,1,0,1
S0240,ASG_04,ML Basics,2025-09-08 09:33:48.078078909,2025-09-08 09:33:48.078078909,0,on_time,0,0,1
S0241,ASG_04,ML Basics,2025-09-08 09:33:48.078078909,2025-09-08 09:33:48.078078909,0,on_time,0,0,1
S0242,ASG_04,ML Basics,2025-09-08 09:33:48.078078909,2025-09-11 09:33:48.078078909,3,late,1,0,1
S0243,ASG_04,ML Basics,2025-09-08 09:33:48.078078909,2025-09-08 09:33:48.078078909,0,on_time,0,0,1
S0244,ASG_04,ML Basics,2025-09-08 09:33:48.078078909,2025-09-09 09:33:48.078078909,1,late,1,0,1
S0245,ASG_04,ML Basics,2025-09-08 09:33:48.078078909,2025-09-10 09:33:48.078078909,2,late,1,0,1
S0246,ASG_04,ML Basics,2025-09-08 09:33:48.078078909,2025-09-10 09:33:48.078078909,2,late,1,0,1
S0247,ASG_04,ML Basics,2025-09-08 09:33:48.078078909,2025-09-10 09:33:48.078078909,2,late,1,0,1
S0248,ASG_04,ML Basics,2025-09-08 09:33:48.078078909,2025-09-10 09:33:48.078078909,2,late,1,0,1
S0249,ASG_04,ML Basics,2025-09-08 09:33:48.078078909,2025-09-09 09:33:48.078078909,1,late,1,0,1
S0250,ASG_04,ML Basics,2025-09-08 09:33:48.078078909,2025-09-08 09:33:48.078078909,0,on_time,0,0,1
S0251,ASG_04,ML Basics,2025-09-08 09:33:48.078078909,2025-09-10 09:33:48.078078909,2,late,1,0,1
S0252,ASG_04,ML Basics,2025-09-08 09:33:48.078078909,,9,missed,0,1,0
S0253,ASG_04,ML Basics,2025-09-08 09:33:48.078078909,2025-09-09 09:33:48.078078909,1,late,1,0,1
S0254,ASG_04,ML Basics,2025-09-08 09:33:48.078078909,2025-09-09 09:33:48.078078909,1,late,1,0,1
S0255,ASG_04,ML Basics,2025-09-08 09:33:48.078078909,,7,missed,0,1,0
S0256,ASG_04,ML Basics,2025-09-08 09:33:48.078078909,2025-09-08 09:33:48.078078909,0,on_time,0,0,1
S0257,ASG_04,ML Basics,2025-09-08 09:33:48.078078909,,14,missed,0,1,0
S0258,ASG_04,ML Basics,2025-09-08 09:33:48.078078909,2025-09-09 09:33:48.078078909,1,late,1,0,1
S0259,ASG_04,ML Basics,2025-09-08 09:33:48.078078909,2025-09-08 09:33:48.078078909,0,on_time,0,0,1
S0260,ASG_04,ML Basics,2025-09-08 09:33:48.078078909,2025-09-08 09:33:48.078078909,0,on_time,0,0,1
S0261,ASG_04,ML Basics,2025-09-08 09:33:48.078078909,2025-09-08 09:33:48.078078909,0,on_time,0,0,1
S0262,ASG_04,ML Basics,2025-09-08 09:33:48.078078909,2025-09-10 09:33:48.078078909,2,late,1,0,1
S0263,ASG_04,ML Basics,2025-09-08 09:33:48.078078909,2025-09-08 09:33:48.078078909,0,on_time,0,0,1
S0264,ASG_04,ML Basics,2025-09-08 09:33:48.078078909,2025-09-08 09:33:48.078078909,0,on_time,0,0,1
S0265,ASG_04,ML Basics,2025-09-08 09:33:48.078078909,2025-09-10 09:33:48.078078909,2,late,1,0,1
S0266,ASG_04,ML Basics,2025-09-08 09:33:48.078078909,2025-09-08 09:33:48.078078909,0,on_time,0,0,1
S0267,ASG_04,ML Basics,2025-09-08 09:33:48.078078909,2025-09-08 09:33:48.078078909,0,on_time,0,0,1
S0268,ASG_04,ML Basics,2025-09-08 09:33:48.078078909,2025-09-11 09:33:48.078078909,3,late,1,0,1
S0269,ASG_04,ML Basics,2025-09-08 09:33:48.078078909,2025-09-09 09:33:48.078078909,1,late,1,0,1
S0270,ASG_04,ML Basics,2025-09-08 09:33:48.078078909,2025-09-10 09:33:48.078078909,2,late,1,0,1
S0271,ASG_04,ML Basics,2025-09-08 09:33:48.078078909,2025-09-08 09:33:48.078078909,0,on_time,0,0,1
S0272,ASG_04,ML Basics,2025-09-08 09:33:48.078078909,,15,missed,0,1,0
S0273,ASG_04,ML Basics,2025-09-08 09:33:48.078078909,2025-09-09 09:33:48.078078909,1,late,1,0,1
S0274,ASG_04,ML Basics,2025-09-08 09:33:48.078078909,2025-09-08 09:33:48.078078909,0,on_time,0,0,1
S0275,ASG_04,ML Basics,2025-09-08 09:33:48.078078909,2025-09-10 09:33:48.078078909,2,late,1,0,1
S0276,ASG_04,ML Basics,2025-09-08 09:33:48.078078909,2025-09-10 09:33:48.078078909,2,late,1,0,1
S0277,ASG_04,ML Basics,2025-09-08 09:33:48.078078909,2025-09-10 09:33:48.078078909,2,late,1,0,1
S0278,ASG_04,ML Basics,2025-09-08 09:33:48.078078909,2025-09-11 09:33:48.078078909,3,late,1,0,1
S0279,ASG_04,ML Basics,2025-09-08 09:33:48.078078909,2025-09-14 09:33:48.078078909,6,late,1,0,1
S0280,ASG_04,ML Basics,2025-09-08 09:33:48.078078909,2025-09-10 09:33:48.078078909,2,late,1,0,1
S0281,ASG_04,ML Basics,2025-09-08 09:33:48.078078909,2025-09-13 09:33:48.078078909,5,late,1,0,1
S0282,ASG_04,ML Basics,2025-09-08 09:33:48.078078909,2025-09-08 09:33:48.078078909,0,on_time,0,0,1
S0283,ASG_04,ML Basics,2025-09-08 09:33:48.078078909,2025-09-09 09:33:48.078078909,1,late,1,0,1
S0284,ASG_04,ML Basics,2025-09-08 09:33:48.078078909,2025-09-08 09:33:48.078078909,0,on_time,0,0,1
S0285,ASG_04,ML Basics,2025-09-08 09:33:48.078078909,2025-09-09 09:33:48.078078909,1,late,1,0,1
S0286,ASG_04,ML Basics,2025-09-08 09:33:48.078078909,2025-09-09 09:33:48.078078909,1,late,1,0,1
S0287,ASG_04,ML Basics,2025-09-08 09:33:48.078078909,2025-09-13 09:33:48.078078909,5,late,1,0,1
S0288,ASG_04,ML Basics,2025-09-08 09:33:48.078078909,2025-09-10 09:33:48.078078909,2,late,1,0,1
S0289,ASG_04,ML Basics,2025-09-08 09:33:48.078078909,2025-09-11 09:33:48.078078909,3,late,1,0,1
S0290,ASG_04,ML Basics,2025-09-08 09:33:48.078078909,2025-09-09 09:33:48.078078909,1,late,1,0,1
S0291,ASG_04,ML Basics,2025-09-08 09:33:48.078078909,2025-09-09 09:33:48.078078909,1,late,1,0,1
S0292,ASG_04,ML Basics,2025-09-08 09:33:48.078078909,,14,missed,0,1,0
S0293,ASG_04,ML Basics,2025-09-08 09:33:48.078078909,2025-09-11 09:33:48.078078909,3,late,1,0,1
S0294,ASG_04,ML Basics,2025-09-08 09:33:48.078078909,2025-09-11 09:33:48.078078909,3,late,1,0,1
S0295,ASG_04,ML Basics,2025-09-08 09:33:48.078078909,2025-09-08 09:33:48.078078909,0,on_time,0,0,1
S0296,ASG_04,ML Basics,2025-09-08 09:33:48.078078909,2025-09-08 09:33:48.078078909,0,on_time,0,0,1
S0297,ASG_04,ML Basics,2025-09-08 09:33:48.078078909,2025-09-11 09:33:48.078078909,3,late,1,0,1
S0298,ASG_04,ML Basics,2025-09-08 09:33:48.078078909,2025-09-08 09:33:48.078078909,0,on_time,0,0,1
S0299,ASG_04,ML Basics,2025-09-08 09:33:48.078078909,2025-09-08 09:33:48.078078909,0,on_time,0,0,1
S0300,ASG_04,ML Basics,2025-09-08 09:33:48.078078909,2025-09-13 09:33:48.078078909,5,late,1,0,1
S0301,ASG_04,ML Basics,2025-09-08 09:33:48.078078909,2025-09-08 09:33:48.078078909,0,on_time,0,0,1
S0302,ASG_04,ML Basics,2025-09-08 09:33:48.078078909,2025-09-12 09:33:48.078078909,4,late,1,0,1
S0303,ASG_04,ML Basics,2025-09-08 09:33:48.078078909,2025-09-09 09:33:48.078078909,1,late,1,0,1
S0304,ASG_04,ML Basics,2025-09-08 09:33:48.078078909,2025-09-10 09:33:48.078078909,2,late,1,0,1
S0305,ASG_04,ML Basics,2025-09-08 09:33:48.078078909,2025-09-10 09:33:48.078078909,2,late,1,0,1
S0306,ASG_04,ML Basics,2025-09-08 09:33:48.078078909,2025-09-09 09:33:48.078078909,1,late,1,0,1
S0307,ASG_04,ML Basics,2025-09-08 09:33:48.078078909,2025-09-09 09:33:48.078078909,1,late,1,0,1
S0308,ASG_04,ML Basics,2025-09-08 09:33:48.078078909,2025-09-11 09:33:48.078078909,3,late,1,0,1
S0309,ASG_04,ML Basics,2025-09-08 09:33:48.078078909,2025-09-12 09:33:48.078078909,4,late,1,0,1
S0310,ASG_04,ML Basics,2025-09-08 09:33:48.078078909,2025-09-11 09:33:48.078078909,3,late,1,0,1
S0311,ASG_04,ML Basics,2025-09-08 09:33:48.078078909,2025-09-10 09:33:48.078078909,2,late,1,0,1
S0312,ASG_04,ML Basics,2025-09-08 09:33:48.078078909,2025-09-09 09:33:48.078078909,1,late,1,0,1
S0313,ASG_04,ML Basics,2025-09-08 09:33:48.078078909,2025-09-08 09:33:48.078078909,0,on_time,0,0,1
S0314,ASG_04,ML Basics,2025-09-08 09:33:48.078078909,2025-09-10 09:33:48.078078909,2,late,1,0,1
S0315,ASG_04,ML Basics,2025-09-08 09:33:48.078078909,2025-09-10 09:33:48.078078909,2,late,1,0,1
S0316,ASG_04,ML Basics,2025-09-08 09:33:48.078078909,2025-09-11 09:33:48.078078909,3,late,1,0,1
S0317,ASG_04,ML Basics,2025-09-08 09:33:48.078078909,2025-09-11 09:33:48.078078909,3,late,1,0,1
S0318,ASG_04,ML Basics,2025-09-08 09:33:48.078078909,2025-09-11 09:33:48.078078909,3,late,1,0,1
S0319,ASG_04,ML Basics,2025-09-08 09:33:48.078078909,2025-09-08 09:33:48.078078909,0,on_time,0,0,1
S0320,ASG_04,ML Basics,2025-09-08 09:33:48.078078909,2025-09-12 09:33:48.078078909,4,late,1,0,1
S0321,ASG_04,ML Basics,2025-09-08 09:33:48.078078909,2025-09-10 09:33:48.078078909,2,late,1,0,1
S0322,ASG_04,ML Basics,2025-09-08 09:33:48.078078909,2025-09-08 09:33:48.078078909,0,on_time,0,0,1
S0323,ASG_04,ML Basics,2025-09-08 09:33:48.078078909,2025-09-08 09:33:48.078078909,0,on_time,0,0,1
S0324,ASG_04,ML Basics,2025-09-08 09:33:48.078078909,,11,missed,0,1,0
S0325,ASG_04,ML Basics,2025-09-08 09:33:48.078078909,2025-09-09 09:33:48.078078909,1,late,1,0,1
S0326,ASG_04,ML Basics,2025-09-08 09:33:48.078078909,2025-09-09 09:33:48.078078909,1,late,1,0,1
S0327,ASG_04,ML Basics,2025-09-08 09:33:48.078078909,2025-09-10 09:33:48.078078909,2,late,1,0,1
S0328,ASG_04,ML Basics,2025-09-08 09:33:48.078078909,2025-09-11 09:33:48.078078909,3,late,1,0,1
S0329,ASG_04,ML Basics,2025-09-08 09:33:48.078078909,2025-09-10 09:33:48.078078909,2,late,1,0,1
S0330,ASG_04,ML Basics,2025-09-08 09:33:48.078078909,2025-09-08 09:33:48.078078909,0,on_time,0,0,1
S0331,ASG_04,ML Basics,2025-09-08 09:33:48.078078909,2025-09-12 09:33:48.078078909,4,late,1,0,1
S0332,ASG_04,ML Basics,2025-09-08 09:33:48.078078909,2025-09-08 09:33:48.078078909,0,on_time,0,0,1
S0333,ASG_04,ML Basics,2025-09-08 09:33:48.078078909,2025-09-10 09:33:48.078078909,2,late,1,0,1
S0334,ASG_04,ML Basics,2025-09-08 09:33:48.078078909,2025-09-09 09:33:48.078078909,1,late,1,0,1
S0335,ASG_04,ML Basics,2025-09-08 09:33:48.078078909,2025-09-10 09:33:48.078078909,2,late,1,0,1
S0336,ASG_04,ML Basics,2025-09-08 09:33:48.078078909,2025-09-08 09:33:48.078078909,0,on_time,0,0,1
S0337,ASG_04,ML Basics,2025-09-08 09:33:48.078078909,2025-09-09 09:33:48.078078909,1,late,1,0,1
S0338,ASG_04,ML Basics,2025-09-08 09:33:48.078078909,2025-09-09 09:33:48.078078909,1,late,1,0,1
S0339,ASG_04,ML Basics,2025-09-08 09:33:48.078078909,2025-09-10 09:33:48.078078909,2,late,1,0,1
S0340,ASG_04,ML Basics,2025-09-08 09:33:48.078078909,2025-09-11 09:33:48.078078909,3,late,1,0,1
S0341,ASG_04,ML Basics,2025-09-08 09:33:48.078078909,2025-09-08 09:33:48.078078909,0,on_time,0,0,1
S0342,ASG_04,ML Basics,2025-09-08 09:33:48.078078909,2025-09-11 09:33:48.078078909,3,late,1,0,1
S0343,ASG_04,ML Basics,2025-09-08 09:33:48.078078909,2025-09-11 09:33:48.078078909,3,late,1,0,1
S0344,ASG_04,ML Basics,2025-09-08 09:33:48.078078909,2025-09-08 09:33:48.078078909,0,on_time,0,0,1
S0345,ASG_04,ML Basics,2025-09-08 09:33:48.078078909,2025-09-08 09:33:48.078078909,0,on_time,0,0,1
S0346,ASG_04,ML Basics,2025-09-08 09:33:48.078078909,2025-09-09 09:33:48.078078909,1,late,1,0,1
S0347,ASG_04,ML Basics,2025-09-08 09:33:48.078078909,2025-09-10 09:33:48.078078909,2,late,1,0,1
S0348,ASG_04,ML Basics,2025-09-08 09:33:48.078078909,2025-09-08 09:33:48.078078909,0,on_time,0,0,1
S0349,ASG_04,ML Basics,2025-09-08 09:33:48.078078909,,15,missed,0,1,0
S0350,ASG_04,ML Basics,2025-09-08 09:33:48.078078909,2025-09-08 09:33:48.078078909,0,on_time,0,0,1
S0351,ASG_04,ML Basics,2025-09-08 09:33:48.078078909,2025-09-12 09:33:48.078078909,4,late,1,0,1
S0352,ASG_04,ML Basics,2025-09-08 09:33:48.078078909,2025-09-11 09:33:48.078078909,3,late,1,0,1
S0353,ASG_04,ML Basics,2025-09-08 09:33:48.078078909,2025-09-10 09:33:48.078078909,2,late,1,0,1
S0354,ASG_04,ML Basics,2025-09-08 09:33:48.078078909,2025-09-11 09:33:48.078078909,3,late,1,0,1
S0355,ASG_04,ML Basics,2025-09-08 09:33:48.078078909,,11,missed,0,1,0
S0356,ASG_04,ML Basics,2025-09-08 09:33:48.078078909,2025-09-10 09:33:48.078078909,2,late,1,0,1
S0357,ASG_04,ML Basics,2025-09-08 09:33:48.078078909,,8,missed,0,1,0
S0358,ASG_04,ML Basics,2025-09-08 09:33:48.078078909,2025-09-09 09:33:48.078078909,1,late,1,0,1
S0359,ASG_04,ML Basics,2025-09-08 09:33:48.078078909,2025-09-10 09:33:48.078078909,2,late,1,0,1
S0360,ASG_04,ML Basics,2025-09-08 09:33:48.078078909,2025-09-11 09:33:48.078078909,3,late,1,0,1
S0361,ASG_04,ML Basics,2025-09-08 09:33:48.078078909,2025-09-10 09:33:48.078078909,2,late,1,0,1
S0362,ASG_04,ML Basics,2025-09-08 09:33:48.078078909,2025-09-10 09:33:48.078078909,2,late,1,0,1
S0363,ASG_04,ML Basics,2025-09-08 09:33:48.078078909,2025-09-08 09:33:48.078078909,0,on_time,0,0,1
S0364,ASG_04,ML Basics,2025-09-08 09:33:48.078078909,2025-09-08 09:33:48.078078909,0,on_time,0,0,1
S0365,ASG_04,ML Basics,2025-09-08 09:33:48.078078909,2025-09-09 09:33:48.078078909,1,late,1,0,1
S0366,ASG_04,ML Basics,2025-09-08 09:33:48.078078909,2025-09-12 09:33:48.078078909,4,late,1,0,1
S0367,ASG_04,ML Basics,2025-09-08 09:33:48.078078909,2025-09-09 09:33:48.078078909,1,late,1,0,1
S0368,ASG_04,ML Basics,2025-09-08 09:33:48.078078909,2025-09-08 09:33:48.078078909,0,on_time,0,0,1
S0369,ASG_04,ML Basics,2025-09-08 09:33:48.078078909,2025-09-08 09:33:48.078078909,0,on_time,0,0,1
S0370,ASG_04,ML Basics,2025-09-08 09:33:48.078078909,2025-09-11 09:33:48.078078909,3,late,1,0,1
S0371,ASG_04,ML Basics,2025-09-08 09:33:48.078078909,2025-09-08 09:33:48.078078909,0,on_time,0,0,1
S0372,ASG_04,ML Basics,2025-09-08 09:33:48.078078909,2025-09-10 09:33:48.078078909,2,late,1,0,1
S0373,ASG_04,ML Basics,2025-09-08 09:33:48.078078909,,9,missed,0,1,0
S0374,ASG_04,ML Basics,2025-09-08 09:33:48.078078909,2025-09-11 09:33:48.078078909,3,late,1,0,1
S0375,ASG_04,ML Basics,2025-09-08 09:33:48.078078909,2025-09-11 09:33:48.078078909,3,late,1,0,1
S0376,ASG_04,ML Basics,2025-09-08 09:33:48.078078909,2025-09-08 09:33:48.078078909,0,on_time,0,0,1
S0377,ASG_04,ML Basics,2025-09-08 09:33:48.078078909,,12,missed,0,1,0
S0378,ASG_04,ML Basics,2025-09-08 09:33:48.078078909,2025-09-10 09:33:48.078078909,2,late,1,0,1
S0379,ASG_04,ML Basics,2025-09-08 09:33:48.078078909,2025-09-11 09:33:48.078078909,3,late,1,0,1
S0380,ASG_04,ML Basics,2025-09-08 09:33:48.078078909,2025-09-09 09:33:48.078078909,1,late,1,0,1
S0381,ASG_04,ML Basics,2025-09-08 09:33:48.078078909,2025-09-09 09:33:48.078078909,1,late,1,0,1
S0382,ASG_04,ML Basics,2025-09-08 09:33:48.078078909,2025-09-08 09:33:48.078078909,0,on_time,0,0,1
S0383,ASG_04,ML Basics,2025-09-08 09:33:48.078078909,2025-09-12 09:33:48.078078909,4,late,1,0,1
S0384,ASG_04,ML Basics,2025-09-08 09:33:48.078078909,2025-09-14 09:33:48.078078909,6,late,1,0,1
S0385,ASG_04,ML Basics,2025-09-08 09:33:48.078078909,2025-09-08 09:33:48.078078909,0,on_time,0,0,1
S0386,ASG_04,ML Basics,2025-09-08 09:33:48.078078909,2025-09-11 09:33:48.078078909,3,late,1,0,1
S0387,ASG_04,ML Basics,2025-09-08 09:33:48.078078909,2025-09-12 09:33:48.078078909,4,late,1,0,1
S0388,ASG_04,ML Basics,2025-09-08 09:33:48.078078909,2025-09-09 09:33:48.078078909,1,late,1,0,1
S0389,ASG_04,ML Basics,2025-09-08 09:33:48.078078909,2025-09-08 09:33:48.078078909,0,on_time,0,0,1
S0390,ASG_04,ML Basics,2025-09-08 09:33:48.078078909,2025-09-12 09:33:48.078078909,4,late,1,0,1
S0391,ASG_04,ML Basics,2025-09-08 09:33:48.078078909,2025-09-08 09:33:48.078078909,0,on_time,0,0,1
S0392,ASG_04,ML Basics,2025-09-08 09:33:48.078078909,2025-09-12 09:33:48.078078909,4,late,1,0,1
S0393,ASG_04,ML Basics,2025-09-08 09:33:48.078078909,2025-09-08 09:33:48.078078909,0,on_time,0,0,1
S0394,ASG_04,ML Basics,2025-09-08 09:33:48.078078909,2025-09-08 09:33:48.078078909,0,on_time,0,0,1
S0395,ASG_04,ML Basics,2025-09-08 09:33:48.078078909,2025-09-09 09:33:48.078078909,1,late,1,0,1
S0396,ASG_04,ML Basics,2025-09-08 09:33:48.078078909,2025-09-10 09:33:48.078078909,2,late,1,0,1
S0397,ASG_04,ML Basics,2025-09-08 09:33:48.078078909,2025-09-10 09:33:48.078078909,2,late,1,0,1
S0398,ASG_04,ML Basics,2025-09-08 09:33:48.078078909,2025-09-10 09:33:48.078078909,2,late,1,0,1
S0399,ASG_04,ML Basics,2025-09-08 09:33:48.078078909,2025-09-10 09:33:48.078078909,2,late,1,0,1
S0400,ASG_04,ML Basics,2025-09-08 09:33:48.078078909,2025-09-14 09:33:48.078078909,6,late,1,0,1
S0401,ASG_04,ML Basics,2025-09-08 09:33:48.078078909,2025-09-09 09:33:48.078078909,1,late,1,0,1
S0402,ASG_04,ML Basics,2025-09-08 09:33:48.078078909,2025-09-10 09:33:48.078078909,2,late,1,0,1
S0403,ASG_04,ML Basics,2025-09-08 09:33:48.078078909,2025-09-10 09:33:48.078078909,2,late,1,0,1
S0404,ASG_04,ML Basics,2025-09-08 09:33:48.078078909,2025-09-08 09:33:48.078078909,0,on_time,0,0,1
S0405,ASG_04,ML Basics,2025-09-08 09:33:48.078078909,2025-09-08 09:33:48.078078909,0,on_time,0,0,1
S0406,ASG_04,ML Basics,2025-09-08 09:33:48.078078909,2025-09-10 09:33:48.078078909,2,late,1,0,1
S0407,ASG_04,ML Basics,2025-09-08 09:33:48.078078909,2025-09-10 09:33:48.078078909,2,late,1,0,1
S0408,ASG_04,ML Basics,2025-09-08 09:33:48.078078909,2025-09-08 09:33:48.078078909,0,on_time,0,0,1
S0409,ASG_04,ML Basics,2025-09-08 09:33:48.078078909,2025-09-13 09:33:48.078078909,5,late,1,0,1
S0410,ASG_04,ML Basics,2025-09-08 09:33:48.078078909,2025-09-11 09:33:48.078078909,3,late,1,0,1
S0411,ASG_04,ML Basics,2025-09-08 09:33:48.078078909,2025-09-10 09:33:48.078078909,2,late,1,0,1
S0412,ASG_04,ML Basics,2025-09-08 09:33:48.078078909,2025-09-10 09:33:48.078078909,2,late,1,0,1
S0413,ASG_04,ML Basics,2025-09-08 09:33:48.078078909,2025-09-08 09:33:48.078078909,0,on_time,0,0,1
S0414,ASG_04,ML Basics,2025-09-08 09:33:48.078078909,2025-09-10 09:33:48.078078909,2,late,1,0,1
S0415,ASG_04,ML Basics,2025-09-08 09:33:48.078078909,2025-09-10 09:33:48.078078909,2,late,1,0,1
S0416,ASG_04,ML Basics,2025-09-08 09:33:48.078078909,2025-09-12 09:33:48.078078909,4,late,1,0,1
S0417,ASG_04,ML Basics,2025-09-08 09:33:48.078078909,,14,missed,0,1,0
S0418,ASG_04,ML Basics,2025-09-08 09:33:48.078078909,2025-09-08 09:33:48.078078909,0,on_time,0,0,1
S0419,ASG_04,ML Basics,2025-09-08 09:33:48.078078909,2025-09-08 09:33:48.078078909,0,on_time,0,0,1
S0420,ASG_04,ML Basics,2025-09-08 09:33:48.078078909,2025-09-09 09:33:48.078078909,1,late,1,0,1
S0421,ASG_04,ML Basics,2025-09-08 09:33:48.078078909,2025-09-08 09:33:48.078078909,0,on_time,0,0,1
S0422,ASG_04,ML Basics,2025-09-08 09:33:48.078078909,2025-09-08 09:33:48.078078909,0,on_time,0,0,1
S0423,ASG_04,ML Basics,2025-09-08 09:33:48.078078909,2025-09-08 09:33:48.078078909,0,on_time,0,0,1
S0424,ASG_04,ML Basics,2025-09-08 09:33:48.078078909,2025-09-09 09:33:48.078078909,1,late,1,0,1
S0425,ASG_04,ML Basics,2025-09-08 09:33:48.078078909,2025-09-11 09:33:48.078078909,3,late,1,0,1
S0426,ASG_04,ML Basics,2025-09-08 09:33:48.078078909,2025-09-09 09:33:48.078078909,1,late,1,0,1
S0427,ASG_04,ML Basics,2025-09-08 09:33:48.078078909,2025-09-11 09:33:48.078078909,3,late,1,0,1
S0428,ASG_04,ML Basics,2025-09-08 09:33:48.078078909,2025-09-09 09:33:48.078078909,1,late,1,0,1
S0429,ASG_04,ML Basics,2025-09-08 09:33:48.078078909,2025-09-08 09:33:48.078078909,0,on_time,0,0,1
S0430,ASG_04,ML Basics,2025-09-08 09:33:48.078078909,2025-09-11 09:33:48.078078909,3,late,1,0,1
S0431,ASG_04,ML Basics,2025-09-08 09:33:48.078078909,2025-09-10 09:33:48.078078909,2,late,1,0,1
S0432,ASG_04,ML Basics,2025-09-08 09:33:48.078078909,2025-09-11 09:33:48.078078909,3,late,1,0,1
S0433,ASG_04,ML Basics,2025-09-08 09:33:48.078078909,2025-09-11 09:33:48.078078909,3,late,1,0,1
S0434,ASG_04,ML Basics,2025-09-08 09:33:48.078078909,2025-09-12 09:33:48.078078909,4,late,1,0,1
S0435,ASG_04,ML Basics,2025-09-08 09:33:48.078078909,,13,missed,0,1,0
S0436,ASG_04,ML Basics,2025-09-08 09:33:48.078078909,2025-09-10 09:33:48.078078909,2,late,1,0,1
S0437,ASG_04,ML Basics,2025-09-08 09:33:48.078078909,2025-09-08 09:33:48.078078909,0,on_time,0,0,1
S0438,ASG_04,ML Basics,2025-09-08 09:33:48.078078909,2025-09-15 09:33:48.078078909,7,late,1,0,1
S0439,ASG_04,ML Basics,2025-09-08 09:33:48.078078909,2025-09-10 09:33:48.078078909,2,late,1,0,1
S0440,ASG_04,ML Basics,2025-09-08 09:33:48.078078909,2025-09-09 09:33:48.078078909,1,late,1,0,1
S0441,ASG_04,ML Basics,2025-09-08 09:33:48.078078909,2025-09-08 09:33:48.078078909,0,on_time,0,0,1
S0442,ASG_04,ML Basics,2025-09-08 09:33:48.078078909,2025-09-08 09:33:48.078078909,0,on_time,0,0,1
S0443,ASG_04,ML Basics,2025-09-08 09:33:48.078078909,2025-09-08 09:33:48.078078909,0,on_time,0,0,1
S0444,ASG_04,ML Basics,2025-09-08 09:33:48.078078909,2025-09-15 09:33:48.078078909,7,late,1,0,1
S0445,ASG_04,ML Basics,2025-09-08 09:33:48.078078909,2025-09-08 09:33:48.078078909,0,on_time,0,0,1
S0446,ASG_04,ML Basics,2025-09-08 09:33:48.078078909,2025-09-08 09:33:48.078078909,0,on_time,0,0,1
S0447,ASG_04,ML Basics,2025-09-08 09:33:48.078078909,2025-09-09 09:33:48.078078909,1,late,1,0,1
S0448,ASG_04,ML Basics,2025-09-08 09:33:48.078078909,2025-09-09 09:33:48.078078909,1,late,1,0,1
S0449,ASG_04,ML Basics,2025-09-08 09:33:48.078078909,2025-09-09 09:33:48.078078909,1,late,1,0,1
S0450,ASG_04,ML Basics,2025-09-08 09:33:48.078078909,2025-09-09 09:33:48.078078909,1,late,1,0,1
S0451,ASG_04,ML Basics,2025-09-08 09:33:48.078078909,2025-09-10 09:33:48.078078909,2,late,1,0,1
S0452,ASG_04,ML Basics,2025-09-08 09:33:48.078078909,2025-09-09 09:33:48.078078909,1,late,1,0,1
S0453,ASG_04,ML Basics,2025-09-08 09:33:48.078078909,2025-09-10 09:33:48.078078909,2,late,1,0,1
S0454,ASG_04,ML Basics,2025-09-08 09:33:48.078078909,2025-09-10 09:33:48.078078909,2,late,1,0,1
S0455,ASG_04,ML Basics,2025-09-08 09:33:48.078078909,2025-09-11 09:33:48.078078909,3,late,1,0,1
S0456,ASG_04,ML Basics,2025-09-08 09:33:48.078078909,2025-09-11 09:33:48.078078909,3,late,1,0,1
S0457,ASG_04,ML Basics,2025-09-08 09:33:48.078078909,2025-09-09 09:33:48.078078909,1,late,1,0,1
S0458,ASG_04,ML Basics,2025-09-08 09:33:48.078078909,2025-09-10 09:33:48.078078909,2,late,1,0,1
S0459,ASG_04,ML Basics,2025-09-08 09:33:48.078078909,2025-09-12 09:33:48.078078909,4,late,1,0,1
S0460,ASG_04,ML Basics,2025-09-08 09:33:48.078078909,2025-09-08 09:33:48.078078909,0,on_time,0,0,1
S0461,ASG_04,ML Basics,2025-09-08 09:33:48.078078909,2025-09-09 09:33:48.078078909,1,late,1,0,1
S0462,ASG_04,ML Basics,2025-09-08 09:33:48.078078909,2025-09-10 09:33:48.078078909,2,late,1,0,1
S0463,ASG_04,ML Basics,2025-09-08 09:33:48.078078909,2025-09-08 09:33:48.078078909,0,on_time,0,0,1
S0464,ASG_04,ML Basics,2025-09-08 09:33:48.078078909,2025-09-13 09:33:48.078078909,5,late,1,0,1
S0465,ASG_04,ML Basics,2025-09-08 09:33:48.078078909,2025-09-09 09:33:48.078078909,1,late,1,0,1
S0466,ASG_04,ML Basics,2025-09-08 09:33:48.078078909,,8,missed,0,1,0
S0467,ASG_04,ML Basics,2025-09-08 09:33:48.078078909,,15,missed,0,1,0
S0468,ASG_04,ML Basics,2025-09-08 09:33:48.078078909,2025-09-12 09:33:48.078078909,4,late,1,0,1
S0469,ASG_04,ML Basics,2025-09-08 09:33:48.078078909,2025-09-11 09:33:48.078078909,3,late,1,0,1
S0470,ASG_04,ML Basics,2025-09-08 09:33:48.078078909,2025-09-09 09:33:48.078078909,1,late,1,0,1
S0471,ASG_04,ML Basics,2025-09-08 09:33:48.078078909,2025-09-08 09:33:48.078078909,0,on_time,0,0,1
S0472,ASG_04,ML Basics,2025-09-08 09:33:48.078078909,2025-09-09 09:33:48.078078909,1,late,1,0,1
S0473,ASG_04,ML Basics,2025-09-08 09:33:48.078078909,2025-09-08 09:33:48.078078909,0,on_time,0,0,1
S0474,ASG_04,ML Basics,2025-09-08 09:33:48.078078909,2025-09-10 09:33:48.078078909,2,late,1,0,1
S0475,ASG_04,ML Basics,2025-09-08 09:33:48.078078909,2025-09-08 09:33:48.078078909,0,on_time,0,0,1
S0476,ASG_04,ML Basics,2025-09-08 09:33:48.078078909,2025-09-10 09:33:48.078078909,2,late,1,0,1
S0477,ASG_04,ML Basics,2025-09-08 09:33:48.078078909,2025-09-10 09:33:48.078078909,2,late,1,0,1
S0478,ASG_04,ML Basics,2025-09-08 09:33:48.078078909,2025-09-09 09:33:48.078078909,1,late,1,0,1
S0479,ASG_04,ML Basics,2025-09-08 09:33:48.078078909,2025-09-09 09:33:48.078078909,1,late,1,0,1
S0480,ASG_04,ML Basics,2025-09-08 09:33:48.078078909,2025-09-08 09:33:48.078078909,0,on_time,0,0,1
S0481,ASG_04,ML Basics,2025-09-08 09:33:48.078078909,2025-09-09 09:33:48.078078909,1,late,1,0,1
S0482,ASG_04,ML Basics,2025-09-08 09:33:48.078078909,2025-09-12 09:33:48.078078909,4,late,1,0,1
S0483,ASG_04,ML Basics,2025-09-08 09:33:48.078078909,2025-09-12 09:33:48.078078909,4,late,1,0,1
S0484,ASG_04,ML Basics,2025-09-08 09:33:48.078078909,2025-09-09 09:33:48.078078909,1,late,1,0,1
S0485,ASG_04,ML Basics,2025-09-08 09:33:48.078078909,2025-09-09 09:33:48.078078909,1,late,1,0,1
S0486,ASG_04,ML Basics,2025-09-08 09:33:48.078078909,2025-09-10 09:33:48.078078909,2,late,1,0,1
S0487,ASG_04,ML Basics,2025-09-08 09:33:48.078078909,2025-09-10 09:33:48.078078909,2,late,1,0,1
S0488,ASG_04,ML Basics,2025-09-08 09:33:48.078078909,2025-09-08 09:33:48.078078909,0,on_time,0,0,1
S0489,ASG_04,ML Basics,2025-09-08 09:33:48.078078909,2025-09-10 09:33:48.078078909,2,late,1,0,1
S0490,ASG_04,ML Basics,2025-09-08 09:33:48.078078909,2025-09-12 09:33:48.078078909,4,late,1,0,1
S0491,ASG_04,ML Basics,2025-09-08 09:33:48.078078909,2025-09-10 09:33:48.078078909,2,late,1,0,1
S0492,ASG_04,ML Basics,2025-09-08 09:33:48.078078909,2025-09-09 09:33:48.078078909,1,late,1,0,1
S0493,ASG_04,ML Basics,2025-09-08 09:33:48.078078909,2025-09-08 09:33:48.078078909,0,on_time,0,0,1
S0494,ASG_04,ML Basics,2025-09-08 09:33:48.078078909,2025-09-10 09:33:48.078078909,2,late,1,0,1
S0495,ASG_04,ML Basics,2025-09-08 09:33:48.078078909,2025-09-10 09:33:48.078078909,2,late,1,0,1
S0496,ASG_04,ML Basics,2025-09-08 09:33:48.078078909,2025-09-10 09:33:48.078078909,2,late,1,0,1
S0497,ASG_04,ML Basics,2025-09-08 09:33:48.078078909,2025-09-11 09:33:48.078078909,3,late,1,0,1
S0498,ASG_04,ML Basics,2025-09-08 09:33:48.078078909,,15,missed,0,1,0
S0499,ASG_04,ML Basics,2025-09-08 09:33:48.078078909,2025-09-08 09:33:48.078078909,0,on_time,0,0,1
S0500,ASG_04,ML Basics,2025-09-08 09:33:48.078078909,2025-09-10 09:33:48.078078909,2,late,1,0,1
S0001,ASG_05,NLP,2025-09-24 16:06:31.714442545,2025-09-24 16:06:31.714442545,0,on_time,0,0,1
S0002,ASG_05,NLP,2025-09-24 16:06:31.714442545,2025-09-25 16:06:31.714442545,1,late,1,0,1
S0003,ASG_05,NLP,2025-09-24 16:06:31.714442545,2025-09-24 16:06:31.714442545,0,on_time,0,0,1
S0004,ASG_05,NLP,2025-09-24 16:06:31.714442545,2025-09-24 16:06:31.714442545,0,on_time,0,0,1
S0005,ASG_05,NLP,2025-09-24 16:06:31.714442545,,8,missed,0,1,0
S0006,ASG_05,NLP,2025-09-24 16:06:31.714442545,2025-09-24 16:06:31.714442545,0,on_time,0,0,1
S0007,ASG_05,NLP,2025-09-24 16:06:31.714442545,2025-09-28 16:06:31.714442545,4,late,1,0,1
S0008,ASG_05,NLP,2025-09-24 16:06:31.714442545,2025-09-27 16:06:31.714442545,3,late,1,0,1
S0009,ASG_05,NLP,2025-09-24 16:06:31.714442545,2025-09-24 16:06:31.714442545,0,on_time,0,0,1
S0010,ASG_05,NLP,2025-09-24 16:06:31.714442545,2025-09-24 16:06:31.714442545,0,on_time,0,0,1
S0011,ASG_05,NLP,2025-09-24 16:06:31.714442545,2025-09-26 16:06:31.714442545,2,late,1,0,1
S0012,ASG_05,NLP,2025-09-24 16:06:31.714442545,2025-09-26 16:06:31.714442545,2,late,1,0,1
S0013,ASG_05,NLP,2025-09-24 16:06:31.714442545,2025-09-26 16:06:31.714442545,2,late,1,0,1
S0014,ASG_05,NLP,2025-09-24 16:06:31.714442545,2025-09-28 16:06:31.714442545,4,late,1,0,1
S0015,ASG_05,NLP,2025-09-24 16:06:31.714442545,,12,missed,0,1,0
S0016,ASG_05,NLP,2025-09-24 16:06:31.714442545,,8,missed,0,1,0
S0017,ASG_05,NLP,2025-09-24 16:06:31.714442545,2025-09-24 16:06:31.714442545,0,on_time,0,0,1
S0018,ASG_05,NLP,2025-09-24 16:06:31.714442545,2025-09-25 16:06:31.714442545,1,late,1,0,1
S0019,ASG_05,NLP,2025-09-24 16:06:31.714442545,2025-09-24 16:06:31.714442545,0,on_time,0,0,1
S0020,ASG_05,NLP,2025-09-24 16:06:31.714442545,2025-09-24 16:06:31.714442545,0,on_time,0,0,1
S0021,ASG_05,NLP,2025-09-24 16:06:31.714442545,,10,missed,0,1,0
S0022,ASG_05,NLP,2025-09-24 16:06:31.714442545,2025-09-24 16:06:31.714442545,0,on_time,0,0,1
S0023,ASG_05,NLP,2025-09-24 16:06:31.714442545,2025-09-24 16:06:31.714442545,0,on_time,0,0,1
S0024,ASG_05,NLP,2025-09-24 16:06:31.714442545,2025-09-27 16:06:31.714442545,3,late,1,0,1
S0025,ASG_05,NLP,2025-09-24 16:06:31.714442545,2025-09-24 16:06:31.714442545,0,on_time,0,0,1
S0026,ASG_05,NLP,2025-09-24 16:06:31.714442545,,8,missed,0,1,0
S0027,ASG_05,NLP,2025-09-24 16:06:31.714442545,2025-09-30 16:06:31.714442545,6,late,1,0,1
S0028,ASG_05,NLP,2025-09-24 16:06:31.714442545,2025-09-24 16:06:31.714442545,0,on_time,0,0,1
S0029,ASG_05,NLP,2025-09-24 16:06:31.714442545,2025-09-24 16:06:31.714442545,0,on_time,0,0,1
S0030,ASG_05,NLP,2025-09-24 16:06:31.714442545,2025-09-30 16:06:31.714442545,6,late,1,0,1
S0031,ASG_05,NLP,2025-09-24 16:06:31.714442545,2025-09-24 16:06:31.714442545,0,on_time,0,0,1
S0032,ASG_05,NLP,2025-09-24 16:06:31.714442545,2025-09-25 16:06:31.714442545,1,late,1,0,1
S0033,ASG_05,NLP,2025-09-24 16:06:31.714442545,2025-09-24 16:06:31.714442545,0,on_time,0,0,1
S0034,ASG_05,NLP,2025-09-24 16:06:31.714442545,2025-09-27 16:06:31.714442545,3,late,1,0,1
S0035,ASG_05,NLP,2025-09-24 16:06:31.714442545,2025-09-25 16:06:31.714442545,1,late,1,0,1
S0036,ASG_05,NLP,2025-09-24 16:06:31.714442545,2025-09-27 16:06:31.714442545,3,late,1,0,1
S0037,ASG_05,NLP,2025-09-24 16:06:31.714442545,2025-09-27 16:06:31.714442545,3,late,1,0,1
S0038,ASG_05,NLP,2025-09-24 16:06:31.714442545,2025-09-24 16:06:31.714442545,0,on_time,0,0,1
S0039,ASG_05,NLP,2025-09-24 16:06:31.714442545,2025-09-24 16:06:31.714442545,0,on_time,0,0,1
S0040,ASG_05,NLP,2025-09-24 16:06:31.714442545,2025-09-27 16:06:31.714442545,3,late,1,0,1
S0041,ASG_05,NLP,2025-09-24 16:06:31.714442545,2025-09-27 16:06:31.714442545,3,late,1,0,1
S0042,ASG_05,NLP,2025-09-24 16:06:31.714442545,2025-09-25 16:06:31.714442545,1,late,1,0,1
S0043,ASG_05,NLP,2025-09-24 16:06:31.714442545,2025-09-26 16:06:31.714442545,2,late,1,0,1
S0044,ASG_05,NLP,2025-09-24 16:06:31.714442545,2025-09-28 16:06:31.714442545,4,late,1,0,1
S0045,ASG_05,NLP,2025-09-24 16:06:31.714442545,2025-09-25 16:06:31.714442545,1,late,1,0,1
S0046,ASG_05,NLP,2025-09-24 16:06:31.714442545,2025-09-26 16:06:31.714442545,2,late,1,0,1
S0047,ASG_05,NLP,2025-09-24 16:06:31.714442545,2025-09-27 16:06:31.714442545,3,late,1,0,1
S0048,ASG_05,NLP,2025-09-24 16:06:31.714442545,2025-09-28 16:06:31.714442545,4,late,1,0,1
S0049,ASG_05,NLP,2025-09-24 16:06:31.714442545,2025-09-25 16:06:31.714442545,1,late,1,0,1
S0050,ASG_05,NLP,2025-09-24 16:06:31.714442545,2025-09-24 16:06:31.714442545,0,on_time,0,0,1
S0051,ASG_05,NLP,2025-09-24 16:06:31.714442545,2025-09-25 16:06:31.714442545,1,late,1,0,1
S0052,ASG_05,NLP,2025-09-24 16:06:31.714442545,2025-09-25 16:06:31.714442545,1,late,1,0,1
S0053,ASG_05,NLP,2025-09-24 16:06:31.714442545,2025-09-24 16:06:31.714442545,0,on_time,0,0,1
S0054,ASG_05,NLP,2025-09-24 16:06:31.714442545,2025-09-24 16:06:31.714442545,0,on_time,0,0,1
S0055,ASG_05,NLP,2025-09-24 16:06:31.714442545,2025-09-28 16:06:31.714442545,4,late,1,0,1
S0056,ASG_05,NLP,2025-09-24 16:06:31.714442545,2025-09-27 16:06:31.714442545,3,late,1,0,1
S0057,ASG_05,NLP,2025-09-24 16:06:31.714442545,2025-09-25 16:06:31.714442545,1,late,1,0,1
S0058,ASG_05,NLP,2025-09-24 16:06:31.714442545,2025-09-24 16:06:31.714442545,0,on_time,0,0,1
S0059,ASG_05,NLP,2025-09-24 16:06:31.714442545,2025-09-24 16:06:31.714442545,0,on_time,0,0,1
S0060,ASG_05,NLP,2025-09-24 16:06:31.714442545,2025-09-24 16:06:31.714442545,0,on_time,0,0,1
S0061,ASG_05,NLP,2025-09-24 16:06:31.714442545,2025-09-26 16:06:31.714442545,2,late,1,0,1
S0062,ASG_05,NLP,2025-09-24 16:06:31.714442545,2025-09-24 16:06:31.714442545,0,on_time,0,0,1
S0063,ASG_05,NLP,2025-09-24 16:06:31.714442545,2025-09-26 16:06:31.714442545,2,late,1,0,1
S0064,ASG_05,NLP,2025-09-24 16:06:31.714442545,2025-09-27 16:06:31.714442545,3,late,1,0,1
S0065,ASG_05,NLP,2025-09-24 16:06:31.714442545,2025-09-26 16:06:31.714442545,2,late,1,0,1
S0066,ASG_05,NLP,2025-09-24 16:06:31.714442545,2025-09-25 16:06:31.714442545,1,late,1,0,1
S0067,ASG_05,NLP,2025-09-24 16:06:31.714442545,2025-09-24 16:06:31.714442545,0,on_time,0,0,1
S0068,ASG_05,NLP,2025-09-24 16:06:31.714442545,2025-09-24 16:06:31.714442545,0,on_time,0,0,1
S0069,ASG_05,NLP,2025-09-24 16:06:31.714442545,2025-09-28 16:06:31.714442545,4,late,1,0,1
S0070,ASG_05,NLP,2025-09-24 16:06:31.714442545,2025-09-26 16:06:31.714442545,2,late,1,0,1
S0071,ASG_05,NLP,2025-09-24 16:06:31.714442545,2025-09-25 16:06:31.714442545,1,late,1,0,1
S0072,ASG_05,NLP,2025-09-24 16:06:31.714442545,2025-09-26 16:06:31.714442545,2,late,1,0,1
S0073,ASG_05,NLP,2025-09-24 16:06:31.714442545,2025-09-28 16:06:31.714442545,4,late,1,0,1
S0074,ASG_05,NLP,2025-09-24 16:06:31.714442545,2025-09-25 16:06:31.714442545,1,late,1,0,1
S0075,ASG_05,NLP,2025-09-24 16:06:31.714442545,2025-09-26 16:06:31.714442545,2,late,1,0,1
S0076,ASG_05,NLP,2025-09-24 16:06:31.714442545,2025-09-26 16:06:31.714442545,2,late,1,0,1
S0077,ASG_05,NLP,2025-09-24 16:06:31.714442545,2025-09-28 16:06:31.714442545,4,late,1,0,1
S0078,ASG_05,NLP,2025-09-24 16:06:31.714442545,2025-09-25 16:06:31.714442545,1,late,1,0,1
S0079,ASG_05,NLP,2025-09-24 16:06:31.714442545,2025-09-24 16:06:31.714442545,0,on_time,0,0,1
S0080,ASG_05,NLP,2025-09-24 16:06:31.714442545,2025-09-26 16:06:31.714442545,2,late,1,0,1
S0081,ASG_05,NLP,2025-09-24 16:06:31.714442545,,15,missed,0,1,0
S0082,ASG_05,NLP,2025-09-24 16:06:31.714442545,2025-09-26 16:06:31.714442545,2,late,1,0,1
S0083,ASG_05,NLP,2025-09-24 16:06:31.714442545,2025-09-28 16:06:31.714442545,4,late,1,0,1
S0084,ASG_05,NLP,2025-09-24 16:06:31.714442545,2025-09-25 16:06:31.714442545,1,late,1,0,1
S0085,ASG_05,NLP,2025-09-24 16:06:31.714442545,2025-09-26 16:06:31.714442545,2,late,1,0,1
S0086,ASG_05,NLP,2025-09-24 16:06:31.714442545,2025-09-24 16:06:31.714442545,0,on_time,0,0,1
S0087,ASG_05,NLP,2025-09-24 16:06:31.714442545,2025-09-24 16:06:31.714442545,0,on_time,0,0,1
S0088,ASG_05,NLP,2025-09-24 16:06:31.714442545,2025-09-24 16:06:31.714442545,0,on_time,0,0,1
S0089,ASG_05,NLP,2025-09-24 16:06:31.714442545,2025-09-25 16:06:31.714442545,1,late,1,0,1
S0090,ASG_05,NLP,2025-09-24 16:06:31.714442545,2025-09-24 16:06:31.714442545,0,on_time,0,0,1
S0091,ASG_05,NLP,2025-09-24 16:06:31.714442545,2025-09-27 16:06:31.714442545,3,late,1,0,1
S0092,ASG_05,NLP,2025-09-24 16:06:31.714442545,2025-09-24 16:06:31.714442545,0,on_time,0,0,1
S0093,ASG_05,NLP,2025-09-24 16:06:31.714442545,2025-09-30 16:06:31.714442545,6,late,1,0,1
S0094,ASG_05,NLP,2025-09-24 16:06:31.714442545,2025-09-24 16:06:31.714442545,0,on_time,0,0,1
S0095,ASG_05,NLP,2025-09-24 16:06:31.714442545,2025-09-26 16:06:31.714442545,2,late,1,0,1
S0096,ASG_05,NLP,2025-09-24 16:06:31.714442545,,13,missed,0,1,0
S0097,ASG_05,NLP,2025-09-24 16:06:31.714442545,2025-09-24 16:06:31.714442545,0,on_time,0,0,1
S0098,ASG_05,NLP,2025-09-24 16:06:31.714442545,2025-09-25 16:06:31.714442545,1,late,1,0,1
S0099,ASG_05,NLP,2025-09-24 16:06:31.714442545,2025-09-24 16:06:31.714442545,0,on_time,0,0,1
S0100,ASG_05,NLP,2025-09-24 16:06:31.714442545,,7,missed,0,1,0
S0101,ASG_05,NLP,2025-09-24 16:06:31.714442545,2025-09-25 16:06:31.714442545,1,late,1,0,1
S0102,ASG_05,NLP,2025-09-24 16:06:31.714442545,,10,missed,0,1,0
S0103,ASG_05,NLP,2025-09-24 16:06:31.714442545,2025-09-27 16:06:31.714442545,3,late,1,0,1
S0104,ASG_05,NLP,2025-09-24 16:06:31.714442545,2025-09-27 16:06:31.714442545,3,late,1,0,1
S0105,ASG_05,NLP,2025-09-24 16:06:31.714442545,2025-09-27 16:06:31.714442545,3,late,1,0,1
S0106,ASG_05,NLP,2025-09-24 16:06:31.714442545,,10,missed,0,1,0
S0107,ASG_05,NLP,2025-09-24 16:06:31.714442545,,15,missed,0,1,0
S0108,ASG_05,NLP,2025-09-24 16:06:31.714442545,2025-09-25 16:06:31.714442545,1,late,1,0,1
S0109,ASG_05,NLP,2025-09-24 16:06:31.714442545,2025-09-27 16:06:31.714442545,3,late,1,0,1
S0110,ASG_05,NLP,2025-09-24 16:06:31.714442545,2025-09-25 16:06:31.714442545,1,late,1,0,1
S0111,ASG_05,NLP,2025-09-24 16:06:31.714442545,2025-09-24 16:06:31.714442545,0,on_time,0,0,1
S0112,ASG_05,NLP,2025-09-24 16:06:31.714442545,,15,missed,0,1,0
S0113,ASG_05,NLP,2025-09-24 16:06:31.714442545,2025-09-28 16:06:31.714442545,4,late,1,0,1
S0114,ASG_05,NLP,2025-09-24 16:06:31.714442545,2025-09-24 16:06:31.714442545,0,on_time,0,0,1
S0115,ASG_05,NLP,2025-09-24 16:06:31.714442545,2025-09-25 16:06:31.714442545,1,late,1,0,1
S0116,ASG_05,NLP,2025-09-24 16:06:31.714442545,2025-09-25 16:06:31.714442545,1,late,1,0,1
S0117,ASG_05,NLP,2025-09-24 16:06:31.714442545,2025-09-27 16:06:31.714442545,3,late,1,0,1
S0118,ASG_05,NLP,2025-09-24 16:06:31.714442545,2025-09-25 16:06:31.714442545,1,late,1,0,1
S0119,ASG_05,NLP,2025-09-24 16:06:31.714442545,2025-09-26 16:06:31.714442545,2,late,1,0,1
S0120,ASG_05,NLP,2025-09-24 16:06:31.714442545,2025-09-24 16:06:31.714442545,0,on_time,0,0,1
S0121,ASG_05,NLP,2025-09-24 16:06:31.714442545,2025-09-27 16:06:31.714442545,3,late,1,0,1
S0122,ASG_05,NLP,2025-09-24 16:06:31.714442545,2025-09-26 16:06:31.714442545,2,late,1,0,1
S0123,ASG_05,NLP,2025-09-24 16:06:31.714442545,,10,missed,0,1,0
S0124,ASG_05,NLP,2025-09-24 16:06:31.714442545,2025-09-26 16:06:31.714442545,2,late,1,0,1
S0125,ASG_05,NLP,2025-09-24 16:06:31.714442545,2025-09-26 16:06:31.714442545,2,late,1,0,1
S0126,ASG_05,NLP,2025-09-24 16:06:31.714442545,2025-09-26 16:06:31.714442545,2,late,1,0,1
S0127,ASG_05,NLP,2025-09-24 16:06:31.714442545,2025-09-26 16:06:31.714442545,2,late,1,0,1
S0128,ASG_05,NLP,2025-09-24 16:06:31.714442545,2025-09-24 16:06:31.714442545,0,on_time,0,0,1
S0129,ASG_05,NLP,2025-09-24 16:06:31.714442545,2025-09-24 16:06:31.714442545,0,on_time,0,0,1
S0130,ASG_05,NLP,2025-09-24 16:06:31.714442545,2025-09-24 16:06:31.714442545,0,on_time,0,0,1
S0131,ASG_05,NLP,2025-09-24 16:06:31.714442545,2025-09-29 16:06:31.714442545,5,late,1,0,1
S0132,ASG_05,NLP,2025-09-24 16:06:31.714442545,2025-09-26 16:06:31.714442545,2,late,1,0,1
S0133,ASG_05,NLP,2025-09-24 16:06:31.714442545,,11,missed,0,1,0
S0134,ASG_05,NLP,2025-09-24 16:06:31.714442545,2025-09-24 16:06:31.714442545,0,on_time,0,0,1
S0135,ASG_05,NLP,2025-09-24 16:06:31.714442545,2025-09-28 16:06:31.714442545,4,late,1,0,1
S0136,ASG_05,NLP,2025-09-24 16:06:31.714442545,2025-09-24 16:06:31.714442545,0,on_time,0,0,1
S0137,ASG_05,NLP,2025-09-24 16:06:31.714442545,2025-09-24 16:06:31.714442545,0,on_time,0,0,1
S0138,ASG_05,NLP,2025-09-24 16:06:31.714442545,,11,missed,0,1,0
S0139,ASG_05,NLP,2025-09-24 16:06:31.714442545,2025-09-26 16:06:31.714442545,2,late,1,0,1
S0140,ASG_05,NLP,2025-09-24 16:06:31.714442545,2025-09-26 16:06:31.714442545,2,late,1,0,1
S0141,ASG_05,NLP,2025-09-24 16:06:31.714442545,2025-09-24 16:06:31.714442545,0,on_time,0,0,1
S0142,ASG_05,NLP,2025-09-24 16:06:31.714442545,2025-09-24 16:06:31.714442545,0,on_time,0,0,1
S0143,ASG_05,NLP,2025-09-24 16:06:31.714442545,2025-09-24 16:06:31.714442545,0,on_time,0,0,1
S0144,ASG_05,NLP,2025-09-24 16:06:31.714442545,2025-09-26 16:06:31.714442545,2,late,1,0,1
S0145,ASG_05,NLP,2025-09-24 16:06:31.714442545,2025-09-25 16:06:31.714442545,1,late,1,0,1
S0146,ASG_05,NLP,2025-09-24 16:06:31.714442545,2025-09-26 16:06:31.714442545,2,late,1,0,1
S0147,ASG_05,NLP,2025-09-24 16:06:31.714442545,,12,missed,0,1,0
S0148,ASG_05,NLP,2025-09-24 16:06:31.714442545,2025-10-02 16:06:31.714442545,8,late,1,0,1
S0149,ASG_05,NLP,2025-09-24 16:06:31.714442545,2025-09-25 16:06:31.714442545,1,late,1,0,1
S0150,ASG_05,NLP,2025-09-24 16:06:31.714442545,2025-09-24 16:06:31.714442545,0,on_time,0,0,1
S0151,ASG_05,NLP,2025-09-24 16:06:31.714442545,2025-09-29 16:06:31.714442545,5,late,1,0,1
S0152,ASG_05,NLP,2025-09-24 16:06:31.714442545,2025-09-24 16:06:31.714442545,0,on_time,0,0,1
S0153,ASG_05,NLP,2025-09-24 16:06:31.714442545,,8,missed,0,1,0
S0154,ASG_05,NLP,2025-09-24 16:06:31.714442545,2025-09-26 16:06:31.714442545,2,late,1,0,1
S0155,ASG_05,NLP,2025-09-24 16:06:31.714442545,2025-09-25 16:06:31.714442545,1,late,1,0,1
S0156,ASG_05,NLP,2025-09-24 16:06:31.714442545,2025-09-26 16:06:31.714442545,2,late,1,0,1
S0157,ASG_05,NLP,2025-09-24 16:06:31.714442545,2025-09-27 16:06:31.714442545,3,late,1,0,1
S0158,ASG_05,NLP,2025-09-24 16:06:31.714442545,,12,missed,0,1,0
S0159,ASG_05,NLP,2025-09-24 16:06:31.714442545,2025-09-27 16:06:31.714442545,3,late,1,0,1
S0160,ASG_05,NLP,2025-09-24 16:06:31.714442545,2025-09-25 16:06:31.714442545,1,late,1,0,1
S0161,ASG_05,NLP,2025-09-24 16:06:31.714442545,2025-09-24 16:06:31.714442545,0,on_time,0,0,1
S0162,ASG_05,NLP,2025-09-24 16:06:31.714442545,2025-09-26 16:06:31.714442545,2,late,1,0,1
S0163,ASG_05,NLP,2025-09-24 16:06:31.714442545,2025-09-27 16:06:31.714442545,3,late,1,0,1
S0164,ASG_05,NLP,2025-09-24 16:06:31.714442545,2025-09-26 16:06:31.714442545,2,late,1,0,1
S0165,ASG_05,NLP,2025-09-24 16:06:31.714442545,2025-09-24 16:06:31.714442545,0,on_time,0,0,1
S0166,ASG_05,NLP,2025-09-24 16:06:31.714442545,2025-09-24 16:06:31.714442545,0,on_time,0,0,1
S0167,ASG_05,NLP,2025-09-24 16:06:31.714442545,2025-09-27 16:06:31.714442545,3,late,1,0,1
S0168,ASG_05,NLP,2025-09-24 16:06:31.714442545,2025-09-24 16:06:31.714442545,0,on_time,0,0,1
S0169,ASG_05,NLP,2025-09-24 16:06:31.714442545,2025-09-27 16:06:31.714442545,3,late,1,0,1
S0170,ASG_05,NLP,2025-09-24 16:06:31.714442545,,11,missed,0,1,0
S0171,ASG_05,NLP,2025-09-24 16:06:31.714442545,2025-09-29 16:06:31.714442545,5,late,1,0,1
S0172,ASG_05,NLP,2025-09-24 16:06:31.714442545,2025-09-26 16:06:31.714442545,2,late,1,0,1
S0173,ASG_05,NLP,2025-09-24 16:06:31.714442545,2025-09-25 16:06:31.714442545,1,late,1,0,1
S0174,ASG_05,NLP,2025-09-24 16:06:31.714442545,2025-09-30 16:06:31.714442545,6,late,1,0,1
S0175,ASG_05,NLP,2025-09-24 16:06:31.714442545,2025-09-27 16:06:31.714442545,3,late,1,0,1
S0176,ASG_05,NLP,2025-09-24 16:06:31.714442545,,8,missed,0,1,0
S0177,ASG_05,NLP,2025-09-24 16:06:31.714442545,2025-09-24 16:06:31.714442545,0,on_time,0,0,1
S0178,ASG_05,NLP,2025-09-24 16:06:31.714442545,2025-09-24 16:06:31.714442545,0,on_time,0,0,1
S0179,ASG_05,NLP,2025-09-24 16:06:31.714442545,2025-09-26 16:06:31.714442545,2,late,1,0,1
S0180,ASG_05,NLP,2025-09-24 16:06:31.714442545,2025-09-24 16:06:31.714442545,0,on_time,0,0,1
S0181,ASG_05,NLP,2025-09-24 16:06:31.714442545,2025-09-30 16:06:31.714442545,6,late,1,0,1
S0182,ASG_05,NLP,2025-09-24 16:06:31.714442545,2025-09-25 16:06:31.714442545,1,late,1,0,1
S0183,ASG_05,NLP,2025-09-24 16:06:31.714442545,2025-09-27 16:06:31.714442545,3,late,1,0,1
S0184,ASG_05,NLP,2025-09-24 16:06:31.714442545,2025-09-25 16:06:31.714442545,1,late,1,0,1
S0185,ASG_05,NLP,2025-09-24 16:06:31.714442545,2025-09-26 16:06:31.714442545,2,late,1,0,1
S0186,ASG_05,NLP,2025-09-24 16:06:31.714442545,2025-09-26 16:06:31.714442545,2,late,1,0,1
S0187,ASG_05,NLP,2025-09-24 16:06:31.714442545,2025-09-25 16:06:31.714442545,1,late,1,0,1
S0188,ASG_05,NLP,2025-09-24 16:06:31.714442545,2025-09-28 16:06:31.714442545,4,late,1,0,1
S0189,ASG_05,NLP,2025-09-24 16:06:31.714442545,2025-09-29 16:06:31.714442545,5,late,1,0,1
S0190,ASG_05,NLP,2025-09-24 16:06:31.714442545,2025-09-29 16:06:31.714442545,5,late,1,0,1
S0191,ASG_05,NLP,2025-09-24 16:06:31.714442545,2025-10-01 16:06:31.714442545,7,late,1,0,1
S0192,ASG_05,NLP,2025-09-24 16:06:31.714442545,,7,missed,0,1,0
S0193,ASG_05,NLP,2025-09-24 16:06:31.714442545,2025-09-26 16:06:31.714442545,2,late,1,0,1
S0194,ASG_05,NLP,2025-09-24 16:06:31.714442545,,7,missed,0,1,0
S0195,ASG_05,NLP,2025-09-24 16:06:31.714442545,2025-09-27 16:06:31.714442545,3,late,1,0,1
S0196,ASG_05,NLP,2025-09-24 16:06:31.714442545,2025-09-26 16:06:31.714442545,2,late,1,0,1
S0197,ASG_05,NLP,2025-09-24 16:06:31.714442545,,13,missed,0,1,0
S0198,ASG_05,NLP,2025-09-24 16:06:31.714442545,2025-09-28 16:06:31.714442545,4,late,1,0,1
S0199,ASG_05,NLP,2025-09-24 16:06:31.714442545,,9,missed,0,1,0
S0200,ASG_05,NLP,2025-09-24 16:06:31.714442545,,7,missed,0,1,0
S0201,ASG_05,NLP,2025-09-24 16:06:31.714442545,2025-09-27 16:06:31.714442545,3,late,1,0,1
S0202,ASG_05,NLP,2025-09-24 16:06:31.714442545,2025-09-24 16:06:31.714442545,0,on_time,0,0,1
S0203,ASG_05,NLP,2025-09-24 16:06:31.714442545,2025-09-24 16:06:31.714442545,0,on_time,0,0,1
S0204,ASG_05,NLP,2025-09-24 16:06:31.714442545,2025-09-26 16:06:31.714442545,2,late,1,0,1
S0205,ASG_05,NLP,2025-09-24 16:06:31.714442545,2025-09-26 16:06:31.714442545,2,late,1,0,1
S0206,ASG_05,NLP,2025-09-24 16:06:31.714442545,2025-09-28 16:06:31.714442545,4,late,1,0,1
S0207,ASG_05,NLP,2025-09-24 16:06:31.714442545,2025-09-24 16:06:31.714442545,0,on_time,0,0,1
S0208,ASG_05,NLP,2025-09-24 16:06:31.714442545,2025-09-24 16:06:31.714442545,0,on_time,0,0,1
S0209,ASG_05,NLP,2025-09-24 16:06:31.714442545,2025-09-27 16:06:31.714442545,3,late,1,0,1
S0210,ASG_05,NLP,2025-09-24 16:06:31.714442545,2025-09-27 16:06:31.714442545,3,late,1,0,1
S0211,ASG_05,NLP,2025-09-24 16:06:31.714442545,2025-09-24 16:06:31.714442545,0,on_time,0,0,1
S0212,ASG_05,NLP,2025-09-24 16:06:31.714442545,2025-09-28 16:06:31.714442545,4,late,1,0,1
S0213,ASG_05,NLP,2025-09-24 16:06:31.714442545,2025-09-24 16:06:31.714442545,0,on_time,0,0,1
S0214,ASG_05,NLP,2025-09-24 16:06:31.714442545,2025-09-25 16:06:31.714442545,1,late,1,0,1
S0215,ASG_05,NLP,2025-09-24 16:06:31.714442545,2025-09-24 16:06:31.714442545,0,on_time,0,0,1
S0216,ASG_05,NLP,2025-09-24 16:06:31.714442545,2025-09-28 16:06:31.714442545,4,late,1,0,1
S0217,ASG_05,NLP,2025-09-24 16:06:31.714442545,2025-09-24 16:06:31.714442545,0,on_time,0,0,1
S0218,ASG_05,NLP,2025-09-24 16:06:31.714442545,2025-09-26 16:06:31.714442545,2,late,1,0,1
S0219,ASG_05,NLP,2025-09-24 16:06:31.714442545,2025-09-26 16:06:31.714442545,2,late,1,0,1
S0220,ASG_05,NLP,2025-09-24 16:06:31.714442545,2025-09-27 16:06:31.714442545,3,late,1,0,1
S0221,ASG_05,NLP,2025-09-24 16:06:31.714442545,2025-09-25 16:06:31.714442545,1,late,1,0,1
S0222,ASG_05,NLP,2025-09-24 16:06:31.714442545,2025-09-28 16:06:31.714442545,4,late,1,0,1
S0223,ASG_05,NLP,2025-09-24 16:06:31.714442545,2025-09-27 16:06:31.714442545,3,late,1,0,1
S0224,ASG_05,NLP,2025-09-24 16:06:31.714442545,2025-09-25 16:06:31.714442545,1,late,1,0,1
S0225,ASG_05,NLP,2025-09-24 16:06:31.714442545,2025-09-24 16:06:31.714442545,0,on_time,0,0,1
S0226,ASG_05,NLP,2025-09-24 16:06:31.714442545,2025-09-25 16:06:31.714442545,1,late,1,0,1
S0227,ASG_05,NLP,2025-09-24 16:06:31.714442545,2025-09-25 16:06:31.714442545,1,late,1,0,1
S0228,ASG_05,NLP,2025-09-24 16:06:31.714442545,2025-09-24 16:06:31.714442545,0,on_time,0,0,1
S0229,ASG_05,NLP,2025-09-24 16:06:31.714442545,2025-09-26 16:06:31.714442545,2,late,1,0,1
S0230,ASG_05,NLP,2025-09-24 16:06:31.714442545,2025-09-25 16:06:31.714442545,1,late,1,0,1
S0231,ASG_05,NLP,2025-09-24 16:06:31.714442545,2025-09-28 16:06:31.714442545,4,late,1,0,1
S0232,ASG_05,NLP,2025-09-24 16:06:31.714442545,,12,missed,0,1,0
S0233,ASG_05,NLP,2025-09-24 16:06:31.714442545,2025-09-24 16:06:31.714442545,0,on_time,0,0,1
S0234,ASG_05,NLP,2025-09-24 16:06:31.714442545,2025-09-26 16:06:31.714442545,2,late,1,0,1
S0235,ASG_05,NLP,2025-09-24 16:06:31.714442545,2025-09-26 16:06:31.714442545,2,late,1,0,1
S0236,ASG_05,NLP,2025-09-24 16:06:31.714442545,2025-09-26 16:06:31.714442545,2,late,1,0,1
S0237,ASG_05,NLP,2025-09-24 16:06:31.714442545,2025-09-26 16:06:31.714442545,2,late,1,0,1
S0238,ASG_05,NLP,2025-09-24 16:06:31.714442545,2025-09-26 16:06:31.714442545,2,late,1,0,1
S0239,ASG_05,NLP,2025-09-24 16:06:31.714442545,,9,missed,0,1,0
S0240,ASG_05,NLP,2025-09-24 16:06:31.714442545,,13,missed,0,1,0
S0241,ASG_05,NLP,2025-09-24 16:06:31.714442545,2025-09-25 16:06:31.714442545,1,late,1,0,1
S0242,ASG_05,NLP,2025-09-24 16:06:31.714442545,2025-10-01 16:06:31.714442545,7,late,1,0,1
S0243,ASG_05,NLP,2025-09-24 16:06:31.714442545,2025-09-26 16:06:31.714442545,2,late,1,0,1
S0244,ASG_05,NLP,2025-09-24 16:06:31.714442545,2025-09-26 16:06:31.714442545,2,late,1,0,1
S0245,ASG_05,NLP,2025-09-24 16:06:31.714442545,2025-09-25 16:06:31.714442545,1,late,1,0,1
S0246,ASG_05,NLP,2025-09-24 16:06:31.714442545,2025-09-26 16:06:31.714442545,2,late,1,0,1
S0247,ASG_05,NLP,2025-09-24 16:06:31.714442545,2025-09-24 16:06:31.714442545,0,on_time,0,0,1
S0248,ASG_05,NLP,2025-09-24 16:06:31.714442545,2025-09-24 16:06:31.714442545,0,on_time,0,0,1
S0249,ASG_05,NLP,2025-09-24 16:06:31.714442545,2025-09-28 16:06:31.714442545,4,late,1,0,1
S0250,ASG_05,NLP,2025-09-24 16:06:31.714442545,2025-09-24 16:06:31.714442545,0,on_time,0,0,1
S0251,ASG_05,NLP,2025-09-24 16:06:31.714442545,,11,missed,0,1,0
S0252,ASG_05,NLP,2025-09-24 16:06:31.714442545,2025-09-26 16:06:31.714442545,2,late,1,0,1
S0253,ASG_05,NLP,2025-09-24 16:06:31.714442545,2025-09-24 16:06:31.714442545,0,on_time,0,0,1
S0254,ASG_05,NLP,2025-09-24 16:06:31.714442545,2025-09-25 16:06:31.714442545,1,late,1,0,1
S0255,ASG_05,NLP,2025-09-24 16:06:31.714442545,2025-09-25 16:06:31.714442545,1,late,1,0,1
S0256,ASG_05,NLP,2025-09-24 16:06:31.714442545,,8,missed,0,1,0
S0257,ASG_05,NLP,2025-09-24 16:06:31.714442545,2025-09-26 16:06:31.714442545,2,late,1,0,1
S0258,ASG_05,NLP,2025-09-24 16:06:31.714442545,2025-09-25 16:06:31.714442545,1,late,1,0,1
S0259,ASG_05,NLP,2025-09-24 16:06:31.714442545,2025-09-26 16:06:31.714442545,2,late,1,0,1
S0260,ASG_05,NLP,2025-09-24 16:06:31.714442545,2025-09-24 16:06:31.714442545,0,on_time,0,0,1
S0261,ASG_05,NLP,2025-09-24 16:06:31.714442545,2025-09-27 16:06:31.714442545,3,late,1,0,1
S0262,ASG_05,NLP,2025-09-24 16:06:31.714442545,2025-09-25 16:06:31.714442545,1,late,1,0,1
S0263,ASG_05,NLP,2025-09-24 16:06:31.714442545,2025-09-27 16:06:31.714442545,3,late,1,0,1
S0264,ASG_05,NLP,2025-09-24 16:06:31.714442545,2025-09-25 16:06:31.714442545,1,late,1,0,1
S0265,ASG_05,NLP,2025-09-24 16:06:31.714442545,2025-09-24 16:06:31.714442545,0,on_time,0,0,1
S0266,ASG_05,NLP,2025-09-24 16:06:31.714442545,2025-09-26 16:06:31.714442545,2,late,1,0,1
S0267,ASG_05,NLP,2025-09-24 16:06:31.714442545,2025-09-25 16:06:31.714442545,1,late,1,0,1
S0268,ASG_05,NLP,2025-09-24 16:06:31.714442545,,14,missed,0,1,0
S0269,ASG_05,NLP,2025-09-24 16:06:31.714442545,2025-09-25 16:06:31.714442545,1,late,1,0,1
S0270,ASG_05,NLP,2025-09-24 16:06:31.714442545,2025-09-29 16:06:31.714442545,5,late,1,0,1
S0271,ASG_05,NLP,2025-09-24 16:06:31.714442545,2025-09-24 16:06:31.714442545,0,on_time,0,0,1
S0272,ASG_05,NLP,2025-09-24 16:06:31.714442545,2025-09-25 16:06:31.714442545,1,late,1,0,1
S0273,ASG_05,NLP,2025-09-24 16:06:31.714442545,2025-09-24 16:06:31.714442545,0,on_time,0,0,1
S0274,ASG_05,NLP,2025-09-24 16:06:31.714442545,2025-09-26 16:06:31.714442545,2,late,1,0,1
S0275,ASG_05,NLP,2025-09-24 16:06:31.714442545,2025-09-24 16:06:31.714442545,0,on_time,0,0,1
S0276,ASG_05,NLP,2025-09-24 16:06:31.714442545,2025-09-25 16:06:31.714442545,1,late,1,0,1
S0277,ASG_05,NLP,2025-09-24 16:06:31.714442545,2025-09-27 16:06:31.714442545,3,late,1,0,1
S0278,ASG_05,NLP,2025-09-24 16:06:31.714442545,2025-09-28 16:06:31.714442545,4,late,1,0,1
S0279,ASG_05,NLP,2025-09-24 16:06:31.714442545,2025-09-28 16:06:31.714442545,4,late,1,0,1
S0280,ASG_05,NLP,2025-09-24 16:06:31.714442545,2025-09-24 16:06:31.714442545,0,on_time,0,0,1
S0281,ASG_05,NLP,2025-09-24 16:06:31.714442545,2025-09-26 16:06:31.714442545,2,late,1,0,1
S0282,ASG_05,NLP,2025-09-24 16:06:31.714442545,,13,missed,0,1,0
S0283,ASG_05,NLP,2025-09-24 16:06:31.714442545,2025-09-24 16:06:31.714442545,0,on_time,0,0,1
S0284,ASG_05,NLP,2025-09-24 16:06:31.714442545,2025-09-24 16:06:31.714442545,0,on_time,0,0,1
S0285,ASG_05,NLP,2025-09-24 16:06:31.714442545,2025-09-28 16:06:31.714442545,4,late,1,0,1
S0286,ASG_05,NLP,2025-09-24 16:06:31.714442545,2025-09-28 16:06:31.714442545,4,late,1,0,1
S0287,ASG_05,NLP,2025-09-24 16:06:31.714442545,2025-09-26 16:06:31.714442545,2,late,1,0,1
S0288,ASG_05,NLP,2025-09-24 16:06:31.714442545,2025-09-24 16:06:31.714442545,0,on_time,0,0,1
S0289,ASG_05,NLP,2025-09-24 16:06:31.714442545,2025-09-25 16:06:31.714442545,1,late,1,0,1
S0290,ASG_05,NLP,2025-09-24 16:06:31.714442545,2025-09-24 16:06:31.714442545,0,on_time,0,0,1
S0291,ASG_05,NLP,2025-09-24 16:06:31.714442545,2025-09-24 16:06:31.714442545,0,on_time,0,0,1
S0292,ASG_05,NLP,2025-09-24 16:06:31.714442545,,11,missed,0,1,0
S0293,ASG_05,NLP,2025-09-24 16:06:31.714442545,2025-09-26 16:06:31.714442545,2,late,1,0,1
S0294,ASG_05,NLP,2025-09-24 16:06:31.714442545,2025-09-27 16:06:31.714442545,3,late,1,0,1
S0295,ASG_05,NLP,2025-09-24 16:06:31.714442545,2025-09-24 16:06:31.714442545,0,on_time,0,0,1
S0296,ASG_05,NLP,2025-09-24 16:06:31.714442545,2025-09-24 16:06:31.714442545,0,on_time,0,0,1
S0297,ASG_05,NLP,2025-09-24 16:06:31.714442545,2025-09-26 16:06:31.714442545,2,late,1,0,1
S0298,ASG_05,NLP,2025-09-24 16:06:31.714442545,2025-09-25 16:06:31.714442545,1,late,1,0,1
S0299,ASG_05,NLP,2025-09-24 16:06:31.714442545,2025-09-25 16:06:31.714442545,1,late,1,0,1
S0300,ASG_05,NLP,2025-09-24 16:06:31.714442545,,7,missed,0,1,0
S0301,ASG_05,NLP,2025-09-24 16:06:31.714442545,2025-09-26 16:06:31.714442545,2,late,1,0,1
S0302,ASG_05,NLP,2025-09-24 16:06:31.714442545,2025-09-27 16:06:31.714442545,3,late,1,0,1
S0303,ASG_05,NLP,2025-09-24 16:06:31.714442545,,12,missed,0,1,0
S0304,ASG_05,NLP,2025-09-24 16:06:31.714442545,2025-09-24 16:06:31.714442545,0,on_time,0,0,1
S0305,ASG_05,NLP,2025-09-24 16:06:31.714442545,2025-09-26 16:06:31.714442545,2,late,1,0,1
S0306,ASG_05,NLP,2025-09-24 16:06:31.714442545,2025-09-26 16:06:31.714442545,2,late,1,0,1
S0307,ASG_05,NLP,2025-09-24 16:06:31.714442545,2025-09-25 16:06:31.714442545,1,late,1,0,1
S0308,ASG_05,NLP,2025-09-24 16:06:31.714442545,,11,missed,0,1,0
S0309,ASG_05,NLP,2025-09-24 16:06:31.714442545,,13,missed,0,1,0
S0310,ASG_05,NLP,2025-09-24 16:06:31.714442545,2025-09-26 16:06:31.714442545,2,late,1,0,1
S0311,ASG_05,NLP,2025-09-24 16:06:31.714442545,2025-09-25 16:06:31.714442545,1,late,1,0,1
S0312,ASG_05,NLP,2025-09-24 16:06:31.714442545,2025-09-26 16:06:31.714442545,2,late,1,0,1
S0313,ASG_05,NLP,2025-09-24 16:06:31.714442545,2025-09-30 16:06:31.714442545,6,late,1,0,1
S0314,ASG_05,NLP,2025-09-24 16:06:31.714442545,2025-09-25 16:06:31.714442545,1,late,1,0,1
S0315,ASG_05,NLP,2025-09-24 16:06:31.714442545,2025-09-26 16:06:31.714442545,2,late,1,0,1
S0316,ASG_05,NLP,2025-09-24 16:06:31.714442545,2025-09-25 16:06:31.714442545,1,late,1,0,1
S0317,ASG_05,NLP,2025-09-24 16:06:31.714442545,,12,missed,0,1,0
S0318,ASG_05,NLP,2025-09-24 16:06:31.714442545,2025-09-26 16:06:31.714442545,2,late,1,0,1
S0319,ASG_05,NLP,2025-09-24 16:06:31.714442545,2025-09-26 16:06:31.714442545,2,late,1,0,1
S0320,ASG_05,NLP,2025-09-24 16:06:31.714442545,2025-09-24 16:06:31.714442545,0,on_time,0,0,1
S0321,ASG_05,NLP,2025-09-24 16:06:31.714442545,2025-09-24 16:06:31.714442545,0,on_time,0,0,1
S0322,ASG_05,NLP,2025-09-24 16:06:31.714442545,2025-09-27 16:06:31.714442545,3,late,1,0,1
S0323,ASG_05,NLP,2025-09-24 16:06:31.714442545,,11,missed,0,1,0
S0324,ASG_05,NLP,2025-09-24 16:06:31.714442545,2025-09-25 16:06:31.714442545,1,late,1,0,1
S0325,ASG_05,NLP,2025-09-24 16:06:31.714442545,2025-09-27 16:06:31.714442545,3,late,1,0,1
S0326,ASG_05,NLP,2025-09-24 16:06:31.714442545,2025-09-26 16:06:31.714442545,2,late,1,0,1
S0327,ASG_05,NLP,2025-09-24 16:06:31.714442545,2025-09-27 16:06:31.714442545,3,late,1,0,1
S0328,ASG_05,NLP,2025-09-24 16:06:31.714442545,2025-09-26 16:06:31.714442545,2,late,1,0,1
S0329,ASG_05,NLP,2025-09-24 16:06:31.714442545,2025-09-29 16:06:31.714442545,5,late,1,0,1
S0330,ASG_05,NLP,2025-09-24 16:06:31.714442545,2025-09-26 16:06:31.714442545,2,late,1,0,1
S0331,ASG_05,NLP,2025-09-24 16:06:31.714442545,2025-09-28 16:06:31.714442545,4,late,1,0,1
S0332,ASG_05,NLP,2025-09-24 16:06:31.714442545,2025-09-24 16:06:31.714442545,0,on_time,0,0,1
S0333,ASG_05,NLP,2025-09-24 16:06:31.714442545,2025-09-27 16:06:31.714442545,3,late,1,0,1
S0334,ASG_05,NLP,2025-09-24 16:06:31.714442545,2025-09-25 16:06:31.714442545,1,late,1,0,1
S0335,ASG_05,NLP,2025-09-24 16:06:31.714442545,2025-09-25 16:06:31.714442545,1,late,1,0,1
S0336,ASG_05,NLP,2025-09-24 16:06:31.714442545,2025-09-24 16:06:31.714442545,0,on_time,0,0,1
S0337,ASG_05,NLP,2025-09-24 16:06:31.714442545,2025-09-24 16:06:31.714442545,0,on_time,0,0,1
S0338,ASG_05,NLP,2025-09-24 16:06:31.714442545,,7,missed,0,1,0
S0339,ASG_05,NLP,2025-09-24 16:06:31.714442545,2025-09-27 16:06:31.714442545,3,late,1,0,1
S0340,ASG_05,NLP,2025-09-24 16:06:31.714442545,2025-09-24 16:06:31.714442545,0,on_time,0,0,1
S0341,ASG_05,NLP,2025-09-24 16:06:31.714442545,2025-09-25 16:06:31.714442545,1,late,1,0,1
S0342,ASG_05,NLP,2025-09-24 16:06:31.714442545,2025-09-28 16:06:31.714442545,4,late,1,0,1
S0343,ASG_05,NLP,2025-09-24 16:06:31.714442545,2025-09-26 16:06:31.714442545,2,late,1,0,1
S0344,ASG_05,NLP,2025-09-24 16:06:31.714442545,2025-09-27 16:06:31.714442545,3,late,1,0,1
S0345,ASG_05,NLP,2025-09-24 16:06:31.714442545,2025-09-25 16:06:31.714442545,1,late,1,0,1
S0346,ASG_05,NLP,2025-09-24 16:06:31.714442545,2025-09-24 16:06:31.714442545,0,on_time,0,0,1
S0347,ASG_05,NLP,2025-09-24 16:06:31.714442545,2025-09-25 16:06:31.714442545,1,late,1,0,1
S0348,ASG_05,NLP,2025-09-24 16:06:31.714442545,2025-09-27 16:06:31.714442545,3,late,1,0,1
S0349,ASG_05,NLP,2025-09-24 16:06:31.714442545,2025-09-25 16:06:31.714442545,1,late,1,0,1
S0350,ASG_05,NLP,2025-09-24 16:06:31.714442545,2025-09-24 16:06:31.714442545,0,on_time,0,0,1
S0351,ASG_05,NLP,2025-09-24 16:06:31.714442545,2025-09-27 16:06:31.714442545,3,late,1,0,1
S0352,ASG_05,NLP,2025-09-24 16:06:31.714442545,2025-09-29 16:06:31.714442545,5,late,1,0,1
S0353,ASG_05,NLP,2025-09-24 16:06:31.714442545,2025-09-25 16:06:31.714442545,1,late,1,0,1
S0354,ASG_05,NLP,2025-09-24 16:06:31.714442545,2025-09-24 16:06:31.714442545,0,on_time,0,0,1
S0355,ASG_05,NLP,2025-09-24 16:06:31.714442545,2025-09-24 16:06:31.714442545,0,on_time,0,0,1
S0356,ASG_05,NLP,2025-09-24 16:06:31.714442545,2025-09-28 16:06:31.714442545,4,late,1,0,1
S0357,ASG_05,NLP,2025-09-24 16:06:31.714442545,2025-09-24 16:06:31.714442545,0,on_time,0,0,1
S0358,ASG_05,NLP,2025-09-24 16:06:31.714442545,2025-09-26 16:06:31.714442545,2,late,1,0,1
S0359,ASG_05,NLP,2025-09-24 16:06:31.714442545,2025-09-24 16:06:31.714442545,0,on_time,0,0,1
S0360,ASG_05,NLP,2025-09-24 16:06:31.714442545,2025-09-26 16:06:31.714442545,2,late,1,0,1
S0361,ASG_05,NLP,2025-09-24 16:06:31.714442545,2025-09-28 16:06:31.714442545,4,late,1,0,1
S0362,ASG_05,NLP,2025-09-24 16:06:31.714442545,2025-09-24 16:06:31.714442545,0,on_time,0,0,1
S0363,ASG_05,NLP,2025-09-24 16:06:31.714442545,2025-09-28 16:06:31.714442545,4,late,1,0,1
S0364,ASG_05,NLP,2025-09-24 16:06:31.714442545,,15,missed,0,1,0
S0365,ASG_05,NLP,2025-09-24 16:06:31.714442545,2025-09-26 16:06:31.714442545,2,late,1,0,1
S0366,ASG_05,NLP,2025-09-24 16:06:31.714442545,2025-09-24 16:06:31.714442545,0,on_time,0,0,1
S0367,ASG_05,NLP,2025-09-24 16:06:31.714442545,2025-09-25 16:06:31.714442545,1,late,1,0,1
S0368,ASG_05,NLP,2025-09-24 16:06:31.714442545,2025-09-24 16:06:31.714442545,0,on_time,0,0,1
S0369,ASG_05,NLP,2025-09-24 16:06:31.714442545,,14,missed,0,1,0
S0370,ASG_05,NLP,2025-09-24 16:06:31.714442545,2025-09-26 16:06:31.714442545,2,late,1,0,1
S0371,ASG_05,NLP,2025-09-24 16:06:31.714442545,2025-09-26 16:06:31.714442545,2,late,1,0,1
S0372,ASG_05,NLP,2025-09-24 16:06:31.714442545,,9,missed,0,1,0
S0373,ASG_05,NLP,2025-09-24 16:06:31.714442545,2025-09-24 16:06:31.714442545,0,on_time,0,0,1
S0374,ASG_05,NLP,2025-09-24 16:06:31.714442545,,10,missed,0,1,0
S0375,ASG_05,NLP,2025-09-24 16:06:31.714442545,2025-09-26 16:06:31.714442545,2,late,1,0,1
S0376,ASG_05,NLP,2025-09-24 16:06:31.714442545,2025-09-27 16:06:31.714442545,3,late,1,0,1
S0377,ASG_05,NLP,2025-09-24 16:06:31.714442545,2025-09-24 16:06:31.714442545,0,on_time,0,0,1
S0378,ASG_05,NLP,2025-09-24 16:06:31.714442545,2025-09-25 16:06:31.714442545,1,late,1,0,1
S0379,ASG_05,NLP,2025-09-24 16:06:31.714442545,2025-09-25 16:06:31.714442545,1,late,1,0,1
S0380,ASG_05,NLP,2025-09-24 16:06:31.714442545,2025-09-26 16:06:31.714442545,2,late,1,0,1
S0381,ASG_05,NLP,2025-09-24 16:06:31.714442545,2025-09-25 16:06:31.714442545,1,late,1,0,1
S0382,ASG_05,NLP,2025-09-24 16:06:31.714442545,2025-09-26 16:06:31.714442545,2,late,1,0,1
S0383,ASG_05,NLP,2025-09-24 16:06:31.714442545,2025-09-24 16:06:31.714442545,0,on_time,0,0,1
S0384,ASG_05,NLP,2025-09-24 16:06:31.714442545,2025-09-26 16:06:31.714442545,2,late,1,0,1
S0385,ASG_05,NLP,2025-09-24 16:06:31.714442545,2025-09-28 16:06:31.714442545,4,late,1,0,1
S0386,ASG_05,NLP,2025-09-24 16:06:31.714442545,2025-09-25 16:06:31.714442545,1,late,1,0,1
S0387,ASG_05,NLP,2025-09-24 16:06:31.714442545,2025-09-26 16:06:31.714442545,2,late,1,0,1
S0388,ASG_05,NLP,2025-09-24 16:06:31.714442545,2025-09-27 16:06:31.714442545,3,late,1,0,1
S0389,ASG_05,NLP,2025-09-24 16:06:31.714442545,2025-09-26 16:06:31.714442545,2,late,1,0,1
S0390,ASG_05,NLP,2025-09-24 16:06:31.714442545,2025-09-29 16:06:31.714442545,5,late,1,0,1
S0391,ASG_05,NLP,2025-09-24 16:06:31.714442545,2025-09-26 16:06:31.714442545,2,late,1,0,1
S0392,ASG_05,NLP,2025-09-24 16:06:31.714442545,2025-09-26 16:06:31.714442545,2,late,1,0,1
S0393,ASG_05,NLP,2025-09-24 16:06:31.714442545,2025-09-26 16:06:31.714442545,2,late,1,0,1
S0394,ASG_05,NLP,2025-09-24 16:06:31.714442545,2025-09-28 16:06:31.714442545,4,late,1,0,1
S0395,ASG_05,NLP,2025-09-24 16:06:31.714442545,2025-09-25 16:06:31.714442545,1,late,1,0,1
S0396,ASG_05,NLP,2025-09-24 16:06:31.714442545,2025-09-29 16:06:31.714442545,5,late,1,0,1
S0397,ASG_05,NLP,2025-09-24 16:06:31.714442545,2025-09-24 16:06:31.714442545,0,on_time,0,0,1
S0398,ASG_05,NLP,2025-09-24 16:06:31.714442545,2025-09-28 16:06:31.714442545,4,late,1,0,1
S0399,ASG_05,NLP,2025-09-24 16:06:31.714442545,2025-09-24 16:06:31.714442545,0,on_time,0,0,1
S0400,ASG_05,NLP,2025-09-24 16:06:31.714442545,2025-09-27 16:06:31.714442545,3,late,1,0,1
S0401,ASG_05,NLP,2025-09-24 16:06:31.714442545,,13,missed,0,1,0
S0402,ASG_05,NLP,2025-09-24 16:06:31.714442545,2025-09-26 16:06:31.714442545,2,late,1,0,1
S0403,ASG_05,NLP,2025-09-24 16:06:31.714442545,2025-09-29 16:06:31.714442545,5,late,1,0,1
S0404,ASG_05,NLP,2025-09-24 16:06:31.714442545,2025-09-24 16:06:31.714442545,0,on_time,0,0,1
S0405,ASG_05,NLP,2025-09-24 16:06:31.714442545,,9,missed,0,1,0
S0406,ASG_05,NLP,2025-09-24 16:06:31.714442545,2025-09-24 16:06:31.714442545,0,on_time,0,0,1
S0407,ASG_05,NLP,2025-09-24 16:06:31.714442545,2025-09-24 16:06:31.714442545,0,on_time,0,0,1
S0408,ASG_05,NLP,2025-09-24 16:06:31.714442545,2025-09-26 16:06:31.714442545,2,late,1,0,1
S0409,ASG_05,NLP,2025-09-24 16:06:31.714442545,2025-09-24 16:06:31.714442545,0,on_time,0,0,1
S0410,ASG_05,NLP,2025-09-24 16:06:31.714442545,2025-09-25 16:06:31.714442545,1,late,1,0,1
S0411,ASG_05,NLP,2025-09-24 16:06:31.714442545,2025-09-28 16:06:31.714442545,4,late,1,0,1
S0412,ASG_05,NLP,2025-09-24 16:06:31.714442545,,7,missed,0,1,0
S0413,ASG_05,NLP,2025-09-24 16:06:31.714442545,2025-09-25 16:06:31.714442545,1,late,1,0,1
S0414,ASG_05,NLP,2025-09-24 16:06:31.714442545,2025-09-24 16:06:31.714442545,0,on_time,0,0,1
S0415,ASG_05,NLP,2025-09-24 16:06:31.714442545,2025-09-24 16:06:31.714442545,0,on_time,0,0,1
S0416,ASG_05,NLP,2025-09-24 16:06:31.714442545,2025-09-25 16:06:31.714442545,1,late,1,0,1
S0417,ASG_05,NLP,2025-09-24 16:06:31.714442545,2025-09-28 16:06:31.714442545,4,late,1,0,1
S0418,ASG_05,NLP,2025-09-24 16:06:31.714442545,2025-09-25 16:06:31.714442545,1,late,1,0,1
S0419,ASG_05,NLP,2025-09-24 16:06:31.714442545,2025-09-25 16:06:31.714442545,1,late,1,0,1
S0420,ASG_05,NLP,2025-09-24 16:06:31.714442545,2025-09-26 16:06:31.714442545,2,late,1,0,1
S0421,ASG_05,NLP,2025-09-24 16:06:31.714442545,,11,missed,0,1,0
S0422,ASG_05,NLP,2025-09-24 16:06:31.714442545,,10,missed,0,1,0
S0423,ASG_05,NLP,2025-09-24 16:06:31.714442545,2025-09-27 16:06:31.714442545,3,late,1,0,1
S0424,ASG_05,NLP,2025-09-24 16:06:31.714442545,2025-09-30 16:06:31.714442545,6,late,1,0,1
S0425,ASG_05,NLP,2025-09-24 16:06:31.714442545,2025-09-28 16:06:31.714442545,4,late,1,0,1
S0426,ASG_05,NLP,2025-09-24 16:06:31.714442545,2025-09-29 16:06:31.714442545,5,late,1,0,1
S0427,ASG_05,NLP,2025-09-24 16:06:31.714442545,2025-09-24 16:06:31.714442545,0,on_time,0,0,1
S0428,ASG_05,NLP,2025-09-24 16:06:31.714442545,2025-09-26 16:06:31.714442545,2,late,1,0,1
S0429,ASG_05,NLP,2025-09-24 16:06:31.714442545,,13,missed,0,1,0
S0430,ASG_05,NLP,2025-09-24 16:06:31.714442545,2025-09-27 16:06:31.714442545,3,late,1,0,1
S0431,ASG_05,NLP,2025-09-24 16:06:31.714442545,2025-09-24 16:06:31.714442545,0,on_time,0,0,1
S0432,ASG_05,NLP,2025-09-24 16:06:31.714442545,2025-09-29 16:06:31.714442545,5,late,1,0,1
S0433,ASG_05,NLP,2025-09-24 16:06:31.714442545,2025-09-25 16:06:31.714442545,1,late,1,0,1
S0434,ASG_05,NLP,2025-09-24 16:06:31.714442545,2025-09-25 16:06:31.714442545,1,late,1,0,1
S0435,ASG_05,NLP,2025-09-24 16:06:31.714442545,2025-09-24 16:06:31.714442545,0,on_time,0,0,1
S0436,ASG_05,NLP,2025-09-24 16:06:31.714442545,2025-09-25 16:06:31.714442545,1,late,1,0,1
S0437,ASG_05,NLP,2025-09-24 16:06:31.714442545,2025-09-27 16:06:31.714442545,3,late,1,0,1
S0438,ASG_05,NLP,2025-09-24 16:06:31.714442545,2025-09-26 16:06:31.714442545,2,late,1,0,1
S0439,ASG_05,NLP,2025-09-24 16:06:31.714442545,2025-09-26 16:06:31.714442545,2,late,1,0,1
S0440,ASG_05,NLP,2025-09-24 16:06:31.714442545,2025-09-27 16:06:31.714442545,3,late,1,0,1
S0441,ASG_05,NLP,2025-09-24 16:06:31.714442545,,9,missed,0,1,0
S0442,ASG_05,NLP,2025-09-24 16:06:31.714442545,2025-09-26 16:06:31.714442545,2,late,1,0,1
S0443,ASG_05,NLP,2025-09-24 16:06:31.714442545,2025-09-24 16:06:31.714442545,0,on_time,0,0,1
S0444,ASG_05,NLP,2025-09-24 16:06:31.714442545,2025-09-26 16:06:31.714442545,2,late,1,0,1
S0445,ASG_05,NLP,2025-09-24 16:06:31.714442545,2025-09-26 16:06:31.714442545,2,late,1,0,1
S0446,ASG_05,NLP,2025-09-24 16:06:31.714442545,2025-09-25 16:06:31.714442545,1,late,1,0,1
S0447,ASG_05,NLP,2025-09-24 16:06:31.714442545,2025-09-26 16:06:31.714442545,2,late,1,0,1
S0448,ASG_05,NLP,2025-09-24 16:06:31.714442545,2025-09-24 16:06:31.714442545,0,on_time,0,0,1
S0449,ASG_05,NLP,2025-09-24 16:06:31.714442545,2025-09-24 16:06:31.714442545,0,on_time,0,0,1
S0450,ASG_05,NLP,2025-09-24 16:06:31.714442545,2025-09-28 16:06:31.714442545,4,late,1,0,1
S0451,ASG_05,NLP,2025-09-24 16:06:31.714442545,2025-09-25 16:06:31.714442545,1,late,1,0,1
S0452,ASG_05,NLP,2025-09-24 16:06:31.714442545,,10,missed,0,1,0
S0453,ASG_05,NLP,2025-09-24 16:06:31.714442545,2025-09-24 16:06:31.714442545,0,on_time,0,0,1
S0454,ASG_05,NLP,2025-09-24 16:06:31.714442545,2025-09-25 16:06:31.714442545,1,late,1,0,1
S0455,ASG_05,NLP,2025-09-24 16:06:31.714442545,2025-09-28 16:06:31.714442545,4,late,1,0,1
S0456,ASG_05,NLP,2025-09-24 16:06:31.714442545,2025-09-24 16:06:31.714442545,0,on_time,0,0,1
S0457,ASG_05,NLP,2025-09-24 16:06:31.714442545,2025-09-25 16:06:31.714442545,1,late,1,0,1
S0458,ASG_05,NLP,2025-09-24 16:06:31.714442545,2025-09-25 16:06:31.714442545,1,late,1,0,1
S0459,ASG_05,NLP,2025-09-24 16:06:31.714442545,2025-09-24 16:06:31.714442545,0,on_time,0,0,1
S0460,ASG_05,NLP,2025-09-24 16:06:31.714442545,2025-09-25 16:06:31.714442545,1,late,1,0,1
S0461,ASG_05,NLP,2025-09-24 16:06:31.714442545,,7,missed,0,1,0
S0462,ASG_05,NLP,2025-09-24 16:06:31.714442545,2025-09-27 16:06:31.714442545,3,late,1,0,1
S0463,ASG_05,NLP,2025-09-24 16:06:31.714442545,2025-09-25 16:06:31.714442545,1,late,1,0,1
S0464,ASG_05,NLP,2025-09-24 16:06:31.714442545,2025-09-26 16:06:31.714442545,2,late,1,0,1
S0465,ASG_05,NLP,2025-09-24 16:06:31.714442545,2025-09-25 16:06:31.714442545,1,late,1,0,1
S0466,ASG_05,NLP,2025-09-24 16:06:31.714442545,2025-09-27 16:06:31.714442545,3,late,1,0,1
S0467,ASG_05,NLP,2025-09-24 16:06:31.714442545,2025-09-24 16:06:31.714442545,0,on_time,0,0,1
S0468,ASG_05,NLP,2025-09-24 16:06:31.714442545,2025-09-27 16:06:31.714442545,3,late,1,0,1
S0469,ASG_05,NLP,2025-09-24 16:06:31.714442545,2025-09-26 16:06:31.714442545,2,late,1,0,1
S0470,ASG_05,NLP,2025-09-24 16:06:31.714442545,2025-09-28 16:06:31.714442545,4,late,1,0,1
S0471,ASG_05,NLP,2025-09-24 16:06:31.714442545,2025-09-26 16:06:31.714442545,2,late,1,0,1
S0472,ASG_05,NLP,2025-09-24 16:06:31.714442545,2025-09-24 16:06:31.714442545,0,on_time,0,0,1
S0473,ASG_05,NLP,2025-09-24 16:06:31.714442545,2025-09-26 16:06:31.714442545,2,late,1,0,1
S0474,ASG_05,NLP,2025-09-24 16:06:31.714442545,2025-09-26 16:06:31.714442545,2,late,1,0,1
S0475,ASG_05,NLP,2025-09-24 16:06:31.714442545,2025-09-28 16:06:31.714442545,4,late,1,0,1
S0476,ASG_05,NLP,2025-09-24 16:06:31.714442545,2025-09-24 16:06:31.714442545,0,on_time,0,0,1
S0477,ASG_05,NLP,2025-09-24 16:06:31.714442545,2025-09-24 16:06:31.714442545,0,on_time,0,0,1
S0478,ASG_05,NLP,2025-09-24 16:06:31.714442545,2025-09-26 16:06:31.714442545,2,late,1,0,1
S0479,ASG_05,NLP,2025-09-24 16:06:31.714442545,2025-09-28 16:06:31.714442545,4,late,1,0,1
S0480,ASG_05,NLP,2025-09-24 16:06:31.714442545,2025-09-26 16:06:31.714442545,2,late,1,0,1
S0481,ASG_05,NLP,2025-09-24 16:06:31.714442545,2025-09-27 16:06:31.714442545,3,late,1,0,1
S0482,ASG_05,NLP,2025-09-24 16:06:31.714442545,2025-09-24 16:06:31.714442545,0,on_time,0,0,1
S0483,ASG_05,NLP,2025-09-24 16:06:31.714442545,2025-09-26 16:06:31.714442545,2,late,1,0,1
S0484,ASG_05,NLP,2025-09-24 16:06:31.714442545,2025-09-28 16:06:31.714442545,4,late,1,0,1
S0485,ASG_05,NLP,2025-09-24 16:06:31.714442545,2025-09-26 16:06:31.714442545,2,late,1,0,1
S0486,ASG_05,NLP,2025-09-24 16:06:31.714442545,2025-09-24 16:06:31.714442545,0,on_time,0,0,1
S0487,ASG_05,NLP,2025-09-24 16:06:31.714442545,2025-09-25 16:06:31.714442545,1,late,1,0,1
S0488,ASG_05,NLP,2025-09-24 16:06:31.714442545,2025-09-26 16:06:31.714442545,2,late,1,0,1
S0489,ASG_05,NLP,2025-09-24 16:06:31.714442545,2025-09-24 16:06:31.714442545,0,on_time,0,0,1
S0490,ASG_05,NLP,2025-09-24 16:06:31.714442545,2025-09-25 16:06:31.714442545,1,late,1,0,1
S0491,ASG_05,NLP,2025-09-24 16:06:31.714442545,2025-09-24 16:06:31.714442545,0,on_time,0,0,1
S0492,ASG_05,NLP,2025-09-24 16:06:31.714442545,2025-09-27 16:06:31.714442545,3,late,1,0,1
S0493,ASG_05,NLP,2025-09-24 16:06:31.714442545,2025-09-25 16:06:31.714442545,1,late,1,0,1
S0494,ASG_05,NLP,2025-09-24 16:06:31.714442545,2025-09-26 16:06:31.714442545,2,late,1,0,1
S0495,ASG_05,NLP,2025-09-24 16:06:31.714442545,2025-09-26 16:06:31.714442545,2,late,1,0,1
S0496,ASG_05,NLP,2025-09-24 16:06:31.714442545,2025-09-25 16:06:31.714442545,1,late,1,0,1
S0497,ASG_05,NLP,2025-09-24 16:06:31.714442545,2025-09-29 16:06:31.714442545,5,late,1,0,1
S0498,ASG_05,NLP,2025-09-24 16:06:31.714442545,2025-09-24 16:06:31.714442545,0,on_time,0,0,1
S0499,ASG_05,NLP,2025-09-24 16:06:31.714442545,2025-09-26 16:06:31.714442545,2,late,1,0,1
S0500,ASG_05,NLP,2025-09-24 16:06:31.714442545,2025-09-25 16:06:31.714442545,1,late,1,0,1
S0001,ASG_06,Optimization,2025-10-10 22:39:15.350806181,2025-10-11 22:39:15.350806181,1,late,1,0,1
S0002,ASG_06,Optimization,2025-10-10 22:39:15.350806181,2025-10-15 22:39:15.350806181,5,late,1,0,1
S0003,ASG_06,Optimization,2025-10-10 22:39:15.350806181,2025-10-13 22:39:15.350806181,3,late,1,0,1
S0004,ASG_06,Optimization,2025-10-10 22:39:15.350806181,2025-10-11 22:39:15.350806181,1,late,1,0,1
S0005,ASG_06,Optimization,2025-10-10 22:39:15.350806181,2025-10-14 22:39:15.350806181,4,late,1,0,1
S0006,ASG_06,Optimization,2025-10-10 22:39:15.350806181,2025-10-13 22:39:15.350806181,3,late,1,0,1
S0007,ASG_06,Optimization,2025-10-10 22:39:15.350806181,2025-10-10 22:39:15.350806181,0,on_time,0,0,1
S0008,ASG_06,Optimization,2025-10-10 22:39:15.350806181,2025-10-14 22:39:15.350806181,4,late,1,0,1
S0009,ASG_06,Optimization,2025-10-10 22:39:15.350806181,2025-10-10 22:39:15.350806181,0,on_time,0,0,1
S0010,ASG_06,Optimization,2025-10-10 22:39:15.350806181,2025-10-10 22:39:15.350806181,0,on_time,0,0,1
S0011,ASG_06,Optimization,2025-10-10 22:39:15.350806181,2025-10-10 22:39:15.350806181,0,on_time,0,0,1
S0012,ASG_06,Optimization,2025-10-10 22:39:15.350806181,2025-10-10 22:39:15.350806181,0,on_time,0,0,1
S0013,ASG_06,Optimization,2025-10-10 22:39:15.350806181,2025-10-14 22:39:15.350806181,4,late,1,0,1
S0014,ASG_06,Optimization,2025-10-10 22:39:15.350806181,2025-10-12 22:39:15.350806181,2,late,1,0,1
S0015,ASG_06,Optimization,2025-10-10 22:39:15.350806181,2025-10-10 22:39:15.350806181,0,on_time,0,0,1
S0016,ASG_06,Optimization,2025-10-10 22:39:15.350806181,2025-10-12 22:39:15.350806181,2,late,1,0,1
S0017,ASG_06,Optimization,2025-10-10 22:39:15.350806181,2025-10-13 22:39:15.350806181,3,late,1,0,1
S0018,ASG_06,Optimization,2025-10-10 22:39:15.350806181,,12,missed,0,1,0
S0019,ASG_06,Optimization,2025-10-10 22:39:15.350806181,2025-10-10 22:39:15.350806181,0,on_time,0,0,1
S0020,ASG_06,Optimization,2025-10-10 22:39:15.350806181,2025-10-15 22:39:15.350806181,5,late,1,0,1
S0021,ASG_06,Optimization,2025-10-10 22:39:15.350806181,2025-10-11 22:39:15.350806181,1,late,1,0,1
S0022,ASG_06,Optimization,2025-10-10 22:39:15.350806181,2025-10-10 22:39:15.350806181,0,on_time,0,0,1
S0023,ASG_06,Optimization,2025-10-10 22:39:15.350806181,2025-10-10 22:39:15.350806181,0,on_time,0,0,1
S0024,ASG_06,Optimization,2025-10-10 22:39:15.350806181,2025-10-10 22:39:15.350806181,0,on_time,0,0,1
S0025,ASG_06,Optimization,2025-10-10 22:39:15.350806181,2025-10-13 22:39:15.350806181,3,late,1,0,1
S0026,ASG_06,Optimization,2025-10-10 22:39:15.350806181,2025-10-10 22:39:15.350806181,0,on_time,0,0,1
S0027,ASG_06,Optimization,2025-10-10 22:39:15.350806181,2025-10-10 22:39:15.350806181,0,on_time,0,0,1
S0028,ASG_06,Optimization,2025-10-10 22:39:15.350806181,2025-10-15 22:39:15.350806181,5,late,1,0,1
S0029,ASG_06,Optimization,2025-10-10 22:39:15.350806181,,12,missed,0,1,0
S0030,ASG_06,Optimization,2025-10-10 22:39:15.350806181,2025-10-12 22:39:15.350806181,2,late,1,0,1
S0031,ASG_06,Optimization,2025-10-10 22:39:15.350806181,2025-10-10 22:39:15.350806181,0,on_time,0,0,1
S0032,ASG_06,Optimization,2025-10-10 22:39:15.350806181,2025-10-11 22:39:15.350806181,1,late,1,0,1
S0033,ASG_06,Optimization,2025-10-10 22:39:15.350806181,2025-10-12 22:39:15.350806181,2,late,1,0,1
S0034,ASG_06,Optimization,2025-10-10 22:39:15.350806181,2025-10-10 22:39:15.350806181,0,on_time,0,0,1
S0035,ASG_06,Optimization,2025-10-10 22:39:15.350806181,2025-10-12 22:39:15.350806181,2,late,1,0,1
S0036,ASG_06,Optimization,2025-10-10 22:39:15.350806181,2025-10-11 22:39:15.350806181,1,late,1,0,1
S0037,ASG_06,Optimization,2025-10-10 22:39:15.350806181,2025-10-10 22:39:15.350806181,0,on_time,0,0,1
S0038,ASG_06,Optimization,2025-10-10 22:39:15.350806181,2025-10-14 22:39:15.350806181,4,late,1,0,1
S0039,ASG_06,Optimization,2025-10-10 22:39:15.350806181,2025-10-14 22:39:15.350806181,4,late,1,0,1
S0040,ASG_06,Optimization,2025-10-10 22:39:15.350806181,2025-10-10 22:39:15.350806181,0,on_time,0,0,1
S0041,ASG_06,Optimization,2025-10-10 22:39:15.350806181,2025-10-10 22:39:15.350806181,0,on_time,0,0,1
S0042,ASG_06,Optimization,2025-10-10 22:39:15.350806181,2025-10-11 22:39:15.350806181,1,late,1,0,1
S0043,ASG_06,Optimization,2025-10-10 22:39:15.350806181,2025-10-14 22:39:15.350806181,4,late,1,0,1
S0044,ASG_06,Optimization,2025-10-10 22:39:15.350806181,2025-10-10 22:39:15.350806181,0,on_time,0,0,1
S0045,ASG_06,Optimization,2025-10-10 22:39:15.350806181,2025-10-11 22:39:15.350806181,1,late,1,0,1
S0046,ASG_06,Optimization,2025-10-10 22:39:15.350806181,2025-10-12 22:39:15.350806181,2,late,1,0,1
S0047,ASG_06,Optimization,2025-10-10 22:39:15.350806181,2025-10-13 22:39:15.350806181,3,late,1,0,1
S0048,ASG_06,Optimization,2025-10-10 22:39:15.350806181,2025-10-10 22:39:15.350806181,0,on_time,0,0,1
S0049,ASG_06,Optimization,2025-10-10 22:39:15.350806181,,7,missed,0,1,0
S0050,ASG_06,Optimization,2025-10-10 22:39:15.350806181,2025-10-12 22:39:15.350806181,2,late,1,0,1
S0051,ASG_06,Optimization,2025-10-10 22:39:15.350806181,2025-10-10 22:39:15.350806181,0,on_time,0,0,1
S0052,ASG_06,Optimization,2025-10-10 22:39:15.350806181,2025-10-11 22:39:15.350806181,1,late,1,0,1
S0053,ASG_06,Optimization,2025-10-10 22:39:15.350806181,2025-10-11 22:39:15.350806181,1,late,1,0,1
S0054,ASG_06,Optimization,2025-10-10 22:39:15.350806181,2025-10-13 22:39:15.350806181,3,late,1,0,1
S0055,ASG_06,Optimization,2025-10-10 22:39:15.350806181,2025-10-13 22:39:15.350806181,3,late,1,0,1
S0056,ASG_06,Optimization,2025-10-10 22:39:15.350806181,2025-10-10 22:39:15.350806181,0,on_time,0,0,1
S0057,ASG_06,Optimization,2025-10-10 22:39:15.350806181,2025-10-14 22:39:15.350806181,4,late,1,0,1
S0058,ASG_06,Optimization,2025-10-10 22:39:15.350806181,2025-10-12 22:39:15.350806181,2,late,1,0,1
S0059,ASG_06,Optimization,2025-10-10 22:39:15.350806181,2025-10-13 22:39:15.350806181,3,late,1,0,1
S0060,ASG_06,Optimization,2025-10-10 22:39:15.350806181,2025-10-10 22:39:15.350806181,0,on_time,0,0,1
S0061,ASG_06,Optimization,2025-10-10 22:39:15.350806181,2025-10-12 22:39:15.350806181,2,late,1,0,1
S0062,ASG_06,Optimization,2025-10-10 22:39:15.350806181,2025-10-10 22:39:15.350806181,0,on_time,0,0,1
S0063,ASG_06,Optimization,2025-10-10 22:39:15.350806181,2025-10-10 22:39:15.350806181,0,on_time,0,0,1
S0064,ASG_06,Optimization,2025-10-10 22:39:15.350806181,,7,missed,0,1,0
S0065,ASG_06,Optimization,2025-10-10 22:39:15.350806181,2025-10-12 22:39:15.350806181,2,late,1,0,1
S0066,ASG_06,Optimization,2025-10-10 22:39:15.350806181,2025-10-11 22:39:15.350806181,1,late,1,0,1
S0067,ASG_06,Optimization,2025-10-10 22:39:15.350806181,2025-10-11 22:39:15.350806181,1,late,1,0,1
S0068,ASG_06,Optimization,2025-10-10 22:39:15.350806181,2025-10-14 22:39:15.350806181,4,late,1,0,1
S0069,ASG_06,Optimization,2025-10-10 22:39:15.350806181,2025-10-12 22:39:15.350806181,2,late,1,0,1
S0070,ASG_06,Optimization,2025-10-10 22:39:15.350806181,2025-10-14 22:39:15.350806181,4,late,1,0,1
S0071,ASG_06,Optimization,2025-10-10 22:39:15.350806181,2025-10-12 22:39:15.350806181,2,late,1,0,1
S0072,ASG_06,Optimization,2025-10-10 22:39:15.350806181,2025-10-13 22:39:15.350806181,3,late,1,0,1
S0073,ASG_06,Optimization,2025-10-10 22:39:15.350806181,2025-10-12 22:39:15.350806181,2,late,1,0,1
S0074,ASG_06,Optimization,2025-10-10 22:39:15.350806181,2025-10-13 22:39:15.350806181,3,late,1,0,1
S0075,ASG_06,Optimization,2025-10-10 22:39:15.350806181,2025-10-10 22:39:15.350806181,0,on_time,0,0,1
S0076,ASG_06,Optimization,2025-10-10 22:39:15.350806181,2025-10-12 22:39:15.350806181,2,late,1,0,1
S0077,ASG_06,Optimization,2025-10-10 22:39:15.350806181,2025-10-10 22:39:15.350806181,0,on_time,0,0,1
S0078,ASG_06,Optimization,2025-10-10 22:39:15.350806181,2025-10-11 22:39:15.350806181,1,late,1,0,1
S0079,ASG_06,Optimization,2025-10-10 22:39:15.350806181,2025-10-11 22:39:15.350806181,1,late,1,0,1
S0080,ASG_06,Optimization,2025-10-10 22:39:15.350806181,2025-10-11 22:39:15.350806181,1,late,1,0,1
S0081,ASG_06,Optimization,2025-10-10 22:39:15.350806181,2025-10-14 22:39:15.350806181,4,late,1,0,1
S0082,ASG_06,Optimization,2025-10-10 22:39:15.350806181,2025-10-11 22:39:15.350806181,1,late,1,0,1
S0083,ASG_06,Optimization,2025-10-10 22:39:15.350806181,2025-10-11 22:39:15.350806181,1,late,1,0,1
S0084,ASG_06,Optimization,2025-10-10 22:39:15.350806181,2025-10-13 22:39:15.350806181,3,late,1,0,1
S0085,ASG_06,Optimization,2025-10-10 22:39:15.350806181,2025-10-13 22:39:15.350806181,3,late,1,0,1
S0086,ASG_06,Optimization,2025-10-10 22:39:15.350806181,,14,missed,0,1,0
S0087,ASG_06,Optimization,2025-10-10 22:39:15.350806181,2025-10-10 22:39:15.350806181,0,on_time,0,0,1
S0088,ASG_06,Optimization,2025-10-10 22:39:15.350806181,2025-10-12 22:39:15.350806181,2,late,1,0,1
S0089,ASG_06,Optimization,2025-10-10 22:39:15.350806181,2025-10-10 22:39:15.350806181,0,on_time,0,0,1
S0090,ASG_06,Optimization,2025-10-10 22:39:15.350806181,2025-10-10 22:39:15.350806181,0,on_time,0,0,1
S0091,ASG_06,Optimization,2025-10-10 22:39:15.350806181,2025-10-11 22:39:15.350806181,1,late,1,0,1
S0092,ASG_06,Optimization,2025-10-10 22:39:15.350806181,2025-10-12 22:39:15.350806181,2,late,1,0,1
S0093,ASG_06,Optimization,2025-10-10 22:39:15.350806181,2025-10-11 22:39:15.350806181,1,late,1,0,1
S0094,ASG_06,Optimization,2025-10-10 22:39:15.350806181,,12,missed,0,1,0
S0095,ASG_06,Optimization,2025-10-10 22:39:15.350806181,2025-10-10 22:39:15.350806181,0,on_time,0,0,1
S0096,ASG_06,Optimization,2025-10-10 22:39:15.350806181,2025-10-11 22:39:15.350806181,1,late,1,0,1
S0097,ASG_06,Optimization,2025-10-10 22:39:15.350806181,2025-10-12 22:39:15.350806181,2,late,1,0,1
S0098,ASG_06,Optimization,2025-10-10 22:39:15.350806181,,12,missed,0,1,0
S0099,ASG_06,Optimization,2025-10-10 22:39:15.350806181,2025-10-12 22:39:15.350806181,2,late,1,0,1
S0100,ASG_06,Optimization,2025-10-10 22:39:15.350806181,2025-10-12 22:39:15.350806181,2,late,1,0,1
S0101,ASG_06,Optimization,2025-10-10 22:39:15.350806181,2025-10-10 22:39:15.350806181,0,on_time,0,0,1
S0102,ASG_06,Optimization,2025-10-10 22:39:15.350806181,2025-10-15 22:39:15.350806181,5,late,1,0,1
S0103,ASG_06,Optimization,2025-10-10 22:39:15.350806181,,10,missed,0,1,0
S0104,ASG_06,Optimization,2025-10-10 22:39:15.350806181,,14,missed,0,1,0
S0105,ASG_06,Optimization,2025-10-10 22:39:15.350806181,2025-10-10 22:39:15.350806181,0,on_time,0,0,1
S0106,ASG_06,Optimization,2025-10-10 22:39:15.350806181,2025-10-10 22:39:15.350806181,0,on_time,0,0,1
S0107,ASG_06,Optimization,2025-10-10 22:39:15.350806181,2025-10-11 22:39:15.350806181,1,late,1,0,1
S0108,ASG_06,Optimization,2025-10-10 22:39:15.350806181,2025-10-11 22:39:15.350806181,1,late,1,0,1
S0109,ASG_06,Optimization,2025-10-10 22:39:15.350806181,2025-10-12 22:39:15.350806181,2,late,1,0,1
S0110,ASG_06,Optimization,2025-10-10 22:39:15.350806181,2025-10-13 22:39:15.350806181,3,late,1,0,1
S0111,ASG_06,Optimization,2025-10-10 22:39:15.350806181,2025-10-13 22:39:15.350806181,3,late,1,0,1
S0112,ASG_06,Optimization,2025-10-10 22:39:15.350806181,2025-10-14 22:39:15.350806181,4,late,1,0,1
S0113,ASG_06,Optimization,2025-10-10 22:39:15.350806181,,9,missed,0,1,0
S0114,ASG_06,Optimization,2025-10-10 22:39:15.350806181,2025-10-10 22:39:15.350806181,0,on_time,0,0,1
S0115,ASG_06,Optimization,2025-10-10 22:39:15.350806181,2025-10-10 22:39:15.350806181,0,on_time,0,0,1
S0116,ASG_06,Optimization,2025-10-10 22:39:15.350806181,2025-10-10 22:39:15.350806181,0,on_time,0,0,1
S0117,ASG_06,Optimization,2025-10-10 22:39:15.350806181,2025-10-10 22:39:15.350806181,0,on_time,0,0,1
S0118,ASG_06,Optimization,2025-10-10 22:39:15.350806181,2025-10-10 22:39:15.350806181,0,on_time,0,0,1
S0119,ASG_06,Optimization,2025-10-10 22:39:15.350806181,2025-10-14 22:39:15.350806181,4,late,1,0,1
S0120,ASG_06,Optimization,2025-10-10 22:39:15.350806181,2025-10-10 22:39:15.350806181,0,on_time,0,0,1
S0121,ASG_06,Optimization,2025-10-10 22:39:15.350806181,2025-10-12 22:39:15.350806181,2,late,1,0,1
S0122,ASG_06,Optimization,2025-10-10 22:39:15.350806181,2025-10-13 22:39:15.350806181,3,late,1,0,1
S0123,ASG_06,Optimization,2025-10-10 22:39:15.350806181,2025-10-13 22:39:15.350806181,3,late,1,0,1
S0124,ASG_06,Optimization,2025-10-10 22:39:15.350806181,2025-10-11 22:39:15.350806181,1,late,1,0,1
S0125,ASG_06,Optimization,2025-10-10 22:39:15.350806181,2025-10-11 22:39:15.350806181,1,late,1,0,1
S0126,ASG_06,Optimization,2025-10-10 22:39:15.350806181,2025-10-12 22:39:15.350806181,2,late,1,0,1
S0127,ASG_06,Optimization,2025-10-10 22:39:15.350806181,,9,missed,0,1,0
S0128,ASG_06,Optimization,2025-10-10 22:39:15.350806181,,13,missed,0,1,0
S0129,ASG_06,Optimization,2025-10-10 22:39:15.350806181,2025-10-11 22:39:15.350806181,1,late,1,0,1
S0130,ASG_06,Optimization,2025-10-10 22:39:15.350806181,2025-10-12 22:39:15.350806181,2,late,1,0,1
S0131,ASG_06,Optimization,2025-10-10 22:39:15.350806181,2025-10-13 22:39:15.350806181,3,late,1,0,1
S0132,ASG_06,Optimization,2025-10-10 22:39:15.350806181,2025-10-13 22:39:15.350806181,3,late,1,0,1
S0133,ASG_06,Optimization,2025-10-10 22:39:15.350806181,2025-10-12 22:39:15.350806181,2,late,1,0,1
S0134,ASG_06,Optimization,2025-10-10 22:39:15.350806181,2025-10-11 22:39:15.350806181,1,late,1,0,1
S0135,ASG_06,Optimization,2025-10-10 22:39:15.350806181,2025-10-12 22:39:15.350806181,2,late,1,0,1
S0136,ASG_06,Optimization,2025-10-10 22:39:15.350806181,2025-10-12 22:39:15.350806181,2,late,1,0,1
S0137,ASG_06,Optimization,2025-10-10 22:39:15.350806181,2025-10-10 22:39:15.350806181,0,on_time,0,0,1
S0138,ASG_06,Optimization,2025-10-10 22:39:15.350806181,2025-10-10 22:39:15.350806181,0,on_time,0,0,1
S0139,ASG_06,Optimization,2025-10-10 22:39:15.350806181,,15,missed,0,1,0
S0140,ASG_06,Optimization,2025-10-10 22:39:15.350806181,2025-10-14 22:39:15.350806181,4,late,1,0,1
S0141,ASG_06,Optimization,2025-10-10 22:39:15.350806181,,7,missed,0,1,0
S0142,ASG_06,Optimization,2025-10-10 22:39:15.350806181,2025-10-10 22:39:15.350806181,0,on_time,0,0,1
S0143,ASG_06,Optimization,2025-10-10 22:39:15.350806181,2025-10-12 22:39:15.350806181,2,late,1,0,1
S0144,ASG_06,Optimization,2025-10-10 22:39:15.350806181,2025-10-10 22:39:15.350806181,0,on_time,0,0,1
S0145,ASG_06,Optimization,2025-10-10 22:39:15.350806181,2025-10-13 22:39:15.350806181,3,late,1,0,1
S0146,ASG_06,Optimization,2025-10-10 22:39:15.350806181,2025-10-13 22:39:15.350806181,3,late,1,0,1
S0147,ASG_06,Optimization,2025-10-10 22:39:15.350806181,,10,missed,0,1,0
S0148,ASG_06,Optimization,2025-10-10 22:39:15.350806181,2025-10-10 22:39:15.350806181,0,on_time,0,0,1
S0149,ASG_06,Optimization,2025-10-10 22:39:15.350806181,2025-10-13 22:39:15.350806181,3,late,1,0,1
S0150,ASG_06,Optimization,2025-10-10 22:39:15.350806181,2025-10-11 22:39:15.350806181,1,late,1,0,1
S0151,ASG_06,Optimization,2025-10-10 22:39:15.350806181,2025-10-13 22:39:15.350806181,3,late,1,0,1
S0152,ASG_06,Optimization,2025-10-10 22:39:15.350806181,2025-10-11 22:39:15.350806181,1,late,1,0,1
S0153,ASG_06,Optimization,2025-10-10 22:39:15.350806181,2025-10-11 22:39:15.350806181,1,late,1,0,1
S0154,ASG_06,Optimization,2025-10-10 22:39:15.350806181,2025-10-12 22:39:15.350806181,2,late,1,0,1
S0155,ASG_06,Optimization,2025-10-10 22:39:15.350806181,2025-10-15 22:39:15.350806181,5,late,1,0,1
S0156,ASG_06,Optimization,2025-10-10 22:39:15.350806181,2025-10-13 22:39:15.350806181,3,late,1,0,1
S0157,ASG_06,Optimization,2025-10-10 22:39:15.350806181,2025-10-10 22:39:15.350806181,0,on_time,0,0,1
S0158,ASG_06,Optimization,2025-10-10 22:39:15.350806181,2025-10-12 22:39:15.350806181,2,late,1,0,1
S0159,ASG_06,Optimization,2025-10-10 22:39:15.350806181,2025-10-11 22:39:15.350806181,1,late,1,0,1
S0160,ASG_06,Optimization,2025-10-10 22:39:15.350806181,2025-10-11 22:39:15.350806181,1,late,1,0,1
S0161,ASG_06,Optimization,2025-10-10 22:39:15.350806181,2025-10-13 22:39:15.350806181,3,late,1,0,1
S0162,ASG_06,Optimization,2025-10-10 22:39:15.350806181,2025-10-12 22:39:15.350806181,2,late,1,0,1
S0163,ASG_06,Optimization,2025-10-10 22:39:15.350806181,2025-10-10 22:39:15.350806181,0,on_time,0,0,1
S0164,ASG_06,Optimization,2025-10-10 22:39:15.350806181,2025-10-12 22:39:15.350806181,2,late,1,0,1
S0165,ASG_06,Optimization,2025-10-10 22:39:15.350806181,2025-10-11 22:39:15.350806181,1,late,1,0,1
S0166,ASG_06,Optimization,2025-10-10 22:39:15.350806181,2025-10-12 22:39:15.350806181,2,late,1,0,1
S0167,ASG_06,Optimization,2025-10-10 22:39:15.350806181,2025-10-11 22:39:15.350806181,1,late,1,0,1
S0168,ASG_06,Optimization,2025-10-10 22:39:15.350806181,2025-10-11 22:39:15.350806181,1,late,1,0,1
S0169,ASG_06,Optimization,2025-10-10 22:39:15.350806181,2025-10-10 22:39:15.350806181,0,on_time,0,0,1
S0170,ASG_06,Optimization,2025-10-10 22:39:15.350806181,2025-10-10 22:39:15.350806181,0,on_time,0,0,1
S0171,ASG_06,Optimization,2025-10-10 22:39:15.350806181,2025-10-14 22:39:15.350806181,4,late,1,0,1
S0172,ASG_06,Optimization,2025-10-10 22:39:15.350806181,2025-10-11 22:39:15.350806181,1,late,1,0,1
S0173,ASG_06,Optimization,2025-10-10 22:39:15.350806181,2025-10-14 22:39:15.350806181,4,late,1,0,1
S0174,ASG_06,Optimization,2025-10-10 22:39:15.350806181,2025-10-12 22:39:15.350806181,2,late,1,0,1
S0175,ASG_06,Optimization,2025-10-10 22:39:15.350806181,2025-10-12 22:39:15.350806181,2,late,1,0,1
S0176,ASG_06,Optimization,2025-10-10 22:39:15.350806181,2025-10-11 22:39:15.350806181,1,late,1,0,1
S0177,ASG_06,Optimization,2025-10-10 22:39:15.350806181,2025-10-11 22:39:15.350806181,1,late,1,0,1
S0178,ASG_06,Optimization,2025-10-10 22:39:15.350806181,2025-10-12 22:39:15.350806181,2,late,1,0,1
S0179,ASG_06,Optimization,2025-10-10 22:39:15.350806181,2025-10-14 22:39:15.350806181,4,late,1,0,1
S0180,ASG_06,Optimization,2025-10-10 22:39:15.350806181,2025-10-10 22:39:15.350806181,0,on_time,0,0,1
S0181,ASG_06,Optimization,2025-10-10 22:39:15.350806181,2025-10-10 22:39:15.350806181,0,on_time,0,0,1
S0182,ASG_06,Optimization,2025-10-10 22:39:15.350806181,2025-10-13 22:39:15.350806181,3,late,1,0,1
S0183,ASG_06,Optimization,2025-10-10 22:39:15.350806181,2025-10-13 22:39:15.350806181,3,late,1,0,1
S0184,ASG_06,Optimization,2025-10-10 22:39:15.350806181,2025-10-11 22:39:15.350806181,1,late,1,0,1
S0185,ASG_06,Optimization,2025-10-10 22:39:15.350806181,2025-10-15 22:39:15.350806181,5,late,1,0,1
S0186,ASG_06,Optimization,2025-10-10 22:39:15.350806181,2025-10-16 22:39:15.350806181,6,late,1,0,1
S0187,ASG_06,Optimization,2025-10-10 22:39:15.350806181,2025-10-10 22:39:15.350806181,0,on_time,0,0,1
S0188,ASG_06,Optimization,2025-10-10 22:39:15.350806181,2025-10-10 22:39:15.350806181,0,on_time,0,0,1
S0189,ASG_06,Optimization,2025-10-10 22:39:15.350806181,,12,missed,0,1,0
S0190,ASG_06,Optimization,2025-10-10 22:39:15.350806181,2025-10-17 22:39:15.350806181,7,late,1,0,1
S0191,ASG_06,Optimization,2025-10-10 22:39:15.350806181,2025-10-12 22:39:15.350806181,2,late,1,0,1
S0192,ASG_06,Optimization,2025-10-10 22:39:15.350806181,2025-10-12 22:39:15.350806181,2,late,1,0,1
S0193,ASG_06,Optimization,2025-10-10 22:39:15.350806181,2025-10-10 22:39:15.350806181,0,on_time,0,0,1
S0194,ASG_06,Optimization,2025-10-10 22:39:15.350806181,2025-10-12 22:39:15.350806181,2,late,1,0,1
S0195,ASG_06,Optimization,2025-10-10 22:39:15.350806181,2025-10-12 22:39:15.350806181,2,late,1,0,1
S0196,ASG_06,Optimization,2025-10-10 22:39:15.350806181,2025-10-13 22:39:15.350806181,3,late,1,0,1
S0197,ASG_06,Optimization,2025-10-10 22:39:15.350806181,2025-10-10 22:39:15.350806181,0,on_time,0,0,1
S0198,ASG_06,Optimization,2025-10-10 22:39:15.350806181,,10,missed,0,1,0
S0199,ASG_06,Optimization,2025-10-10 22:39:15.350806181,2025-10-11 22:39:15.350806181,1,late,1,0,1
S0200,ASG_06,Optimization,2025-10-10 22:39:15.350806181,2025-10-10 22:39:15.350806181,0,on_time,0,0,1
S0201,ASG_06,Optimization,2025-10-10 22:39:15.350806181,2025-10-11 22:39:15.350806181,1,late,1,0,1
S0202,ASG_06,Optimization,2025-10-10 22:39:15.350806181,2025-10-10 22:39:15.350806181,0,on_time,0,0,1
S0203,ASG_06,Optimization,2025-10-10 22:39:15.350806181,2025-10-10 22:39:15.350806181,0,on_time,0,0,1
S0204,ASG_06,Optimization,2025-10-10 22:39:15.350806181,2025-10-13 22:39:15.350806181,3,late,1,0,1
S0205,ASG_06,Optimization,2025-10-10 22:39:15.350806181,2025-10-10 22:39:15.350806181,0,on_time,0,0,1
S0206,ASG_06,Optimization,2025-10-10 22:39:15.350806181,2025-10-10 22:39:15.350806181,0,on_time,0,0,1
S0207,ASG_06,Optimization,2025-10-10 22:39:15.350806181,,8,missed,0,1,0
S0208,ASG_06,Optimization,2025-10-10 22:39:15.350806181,2025-10-13 22:39:15.350806181,3,late,1,0,1
S0209,ASG_06,Optimization,2025-10-10 22:39:15.350806181,2025-10-13 22:39:15.350806181,3,late,1,0,1
S0210,ASG_06,Optimization,2025-10-10 22:39:15.350806181,2025-10-14 22:39:15.350806181,4,late,1,0,1
S0211,ASG_06,Optimization,2025-10-10 22:39:15.350806181,2025-10-13 22:39:15.350806181,3,late,1,0,1
S0212,ASG_06,Optimization,2025-10-10 22:39:15.350806181,2025-10-12 22:39:15.350806181,2,late,1,0,1
S0213,ASG_06,Optimization,2025-10-10 22:39:15.350806181,2025-10-12 22:39:15.350806181,2,late,1,0,1
S0214,ASG_06,Optimization,2025-10-10 22:39:15.350806181,2025-10-13 22:39:15.350806181,3,late,1,0,1
S0215,ASG_06,Optimization,2025-10-10 22:39:15.350806181,2025-10-11 22:39:15.350806181,1,late,1,0,1
S0216,ASG_06,Optimization,2025-10-10 22:39:15.350806181,2025-10-11 22:39:15.350806181,1,late,1,0,1
S0217,ASG_06,Optimization,2025-10-10 22:39:15.350806181,2025-10-10 22:39:15.350806181,0,on_time,0,0,1
S0218,ASG_06,Optimization,2025-10-10 22:39:15.350806181,2025-10-10 22:39:15.350806181,0,on_time,0,0,1
S0219,ASG_06,Optimization,2025-10-10 22:39:15.350806181,2025-10-13 22:39:15.350806181,3,late,1,0,1
S0220,ASG_06,Optimization,2025-10-10 22:39:15.350806181,2025-10-13 22:39:15.350806181,3,late,1,0,1
S0221,ASG_06,Optimization,2025-10-10 22:39:15.350806181,2025-10-14 22:39:15.350806181,4,late,1,0,1
S0222,ASG_06,Optimization,2025-10-10 22:39:15.350806181,2025-10-17 22:39:15.350806181,7,late,1,0,1
S0223,ASG_06,Optimization,2025-10-10 22:39:15.350806181,2025-10-13 22:39:15.350806181,3,late,1,0,1
S0224,ASG_06,Optimization,2025-10-10 22:39:15.350806181,2025-10-12 22:39:15.350806181,2,late,1,0,1
S0225,ASG_06,Optimization,2025-10-10 22:39:15.350806181,2025-10-15 22:39:15.350806181,5,late,1,0,1
S0226,ASG_06,Optimization,2025-10-10 22:39:15.350806181,2025-10-12 22:39:15.350806181,2,late,1,0,1
S0227,ASG_06,Optimization,2025-10-10 22:39:15.350806181,2025-10-13 22:39:15.350806181,3,late,1,0,1
S0228,ASG_06,Optimization,2025-10-10 22:39:15.350806181,2025-10-10 22:39:15.350806181,0,on_time,0,0,1
S0229,ASG_06,Optimization,2025-10-10 22:39:15.350806181,2025-10-13 22:39:15.350806181,3,late,1,0,1
S0230,ASG_06,Optimization,2025-10-10 22:39:15.350806181,2025-10-12 22:39:15.350806181,2,late,1,0,1
S0231,ASG_06,Optimization,2025-10-10 22:39:15.350806181,2025-10-10 22:39:15.350806181,0,on_time,0,0,1
S0232,ASG_06,Optimization,2025-10-10 22:39:15.350806181,2025-10-10 22:39:15.350806181,0,on_time,0,0,1
S0233,ASG_06,Optimization,2025-10-10 22:39:15.350806181,2025-10-13 22:39:15.350806181,3,late,1,0,1
S0234,ASG_06,Optimization,2025-10-10 22:39:15.350806181,2025-10-13 22:39:15.350806181,3,late,1,0,1
S0235,ASG_06,Optimization,2025-10-10 22:39:15.350806181,2025-10-10 22:39:15.350806181,0,on_time,0,0,1
S0236,ASG_06,Optimization,2025-10-10 22:39:15.350806181,,11,missed,0,1,0
S0237,ASG_06,Optimization,2025-10-10 22:39:15.350806181,2025-10-12 22:39:15.350806181,2,late,1,0,1
S0238,ASG_06,Optimization,2025-10-10 22:39:15.350806181,2025-10-11 22:39:15.350806181,1,late,1,0,1
S0239,ASG_06,Optimization,2025-10-10 22:39:15.350806181,2025-10-10 22:39:15.350806181,0,on_time,0,0,1
S0240,ASG_06,Optimization,2025-10-10 22:39:15.350806181,2025-10-10 22:39:15.350806181,0,on_time,0,0,1
S0241,ASG_06,Optimization,2025-10-10 22:39:15.350806181,2025-10-12 22:39:15.350806181,2,late,1,0,1
S0242,ASG_06,Optimization,2025-10-10 22:39:15.350806181,2025-10-10 22:39:15.350806181,0,on_time,0,0,1
S0243,ASG_06,Optimization,2025-10-10 22:39:15.350806181,2025-10-13 22:39:15.350806181,3,late,1,0,1
S0244,ASG_06,Optimization,2025-10-10 22:39:15.350806181,2025-10-12 22:39:15.350806181,2,late,1,0,1
S0245,ASG_06,Optimization,2025-10-10 22:39:15.350806181,2025-10-13 22:39:15.350806181,3,late,1,0,1
S0246,ASG_06,Optimization,2025-10-10 22:39:15.350806181,2025-10-12 22:39:15.350806181,2,late,1,0,1
S0247,ASG_06,Optimization,2025-10-10 22:39:15.350806181,2025-10-10 22:39:15.350806181,0,on_time,0,0,1
S0248,ASG_06,Optimization,2025-10-10 22:39:15.350806181,,13,missed,0,1,0
S0249,ASG_06,Optimization,2025-10-10 22:39:15.350806181,2025-10-12 22:39:15.350806181,2,late,1,0,1
S0250,ASG_06,Optimization,2025-10-10 22:39:15.350806181,2025-10-10 22:39:15.350806181,0,on_time,0,0,1
S0251,ASG_06,Optimization,2025-10-10 22:39:15.350806181,2025-10-14 22:39:15.350806181,4,late,1,0,1
S0252,ASG_06,Optimization,2025-10-10 22:39:15.350806181,2025-10-15 22:39:15.350806181,5,late,1,0,1
S0253,ASG_06,Optimization,2025-10-10 22:39:15.350806181,2025-10-11 22:39:15.350806181,1,late,1,0,1
S0254,ASG_06,Optimization,2025-10-10 22:39:15.350806181,2025-10-13 22:39:15.350806181,3,late,1,0,1
S0255,ASG_06,Optimization,2025-10-10 22:39:15.350806181,2025-10-10 22:39:15.350806181,0,on_time,0,0,1
S0256,ASG_06,Optimization,2025-10-10 22:39:15.350806181,2025-10-11 22:39:15.350806181,1,late,1,0,1
S0257,ASG_06,Optimization,2025-10-10 22:39:15.350806181,2025-10-13 22:39:15.350806181,3,late,1,0,1
S0258,ASG_06,Optimization,2025-10-10 22:39:15.350806181,2025-10-14 22:39:15.350806181,4,late,1,0,1
S0259,ASG_06,Optimization,2025-10-10 22:39:15.350806181,2025-10-12 22:39:15.350806181,2,late,1,0,1
S0260,ASG_06,Optimization,2025-10-10 22:39:15.350806181,2025-10-10 22:39:15.350806181,0,on_time,0,0,1
S0261,ASG_06,Optimization,2025-10-10 22:39:15.350806181,2025-10-10 22:39:15.350806181,0,on_time,0,0,1
S0262,ASG_06,Optimization,2025-10-10 22:39:15.350806181,,7,missed,0,1,0
S0263,ASG_06,Optimization,2025-10-10 22:39:15.350806181,2025-10-10 22:39:15.350806181,0,on_time,0,0,1
S0264,ASG_06,Optimization,2025-10-10 22:39:15.350806181,2025-10-13 22:39:15.350806181,3,late,1,0,1
S0265,ASG_06,Optimization,2025-10-10 22:39:15.350806181,2025-10-12 22:39:15.350806181,2,late,1,0,1
S0266,ASG_06,Optimization,2025-10-10 22:39:15.350806181,2025-10-15 22:39:15.350806181,5,late,1,0,1
S0267,ASG_06,Optimization,2025-10-10 22:39:15.350806181,2025-10-10 22:39:15.350806181,0,on_time,0,0,1
S0268,ASG_06,Optimization,2025-10-10 22:39:15.350806181,2025-10-13 22:39:15.350806181,3,late,1,0,1
S0269,ASG_06,Optimization,2025-10-10 22:39:15.350806181,,12,missed,0,1,0
S0270,ASG_06,Optimization,2025-10-10 22:39:15.350806181,2025-10-12 22:39:15.350806181,2,late,1,0,1
S0271,ASG_06,Optimization,2025-10-10 22:39:15.350806181,2025-10-11 22:39:15.350806181,1,late,1,0,1
S0272,ASG_06,Optimization,2025-10-10 22:39:15.350806181,2025-10-11 22:39:15.350806181,1,late,1,0,1
S0273,ASG_06,Optimization,2025-10-10 22:39:15.350806181,,12,missed,0,1,0
S0274,ASG_06,Optimization,2025-10-10 22:39:15.350806181,2025-10-12 22:39:15.350806181,2,late,1,0,1
S0275,ASG_06,Optimization,2025-10-10 22:39:15.350806181,2025-10-11 22:39:15.350806181,1,late,1,0,1
S0276,ASG_06,Optimization,2025-10-10 22:39:15.350806181,2025-10-13 22:39:15.350806181,3,late,1,0,1
S0277,ASG_06,Optimization,2025-10-10 22:39:15.350806181,2025-10-11 22:39:15.350806181,1,late,1,0,1
S0278,ASG_06,Optimization,2025-10-10 22:39:15.350806181,,15,missed,0,1,0
S0279,ASG_06,Optimization,2025-10-10 22:39:15.350806181,2025-10-10 22:39:15.350806181,0,on_time,0,0,1
S0280,ASG_06,Optimization,2025-10-10 22:39:15.350806181,2025-10-11 22:39:15.350806181,1,late,1,0,1
S0281,ASG_06,Optimization,2025-10-10 22:39:15.350806181,2025-10-11 22:39:15.350806181,1,late,1,0,1
S0282,ASG_06,Optimization,2025-10-10 22:39:15.350806181,2025-10-15 22:39:15.350806181,5,late,1,0,1
S0283,ASG_06,Optimization,2025-10-10 22:39:15.350806181,2025-10-12 22:39:15.350806181,2,late,1,0,1
S0284,ASG_06,Optimization,2025-10-10 22:39:15.350806181,2025-10-10 22:39:15.350806181,0,on_time,0,0,1
S0285,ASG_06,Optimization,2025-10-10 22:39:15.350806181,2025-10-12 22:39:15.350806181,2,late,1,0,1
S0286,ASG_06,Optimization,2025-10-10 22:39:15.350806181,2025-10-13 22:39:15.350806181,3,late,1,0,1
S0287,ASG_06,Optimization,2025-10-10 22:39:15.350806181,,11,missed,0,1,0
S0288,ASG_06,Optimization,2025-10-10 22:39:15.350806181,2025-10-12 22:39:15.350806181,2,late,1,0,1
S0289,ASG_06,Optimization,2025-10-10 22:39:15.350806181,2025-10-11 22:39:15.350806181,1,late,1,0,1
S0290,ASG_06,Optimization,2025-10-10 22:39:15.350806181,2025-10-14 22:39:15.350806181,4,late,1,0,1
S0291,ASG_06,Optimization,2025-10-10 22:39:15.350806181,2025-10-11 22:39:15.350806181,1,late,1,0,1
S0292,ASG_06,Optimization,2025-10-10 22:39:15.350806181,2025-10-14 22:39:15.350806181,4,late,1,0,1
S0293,ASG_06,Optimization,2025-10-10 22:39:15.350806181,2025-10-10 22:39:15.350806181,0,on_time,0,0,1
S0294,ASG_06,Optimization,2025-10-10 22:39:15.350806181,2025-10-14 22:39:15.350806181,4,late,1,0,1
S0295,ASG_06,Optimization,2025-10-10 22:39:15.350806181,2025-10-10 22:39:15.350806181,0,on_time,0,0,1
S0296,ASG_06,Optimization,2025-10-10 22:39:15.350806181,2025-10-10 22:39:15.350806181,0,on_time,0,0,1
S0297,ASG_06,Optimization,2025-10-10 22:39:15.350806181,2025-10-14 22:39:15.350806181,4,late,1,0,1
S0298,ASG_06,Optimization,2025-10-10 22:39:15.350806181,2025-10-10 22:39:15.350806181,0,on_time,0,0,1
S0299,ASG_06,Optimization,2025-10-10 22:39:15.350806181,2025-10-12 22:39:15.350806181,2,late,1,0,1
S0300,ASG_06,Optimization,2025-10-10 22:39:15.350806181,2025-10-12 22:39:15.350806181,2,late,1,0,1
S0301,ASG_06,Optimization,2025-10-10 22:39:15.350806181,2025-10-13 22:39:15.350806181,3,late,1,0,1
S0302,ASG_06,Optimization,2025-10-10 22:39:15.350806181,2025-10-10 22:39:15.350806181,0,on_time,0,0,1
S0303,ASG_06,Optimization,2025-10-10 22:39:15.350806181,2025-10-11 22:39:15.350806181,1,late,1,0,1
S0304,ASG_06,Optimization,2025-10-10 22:39:15.350806181,2025-10-10 22:39:15.350806181,0,on_time,0,0,1
S0305,ASG_06,Optimization,2025-10-10 22:39:15.350806181,2025-10-12 22:39:15.350806181,2,late,1,0,1
S0306,ASG_06,Optimization,2025-10-10 22:39:15.350806181,2025-10-10 22:39:15.350806181,0,on_time,0,0,1
S0307,ASG_06,Optimization,2025-10-10 22:39:15.350806181,,9,missed,0,1,0
S0308,ASG_06,Optimization,2025-10-10 22:39:15.350806181,2025-10-12 22:39:15.350806181,2,late,1,0,1
S0309,ASG_06,Optimization,2025-10-10 22:39:15.350806181,2025-10-14 22:39:15.350806181,4,late,1,0,1
S0310,ASG_06,Optimization,2025-10-10 22:39:15.350806181,2025-10-13 22:39:15.350806181,3,late,1,0,1
S0311,ASG_06,Optimization,2025-10-10 22:39:15.350806181,2025-10-10 22:39:15.350806181,0,on_time,0,0,1
S0312,ASG_06,Optimization,2025-10-10 22:39:15.350806181,2025-10-13 22:39:15.350806181,3,late,1,0,1
S0313,ASG_06,Optimization,2025-10-10 22:39:15.350806181,2025-10-10 22:39:15.350806181,0,on_time,0,0,1
S0314,ASG_06,Optimization,2025-10-10 22:39:15.350806181,2025-10-10 22:39:15.350806181,0,on_time,0,0,1
S0315,ASG_06,Optimization,2025-10-10 22:39:15.350806181,2025-10-12 22:39:15.350806181,2,late,1,0,1
S0316,ASG_06,Optimization,2025-10-10 22:39:15.350806181,2025-10-10 22:39:15.350806181,0,on_time,0,0,1
S0317,ASG_06,Optimization,2025-10-10 22:39:15.350806181,2025-10-12 22:39:15.350806181,2,late,1,0,1
S0318,ASG_06,Optimization,2025-10-10 22:39:15.350806181,2025-10-15 22:39:15.350806181,5,late,1,0,1
S0319,ASG_06,Optimization,2025-10-10 22:39:15.350806181,,9,missed,0,1,0
S0320,ASG_06,Optimization,2025-10-10 22:39:15.350806181,2025-10-13 22:39:15.350806181,3,late,1,0,1
S0321,ASG_06,Optimization,2025-10-10 22:39:15.350806181,2025-10-10 22:39:15.350806181,0,on_time,0,0,1
S0322,ASG_06,Optimization,2025-10-10 22:39:15.350806181,2025-10-11 22:39:15.350806181,1,late,1,0,1
S0323,ASG_06,Optimization,2025-10-10 22:39:15.350806181,2025-10-12 22:39:15.350806181,2,late,1,0,1
S0324,ASG_06,Optimization,2025-10-10 22:39:15.350806181,2025-10-10 22:39:15.350806181,0,on_time,0,0,1
S0325,ASG_06,Optimization,2025-10-10 22:39:15.350806181,2025-10-11 22:39:15.350806181,1,late,1,0,1
S0326,ASG_06,Optimization,2025-10-10 22:39:15.350806181,2025-10-10 22:39:15.350806181,0,on_time,0,0,1
S0327,ASG_06,Optimization,2025-10-10 22:39:15.350806181,2025-10-12 22:39:15.350806181,2,late,1,0,1
S0328,ASG_06,Optimization,2025-10-10 22:39:15.350806181,2025-10-12 22:39:15.350806181,2,late,1,0,1
S0329,ASG_06,Optimization,2025-10-10 22:39:15.350806181,2025-10-10 22:39:15.350806181,0,on_time,0,0,1
S0330,ASG_06,Optimization,2025-10-10 22:39:15.350806181,2025-10-10 22:39:15.350806181,0,on_time,0,0,1
S0331,ASG_06,Optimization,2025-10-10 22:39:15.350806181,2025-10-12 22:39:15.350806181,2,late,1,0,1
S0332,ASG_06,Optimization,2025-10-10 22:39:15.350806181,2025-10-14 22:39:15.350806181,4,late,1,0,1
S0333,ASG_06,Optimization,2025-10-10 22:39:15.350806181,2025-10-14 22:39:15.350806181,4,late,1,0,1
S0334,ASG_06,Optimization,2025-10-10 22:39:15.350806181,2025-10-12 22:39:15.350806181,2,late,1,0,1
S0335,ASG_06,Optimization,2025-10-10 22:39:15.350806181,2025-10-11 22:39:15.350806181,1,late,1,0,1
S0336,ASG_06,Optimization,2025-10-10 22:39:15.350806181,2025-10-12 22:39:15.350806181,2,late,1,0,1
S0337,ASG_06,Optimization,2025-10-10 22:39:15.350806181,2025-10-14 22:39:15.350806181,4,late,1,0,1
S0338,ASG_06,Optimization,2025-10-10 22:39:15.350806181,2025-10-14 22:39:15.350806181,4,late,1,0,1
S0339,ASG_06,Optimization,2025-10-10 22:39:15.350806181,2025-10-10 22:39:15.350806181,0,on_time,0,0,1
S0340,ASG_06,Optimization,2025-10-10 22:39:15.350806181,2025-10-11 22:39:15.350806181,1,late,1,0,1
S0341,ASG_06,Optimization,2025-10-10 22:39:15.350806181,,8,missed,0,1,0
S0342,ASG_06,Optimization,2025-10-10 22:39:15.350806181,2025-10-10 22:39:15.350806181,0,on_time,0,0,1
S0343,ASG_06,Optimization,2025-10-10 22:39:15.350806181,2025-10-13 22:39:15.350806181,3,late,1,0,1
S0344,ASG_06,Optimization,2025-10-10 22:39:15.350806181,2025-10-13 22:39:15.350806181,3,late,1,0,1
S0345,ASG_06,Optimization,2025-10-10 22:39:15.350806181,2025-10-12 22:39:15.350806181,2,late,1,0,1
S0346,ASG_06,Optimization,2025-10-10 22:39:15.350806181,2025-10-13 22:39:15.350806181,3,late,1,0,1
S0347,ASG_06,Optimization,2025-10-10 22:39:15.350806181,2025-10-15 22:39:15.350806181,5,late,1,0,1
S0348,ASG_06,Optimization,2025-10-10 22:39:15.350806181,,12,missed,0,1,0
S0349,ASG_06,Optimization,2025-10-10 22:39:15.350806181,2025-10-11 22:39:15.350806181,1,late,1,0,1
S0350,ASG_06,Optimization,2025-10-10 22:39:15.350806181,2025-10-11 22:39:15.350806181,1,late,1,0,1
S0351,ASG_06,Optimization,2025-10-10 22:39:15.350806181,2025-10-13 22:39:15.350806181,3,late,1,0,1
S0352,ASG_06,Optimization,2025-10-10 22:39:15.350806181,2025-10-11 22:39:15.350806181,1,late,1,0,1
S0353,ASG_06,Optimization,2025-10-10 22:39:15.350806181,2025-10-12 22:39:15.350806181,2,late,1,0,1
S0354,ASG_06,Optimization,2025-10-10 22:39:15.350806181,2025-10-10 22:39:15.350806181,0,on_time,0,0,1
S0355,ASG_06,Optimization,2025-10-10 22:39:15.350806181,,10,missed,0,1,0
S0356,ASG_06,Optimization,2025-10-10 22:39:15.350806181,2025-10-10 22:39:15.350806181,0,on_time,0,0,1
S0357,ASG_06,Optimization,2025-10-10 22:39:15.350806181,2025-10-10 22:39:15.350806181,0,on_time,0,0,1
S0358,ASG_06,Optimization,2025-10-10 22:39:15.350806181,,8,missed,0,1,0
S0359,ASG_06,Optimization,2025-10-10 22:39:15.350806181,2025-10-12 22:39:15.350806181,2,late,1,0,1
S0360,ASG_06,Optimization,2025-10-10 22:39:15.350806181,2025-10-11 22:39:15.350806181,1,late,1,0,1
S0361,ASG_06,Optimization,2025-10-10 22:39:15.350806181,2025-10-14 22:39:15.350806181,4,late,1,0,1
S0362,ASG_06,Optimization,2025-10-10 22:39:15.350806181,2025-10-10 22:39:15.350806181,0,on_time,0,0,1
S0363,ASG_06,Optimization,2025-10-10 22:39:15.350806181,2025-10-11 22:39:15.350806181,1,late,1,0,1
S0364,ASG_06,Optimization,2025-10-10 22:39:15.350806181,2025-10-14 22:39:15.350806181,4,late,1,0,1
S0365,ASG_06,Optimization,2025-10-10 22:39:15.350806181,2025-10-10 22:39:15.350806181,0,on_time,0,0,1
S0366,ASG_06,Optimization,2025-10-10 22:39:15.350806181,2025-10-12 22:39:15.350806181,2,late,1,0,1
S0367,ASG_06,Optimization,2025-10-10 22:39:15.350806181,2025-10-13 22:39:15.350806181,3,late,1,0,1
S0368,ASG_06,Optimization,2025-10-10 22:39:15.350806181,2025-10-10 22:39:15.350806181,0,on_time,0,0,1
S0369,ASG_06,Optimization,2025-10-10 22:39:15.350806181,2025-10-12 22:39:15.350806181,2,late,1,0,1
S0370,ASG_06,Optimization,2025-10-10 22:39:15.350806181,2025-10-12 22:39:15.350806181,2,late,1,0,1
S0371,ASG_06,Optimization,2025-10-10 22:39:15.350806181,2025-10-12 22:39:15.350806181,2,late,1,0,1
S0372,ASG_06,Optimization,2025-10-10 22:39:15.350806181,2025-10-12 22:39:15.350806181,2,late,1,0,1
S0373,ASG_06,Optimization,2025-10-10 22:39:15.350806181,2025-10-10 22:39:15.350806181,0,on_time,0,0,1
S0374,ASG_06,Optimization,2025-10-10 22:39:15.350806181,2025-10-10 22:39:15.350806181,0,on_time,0,0,1
S0375,ASG_06,Optimization,2025-10-10 22:39:15.350806181,2025-10-10 22:39:15.350806181,0,on_time,0,0,1
S0376,ASG_06,Optimization,2025-10-10 22:39:15.350806181,2025-10-12 22:39:15.350806181,2,late,1,0,1
S0377,ASG_06,Optimization,2025-10-10 22:39:15.350806181,2025-10-10 22:39:15.350806181,0,on_time,0,0,1
S0378,ASG_06,Optimization,2025-10-10 22:39:15.350806181,2025-10-14 22:39:15.350806181,4,late,1,0,1
S0379,ASG_06,Optimization,2025-10-10 22:39:15.350806181,2025-10-14 22:39:15.350806181,4,late,1,0,1
S0380,ASG_06,Optimization,2025-10-10 22:39:15.350806181,2025-10-10 22:39:15.350806181,0,on_time,0,0,1
S0381,ASG_06,Optimization,2025-10-10 22:39:15.350806181,2025-10-11 22:39:15.350806181,1,late,1,0,1
S0382,ASG_06,Optimization,2025-10-10 22:39:15.350806181,,12,missed,0,1,0
S0383,ASG_06,Optimization,2025-10-10 22:39:15.350806181,2025-10-11 22:39:15.350806181,1,late,1,0,1
S0384,ASG_06,Optimization,2025-10-10 22:39:15.350806181,2025-10-12 22:39:15.350806181,2,late,1,0,1
S0385,ASG_06,Optimization,2025-10-10 22:39:15.350806181,2025-10-11 22:39:15.350806181,1,late,1,0,1
S0386,ASG_06,Optimization,2025-10-10 22:39:15.350806181,2025-10-15 22:39:15.350806181,5,late,1,0,1
S0387,ASG_06,Optimization,2025-10-10 22:39:15.350806181,2025-10-13 22:39:15.350806181,3,late,1,0,1
S0388,ASG_06,Optimization,2025-10-10 22:39:15.350806181,2025-10-10 22:39:15.350806181,0,on_time,0,0,1
S0389,ASG_06,Optimization,2025-10-10 22:39:15.350806181,2025-10-14 22:39:15.350806181,4,late,1,0,1
S0390,ASG_06,Optimization,2025-10-10 22:39:15.350806181,,15,missed,0,1,0
S0391,ASG_06,Optimization,2025-10-10 22:39:15.350806181,2025-10-13 22:39:15.350806181,3,late,1,0,1
S0392,ASG_06,Optimization,2025-10-10 22:39:15.350806181,2025-10-10 22:39:15.350806181,0,on_time,0,0,1
S0393,ASG_06,Optimization,2025-10-10 22:39:15.350806181,,13,missed,0,1,0
S0394,ASG_06,Optimization,2025-10-10 22:39:15.350806181,2025-10-12 22:39:15.350806181,2,late,1,0,1
S0395,ASG_06,Optimization,2025-10-10 22:39:15.350806181,2025-10-11 22:39:15.350806181,1,late,1,0,1
S0396,ASG_06,Optimization,2025-10-10 22:39:15.350806181,2025-10-13 22:39:15.350806181,3,late,1,0,1
S0397,ASG_06,Optimization,2025-10-10 22:39:15.350806181,2025-10-12 22:39:15.350806181,2,late,1,0,1
S0398,ASG_06,Optimization,2025-10-10 22:39:15.350806181,2025-10-10 22:39:15.350806181,0,on_time,0,0,1
S0399,ASG_06,Optimization,2025-10-10 22:39:15.350806181,2025-10-12 22:39:15.350806181,2,late,1,0,1
S0400,ASG_06,Optimization,2025-10-10 22:39:15.350806181,,9,missed,0,1,0
S0401,ASG_06,Optimization,2025-10-10 22:39:15.350806181,2025-10-10 22:39:15.350806181,0,on_time,0,0,1
S0402,ASG_06,Optimization,2025-10-10 22:39:15.350806181,2025-10-12 22:39:15.350806181,2,late,1,0,1
S0403,ASG_06,Optimization,2025-10-10 22:39:15.350806181,2025-10-12 22:39:15.350806181,2,late,1,0,1
S0404,ASG_06,Optimization,2025-10-10 22:39:15.350806181,2025-10-12 22:39:15.350806181,2,late,1,0,1
S0405,ASG_06,Optimization,2025-10-10 22:39:15.350806181,2025-10-10 22:39:15.350806181,0,on_time,0,0,1
S0406,ASG_06,Optimization,2025-10-10 22:39:15.350806181,2025-10-11 22:39:15.350806181,1,late,1,0,1
S0407,ASG_06,Optimization,2025-10-10 22:39:15.350806181,2025-10-13 22:39:15.350806181,3,late,1,0,1
S0408,ASG_06,Optimization,2025-10-10 22:39:15.350806181,2025-10-12 22:39:15.350806181,2,late,1,0,1
S0409,ASG_06,Optimization,2025-10-10 22:39:15.350806181,2025-10-10 22:39:15.350806181,0,on_time,0,0,1
S0410,ASG_06,Optimization,2025-10-10 22:39:15.350806181,2025-10-12 22:39:15.350806181,2,late,1,0,1
S0411,ASG_06,Optimization,2025-10-10 22:39:15.350806181,2025-10-12 22:39:15.350806181,2,late,1,0,1
S0412,ASG_06,Optimization,2025-10-10 22:39:15.350806181,,7,missed,0,1,0
S0413,ASG_06,Optimization,2025-10-10 22:39:15.350806181,2025-10-10 22:39:15.350806181,0,on_time,0,0,1
S0414,ASG_06,Optimization,2025-10-10 22:39:15.350806181,2025-10-13 22:39:15.350806181,3,late,1,0,1
S0415,ASG_06,Optimization,2025-10-10 22:39:15.350806181,,13,missed,0,1,0
S0416,ASG_06,Optimization,2025-10-10 22:39:15.350806181,2025-10-11 22:39:15.350806181,1,late,1,0,1
S0417,ASG_06,Optimization,2025-10-10 22:39:15.350806181,,10,missed,0,1,0
S0418,ASG_06,Optimization,2025-10-10 22:39:15.350806181,2025-10-12 22:39:15.350806181,2,late,1,0,1
S0419,ASG_06,Optimization,2025-10-10 22:39:15.350806181,2025-10-10 22:39:15.350806181,0,on_time,0,0,1
S0420,ASG_06,Optimization,2025-10-10 22:39:15.350806181,,13,missed,0,1,0
S0421,ASG_06,Optimization,2025-10-10 22:39:15.350806181,2025-10-10 22:39:15.350806181,0,on_time,0,0,1
S0422,ASG_06,Optimization,2025-10-10 22:39:15.350806181,2025-10-15 22:39:15.350806181,5,late,1,0,1
S0423,ASG_06,Optimization,2025-10-10 22:39:15.350806181,2025-10-14 22:39:15.350806181,4,late,1,0,1
S0424,ASG_06,Optimization,2025-10-10 22:39:15.350806181,2025-10-13 22:39:15.350806181,3,late,1,0,1
S0425,ASG_06,Optimization,2025-10-10 22:39:15.350806181,2025-10-10 22:39:15.350806181,0,on_time,0,0,1
S0426,ASG_06,Optimization,2025-10-10 22:39:15.350806181,2025-10-14 22:39:15.350806181,4,late,1,0,1
S0427,ASG_06,Optimization,2025-10-10 22:39:15.350806181,,7,missed,0,1,0
S0428,ASG_06,Optimization,2025-10-10 22:39:15.350806181,2025-10-10 22:39:15.350806181,0,on_time,0,0,1
S0429,ASG_06,Optimization,2025-10-10 22:39:15.350806181,2025-10-13 22:39:15.350806181,3,late,1,0,1
S0430,ASG_06,Optimization,2025-10-10 22:39:15.350806181,2025-10-14 22:39:15.350806181,4,late,1,0,1
S0431,ASG_06,Optimization,2025-10-10 22:39:15.350806181,2025-10-10 22:39:15.350806181,0,on_time,0,0,1
S0432,ASG_06,Optimization,2025-10-10 22:39:15.350806181,2025-10-10 22:39:15.350806181,0,on_time,0,0,1
S0433,ASG_06,Optimization,2025-10-10 22:39:15.350806181,2025-10-12 22:39:15.350806181,2,late,1,0,1
S0434,ASG_06,Optimization,2025-10-10 22:39:15.350806181,2025-10-13 22:39:15.350806181,3,late,1,0,1
S0435,ASG_06,Optimization,2025-10-10 22:39:15.350806181,2025-10-11 22:39:15.350806181,1,late,1,0,1
S0436,ASG_06,Optimization,2025-10-10 22:39:15.350806181,2025-10-10 22:39:15.350806181,0,on_time,0,0,1
S0437,ASG_06,Optimization,2025-10-10 22:39:15.350806181,2025-10-11 22:39:15.350806181,1,late,1,0,1
S0438,ASG_06,Optimization,2025-10-10 22:39:15.350806181,2025-10-12 22:39:15.350806181,2,late,1,0,1
S0439,ASG_06,Optimization,2025-10-10 22:39:15.350806181,2025-10-11 22:39:15.350806181,1,late,1,0,1
S0440,ASG_06,Optimization,2025-10-10 22:39:15.350806181,2025-10-13 22:39:15.350806181,3,late,1,0,1
S0441,ASG_06,Optimization,2025-10-10 22:39:15.350806181,2025-10-12 22:39:15.350806181,2,late,1,0,1
S0442,ASG_06,Optimization,2025-10-10 22:39:15.350806181,2025-10-10 22:39:15.350806181,0,on_time,0,0,1
S0443,ASG_06,Optimization,2025-10-10 22:39:15.350806181,2025-10-10 22:39:15.350806181,0,on_time,0,0,1
S0444,ASG_06,Optimization,2025-10-10 22:39:15.350806181,,10,missed,0,1,0
S0445,ASG_06,Optimization,2025-10-10 22:39:15.350806181,2025-10-11 22:39:15.350806181,1,late,1,0,1
S0446,ASG_06,Optimization,2025-10-10 22:39:15.350806181,2025-10-10 22:39:15.350806181,0,on_time,0,0,1
S0447,ASG_06,Optimization,2025-10-10 22:39:15.350806181,2025-10-12 22:39:15.350806181,2,late,1,0,1
S0448,ASG_06,Optimization,2025-10-10 22:39:15.350806181,2025-10-10 22:39:15.350806181,0,on_time,0,0,1
S0449,ASG_06,Optimization,2025-10-10 22:39:15.350806181,2025-10-11 22:39:15.350806181,1,late,1,0,1
S0450,ASG_06,Optimization,2025-10-10 22:39:15.350806181,2025-10-10 22:39:15.350806181,0,on_time,0,0,1
S0451,ASG_06,Optimization,2025-10-10 22:39:15.350806181,2025-10-14 22:39:15.350806181,4,late,1,0,1
S0452,ASG_06,Optimization,2025-10-10 22:39:15.350806181,2025-10-12 22:39:15.350806181,2,late,1,0,1
S0453,ASG_06,Optimization,2025-10-10 22:39:15.350806181,2025-10-15 22:39:15.350806181,5,late,1,0,1
S0454,ASG_06,Optimization,2025-10-10 22:39:15.350806181,2025-10-11 22:39:15.350806181,1,late,1,0,1
S0455,ASG_06,Optimization,2025-10-10 22:39:15.350806181,2025-10-13 22:39:15.350806181,3,late,1,0,1
S0456,ASG_06,Optimization,2025-10-10 22:39:15.350806181,2025-10-12 22:39:15.350806181,2,late,1,0,1
S0457,ASG_06,Optimization,2025-10-10 22:39:15.350806181,2025-10-11 22:39:15.350806181,1,late,1,0,1
S0458,ASG_06,Optimization,2025-10-10 22:39:15.350806181,2025-10-11 22:39:15.350806181,1,late,1,0,1
S0459,ASG_06,Optimization,2025-10-10 22:39:15.350806181,2025-10-13 22:39:15.350806181,3,late,1,0,1
S0460,ASG_06,Optimization,2025-10-10 22:39:15.350806181,2025-10-10 22:39:15.350806181,0,on_time,0,0,1
S0461,ASG_06,Optimization,2025-10-10 22:39:15.350806181,2025-10-13 22:39:15.350806181,3,late,1,0,1
S0462,ASG_06,Optimization,2025-10-10 22:39:15.350806181,2025-10-12 22:39:15.350806181,2,late,1,0,1
S0463,ASG_06,Optimization,2025-10-10 22:39:15.350806181,2025-10-13 22:39:15.350806181,3,late,1,0,1
S0464,ASG_06,Optimization,2025-10-10 22:39:15.350806181,,13,missed,0,1,0
S0465,ASG_06,Optimization,2025-10-10 22:39:15.350806181,2025-10-16 22:39:15.350806181,6,late,1,0,1
S0466,ASG_06,Optimization,2025-10-10 22:39:15.350806181,2025-10-11 22:39:15.350806181,1,late,1,0,1
S0467,ASG_06,Optimization,2025-10-10 22:39:15.350806181,2025-10-10 22:39:15.350806181,0,on_time,0,0,1
S0468,ASG_06,Optimization,2025-10-10 22:39:15.350806181,2025-10-13 22:39:15.350806181,3,late,1,0,1
S0469,ASG_06,Optimization,2025-10-10 22:39:15.350806181,2025-10-13 22:39:15.350806181,3,late,1,0,1
S0470,ASG_06,Optimization,2025-10-10 22:39:15.350806181,2025-10-17 22:39:15.350806181,7,late,1,0,1
S0471,ASG_06,Optimization,2025-10-10 22:39:15.350806181,,9,missed,0,1,0
S0472,ASG_06,Optimization,2025-10-10 22:39:15.350806181,2025-10-10 22:39:15.350806181,0,on_time,0,0,1
S0473,ASG_06,Optimization,2025-10-10 22:39:15.350806181,2025-10-10 22:39:15.350806181,0,on_time,0,0,1
S0474,ASG_06,Optimization,2025-10-10 22:39:15.350806181,2025-10-11 22:39:15.350806181,1,late,1,0,1
S0475,ASG_06,Optimization,2025-10-10 22:39:15.350806181,2025-10-12 22:39:15.350806181,2,late,1,0,1
S0476,ASG_06,Optimization,2025-10-10 22:39:15.350806181,2025-10-10 22:39:15.350806181,0,on_time,0,0,1
S0477,ASG_06,Optimization,2025-10-10 22:39:15.350806181,2025-10-13 22:39:15.350806181,3,late,1,0,1
S0478,ASG_06,Optimization,2025-10-10 22:39:15.350806181,2025-10-14 22:39:15.350806181,4,late,1,0,1
S0479,ASG_06,Optimization,2025-10-10 22:39:15.350806181,2025-10-13 22:39:15.350806181,3,late,1,0,1
S0480,ASG_06,Optimization,2025-10-10 22:39:15.350806181,2025-10-12 22:39:15.350806181,2,late,1,0,1
S0481,ASG_06,Optimization,2025-10-10 22:39:15.350806181,2025-10-13 22:39:15.350806181,3,late,1,0,1
S0482,ASG_06,Optimization,2025-10-10 22:39:15.350806181,2025-10-10 22:39:15.350806181,0,on_time,0,0,1
S0483,ASG_06,Optimization,2025-10-10 22:39:15.350806181,,12,missed,0,1,0
S0484,ASG_06,Optimization,2025-10-10 22:39:15.350806181,2025-10-12 22:39:15.350806181,2,late,1,0,1
S0485,ASG_06,Optimization,2025-10-10 22:39:15.350806181,2025-10-13 22:39:15.350806181,3,late,1,0,1
S0486,ASG_06,Optimization,2025-10-10 22:39:15.350806181,2025-10-10 22:39:15.350806181,0,on_time,0,0,1
S0487,ASG_06,Optimization,2025-10-10 22:39:15.350806181,2025-10-10 22:39:15.350806181,0,on_time,0,0,1
S0488,ASG_06,Optimization,2025-10-10 22:39:15.350806181,,13,missed,0,1,0
S0489,ASG_06,Optimization,2025-10-10 22:39:15.350806181,2025-10-16 22:39:15.350806181,6,late,1,0,1
S0490,ASG_06,Optimization,2025-10-10 22:39:15.350806181,2025-10-10 22:39:15.350806181,0,on_time,0,0,1
S0491,ASG_06,Optimization,2025-10-10 22:39:15.350806181,2025-10-11 22:39:15.350806181,1,late,1,0,1
S0492,ASG_06,Optimization,2025-10-10 22:39:15.350806181,2025-10-11 22:39:15.350806181,1,late,1,0,1
S0493,ASG_06,Optimization,2025-10-10 22:39:15.350806181,2025-10-11 22:39:15.350806181,1,late,1,0,1
S0494,ASG_06,Optimization,2025-10-10 22:39:15.350806181,2025-10-14 22:39:15.350806181,4,late,1,0,1
S0495,ASG_06,Optimization,2025-10-10 22:39:15.350806181,2025-10-12 22:39:15.350806181,2,late,1,0,1
S0496,ASG_06,Optimization,2025-10-10 22:39:15.350806181,2025-10-17 22:39:15.350806181,7,late,1,0,1
S0497,ASG_06,Optimization,2025-10-10 22:39:15.350806181,2025-10-12 22:39:15.350806181,2,late,1,0,1
S0498,ASG_06,Optimization,2025-10-10 22:39:15.350806181,2025-10-13 22:39:15.350806181,3,late,1,0,1
S0499,ASG_06,Optimization,2025-10-10 22:39:15.350806181,2025-10-11 22:39:15.350806181,1,late,1,0,1
S0500,ASG_06,Optimization,2025-10-10 22:39:15.350806181,2025-10-10 22:39:15.350806181,0,on_time,0,0,1
S0001,ASG_07,Probability,2025-10-27 05:11:58.987169818,2025-10-28 05:11:58.987169818,1,late,1,0,1
S0002,ASG_07,Probability,2025-10-27 05:11:58.987169818,2025-10-30 05:11:58.987169818,3,late,1,0,1
S0003,ASG_07,Probability,2025-10-27 05:11:58.987169818,2025-10-27 05:11:58.987169818,0,on_time,0,0,1
S0004,ASG_07,Probability,2025-10-27 05:11:58.987169818,2025-10-30 05:11:58.987169818,3,late,1,0,1
S0005,ASG_07,Probability,2025-10-27 05:11:58.987169818,2025-10-28 05:11:58.987169818,1,late,1,0,1
S0006,ASG_07,Probability,2025-10-27 05:11:58.987169818,2025-10-27 05:11:58.987169818,0,on_time,0,0,1
S0007,ASG_07,Probability,2025-10-27 05:11:58.987169818,2025-11-01 05:11:58.987169818,5,late,1,0,1
S0008,ASG_07,Probability,2025-10-27 05:11:58.987169818,2025-10-27 05:11:58.987169818,0,on_time,0,0,1
S0009,ASG_07,Probability,2025-10-27 05:11:58.987169818,2025-10-27 05:11:58.987169818,0,on_time,0,0,1
S0010,ASG_07,Probability,2025-10-27 05:11:58.987169818,2025-10-30 05:11:58.987169818,3,late,1,0,1
S0011,ASG_07,Probability,2025-10-27 05:11:58.987169818,2025-10-28 05:11:58.987169818,1,late,1,0,1
S0012,ASG_07,Probability,2025-10-27 05:11:58.987169818,2025-10-27 05:11:58.987169818,0,on_time,0,0,1
S0013,ASG_07,Probability,2025-10-27 05:11:58.987169818,2025-10-27 05:11:58.987169818,0,on_time,0,0,1
S0014,ASG_07,Probability,2025-10-27 05:11:58.987169818,2025-11-01 05:11:58.987169818,5,late,1,0,1
S0015,ASG_07,Probability,2025-10-27 05:11:58.987169818,2025-10-29 05:11:58.987169818,2,late,1,0,1
S0016,ASG_07,Probability,2025-10-27 05:11:58.987169818,2025-10-30 05:11:58.987169818,3,late,1,0,1
S0017,ASG_07,Probability,2025-10-27 05:11:58.987169818,,13,missed,0,1,0
S0018,ASG_07,Probability,2025-10-27 05:11:58.987169818,2025-10-28 05:11:58.987169818,1,late,1,0,1
S0019,ASG_07,Probability,2025-10-27 05:11:58.987169818,2025-10-28 05:11:58.987169818,1,late,1,0,1
S0020,ASG_07,Probability,2025-10-27 05:11:58.987169818,2025-10-27 05:11:58.987169818,0,on_time,0,0,1
S0021,ASG_07,Probability,2025-10-27 05:11:58.987169818,,7,missed,0,1,0
S0022,ASG_07,Probability,2025-10-27 05:11:58.987169818,2025-10-29 05:11:58.987169818,2,late,1,0,1
S0023,ASG_07,Probability,2025-10-27 05:11:58.987169818,2025-11-02 05:11:58.987169818,6,late,1,0,1
S0024,ASG_07,Probability,2025-10-27 05:11:58.987169818,2025-10-27 05:11:58.987169818,0,on_time,0,0,1
S0025,ASG_07,Probability,2025-10-27 05:11:58.987169818,2025-10-29 05:11:58.987169818,2,late,1,0,1
S0026,ASG_07,Probability,2025-10-27 05:11:58.987169818,2025-10-27 05:11:58.987169818,0,on_time,0,0,1
S0027,ASG_07,Probability,2025-10-27 05:11:58.987169818,2025-10-27 05:11:58.987169818,0,on_time,0,0,1
S0028,ASG_07,Probability,2025-10-27 05:11:58.987169818,2025-10-27 05:11:58.987169818,0,on_time,0,0,1
S0029,ASG_07,Probability,2025-10-27 05:11:58.987169818,2025-10-27 05:11:58.987169818,0,on_time,0,0,1
S0030,ASG_07,Probability,2025-10-27 05:11:58.987169818,2025-10-28 05:11:58.987169818,1,late,1,0,1
S0031,ASG_07,Probability,2025-10-27 05:11:58.987169818,2025-10-29 05:11:58.987169818,2,late,1,0,1
S0032,ASG_07,Probability,2025-10-27 05:11:58.987169818,2025-10-30 05:11:58.987169818,3,late,1,0,1
S0033,ASG_07,Probability,2025-10-27 05:11:58.987169818,2025-10-31 05:11:58.987169818,4,late,1,0,1
S0034,ASG_07,Probability,2025-10-27 05:11:58.987169818,,8,missed,0,1,0
S0035,ASG_07,Probability,2025-10-27 05:11:58.987169818,2025-10-30 05:11:58.987169818,3,late,1,0,1
S0036,ASG_07,Probability,2025-10-27 05:11:58.987169818,2025-10-30 05:11:58.987169818,3,late,1,0,1
S0037,ASG_07,Probability,2025-10-27 05:11:58.987169818,2025-10-27 05:11:58.987169818,0,on_time,0,0,1
S0038,ASG_07,Probability,2025-10-27 05:11:58.987169818,2025-10-30 05:11:58.987169818,3,late,1,0,1
S0039,ASG_07,Probability,2025-10-27 05:11:58.987169818,2025-10-31 05:11:58.987169818,4,late,1,0,1
S0040,ASG_07,Probability,2025-10-27 05:11:58.987169818,2025-10-31 05:11:58.987169818,4,late,1,0,1
S0041,ASG_07,Probability,2025-10-27 05:11:58.987169818,2025-10-27 05:11:58.987169818,0,on_time,0,0,1
S0042,ASG_07,Probability,2025-10-27 05:11:58.987169818,2025-10-27 05:11:58.987169818,0,on_time,0,0,1
S0043,ASG_07,Probability,2025-10-27 05:11:58.987169818,2025-10-27 05:11:58.987169818,0,on_time,0,0,1
S0044,ASG_07,Probability,2025-10-27 05:11:58.987169818,2025-10-28 05:11:58.987169818,1,late,1,0,1
S0045,ASG_07,Probability,2025-10-27 05:11:58.987169818,2025-10-29 05:11:58.987169818,2,late,1,0,1
S0046,ASG_07,Probability,2025-10-27 05:11:58.987169818,2025-10-29 05:11:58.987169818,2,late,1,0,1
S0047,ASG_07,Probability,2025-10-27 05:11:58.987169818,2025-10-29 05:11:58.987169818,2,late,1,0,1
S0048,ASG_07,Probability,2025-10-27 05:11:58.987169818,2025-10-27 05:11:58.987169818,0,on_time,0,0,1
S0049,ASG_07,Probability,2025-10-27 05:11:58.987169818,,15,missed,0,1,0
S0050,ASG_07,Probability,2025-10-27 05:11:58.987169818,2025-10-31 05:11:58.987169818,4,late,1,0,1
S0051,ASG_07,Probability,2025-10-27 05:11:58.987169818,2025-10-30 05:11:58.987169818,3,late,1,0,1
S0052,ASG_07,Probability,2025-10-27 05:11:58.987169818,2025-10-28 05:11:58.987169818,1,late,1,0,1
S0053,ASG_07,Probability,2025-10-27 05:11:58.987169818,2025-10-30 05:11:58.987169818,3,late,1,0,1
S0054,ASG_07,Probability,2025-10-27 05:11:58.987169818,2025-10-29 05:11:58.987169818,2,late,1,0,1
S0055,ASG_07,Probability,2025-10-27 05:11:58.987169818,2025-10-30 05:11:58.987169818,3,late,1,0,1
S0056,ASG_07,Probability,2025-10-27 05:11:58.987169818,2025-10-30 05:11:58.987169818,3,late,1,0,1
S0057,ASG_07,Probability,2025-10-27 05:11:58.987169818,2025-11-01 05:11:58.987169818,5,late,1,0,1
S0058,ASG_07,Probability,2025-10-27 05:11:58.987169818,2025-10-28 05:11:58.987169818,1,late,1,0,1
S0059,ASG_07,Probability,2025-10-27 05:11:58.987169818,2025-10-29 05:11:58.987169818,2,late,1,0,1
S0060,ASG_07,Probability,2025-10-27 05:11:58.987169818,2025-10-29 05:11:58.987169818,2,late,1,0,1
S0061,ASG_07,Probability,2025-10-27 05:11:58.987169818,2025-10-29 05:11:58.987169818,2,late,1,0,1
S0062,ASG_07,Probability,2025-10-27 05:11:58.987169818,2025-10-28 05:11:58.987169818,1,late,1,0,1
S0063,ASG_07,Probability,2025-10-27 05:11:58.987169818,2025-11-01 05:11:58.987169818,5,late,1,0,1
S0064,ASG_07,Probability,2025-10-27 05:11:58.987169818,2025-10-28 05:11:58.987169818,1,late,1,0,1
S0065,ASG_07,Probability,2025-10-27 05:11:58.987169818,2025-10-30 05:11:58.987169818,3,late,1,0,1
S0066,ASG_07,Probability,2025-10-27 05:11:58.987169818,2025-10-31 05:11:58.987169818,4,late,1,0,1
S0067,ASG_07,Probability,2025-10-27 05:11:58.987169818,,8,missed,0,1,0
S0068,ASG_07,Probability,2025-10-27 05:11:58.987169818,,15,missed,0,1,0
S0069,ASG_07,Probability,2025-10-27 05:11:58.987169818,2025-10-30 05:11:58.987169818,3,late,1,0,1
S0070,ASG_07,Probability,2025-10-27 05:11:58.987169818,2025-10-29 05:11:58.987169818,2,late,1,0,1
S0071,ASG_07,Probability,2025-10-27 05:11:58.987169818,2025-10-28 05:11:58.987169818,1,late,1,0,1
S0072,ASG_07,Probability,2025-10-27 05:11:58.987169818,2025-10-31 05:11:58.987169818,4,late,1,0,1
S0073,ASG_07,Probability,2025-10-27 05:11:58.987169818,2025-10-27 05:11:58.987169818,0,on_time,0,0,1
S0074,ASG_07,Probability,2025-10-27 05:11:58.987169818,2025-10-27 05:11:58.987169818,0,on_time,0,0,1
S0075,ASG_07,Probability,2025-10-27 05:11:58.987169818,2025-10-30 05:11:58.987169818,3,late,1,0,1
S0076,ASG_07,Probability,2025-10-27 05:11:58.987169818,,8,missed,0,1,0
S0077,ASG_07,Probability,2025-10-27 05:11:58.987169818,,7,missed,0,1,0
S0078,ASG_07,Probability,2025-10-27 05:11:58.987169818,2025-10-28 05:11:58.987169818,1,late,1,0,1
S0079,ASG_07,Probability,2025-10-27 05:11:58.987169818,2025-10-27 05:11:58.987169818,0,on_time,0,0,1
S0080,ASG_07,Probability,2025-10-27 05:11:58.987169818,,8,missed,0,1,0
S0081,ASG_07,Probability,2025-10-27 05:11:58.987169818,2025-10-30 05:11:58.987169818,3,late,1,0,1
S0082,ASG_07,Probability,2025-10-27 05:11:58.987169818,,8,missed,0,1,0
S0083,ASG_07,Probability,2025-10-27 05:11:58.987169818,2025-10-27 05:11:58.987169818,0,on_time,0,0,1
S0084,ASG_07,Probability,2025-10-27 05:11:58.987169818,2025-10-27 05:11:58.987169818,0,on_time,0,0,1
S0085,ASG_07,Probability,2025-10-27 05:11:58.987169818,2025-10-27 05:11:58.987169818,0,on_time,0,0,1
S0086,ASG_07,Probability,2025-10-27 05:11:58.987169818,2025-10-27 05:11:58.987169818,0,on_time,0,0,1
S0087,ASG_07,Probability,2025-10-27 05:11:58.987169818,2025-11-03 05:11:58.987169818,7,late,1,0,1
S0088,ASG_07,Probability,2025-10-27 05:11:58.987169818,2025-10-29 05:11:58.987169818,2,late,1,0,1
S0089,ASG_07,Probability,2025-10-27 05:11:58.987169818,2025-10-27 05:11:58.987169818,0,on_time,0,0,1
S0090,ASG_07,Probability,2025-10-27 05:11:58.987169818,2025-10-28 05:11:58.987169818,1,late,1,0,1
S0091,ASG_07,Probability,2025-10-27 05:11:58.987169818,2025-10-27 05:11:58.987169818,0,on_time,0,0,1
S0092,ASG_07,Probability,2025-10-27 05:11:58.987169818,2025-10-27 05:11:58.987169818,0,on_time,0,0,1
S0093,ASG_07,Probability,2025-10-27 05:11:58.987169818,2025-10-28 05:11:58.987169818,1,late,1,0,1
S0094,ASG_07,Probability,2025-10-27 05:11:58.987169818,2025-10-31 05:11:58.987169818,4,late,1,0,1
S0095,ASG_07,Probability,2025-10-27 05:11:58.987169818,2025-11-01 05:11:58.987169818,5,late,1,0,1
S0096,ASG_07,Probability,2025-10-27 05:11:58.987169818,2025-10-27 05:11:58.987169818,0,on_time,0,0,1
S0097,ASG_07,Probability,2025-10-27 05:11:58.987169818,2025-10-29 05:11:58.987169818,2,late,1,0,1
S0098,ASG_07,Probability,2025-10-27 05:11:58.987169818,2025-10-29 05:11:58.987169818,2,late,1,0,1
S0099,ASG_07,Probability,2025-10-27 05:11:58.987169818,2025-10-28 05:11:58.987169818,1,late,1,0,1
S0100,ASG_07,Probability,2025-10-27 05:11:58.987169818,2025-10-31 05:11:58.987169818,4,late,1,0,1
S0101,ASG_07,Probability,2025-10-27 05:11:58.987169818,,12,missed,0,1,0
S0102,ASG_07,Probability,2025-10-27 05:11:58.987169818,,11,missed,0,1,0
S0103,ASG_07,Probability,2025-10-27 05:11:58.987169818,2025-10-27 05:11:58.987169818,0,on_time,0,0,1
S0104,ASG_07,Probability,2025-10-27 05:11:58.987169818,,10,missed,0,1,0
S0105,ASG_07,Probability,2025-10-27 05:11:58.987169818,2025-10-28 05:11:58.987169818,1,late,1,0,1
S0106,ASG_07,Probability,2025-10-27 05:11:58.987169818,2025-10-27 05:11:58.987169818,0,on_time,0,0,1
S0107,ASG_07,Probability,2025-10-27 05:11:58.987169818,2025-10-28 05:11:58.987169818,1,late,1,0,1
S0108,ASG_07,Probability,2025-10-27 05:11:58.987169818,2025-10-29 05:11:58.987169818,2,late,1,0,1
S0109,ASG_07,Probability,2025-10-27 05:11:58.987169818,2025-10-27 05:11:58.987169818,0,on_time,0,0,1
S0110,ASG_07,Probability,2025-10-27 05:11:58.987169818,2025-10-29 05:11:58.987169818,2,late,1,0,1
S0111,ASG_07,Probability,2025-10-27 05:11:58.987169818,2025-10-27 05:11:58.987169818,0,on_time,0,0,1
S0112,ASG_07,Probability,2025-10-27 05:11:58.987169818,2025-10-29 05:11:58.987169818,2,late,1,0,1
S0113,ASG_07,Probability,2025-10-27 05:11:58.987169818,,11,missed,0,1,0
S0114,ASG_07,Probability,2025-10-27 05:11:58.987169818,2025-10-29 05:11:58.987169818,2,late,1,0,1
S0115,ASG_07,Probability,2025-10-27 05:11:58.987169818,2025-10-30 05:11:58.987169818,3,late,1,0,1
S0116,ASG_07,Probability,2025-10-27 05:11:58.987169818,2025-10-27 05:11:58.987169818,0,on_time,0,0,1
S0117,ASG_07,Probability,2025-10-27 05:11:58.987169818,2025-10-27 05:11:58.987169818,0,on_time,0,0,1
S0118,ASG_07,Probability,2025-10-27 05:11:58.987169818,2025-10-28 05:11:58.987169818,1,late,1,0,1
S0119,ASG_07,Probability,2025-10-27 05:11:58.987169818,2025-10-27 05:11:58.987169818,0,on_time,0,0,1
S0120,ASG_07,Probability,2025-10-27 05:11:58.987169818,2025-10-29 05:11:58.987169818,2,late,1,0,1
S0121,ASG_07,Probability,2025-10-27 05:11:58.987169818,,12,missed,0,1,0
S0122,ASG_07,Probability,2025-10-27 05:11:58.987169818,2025-10-27 05:11:58.987169818,0,on_time,0,0,1
S0123,ASG_07,Probability,2025-10-27 05:11:58.987169818,2025-10-27 05:11:58.987169818,0,on_time,0,0,1
S0124,ASG_07,Probability,2025-10-27 05:11:58.987169818,2025-10-28 05:11:58.987169818,1,late,1,0,1
S0125,ASG_07,Probability,2025-10-27 05:11:58.987169818,2025-10-27 05:11:58.987169818,0,on_time,0,0,1
S0126,ASG_07,Probability,2025-10-27 05:11:58.987169818,2025-10-27 05:11:58.987169818,0,on_time,0,0,1
S0127,ASG_07,Probability,2025-10-27 05:11:58.987169818,2025-10-27 05:11:58.987169818,0,on_time,0,0,1
S0128,ASG_07,Probability,2025-10-27 05:11:58.987169818,2025-10-29 05:11:58.987169818,2,late,1,0,1
S0129,ASG_07,Probability,2025-10-27 05:11:58.987169818,2025-10-30 05:11:58.987169818,3,late,1,0,1
S0130,ASG_07,Probability,2025-10-27 05:11:58.987169818,2025-10-29 05:11:58.987169818,2,late,1,0,1
S0131,ASG_07,Probability,2025-10-27 05:11:58.987169818,2025-10-31 05:11:58.987169818,4,late,1,0,1
S0132,ASG_07,Probability,2025-10-27 05:11:58.987169818,2025-10-27 05:11:58.987169818,0,on_time,0,0,1
S0133,ASG_07,Probability,2025-10-27 05:11:58.987169818,2025-10-28 05:11:58.987169818,1,late,1,0,1
S0134,ASG_07,Probability,2025-10-27 05:11:58.987169818,2025-10-27 05:11:58.987169818,0,on_time,0,0,1
S0135,ASG_07,Probability,2025-10-27 05:11:58.987169818,2025-11-02 05:11:58.987169818,6,late,1,0,1
S0136,ASG_07,Probability,2025-10-27 05:11:58.987169818,2025-10-27 05:11:58.987169818,0,on_time,0,0,1
S0137,ASG_07,Probability,2025-10-27 05:11:58.987169818,2025-10-30 05:11:58.987169818,3,late,1,0,1
S0138,ASG_07,Probability,2025-10-27 05:11:58.987169818,2025-10-30 05:11:58.987169818,3,late,1,0,1
S0139,ASG_07,Probability,2025-10-27 05:11:58.987169818,2025-10-30 05:11:58.987169818,3,late,1,0,1
S0140,ASG_07,Probability,2025-10-27 05:11:58.987169818,2025-10-27 05:11:58.987169818,0,on_time,0,0,1
S0141,ASG_07,Probability,2025-10-27 05:11:58.987169818,2025-10-27 05:11:58.987169818,0,on_time,0,0,1
S0142,ASG_07,Probability,2025-10-27 05:11:58.987169818,2025-10-28 05:11:58.987169818,1,late,1,0,1
S0143,ASG_07,Probability,2025-10-27 05:11:58.987169818,2025-10-30 05:11:58.987169818,3,late,1,0,1
S0144,ASG_07,Probability,2025-10-27 05:11:58.987169818,2025-10-28 05:11:58.987169818,1,late,1,0,1
S0145,ASG_07,Probability,2025-10-27 05:11:58.987169818,2025-10-28 05:11:58.987169818,1,late,1,0,1
S0146,ASG_07,Probability,2025-10-27 05:11:58.987169818,2025-10-27 05:11:58.987169818,0,on_time,0,0,1
S0147,ASG_07,Probability,2025-10-27 05:11:58.987169818,2025-10-29 05:11:58.987169818,2,late,1,0,1
S0148,ASG_07,Probability,2025-10-27 05:11:58.987169818,2025-10-29 05:11:58.987169818,2,late,1,0,1
S0149,ASG_07,Probability,2025-10-27 05:11:58.987169818,2025-10-31 05:11:58.987169818,4,late,1,0,1
S0150,ASG_07,Probability,2025-10-27 05:11:58.987169818,2025-10-29 05:11:58.987169818,2,late,1,0,1
S0151,ASG_07,Probability,2025-10-27 05:11:58.987169818,2025-10-27 05:11:58.987169818,0,on_time,0,0,1
S0152,ASG_07,Probability,2025-10-27 05:11:58.987169818,2025-10-27 05:11:58.987169818,0,on_time,0,0,1
S0153,ASG_07,Probability,2025-10-27 05:11:58.987169818,2025-10-29 05:11:58.987169818,2,late,1,0,1
S0154,ASG_07,Probability,2025-10-27 05:11:58.987169818,2025-10-29 05:11:58.987169818,2,late,1,0,1
S0155,ASG_07,Probability,2025-10-27 05:11:58.987169818,2025-11-02 05:11:58.987169818,6,late,1,0,1
S0156,ASG_07,Probability,2025-10-27 05:11:58.987169818,2025-11-01 05:11:58.987169818,5,late,1,0,1
S0157,ASG_07,Probability,2025-10-27 05:11:58.987169818,2025-10-27 05:11:58.987169818,0,on_time,0,0,1
S0158,ASG_07,Probability,2025-10-27 05:11:58.987169818,2025-10-29 05:11:58.987169818,2,late,1,0,1
S0159,ASG_07,Probability,2025-10-27 05:11:58.987169818,2025-10-27 05:11:58.987169818,0,on_time,0,0,1
S0160,ASG_07,Probability,2025-10-27 05:11:58.987169818,,12,missed,0,1,0
S0161,ASG_07,Probability,2025-10-27 05:11:58.987169818,2025-11-01 05:11:58.987169818,5,late,1,0,1
S0162,ASG_07,Probability,2025-10-27 05:11:58.987169818,2025-10-29 05:11:58.987169818,2,late,1,0,1
S0163,ASG_07,Probability,2025-10-27 05:11:58.987169818,2025-10-28 05:11:58.987169818,1,late,1,0,1
S0164,ASG_07,Probability,2025-10-27 05:11:58.987169818,2025-10-30 05:11:58.987169818,3,late,1,0,1
S0165,ASG_07,Probability,2025-10-27 05:11:58.987169818,,10,missed,0,1,0
S0166,ASG_07,Probability,2025-10-27 05:11:58.987169818,2025-10-27 05:11:58.987169818,0,on_time,0,0,1
S0167,ASG_07,Probability,2025-10-27 05:11:58.987169818,2025-10-29 05:11:58.987169818,2,late,1,0,1
S0168,ASG_07,Probability,2025-10-27 05:11:58.987169818,2025-10-28 05:11:58.987169818,1,late,1,0,1
S0169,ASG_07,Probability,2025-10-27 05:11:58.987169818,2025-10-31 05:11:58.987169818,4,late,1,0,1
S0170,ASG_07,Probability,2025-10-27 05:11:58.987169818,2025-10-29 05:11:58.987169818,2,late,1,0,1
S0171,ASG_07,Probability,2025-10-27 05:11:58.987169818,2025-11-01 05:11:58.987169818,5,late,1,0,1
S0172,ASG_07,Probability,2025-10-27 05:11:58.987169818,2025-10-27 05:11:58.987169818,0,on_time,0,0,1
S0173,ASG_07,Probability,2025-10-27 05:11:58.987169818,2025-10-28 05:11:58.987169818,1,late,1,0,1
S0174,ASG_07,Probability,2025-10-27 05:11:58.987169818,,11,missed,0,1,0
S0175,ASG_07,Probability,2025-10-27 05:11:58.987169818,2025-10-31 05:11:58.987169818,4,late,1,0,1
S0176,ASG_07,Probability,2025-10-27 05:11:58.987169818,,13,missed,0,1,0
S0177,ASG_07,Probability,2025-10-27 05:11:58.987169818,2025-10-28 05:11:58.987169818,1,late,1,0,1
S0178,ASG_07,Probability,2025-10-27 05:11:58.987169818,,14,missed,0,1,0
S0179,ASG_07,Probability,2025-10-27 05:11:58.987169818,2025-10-30 05:11:58.987169818,3,late,1,0,1
S0180,ASG_07,Probability,2025-10-27 05:11:58.987169818,,11,missed,0,1,0
S0181,ASG_07,Probability,2025-10-27 05:11:58.987169818,,10,missed,0,1,0
S0182,ASG_07,Probability,2025-10-27 05:11:58.987169818,2025-10-29 05:11:58.987169818,2,late,1,0,1
S0183,ASG_07,Probability,2025-10-27 05:11:58.987169818,2025-10-29 05:11:58.987169818,2,late,1,0,1
S0184,ASG_07,Probability,2025-10-27 05:11:58.987169818,2025-10-28 05:11:58.987169818,1,late,1,0,1
S0185,ASG_07,Probability,2025-10-27 05:11:58.987169818,2025-10-30 05:11:58.987169818,3,late,1,0,1
S0186,ASG_07,Probability,2025-10-27 05:11:58.987169818,2025-10-30 05:11:58.987169818,3,late,1,0,1
S0187,ASG_07,Probability,2025-10-27 05:11:58.987169818,2025-10-27 05:11:58.987169818,0,on_time,0,0,1
S0188,ASG_07,Probability,2025-10-27 05:11:58.987169818,2025-10-28 05:11:58.987169818,1,late,1,0,1
S0189,ASG_07,Probability,2025-10-27 05:11:58.987169818,2025-11-01 05:11:58.987169818,5,late,1,0,1
S0190,ASG_07,Probability,2025-10-27 05:11:58.987169818,2025-11-01 05:11:58.987169818,5,late,1,0,1
S0191,ASG_07,Probability,2025-10-27 05:11:58.987169818,2025-10-30 05:11:58.987169818,3,late,1,0,1
S0192,ASG_07,Probability,2025-10-27 05:11:58.987169818,2025-10-28 05:11:58.987169818,1,late,1,0,1
S0193,ASG_07,Probability,2025-10-27 05:11:58.987169818,2025-10-27 05:11:58.987169818,0,on_time,0,0,1
S0194,ASG_07,Probability,2025-10-27 05:11:58.987169818,2025-10-27 05:11:58.987169818,0,on_time,0,0,1
S0195,ASG_07,Probability,2025-10-27 05:11:58.987169818,2025-10-27 05:11:58.987169818,0,on_time,0,0,1
S0196,ASG_07,Probability,2025-10-27 05:11:58.987169818,2025-10-31 05:11:58.987169818,4,late,1,0,1
S0197,ASG_07,Probability,2025-10-27 05:11:58.987169818,2025-10-27 05:11:58.987169818,0,on_time,0,0,1
S0198,ASG_07,Probability,2025-10-27 05:11:58.987169818,2025-10-27 05:11:58.987169818,0,on_time,0,0,1
S0199,ASG_07,Probability,2025-10-27 05:11:58.987169818,2025-10-29 05:11:58.987169818,2,late,1,0,1
S0200,ASG_07,Probability,2025-10-27 05:11:58.987169818,2025-10-29 05:11:58.987169818,2,late,1,0,1
S0201,ASG_07,Probability,2025-10-27 05:11:58.987169818,2025-11-01 05:11:58.987169818,5,late,1,0,1
S0202,ASG_07,Probability,2025-10-27 05:11:58.987169818,2025-10-30 05:11:58.987169818,3,late,1,0,1
S0203,ASG_07,Probability,2025-10-27 05:11:58.987169818,2025-10-29 05:11:58.987169818,2,late,1,0,1
S0204,ASG_07,Probability,2025-10-27 05:11:58.987169818,2025-10-31 05:11:58.987169818,4,late,1,0,1
S0205,ASG_07,Probability,2025-10-27 05:11:58.987169818,2025-10-27 05:11:58.987169818,0,on_time,0,0,1
S0206,ASG_07,Probability,2025-10-27 05:11:58.987169818,2025-10-31 05:11:58.987169818,4,late,1,0,1
S0207,ASG_07,Probability,2025-10-27 05:11:58.987169818,2025-10-27 05:11:58.987169818,0,on_time,0,0,1
S0208,ASG_07,Probability,2025-10-27 05:11:58.987169818,2025-10-27 05:11:58.987169818,0,on_time,0,0,1
S0209,ASG_07,Probability,2025-10-27 05:11:58.987169818,2025-10-29 05:11:58.987169818,2,late,1,0,1
S0210,ASG_07,Probability,2025-10-27 05:11:58.987169818,2025-10-27 05:11:58.987169818,0,on_time,0,0,1
S0211,ASG_07,Probability,2025-10-27 05:11:58.987169818,2025-10-30 05:11:58.987169818,3,late,1,0,1
S0212,ASG_07,Probability,2025-10-27 05:11:58.987169818,2025-10-29 05:11:58.987169818,2,late,1,0,1
S0213,ASG_07,Probability,2025-10-27 05:11:58.987169818,2025-11-01 05:11:58.987169818,5,late,1,0,1
S0214,ASG_07,Probability,2025-10-27 05:11:58.987169818,2025-10-29 05:11:58.987169818,2,late,1,0,1
S0215,ASG_07,Probability,2025-10-27 05:11:58.987169818,2025-10-27 05:11:58.987169818,0,on_time,0,0,1
S0216,ASG_07,Probability,2025-10-27 05:11:58.987169818,2025-10-30 05:11:58.987169818,3,late,1,0,1
S0217,ASG_07,Probability,2025-10-27 05:11:58.987169818,2025-10-28 05:11:58.987169818,1,late,1,0,1
S0218,ASG_07,Probability,2025-10-27 05:11:58.987169818,2025-10-30 05:11:58.987169818,3,late,1,0,1
S0219,ASG_07,Probability,2025-10-27 05:11:58.987169818,2025-10-27 05:11:58.987169818,0,on_time,0,0,1
S0220,ASG_07,Probability,2025-10-27 05:11:58.987169818,2025-10-31 05:11:58.987169818,4,late,1,0,1
S0221,ASG_07,Probability,2025-10-27 05:11:58.987169818,2025-10-29 05:11:58.987169818,2,late,1,0,1
S0222,ASG_07,Probability,2025-10-27 05:11:58.987169818,2025-10-28 05:11:58.987169818,1,late,1,0,1
S0223,ASG_07,Probability,2025-10-27 05:11:58.987169818,2025-11-01 05:11:58.987169818,5,late,1,0,1
S0224,ASG_07,Probability,2025-10-27 05:11:58.987169818,2025-10-31 05:11:58.987169818,4,late,1,0,1
S0225,ASG_07,Probability,2025-10-27 05:11:58.987169818,2025-10-28 05:11:58.987169818,1,late,1,0,1
S0226,ASG_07,Probability,2025-10-27 05:11:58.987169818,2025-10-30 05:11:58.987169818,3,late,1,0,1
S0227,ASG_07,Probability,2025-10-27 05:11:58.987169818,2025-10-30 05:11:58.987169818,3,late,1,0,1
S0228,ASG_07,Probability,2025-10-27 05:11:58.987169818,2025-10-28 05:11:58.987169818,1,late,1,0,1
S0229,ASG_07,Probability,2025-10-27 05:11:58.987169818,2025-10-30 05:11:58.987169818,3,late,1,0,1
S0230,ASG_07,Probability,2025-10-27 05:11:58.987169818,2025-10-31 05:11:58.987169818,4,late,1,0,1
S0231,ASG_07,Probability,2025-10-27 05:11:58.987169818,2025-10-28 05:11:58.987169818,1,late,1,0,1
S0232,ASG_07,Probability,2025-10-27 05:11:58.987169818,2025-10-28 05:11:58.987169818,1,late,1,0,1
S0233,ASG_07,Probability,2025-10-27 05:11:58.987169818,2025-10-29 05:11:58.987169818,2,late,1,0,1
S0234,ASG_07,Probability,2025-10-27 05:11:58.987169818,2025-10-28 05:11:58.987169818,1,late,1,0,1
S0235,ASG_07,Probability,2025-10-27 05:11:58.987169818,2025-10-28 05:11:58.987169818,1,late,1,0,1
S0236,ASG_07,Probability,2025-10-27 05:11:58.987169818,2025-10-28 05:11:58.987169818,1,late,1,0,1
S0237,ASG_07,Probability,2025-10-27 05:11:58.987169818,2025-10-29 05:11:58.987169818,2,late,1,0,1
S0238,ASG_07,Probability,2025-10-27 05:11:58.987169818,2025-10-28 05:11:58.987169818,1,late,1,0,1
S0239,ASG_07,Probability,2025-10-27 05:11:58.987169818,2025-10-27 05:11:58.987169818,0,on_time,0,0,1
S0240,ASG_07,Probability,2025-10-27 05:11:58.987169818,2025-10-31 05:11:58.987169818,4,late,1,0,1
S0241,ASG_07,Probability,2025-10-27 05:11:58.987169818,,13,missed,0,1,0
S0242,ASG_07,Probability,2025-10-27 05:11:58.987169818,2025-10-30 05:11:58.987169818,3,late,1,0,1
S0243,ASG_07,Probability,2025-10-27 05:11:58.987169818,2025-10-31 05:11:58.987169818,4,late,1,0,1
S0244,ASG_07,Probability,2025-10-27 05:11:58.987169818,2025-10-28 05:11:58.987169818,1,late,1,0,1
S0245,ASG_07,Probability,2025-10-27 05:11:58.987169818,2025-10-29 05:11:58.987169818,2,late,1,0,1
S0246,ASG_07,Probability,2025-10-27 05:11:58.987169818,2025-10-30 05:11:58.987169818,3,late,1,0,1
S0247,ASG_07,Probability,2025-10-27 05:11:58.987169818,2025-10-28 05:11:58.987169818,1,late,1,0,1
S0248,ASG_07,Probability,2025-10-27 05:11:58.987169818,2025-10-30 05:11:58.987169818,3,late,1,0,1
S0249,ASG_07,Probability,2025-10-27 05:11:58.987169818,2025-10-29 05:11:58.987169818,2,late,1,0,1
S0250,ASG_07,Probability,2025-10-27 05:11:58.987169818,2025-10-27 05:11:58.987169818,0,on_time,0,0,1
S0251,ASG_07,Probability,2025-10-27 05:11:58.987169818,2025-10-30 05:11:58.987169818,3,late,1,0,1
S0252,ASG_07,Probability,2025-10-27 05:11:58.987169818,2025-10-28 05:11:58.987169818,1,late,1,0,1
S0253,ASG_07,Probability,2025-10-27 05:11:58.987169818,,9,missed,0,1,0
S0254,ASG_07,Probability,2025-10-27 05:11:58.987169818,2025-10-30 05:11:58.987169818,3,late,1,0,1
S0255,ASG_07,Probability,2025-10-27 05:11:58.987169818,2025-10-29 05:11:58.987169818,2,late,1,0,1
S0256,ASG_07,Probability,2025-10-27 05:11:58.987169818,2025-10-27 05:11:58.987169818,0,on_time,0,0,1
S0257,ASG_07,Probability,2025-10-27 05:11:58.987169818,2025-11-03 05:11:58.987169818,7,late,1,0,1
S0258,ASG_07,Probability,2025-10-27 05:11:58.987169818,2025-10-28 05:11:58.987169818,1,late,1,0,1
S0259,ASG_07,Probability,2025-10-27 05:11:58.987169818,2025-11-01 05:11:58.987169818,5,late,1,0,1
S0260,ASG_07,Probability,2025-10-27 05:11:58.987169818,2025-10-27 05:11:58.987169818,0,on_time,0,0,1
S0261,ASG_07,Probability,2025-10-27 05:11:58.987169818,2025-11-02 05:11:58.987169818,6,late,1,0,1
S0262,ASG_07,Probability,2025-10-27 05:11:58.987169818,2025-10-27 05:11:58.987169818,0,on_time,0,0,1
S0263,ASG_07,Probability,2025-10-27 05:11:58.987169818,2025-10-27 05:11:58.987169818,0,on_time,0,0,1
S0264,ASG_07,Probability,2025-10-27 05:11:58.987169818,2025-10-27 05:11:58.987169818,0,on_time,0,0,1
S0265,ASG_07,Probability,2025-10-27 05:11:58.987169818,2025-10-27 05:11:58.987169818,0,on_time,0,0,1
S0266,ASG_07,Probability,2025-10-27 05:11:58.987169818,2025-10-31 05:11:58.987169818,4,late,1,0,1
S0267,ASG_07,Probability,2025-10-27 05:11:58.987169818,2025-10-27 05:11:58.987169818,0,on_time,0,0,1
S0268,ASG_07,Probability,2025-10-27 05:11:58.987169818,2025-10-27 05:11:58.987169818,0,on_time,0,0,1
S0269,ASG_07,Probability,2025-10-27 05:11:58.987169818,2025-10-29 05:11:58.987169818,2,late,1,0,1
S0270,ASG_07,Probability,2025-10-27 05:11:58.987169818,2025-10-27 05:11:58.987169818,0,on_time,0,0,1
S0271,ASG_07,Probability,2025-10-27 05:11:58.987169818,2025-10-27 05:11:58.987169818,0,on_time,0,0,1
S0272,ASG_07,Probability,2025-10-27 05:11:58.987169818,2025-10-27 05:11:58.987169818,0,on_time,0,0,1
S0273,ASG_07,Probability,2025-10-27 05:11:58.987169818,2025-11-01 05:11:58.987169818,5,late,1,0,1
S0274,ASG_07,Probability,2025-10-27 05:11:58.987169818,2025-10-28 05:11:58.987169818,1,late,1,0,1
S0275,ASG_07,Probability,2025-10-27 05:11:58.987169818,2025-10-27 05:11:58.987169818,0,on_time,0,0,1
S0276,ASG_07,Probability,2025-10-27 05:11:58.987169818,2025-10-31 05:11:58.987169818,4,late,1,0,1
S0277,ASG_07,Probability,2025-10-27 05:11:58.987169818,,8,missed,0,1,0
S0278,ASG_07,Probability,2025-10-27 05:11:58.987169818,2025-10-29 05:11:58.987169818,2,late,1,0,1
S0279,ASG_07,Probability,2025-10-27 05:11:58.987169818,2025-11-01 05:11:58.987169818,5,late,1,0,1
S0280,ASG_07,Probability,2025-10-27 05:11:58.987169818,2025-10-28 05:11:58.987169818,1,late,1,0,1
S0281,ASG_07,Probability,2025-10-27 05:11:58.987169818,2025-10-30 05:11:58.987169818,3,late,1,0,1
S0282,ASG_07,Probability,2025-10-27 05:11:58.987169818,2025-10-28 05:11:58.987169818,1,late,1,0,1
S0283,ASG_07,Probability,2025-10-27 05:11:58.987169818,2025-10-28 05:11:58.987169818,1,late,1,0,1
S0284,ASG_07,Probability,2025-10-27 05:11:58.987169818,,9,missed,0,1,0
S0285,ASG_07,Probability,2025-10-27 05:11:58.987169818,2025-10-28 05:11:58.987169818,1,late,1,0,1
S0286,ASG_07,Probability,2025-10-27 05:11:58.987169818,2025-10-29 05:11:58.987169818,2,late,1,0,1
S0287,ASG_07,Probability,2025-10-27 05:11:58.987169818,2025-10-28 05:11:58.987169818,1,late,1,0,1
S0288,ASG_07,Probability,2025-10-27 05:11:58.987169818,2025-10-27 05:11:58.987169818,0,on_time,0,0,1
S0289,ASG_07,Probability,2025-10-27 05:11:58.987169818,2025-10-27 05:11:58.987169818,0,on_time,0,0,1
S0290,ASG_07,Probability,2025-10-27 05:11:58.987169818,2025-10-27 05:11:58.987169818,0,on_time,0,0,1
S0291,ASG_07,Probability,2025-10-27 05:11:58.987169818,2025-10-29 05:11:58.987169818,2,late,1,0,1
S0292,ASG_07,Probability,2025-10-27 05:11:58.987169818,2025-10-27 05:11:58.987169818,0,on_time,0,0,1
S0293,ASG_07,Probability,2025-10-27 05:11:58.987169818,2025-10-27 05:11:58.987169818,0,on_time,0,0,1
S0294,ASG_07,Probability,2025-10-27 05:11:58.987169818,2025-10-30 05:11:58.987169818,3,late,1,0,1
S0295,ASG_07,Probability,2025-10-27 05:11:58.987169818,2025-10-28 05:11:58.987169818,1,late,1,0,1
S0296,ASG_07,Probability,2025-10-27 05:11:58.987169818,2025-10-29 05:11:58.987169818,2,late,1,0,1
S0297,ASG_07,Probability,2025-10-27 05:11:58.987169818,2025-10-27 05:11:58.987169818,0,on_time,0,0,1
S0298,ASG_07,Probability,2025-10-27 05:11:58.987169818,2025-10-27 05:11:58.987169818,0,on_time,0,0,1
S0299,ASG_07,Probability,2025-10-27 05:11:58.987169818,2025-10-28 05:11:58.987169818,1,late,1,0,1
S0300,ASG_07,Probability,2025-10-27 05:11:58.987169818,2025-10-30 05:11:58.987169818,3,late,1,0,1
S0301,ASG_07,Probability,2025-10-27 05:11:58.987169818,,15,missed,0,1,0
S0302,ASG_07,Probability,2025-10-27 05:11:58.987169818,2025-10-31 05:11:58.987169818,4,late,1,0,1
S0303,ASG_07,Probability,2025-10-27 05:11:58.987169818,2025-10-29 05:11:58.987169818,2,late,1,0,1
S0304,ASG_07,Probability,2025-10-27 05:11:58.987169818,,7,missed,0,1,0
S0305,ASG_07,Probability,2025-10-27 05:11:58.987169818,,11,missed,0,1,0
S0306,ASG_07,Probability,2025-10-27 05:11:58.987169818,2025-11-01 05:11:58.987169818,5,late,1,0,1
S0307,ASG_07,Probability,2025-10-27 05:11:58.987169818,2025-10-27 05:11:58.987169818,0,on_time,0,0,1
S0308,ASG_07,Probability,2025-10-27 05:11:58.987169818,2025-10-29 05:11:58.987169818,2,late,1,0,1
S0309,ASG_07,Probability,2025-10-27 05:11:58.987169818,2025-10-28 05:11:58.987169818,1,late,1,0,1
S0310,ASG_07,Probability,2025-10-27 05:11:58.987169818,2025-10-27 05:11:58.987169818,0,on_time,0,0,1
S0311,ASG_07,Probability,2025-10-27 05:11:58.987169818,2025-10-27 05:11:58.987169818,0,on_time,0,0,1
S0312,ASG_07,Probability,2025-10-27 05:11:58.987169818,2025-10-29 05:11:58.987169818,2,late,1,0,1
S0313,ASG_07,Probability,2025-10-27 05:11:58.987169818,2025-10-28 05:11:58.987169818,1,late,1,0,1
S0314,ASG_07,Probability,2025-10-27 05:11:58.987169818,,7,missed,0,1,0
S0315,ASG_07,Probability,2025-10-27 05:11:58.987169818,2025-10-30 05:11:58.987169818,3,late,1,0,1
S0316,ASG_07,Probability,2025-10-27 05:11:58.987169818,2025-10-31 05:11:58.987169818,4,late,1,0,1
S0317,ASG_07,Probability,2025-10-27 05:11:58.987169818,2025-10-28 05:11:58.987169818,1,late,1,0,1
S0318,ASG_07,Probability,2025-10-27 05:11:58.987169818,2025-10-28 05:11:58.987169818,1,late,1,0,1
S0319,ASG_07,Probability,2025-10-27 05:11:58.987169818,2025-10-30 05:11:58.987169818,3,late,1,0,1
S0320,ASG_07,Probability,2025-10-27 05:11:58.987169818,2025-11-01 05:11:58.987169818,5,late,1,0,1
S0321,ASG_07,Probability,2025-10-27 05:11:58.987169818,2025-10-30 05:11:58.987169818,3,late,1,0,1
S0322,ASG_07,Probability,2025-10-27 05:11:58.987169818,2025-10-27 05:11:58.987169818,0,on_time,0,0,1
S0323,ASG_07,Probability,2025-10-27 05:11:58.987169818,2025-10-30 05:11:58.987169818,3,late,1,0,1
S0324,ASG_07,Probability,2025-10-27 05:11:58.987169818,2025-10-28 05:11:58.987169818,1,late,1,0,1
S0325,ASG_07,Probability,2025-10-27 05:11:58.987169818,2025-10-28 05:11:58.987169818,1,late,1,0,1
S0326,ASG_07,Probability,2025-10-27 05:11:58.987169818,2025-10-28 05:11:58.987169818,1,late,1,0,1
S0327,ASG_07,Probability,2025-10-27 05:11:58.987169818,2025-10-27 05:11:58.987169818,0,on_time,0,0,1
S0328,ASG_07,Probability,2025-10-27 05:11:58.987169818,2025-11-01 05:11:58.987169818,5,late,1,0,1
S0329,ASG_07,Probability,2025-10-27 05:11:58.987169818,2025-10-27 05:11:58.987169818,0,on_time,0,0,1
S0330,ASG_07,Probability,2025-10-27 05:11:58.987169818,2025-10-27 05:11:58.987169818,0,on_time,0,0,1
S0331,ASG_07,Probability,2025-10-27 05:11:58.987169818,2025-10-31 05:11:58.987169818,4,late,1,0,1
S0332,ASG_07,Probability,2025-10-27 05:11:58.987169818,2025-11-01 05:11:58.987169818,5,late,1,0,1
S0333,ASG_07,Probability,2025-10-27 05:11:58.987169818,2025-10-29 05:11:58.987169818,2,late,1,0,1
S0334,ASG_07,Probability,2025-10-27 05:11:58.987169818,2025-10-27 05:11:58.987169818,0,on_time,0,0,1
S0335,ASG_07,Probability,2025-10-27 05:11:58.987169818,2025-10-28 05:11:58.987169818,1,late,1,0,1
S0336,ASG_07,Probability,2025-10-27 05:11:58.987169818,2025-10-30 05:11:58.987169818,3,late,1,0,1
S0337,ASG_07,Probability,2025-10-27 05:11:58.987169818,2025-10-31 05:11:58.987169818,4,late,1,0,1
S0338,ASG_07,Probability,2025-10-27 05:11:58.987169818,2025-10-27 05:11:58.987169818,0,on_time,0,0,1
S0339,ASG_07,Probability,2025-10-27 05:11:58.987169818,2025-10-28 05:11:58.987169818,1,late,1,0,1
S0340,ASG_07,Probability,2025-10-27 05:11:58.987169818,2025-10-29 05:11:58.987169818,2,late,1,0,1
S0341,ASG_07,Probability,2025-10-27 05:11:58.987169818,2025-10-30 05:11:58.987169818,3,late,1,0,1
S0342,ASG_07,Probability,2025-10-27 05:11:58.987169818,2025-10-30 05:11:58.987169818,3,late,1,0,1
S0343,ASG_07,Probability,2025-10-27 05:11:58.987169818,2025-10-30 05:11:58.987169818,3,late,1,0,1
S0344,ASG_07,Probability,2025-10-27 05:11:58.987169818,,12,missed,0,1,0
S0345,ASG_07,Probability,2025-10-27 05:11:58.987169818,2025-10-29 05:11:58.987169818,2,late,1,0,1
S0346,ASG_07,Probability,2025-10-27 05:11:58.987169818,2025-11-01 05:11:58.987169818,5,late,1,0,1
S0347,ASG_07,Probability,2025-10-27 05:11:58.987169818,2025-10-28 05:11:58.987169818,1,late,1,0,1
S0348,ASG_07,Probability,2025-10-27 05:11:58.987169818,2025-10-31 05:11:58.987169818,4,late,1,0,1
S0349,ASG_07,Probability,2025-10-27 05:11:58.987169818,2025-10-29 05:11:58.987169818,2,late,1,0,1
S0350,ASG_07,Probability,2025-10-27 05:11:58.987169818,2025-10-29 05:11:58.987169818,2,late,1,0,1
S0351,ASG_07,Probability,2025-10-27 05:11:58.987169818,,7,missed,0,1,0
S0352,ASG_07,Probability,2025-10-27 05:11:58.987169818,,10,missed,0,1,0
S0353,ASG_07,Probability,2025-10-27 05:11:58.987169818,2025-10-27 05:11:58.987169818,0,on_time,0,0,1
S0354,ASG_07,Probability,2025-10-27 05:11:58.987169818,2025-10-31 05:11:58.987169818,4,late,1,0,1
S0355,ASG_07,Probability,2025-10-27 05:11:58.987169818,2025-10-28 05:11:58.987169818,1,late,1,0,1
S0356,ASG_07,Probability,2025-10-27 05:11:58.987169818,,12,missed,0,1,0
S0357,ASG_07,Probability,2025-10-27 05:11:58.987169818,2025-10-29 05:11:58.987169818,2,late,1,0,1
S0358,ASG_07,Probability,2025-10-27 05:11:58.987169818,2025-11-01 05:11:58.987169818,5,late,1,0,1
S0359,ASG_07,Probability,2025-10-27 05:11:58.987169818,2025-10-29 05:11:58.987169818,2,late,1,0,1
S0360,ASG_07,Probability,2025-10-27 05:11:58.987169818,2025-10-29 05:11:58.987169818,2,late,1,0,1
S0361,ASG_07,Probability,2025-10-27 05:11:58.987169818,2025-10-27 05:11:58.987169818,0,on_time,0,0,1
S0362,ASG_07,Probability,2025-10-27 05:11:58.987169818,2025-10-28 05:11:58.987169818,1,late,1,0,1
S0363,ASG_07,Probability,2025-10-27 05:11:58.987169818,2025-10-27 05:11:58.987169818,0,on_time,0,0,1
S0364,ASG_07,Probability,2025-10-27 05:11:58.987169818,,14,missed,0,1,0
S0365,ASG_07,Probability,2025-10-27 05:11:58.987169818,2025-10-27 05:11:58.987169818,0,on_time,0,0,1
S0366,ASG_07,Probability,2025-10-27 05:11:58.987169818,2025-10-31 05:11:58.987169818,4,late,1,0,1
S0367,ASG_07,Probability,2025-10-27 05:11:58.987169818,2025-10-27 05:11:58.987169818,0,on_time,0,0,1
S0368,ASG_07,Probability,2025-10-27 05:11:58.987169818,2025-10-28 05:11:58.987169818,1,late,1,0,1
S0369,ASG_07,Probability,2025-10-27 05:11:58.987169818,2025-10-27 05:11:58.987169818,0,on_time,0,0,1
S0370,ASG_07,Probability,2025-10-27 05:11:58.987169818,2025-10-28 05:11:58.987169818,1,late,1,0,1
S0371,ASG_07,Probability,2025-10-27 05:11:58.987169818,2025-10-28 05:11:58.987169818,1,late,1,0,1
S0372,ASG_07,Probability,2025-10-27 05:11:58.987169818,2025-10-27 05:11:58.987169818,0,on_time,0,0,1
S0373,ASG_07,Probability,2025-10-27 05:11:58.987169818,2025-10-30 05:11:58.987169818,3,late,1,0,1
S0374,ASG_07,Probability,2025-10-27 05:11:58.987169818,2025-11-01 05:11:58.987169818,5,late,1,0,1
S0375,ASG_07,Probability,2025-10-27 05:11:58.987169818,2025-10-31 05:11:58.987169818,4,late,1,0,1
S0376,ASG_07,Probability,2025-10-27 05:11:58.987169818,2025-10-30 05:11:58.987169818,3,late,1,0,1
S0377,ASG_07,Probability,2025-10-27 05:11:58.987169818,2025-10-30 05:11:58.987169818,3,late,1,0,1
S0378,ASG_07,Probability,2025-10-27 05:11:58.987169818,2025-10-29 05:11:58.987169818,2,late,1,0,1
S0379,ASG_07,Probability,2025-10-27 05:11:58.987169818,2025-10-29 05:11:58.987169818,2,late,1,0,1
S0380,ASG_07,Probability,2025-10-27 05:11:58.987169818,,7,missed,0,1,0
S0381,ASG_07,Probability,2025-10-27 05:11:58.987169818,2025-10-28 05:11:58.987169818,1,late,1,0,1
S0382,ASG_07,Probability,2025-10-27 05:11:58.987169818,2025-10-27 05:11:58.987169818,0,on_time,0,0,1
S0383,ASG_07,Probability,2025-10-27 05:11:58.987169818,2025-10-27 05:11:58.987169818,0,on_time,0,0,1
S0384,ASG_07,Probability,2025-10-27 05:11:58.987169818,2025-10-29 05:11:58.987169818,2,late,1,0,1
S0385,ASG_07,Probability,2025-10-27 05:11:58.987169818,2025-10-30 05:11:58.987169818,3,late,1,0,1
S0386,ASG_07,Probability,2025-10-27 05:11:58.987169818,2025-10-30 05:11:58.987169818,3,late,1,0,1
S0387,ASG_07,Probability,2025-10-27 05:11:58.987169818,2025-10-31 05:11:58.987169818,4,late,1,0,1
S0388,ASG_07,Probability,2025-10-27 05:11:58.987169818,2025-10-29 05:11:58.987169818,2,late,1,0,1
S0389,ASG_07,Probability,2025-10-27 05:11:58.987169818,2025-10-27 05:11:58.987169818,0,on_time,0,0,1
S0390,ASG_07,Probability,2025-10-27 05:11:58.987169818,2025-10-28 05:11:58.987169818,1,late,1,0,1
S0391,ASG_07,Probability,2025-10-27 05:11:58.987169818,2025-10-31 05:11:58.987169818,4,late,1,0,1
S0392,ASG_07,Probability,2025-10-27 05:11:58.987169818,2025-10-31 05:11:58.987169818,4,late,1,0,1
S0393,ASG_07,Probability,2025-10-27 05:11:58.987169818,2025-10-27 05:11:58.987169818,0,on_time,0,0,1
S0394,ASG_07,Probability,2025-10-27 05:11:58.987169818,2025-10-28 05:11:58.987169818,1,late,1,0,1
S0395,ASG_07,Probability,2025-10-27 05:11:58.987169818,2025-10-30 05:11:58.987169818,3,late,1,0,1
S0396,ASG_07,Probability,2025-10-27 05:11:58.987169818,2025-10-30 05:11:58.987169818,3,late,1,0,1
S0397,ASG_07,Probability,2025-10-27 05:11:58.987169818,2025-10-28 05:11:58.987169818,1,late,1,0,1
S0398,ASG_07,Probability,2025-10-27 05:11:58.987169818,2025-10-31 05:11:58.987169818,4,late,1,0,1
S0399,ASG_07,Probability,2025-10-27 05:11:58.987169818,2025-10-27 05:11:58.987169818,0,on_time,0,0,1
S0400,ASG_07,Probability,2025-10-27 05:11:58.987169818,2025-10-27 05:11:58.987169818,0,on_time,0,0,1
S0401,ASG_07,Probability,2025-10-27 05:11:58.987169818,2025-10-28 05:11:58.987169818,1,late,1,0,1
S0402,ASG_07,Probability,2025-10-27 05:11:58.987169818,2025-10-29 05:11:58.987169818,2,late,1,0,1
S0403,ASG_07,Probability,2025-10-27 05:11:58.987169818,2025-10-28 05:11:58.987169818,1,late,1,0,1
S0404,ASG_07,Probability,2025-10-27 05:11:58.987169818,,11,missed,0,1,0
S0405,ASG_07,Probability,2025-10-27 05:11:58.987169818,2025-10-28 05:11:58.987169818,1,late,1,0,1
S0406,ASG_07,Probability,2025-10-27 05:11:58.987169818,2025-10-30 05:11:58.987169818,3,late,1,0,1
S0407,ASG_07,Probability,2025-10-27 05:11:58.987169818,2025-10-30 05:11:58.987169818,3,late,1,0,1
S0408,ASG_07,Probability,2025-10-27 05:11:58.987169818,2025-10-31 05:11:58.987169818,4,late,1,0,1
S0409,ASG_07,Probability,2025-10-27 05:11:58.987169818,2025-10-28 05:11:58.987169818,1,late,1,0,1
S0410,ASG_07,Probability,2025-10-27 05:11:58.987169818,2025-10-28 05:11:58.987169818,1,late,1,0,1
S0411,ASG_07,Probability,2025-10-27 05:11:58.987169818,2025-10-31 05:11:58.987169818,4,late,1,0,1
S0412,ASG_07,Probability,2025-10-27 05:11:58.987169818,2025-10-27 05:11:58.987169818,0,on_time,0,0,1
S0413,ASG_07,Probability,2025-10-27 05:11:58.987169818,,15,missed,0,1,0
S0414,ASG_07,Probability,2025-10-27 05:11:58.987169818,,7,missed,0,1,0
S0415,ASG_07,Probability,2025-10-27 05:11:58.987169818,2025-10-29 05:11:58.987169818,2,late,1,0,1
S0416,ASG_07,Probability,2025-10-27 05:11:58.987169818,2025-10-27 05:11:58.987169818,0,on_time,0,0,1
S0417,ASG_07,Probability,2025-10-27 05:11:58.987169818,,10,missed,0,1,0
S0418,ASG_07,Probability,2025-10-27 05:11:58.987169818,2025-10-28 05:11:58.987169818,1,late,1,0,1
S0419,ASG_07,Probability,2025-10-27 05:11:58.987169818,2025-10-29 05:11:58.987169818,2,late,1,0,1
S0420,ASG_07,Probability,2025-10-27 05:11:58.987169818,2025-10-29 05:11:58.987169818,2,late,1,0,1
S0421,ASG_07,Probability,2025-10-27 05:11:58.987169818,2025-11-01 05:11:58.987169818,5,late,1,0,1
S0422,ASG_07,Probability,2025-10-27 05:11:58.987169818,,9,missed,0,1,0
S0423,ASG_07,Probability,2025-10-27 05:11:58.987169818,2025-10-27 05:11:58.987169818,0,on_time,0,0,1
S0424,ASG_07,Probability,2025-10-27 05:11:58.987169818,2025-10-28 05:11:58.987169818,1,late,1,0,1
S0425,ASG_07,Probability,2025-10-27 05:11:58.987169818,2025-10-27 05:11:58.987169818,0,on_time,0,0,1
S0426,ASG_07,Probability,2025-10-27 05:11:58.987169818,2025-10-30 05:11:58.987169818,3,late,1,0,1
S0427,ASG_07,Probability,2025-10-27 05:11:58.987169818,2025-10-30 05:11:58.987169818,3,late,1,0,1
S0428,ASG_07,Probability,2025-10-27 05:11:58.987169818,2025-10-29 05:11:58.987169818,2,late,1,0,1
S0429,ASG_07,Probability,2025-10-27 05:11:58.987169818,2025-10-28 05:11:58.987169818,1,late,1,0,1
S0430,ASG_07,Probability,2025-10-27 05:11:58.987169818,2025-10-30 05:11:58.987169818,3,late,1,0,1
S0431,ASG_07,Probability,2025-10-27 05:11:58.987169818,2025-10-27 05:11:58.987169818,0,on_time,0,0,1
S0432,ASG_07,Probability,2025-10-27 05:11:58.987169818,2025-10-29 05:11:58.987169818,2,late,1,0,1
S0433,ASG_07,Probability,2025-10-27 05:11:58.987169818,2025-11-01 05:11:58.987169818,5,late,1,0,1
S0434,ASG_07,Probability,2025-10-27 05:11:58.987169818,,12,missed,0,1,0
S0435,ASG_07,Probability,2025-10-27 05:11:58.987169818,2025-10-31 05:11:58.987169818,4,late,1,0,1
S0436,ASG_07,Probability,2025-10-27 05:11:58.987169818,2025-10-28 05:11:58.987169818,1,late,1,0,1
S0437,ASG_07,Probability,2025-10-27 05:11:58.987169818,2025-10-31 05:11:58.987169818,4,late,1,0,1
S0438,ASG_07,Probability,2025-10-27 05:11:58.987169818,2025-10-27 05:11:58.987169818,0,on_time,0,0,1
S0439,ASG_07,Probability,2025-10-27 05:11:58.987169818,2025-10-30 05:11:58.987169818,3,late,1,0,1
S0440,ASG_07,Probability,2025-10-27 05:11:58.987169818,2025-10-27 05:11:58.987169818,0,on_time,0,0,1
S0441,ASG_07,Probability,2025-10-27 05:11:58.987169818,2025-10-29 05:11:58.987169818,2,late,1,0,1
S0442,ASG_07,Probability,2025-10-27 05:11:58.987169818,2025-10-28 05:11:58.987169818,1,late,1,0,1
S0443,ASG_07,Probability,2025-10-27 05:11:58.987169818,2025-10-28 05:11:58.987169818,1,late,1,0,1
S0444,ASG_07,Probability,2025-10-27 05:11:58.987169818,2025-10-28 05:11:58.987169818,1,late,1,0,1
S0445,ASG_07,Probability,2025-10-27 05:11:58.987169818,2025-10-30 05:11:58.987169818,3,late,1,0,1
S0446,ASG_07,Probability,2025-10-27 05:11:58.987169818,2025-10-29 05:11:58.987169818,2,late,1,0,1
S0447,ASG_07,Probability,2025-10-27 05:11:58.987169818,2025-10-27 05:11:58.987169818,0,on_time,0,0,1
S0448,ASG_07,Probability,2025-10-27 05:11:58.987169818,2025-10-27 05:11:58.987169818,0,on_time,0,0,1
S0449,ASG_07,Probability,2025-10-27 05:11:58.987169818,2025-10-27 05:11:58.987169818,0,on_time,0,0,1
S0450,ASG_07,Probability,2025-10-27 05:11:58.987169818,2025-10-27 05:11:58.987169818,0,on_time,0,0,1
S0451,ASG_07,Probability,2025-10-27 05:11:58.987169818,2025-10-30 05:11:58.987169818,3,late,1,0,1
S0452,ASG_07,Probability,2025-10-27 05:11:58.987169818,2025-10-27 05:11:58.987169818,0,on_time,0,0,1
S0453,ASG_07,Probability,2025-10-27 05:11:58.987169818,2025-10-29 05:11:58.987169818,2,late,1,0,1
S0454,ASG_07,Probability,2025-10-27 05:11:58.987169818,2025-10-28 05:11:58.987169818,1,late,1,0,1
S0455,ASG_07,Probability,2025-10-27 05:11:58.987169818,,12,missed,0,1,0
S0456,ASG_07,Probability,2025-10-27 05:11:58.987169818,2025-10-27 05:11:58.987169818,0,on_time,0,0,1
S0457,ASG_07,Probability,2025-10-27 05:11:58.987169818,2025-11-02 05:11:58.987169818,6,late,1,0,1
S0458,ASG_07,Probability,2025-10-27 05:11:58.987169818,2025-10-28 05:11:58.987169818,1,late,1,0,1
S0459,ASG_07,Probability,2025-10-27 05:11:58.987169818,2025-10-28 05:11:58.987169818,1,late,1,0,1
S0460,ASG_07,Probability,2025-10-27 05:11:58.987169818,2025-10-29 05:11:58.987169818,2,late,1,0,1
S0461,ASG_07,Probability,2025-10-27 05:11:58.987169818,2025-10-27 05:11:58.987169818,0,on_time,0,0,1
S0462,ASG_07,Probability,2025-10-27 05:11:58.987169818,2025-10-30 05:11:58.987169818,3,late,1,0,1
S0463,ASG_07,Probability,2025-10-27 05:11:58.987169818,2025-10-27 05:11:58.987169818,0,on_time,0,0,1
S0464,ASG_07,Probability,2025-10-27 05:11:58.987169818,2025-10-28 05:11:58.987169818,1,late,1,0,1
S0465,ASG_07,Probability,2025-10-27 05:11:58.987169818,,12,missed,0,1,0
S0466,ASG_07,Probability,2025-10-27 05:11:58.987169818,2025-10-29 05:11:58.987169818,2,late,1,0,1
S0467,ASG_07,Probability,2025-10-27 05:11:58.987169818,2025-10-29 05:11:58.987169818,2,late,1,0,1
S0468,ASG_07,Probability,2025-10-27 05:11:58.987169818,2025-10-27 05:11:58.987169818,0,on_time,0,0,1
S0469,ASG_07,Probability,2025-10-27 05:11:58.987169818,2025-10-28 05:11:58.987169818,1,late,1,0,1
S0470,ASG_07,Probability,2025-10-27 05:11:58.987169818,2025-10-30 05:11:58.987169818,3,late,1,0,1
S0471,ASG_07,Probability,2025-10-27 05:11:58.987169818,2025-10-31 05:11:58.987169818,4,late,1,0,1
S0472,ASG_07,Probability,2025-10-27 05:11:58.987169818,2025-10-28 05:11:58.987169818,1,late,1,0,1
S0473,ASG_07,Probability,2025-10-27 05:11:58.987169818,2025-10-27 05:11:58.987169818,0,on_time,0,0,1
S0474,ASG_07,Probability,2025-10-27 05:11:58.987169818,2025-10-27 05:11:58.987169818,0,on_time,0,0,1
S0475,ASG_07,Probability,2025-10-27 05:11:58.987169818,2025-10-28 05:11:58.987169818,1,late,1,0,1
S0476,ASG_07,Probability,2025-10-27 05:11:58.987169818,,8,missed,0,1,0
S0477,ASG_07,Probability,2025-10-27 05:11:58.987169818,2025-10-30 05:11:58.987169818,3,late,1,0,1
S0478,ASG_07,Probability,2025-10-27 05:11:58.987169818,2025-11-01 05:11:58.987169818,5,late,1,0,1
S0479,ASG_07,Probability,2025-10-27 05:11:58.987169818,2025-10-31 05:11:58.987169818,4,late,1,0,1
S0480,ASG_07,Probability,2025-10-27 05:11:58.987169818,2025-10-28 05:11:58.987169818,1,late,1,0,1
S0481,ASG_07,Probability,2025-10-27 05:11:58.987169818,,15,missed,0,1,0
S0482,ASG_07,Probability,2025-10-27 05:11:58.987169818,2025-10-31 05:11:58.987169818,4,late,1,0,1
S0483,ASG_07,Probability,2025-10-27 05:11:58.987169818,,9,missed,0,1,0
S0484,ASG_07,Probability,2025-10-27 05:11:58.987169818,2025-10-29 05:11:58.987169818,2,late,1,0,1
S0485,ASG_07,Probability,2025-10-27 05:11:58.987169818,2025-10-27 05:11:58.987169818,0,on_time,0,0,1
S0486,ASG_07,Probability,2025-10-27 05:11:58.987169818,2025-10-27 05:11:58.987169818,0,on_time,0,0,1
S0487,ASG_07,Probability,2025-10-27 05:11:58.987169818,2025-10-27 05:11:58.987169818,0,on_time,0,0,1
S0488,ASG_07,Probability,2025-10-27 05:11:58.987169818,2025-10-31 05:11:58.987169818,4,late,1,0,1
S0489,ASG_07,Probability,2025-10-27 05:11:58.987169818,2025-10-28 05:11:58.987169818,1,late,1,0,1
S0490,ASG_07,Probability,2025-10-27 05:11:58.987169818,2025-10-29 05:11:58.987169818,2,late,1,0,1
S0491,ASG_07,Probability,2025-10-27 05:11:58.987169818,2025-10-30 05:11:58.987169818,3,late,1,0,1
S0492,ASG_07,Probability,2025-10-27 05:11:58.987169818,,14,missed,0,1,0
S0493,ASG_07,Probability,2025-10-27 05:11:58.987169818,2025-10-30 05:11:58.987169818,3,late,1,0,1
S0494,ASG_07,Probability,2025-10-27 05:11:58.987169818,2025-10-28 05:11:58.987169818,1,late,1,0,1
S0495,ASG_07,Probability,2025-10-27 05:11:58.987169818,2025-10-30 05:11:58.987169818,3,late,1,0,1
S0496,ASG_07,Probability,2025-10-27 05:11:58.987169818,2025-11-01 05:11:58.987169818,5,late,1,0,1
S0497,ASG_07,Probability,2025-10-27 05:11:58.987169818,2025-10-28 05:11:58.987169818,1,late,1,0,1
S0498,ASG_07,Probability,2025-10-27 05:11:58.987169818,2025-10-27 05:11:58.987169818,0,on_time,0,0,1
S0499,ASG_07,Probability,2025-10-27 05:11:58.987169818,2025-10-27 05:11:58.987169818,0,on_time,0,0,1
S0500,ASG_07,Probability,2025-10-27 05:11:58.987169818,2025-10-29 05:11:58.987169818,2,late,1,0,1
S0001,ASG_08,Statistics,2025-11-12 11:44:42.623533454,2025-11-13 11:44:42.623533454,1,late,1,0,1
S0002,ASG_08,Statistics,2025-11-12 11:44:42.623533454,2025-11-14 11:44:42.623533454,2,late,1,0,1
S0003,ASG_08,Statistics,2025-11-12 11:44:42.623533454,2025-11-15 11:44:42.623533454,3,late,1,0,1
S0004,ASG_08,Statistics,2025-11-12 11:44:42.623533454,2025-11-12 11:44:42.623533454,0,on_time,0,0,1
S0005,ASG_08,Statistics,2025-11-12 11:44:42.623533454,2025-11-13 11:44:42.623533454,1,late,1,0,1
S0006,ASG_08,Statistics,2025-11-12 11:44:42.623533454,2025-11-13 11:44:42.623533454,1,late,1,0,1
S0007,ASG_08,Statistics,2025-11-12 11:44:42.623533454,2025-11-16 11:44:42.623533454,4,late,1,0,1
S0008,ASG_08,Statistics,2025-11-12 11:44:42.623533454,2025-11-15 11:44:42.623533454,3,late,1,0,1
S0009,ASG_08,Statistics,2025-11-12 11:44:42.623533454,2025-11-13 11:44:42.623533454,1,late,1,0,1
S0010,ASG_08,Statistics,2025-11-12 11:44:42.623533454,2025-11-13 11:44:42.623533454,1,late,1,0,1
S0011,ASG_08,Statistics,2025-11-12 11:44:42.623533454,2025-11-17 11:44:42.623533454,5,late,1,0,1
S0012,ASG_08,Statistics,2025-11-12 11:44:42.623533454,2025-11-17 11:44:42.623533454,5,late,1,0,1
S0013,ASG_08,Statistics,2025-11-12 11:44:42.623533454,2025-11-14 11:44:42.623533454,2,late,1,0,1
S0014,ASG_08,Statistics,2025-11-12 11:44:42.623533454,2025-11-14 11:44:42.623533454,2,late,1,0,1
S0015,ASG_08,Statistics,2025-11-12 11:44:42.623533454,2025-11-12 11:44:42.623533454,0,on_time,0,0,1
S0016,ASG_08,Statistics,2025-11-12 11:44:42.623533454,2025-11-12 11:44:42.623533454,0,on_time,0,0,1
S0017,ASG_08,Statistics,2025-11-12 11:44:42.623533454,2025-11-12 11:44:42.623533454,0,on_time,0,0,1
S0018,ASG_08,Statistics,2025-11-12 11:44:42.623533454,2025-11-16 11:44:42.623533454,4,late,1,0,1
S0019,ASG_08,Statistics,2025-11-12 11:44:42.623533454,2025-11-12 11:44:42.623533454,0,on_time,0,0,1
S0020,ASG_08,Statistics,2025-11-12 11:44:42.623533454,2025-11-13 11:44:42.623533454,1,late,1,0,1
S0021,ASG_08,Statistics,2025-11-12 11:44:42.623533454,2025-11-12 11:44:42.623533454,0,on_time,0,0,1
S0022,ASG_08,Statistics,2025-11-12 11:44:42.623533454,2025-11-12 11:44:42.623533454,0,on_time,0,0,1
S0023,ASG_08,Statistics,2025-11-12 11:44:42.623533454,2025-11-14 11:44:42.623533454,2,late,1,0,1
S0024,ASG_08,Statistics,2025-11-12 11:44:42.623533454,2025-11-14 11:44:42.623533454,2,late,1,0,1
S0025,ASG_08,Statistics,2025-11-12 11:44:42.623533454,2025-11-14 11:44:42.623533454,2,late,1,0,1
S0026,ASG_08,Statistics,2025-11-12 11:44:42.623533454,2025-11-13 11:44:42.623533454,1,late,1,0,1
S0027,ASG_08,Statistics,2025-11-12 11:44:42.623533454,2025-11-12 11:44:42.623533454,0,on_time,0,0,1
S0028,ASG_08,Statistics,2025-11-12 11:44:42.623533454,2025-11-12 11:44:42.623533454,0,on_time,0,0,1
S0029,ASG_08,Statistics,2025-11-12 11:44:42.623533454,2025-11-14 11:44:42.623533454,2,late,1,0,1
S0030,ASG_08,Statistics,2025-11-12 11:44:42.623533454,2025-11-15 11:44:42.623533454,3,late,1,0,1
S0031,ASG_08,Statistics,2025-11-12 11:44:42.623533454,2025-11-15 11:44:42.623533454,3,late,1,0,1
S0032,ASG_08,Statistics,2025-11-12 11:44:42.623533454,2025-11-15 11:44:42.623533454,3,late,1,0,1
S0033,ASG_08,Statistics,2025-11-12 11:44:42.623533454,2025-11-14 11:44:42.623533454,2,late,1,0,1
S0034,ASG_08,Statistics,2025-11-12 11:44:42.623533454,2025-11-14 11:44:42.623533454,2,late,1,0,1
S0035,ASG_08,Statistics,2025-11-12 11:44:42.623533454,2025-11-14 11:44:42.623533454,2,late,1,0,1
S0036,ASG_08,Statistics,2025-11-12 11:44:42.623533454,,12,missed,0,1,0
S0037,ASG_08,Statistics,2025-11-12 11:44:42.623533454,,15,missed,0,1,0
S0038,ASG_08,Statistics,2025-11-12 11:44:42.623533454,2025-11-12 11:44:42.623533454,0,on_time,0,0,1
S0039,ASG_08,Statistics,2025-11-12 11:44:42.623533454,2025-11-12 11:44:42.623533454,0,on_time,0,0,1
S0040,ASG_08,Statistics,2025-11-12 11:44:42.623533454,2025-11-16 11:44:42.623533454,4,late,1,0,1
S0041,ASG_08,Statistics,2025-11-12 11:44:42.623533454,2025-11-15 11:44:42.623533454,3,late,1,0,1
S0042,ASG_08,Statistics,2025-11-12 11:44:42.623533454,2025-11-12 11:44:42.623533454,0,on_time,0,0,1
S0043,ASG_08,Statistics,2025-11-12 11:44:42.623533454,2025-11-12 11:44:42.623533454,0,on_time,0,0,1
S0044,ASG_08,Statistics,2025-11-12 11:44:42.623533454,2025-11-14 11:44:42.623533454,2,late,1,0,1
S0045,ASG_08,Statistics,2025-11-12 11:44:42.623533454,2025-11-12 11:44:42.623533454,0,on_time,0,0,1
S0046,ASG_08,Statistics,2025-11-12 11:44:42.623533454,,8,missed,0,1,0
S0047,ASG_08,Statistics,2025-11-12 11:44:42.623533454,,12,missed,0,1,0
S0048,ASG_08,Statistics,2025-11-12 11:44:42.623533454,,11,missed,0,1,0
S0049,ASG_08,Statistics,2025-11-12 11:44:42.623533454,2025-11-13 11:44:42.623533454,1,late,1,0,1
S0050,ASG_08,Statistics,2025-11-12 11:44:42.623533454,2025-11-12 11:44:42.623533454,0,on_time,0,0,1
S0051,ASG_08,Statistics,2025-11-12 11:44:42.623533454,2025-11-13 11:44:42.623533454,1,late,1,0,1
S0052,ASG_08,Statistics,2025-11-12 11:44:42.623533454,,11,missed,0,1,0
S0053,ASG_08,Statistics,2025-11-12 11:44:42.623533454,2025-11-12 11:44:42.623533454,0,on_time,0,0,1
S0054,ASG_08,Statistics,2025-11-12 11:44:42.623533454,2025-11-15 11:44:42.623533454,3,late,1,0,1
S0055,ASG_08,Statistics,2025-11-12 11:44:42.623533454,2025-11-17 11:44:42.623533454,5,late,1,0,1
S0056,ASG_08,Statistics,2025-11-12 11:44:42.623533454,2025-11-12 11:44:42.623533454,0,on_time,0,0,1
S0057,ASG_08,Statistics,2025-11-12 11:44:42.623533454,2025-11-14 11:44:42.623533454,2,late,1,0,1
S0058,ASG_08,Statistics,2025-11-12 11:44:42.623533454,2025-11-16 11:44:42.623533454,4,late,1,0,1
S0059,ASG_08,Statistics,2025-11-12 11:44:42.623533454,2025-11-14 11:44:42.623533454,2,late,1,0,1
S0060,ASG_08,Statistics,2025-11-12 11:44:42.623533454,2025-11-12 11:44:42.623533454,0,on_time,0,0,1
S0061,ASG_08,Statistics,2025-11-12 11:44:42.623533454,2025-11-14 11:44:42.623533454,2,late,1,0,1
S0062,ASG_08,Statistics,2025-11-12 11:44:42.623533454,2025-11-14 11:44:42.623533454,2,late,1,0,1
S0063,ASG_08,Statistics,2025-11-12 11:44:42.623533454,2025-11-14 11:44:42.623533454,2,late,1,0,1
S0064,ASG_08,Statistics,2025-11-12 11:44:42.623533454,2025-11-15 11:44:42.623533454,3,late,1,0,1
S0065,ASG_08,Statistics,2025-11-12 11:44:42.623533454,2025-11-16 11:44:42.623533454,4,late,1,0,1
S0066,ASG_08,Statistics,2025-11-12 11:44:42.623533454,2025-11-13 11:44:42.623533454,1,late,1,0,1
S0067,ASG_08,Statistics,2025-11-12 11:44:42.623533454,2025-11-14 11:44:42.623533454,2,late,1,0,1
S0068,ASG_08,Statistics,2025-11-12 11:44:42.623533454,2025-11-13 11:44:42.623533454,1,late,1,0,1
S0069,ASG_08,Statistics,2025-11-12 11:44:42.623533454,2025-11-14 11:44:42.623533454,2,late,1,0,1
S0070,ASG_08,Statistics,2025-11-12 11:44:42.623533454,2025-11-13 11:44:42.623533454,1,late,1,0,1
S0071,ASG_08,Statistics,2025-11-12 11:44:42.623533454,2025-11-13 11:44:42.623533454,1,late,1,0,1
S0072,ASG_08,Statistics,2025-11-12 11:44:42.623533454,2025-11-14 11:44:42.623533454,2,late,1,0,1
S0073,ASG_08,Statistics,2025-11-12 11:44:42.623533454,2025-11-12 11:44:42.623533454,0,on_time,0,0,1
S0074,ASG_08,Statistics,2025-11-12 11:44:42.623533454,2025-11-16 11:44:42.623533454,4,late,1,0,1
S0075,ASG_08,Statistics,2025-11-12 11:44:42.623533454,2025-11-13 11:44:42.623533454,1,late,1,0,1
S0076,ASG_08,Statistics,2025-11-12 11:44:42.623533454,2025-11-15 11:44:42.623533454,3,late,1,0,1
S0077,ASG_08,Statistics,2025-11-12 11:44:42.623533454,2025-11-12 11:44:42.623533454,0,on_time,0,0,1
S0078,ASG_08,Statistics,2025-11-12 11:44:42.623533454,2025-11-13 11:44:42.623533454,1,late,1,0,1
S0079,ASG_08,Statistics,2025-11-12 11:44:42.623533454,2025-11-12 11:44:42.623533454,0,on_time,0,0,1
S0080,ASG_08,Statistics,2025-11-12 11:44:42.623533454,2025-11-12 11:44:42.623533454,0,on_time,0,0,1
S0081,ASG_08,Statistics,2025-11-12 11:44:42.623533454,2025-11-12 11:44:42.623533454,0,on_time,0,0,1
S0082,ASG_08,Statistics,2025-11-12 11:44:42.623533454,2025-11-12 11:44:42.623533454,0,on_time,0,0,1
S0083,ASG_08,Statistics,2025-11-12 11:44:42.623533454,2025-11-12 11:44:42.623533454,0,on_time,0,0,1
S0084,ASG_08,Statistics,2025-11-12 11:44:42.623533454,2025-11-13 11:44:42.623533454,1,late,1,0,1
S0085,ASG_08,Statistics,2025-11-12 11:44:42.623533454,2025-11-15 11:44:42.623533454,3,late,1,0,1
S0086,ASG_08,Statistics,2025-11-12 11:44:42.623533454,2025-11-15 11:44:42.623533454,3,late,1,0,1
S0087,ASG_08,Statistics,2025-11-12 11:44:42.623533454,2025-11-12 11:44:42.623533454,0,on_time,0,0,1
S0088,ASG_08,Statistics,2025-11-12 11:44:42.623533454,2025-11-13 11:44:42.623533454,1,late,1,0,1
S0089,ASG_08,Statistics,2025-11-12 11:44:42.623533454,2025-11-12 11:44:42.623533454,0,on_time,0,0,1
S0090,ASG_08,Statistics,2025-11-12 11:44:42.623533454,2025-11-16 11:44:42.623533454,4,late,1,0,1
S0091,ASG_08,Statistics,2025-11-12 11:44:42.623533454,2025-11-14 11:44:42.623533454,2,late,1,0,1
S0092,ASG_08,Statistics,2025-11-12 11:44:42.623533454,2025-11-13 11:44:42.623533454,1,late,1,0,1
S0093,ASG_08,Statistics,2025-11-12 11:44:42.623533454,2025-11-12 11:44:42.623533454,0,on_time,0,0,1
S0094,ASG_08,Statistics,2025-11-12 11:44:42.623533454,2025-11-12 11:44:42.623533454,0,on_time,0,0,1
S0095,ASG_08,Statistics,2025-11-12 11:44:42.623533454,2025-11-12 11:44:42.623533454,0,on_time,0,0,1
S0096,ASG_08,Statistics,2025-11-12 11:44:42.623533454,2025-11-14 11:44:42.623533454,2,late,1,0,1
S0097,ASG_08,Statistics,2025-11-12 11:44:42.623533454,2025-11-16 11:44:42.623533454,4,late,1,0,1
S0098,ASG_08,Statistics,2025-11-12 11:44:42.623533454,2025-11-12 11:44:42.623533454,0,on_time,0,0,1
S0099,ASG_08,Statistics,2025-11-12 11:44:42.623533454,2025-11-13 11:44:42.623533454,1,late,1,0,1
S0100,ASG_08,Statistics,2025-11-12 11:44:42.623533454,2025-11-12 11:44:42.623533454,0,on_time,0,0,1
S0101,ASG_08,Statistics,2025-11-12 11:44:42.623533454,2025-11-12 11:44:42.623533454,0,on_time,0,0,1
S0102,ASG_08,Statistics,2025-11-12 11:44:42.623533454,2025-11-14 11:44:42.623533454,2,late,1,0,1
S0103,ASG_08,Statistics,2025-11-12 11:44:42.623533454,2025-11-17 11:44:42.623533454,5,late,1,0,1
S0104,ASG_08,Statistics,2025-11-12 11:44:42.623533454,2025-11-16 11:44:42.623533454,4,late,1,0,1
S0105,ASG_08,Statistics,2025-11-12 11:44:42.623533454,2025-11-17 11:44:42.623533454,5,late,1,0,1
S0106,ASG_08,Statistics,2025-11-12 11:44:42.623533454,2025-11-15 11:44:42.623533454,3,late,1,0,1
S0107,ASG_08,Statistics,2025-11-12 11:44:42.623533454,2025-11-13 11:44:42.623533454,1,late,1,0,1
S0108,ASG_08,Statistics,2025-11-12 11:44:42.623533454,2025-11-13 11:44:42.623533454,1,late,1,0,1
S0109,ASG_08,Statistics,2025-11-12 11:44:42.623533454,2025-11-13 11:44:42.623533454,1,late,1,0,1
S0110,ASG_08,Statistics,2025-11-12 11:44:42.623533454,2025-11-12 11:44:42.623533454,0,on_time,0,0,1
S0111,ASG_08,Statistics,2025-11-12 11:44:42.623533454,2025-11-13 11:44:42.623533454,1,late,1,0,1
S0112,ASG_08,Statistics,2025-11-12 11:44:42.623533454,2025-11-16 11:44:42.623533454,4,late,1,0,1
S0113,ASG_08,Statistics,2025-11-12 11:44:42.623533454,2025-11-16 11:44:42.623533454,4,late,1,0,1
S0114,ASG_08,Statistics,2025-11-12 11:44:42.623533454,2025-11-17 11:44:42.623533454,5,late,1,0,1
S0115,ASG_08,Statistics,2025-11-12 11:44:42.623533454,2025-11-14 11:44:42.623533454,2,late,1,0,1
S0116,ASG_08,Statistics,2025-11-12 11:44:42.623533454,2025-11-12 11:44:42.623533454,0,on_time,0,0,1
S0117,ASG_08,Statistics,2025-11-12 11:44:42.623533454,2025-11-16 11:44:42.623533454,4,late,1,0,1
S0118,ASG_08,Statistics,2025-11-12 11:44:42.623533454,2025-11-14 11:44:42.623533454,2,late,1,0,1
S0119,ASG_08,Statistics,2025-11-12 11:44:42.623533454,2025-11-17 11:44:42.623533454,5,late,1,0,1
S0120,ASG_08,Statistics,2025-11-12 11:44:42.623533454,2025-11-16 11:44:42.623533454,4,late,1,0,1
S0121,ASG_08,Statistics,2025-11-12 11:44:42.623533454,2025-11-13 11:44:42.623533454,1,late,1,0,1
S0122,ASG_08,Statistics,2025-11-12 11:44:42.623533454,2025-11-12 11:44:42.623533454,0,on_time,0,0,1
S0123,ASG_08,Statistics,2025-11-12 11:44:42.623533454,2025-11-12 11:44:42.623533454,0,on_time,0,0,1
S0124,ASG_08,Statistics,2025-11-12 11:44:42.623533454,2025-11-12 11:44:42.623533454,0,on_time,0,0,1
S0125,ASG_08,Statistics,2025-11-12 11:44:42.623533454,2025-11-13 11:44:42.623533454,1,late,1,0,1
S0126,ASG_08,Statistics,2025-11-12 11:44:42.623533454,2025-11-13 11:44:42.623533454,1,late,1,0,1
S0127,ASG_08,Statistics,2025-11-12 11:44:42.623533454,2025-11-15 11:44:42.623533454,3,late,1,0,1
S0128,ASG_08,Statistics,2025-11-12 11:44:42.623533454,2025-11-13 11:44:42.623533454,1,late,1,0,1
S0129,ASG_08,Statistics,2025-11-12 11:44:42.623533454,2025-11-13 11:44:42.623533454,1,late,1,0,1
S0130,ASG_08,Statistics,2025-11-12 11:44:42.623533454,2025-11-12 11:44:42.623533454,0,on_time,0,0,1
S0131,ASG_08,Statistics,2025-11-12 11:44:42.623533454,2025-11-13 11:44:42.623533454,1,late,1,0,1
S0132,ASG_08,Statistics,2025-11-12 11:44:42.623533454,2025-11-12 11:44:42.623533454,0,on_time,0,0,1
S0133,ASG_08,Statistics,2025-11-12 11:44:42.623533454,2025-11-12 11:44:42.623533454,0,on_time,0,0,1
S0134,ASG_08,Statistics,2025-11-12 11:44:42.623533454,,7,missed,0,1,0
S0135,ASG_08,Statistics,2025-11-12 11:44:42.623533454,2025-11-14 11:44:42.623533454,2,late,1,0,1
S0136,ASG_08,Statistics,2025-11-12 11:44:42.623533454,2025-11-12 11:44:42.623533454,0,on_time,0,0,1
S0137,ASG_08,Statistics,2025-11-12 11:44:42.623533454,2025-11-13 11:44:42.623533454,1,late,1,0,1
S0138,ASG_08,Statistics,2025-11-12 11:44:42.623533454,2025-11-12 11:44:42.623533454,0,on_time,0,0,1
S0139,ASG_08,Statistics,2025-11-12 11:44:42.623533454,2025-11-14 11:44:42.623533454,2,late,1,0,1
S0140,ASG_08,Statistics,2025-11-12 11:44:42.623533454,2025-11-14 11:44:42.623533454,2,late,1,0,1
S0141,ASG_08,Statistics,2025-11-12 11:44:42.623533454,2025-11-15 11:44:42.623533454,3,late,1,0,1
S0142,ASG_08,Statistics,2025-11-12 11:44:42.623533454,2025-11-15 11:44:42.623533454,3,late,1,0,1
S0143,ASG_08,Statistics,2025-11-12 11:44:42.623533454,,11,missed,0,1,0
S0144,ASG_08,Statistics,2025-11-12 11:44:42.623533454,2025-11-14 11:44:42.623533454,2,late,1,0,1
S0145,ASG_08,Statistics,2025-11-12 11:44:42.623533454,2025-11-15 11:44:42.623533454,3,late,1,0,1
S0146,ASG_08,Statistics,2025-11-12 11:44:42.623533454,2025-11-16 11:44:42.623533454,4,late,1,0,1
S0147,ASG_08,Statistics,2025-11-12 11:44:42.623533454,2025-11-13 11:44:42.623533454,1,late,1,0,1
S0148,ASG_08,Statistics,2025-11-12 11:44:42.623533454,2025-11-12 11:44:42.623533454,0,on_time,0,0,1
S0149,ASG_08,Statistics,2025-11-12 11:44:42.623533454,2025-11-12 11:44:42.623533454,0,on_time,0,0,1
S0150,ASG_08,Statistics,2025-11-12 11:44:42.623533454,2025-11-12 11:44:42.623533454,0,on_time,0,0,1
S0151,ASG_08,Statistics,2025-11-12 11:44:42.623533454,2025-11-15 11:44:42.623533454,3,late,1,0,1
S0152,ASG_08,Statistics,2025-11-12 11:44:42.623533454,2025-11-17 11:44:42.623533454,5,late,1,0,1
S0153,ASG_08,Statistics,2025-11-12 11:44:42.623533454,2025-11-13 11:44:42.623533454,1,late,1,0,1
S0154,ASG_08,Statistics,2025-11-12 11:44:42.623533454,2025-11-15 11:44:42.623533454,3,late,1,0,1
S0155,ASG_08,Statistics,2025-11-12 11:44:42.623533454,,15,missed,0,1,0
S0156,ASG_08,Statistics,2025-11-12 11:44:42.623533454,2025-11-14 11:44:42.623533454,2,late,1,0,1
S0157,ASG_08,Statistics,2025-11-12 11:44:42.623533454,2025-11-14 11:44:42.623533454,2,late,1,0,1
S0158,ASG_08,Statistics,2025-11-12 11:44:42.623533454,2025-11-15 11:44:42.623533454,3,late,1,0,1
S0159,ASG_08,Statistics,2025-11-12 11:44:42.623533454,2025-11-18 11:44:42.623533454,6,late,1,0,1
S0160,ASG_08,Statistics,2025-11-12 11:44:42.623533454,2025-11-16 11:44:42.623533454,4,late,1,0,1
S0161,ASG_08,Statistics,2025-11-12 11:44:42.623533454,2025-11-16 11:44:42.623533454,4,late,1,0,1
S0162,ASG_08,Statistics,2025-11-12 11:44:42.623533454,2025-11-15 11:44:42.623533454,3,late,1,0,1
S0163,ASG_08,Statistics,2025-11-12 11:44:42.623533454,2025-11-16 11:44:42.623533454,4,late,1,0,1
S0164,ASG_08,Statistics,2025-11-12 11:44:42.623533454,2025-11-15 11:44:42.623533454,3,late,1,0,1
S0165,ASG_08,Statistics,2025-11-12 11:44:42.623533454,2025-11-13 11:44:42.623533454,1,late,1,0,1
S0166,ASG_08,Statistics,2025-11-12 11:44:42.623533454,2025-11-14 11:44:42.623533454,2,late,1,0,1
S0167,ASG_08,Statistics,2025-11-12 11:44:42.623533454,2025-11-13 11:44:42.623533454,1,late,1,0,1
S0168,ASG_08,Statistics,2025-11-12 11:44:42.623533454,2025-11-16 11:44:42.623533454,4,late,1,0,1
S0169,ASG_08,Statistics,2025-11-12 11:44:42.623533454,2025-11-14 11:44:42.623533454,2,late,1,0,1
S0170,ASG_08,Statistics,2025-11-12 11:44:42.623533454,,9,missed,0,1,0
S0171,ASG_08,Statistics,2025-11-12 11:44:42.623533454,2025-11-15 11:44:42.623533454,3,late,1,0,1
S0172,ASG_08,Statistics,2025-11-12 11:44:42.623533454,,11,missed,0,1,0
S0173,ASG_08,Statistics,2025-11-12 11:44:42.623533454,2025-11-15 11:44:42.623533454,3,late,1,0,1
S0174,ASG_08,Statistics,2025-11-12 11:44:42.623533454,2025-11-14 11:44:42.623533454,2,late,1,0,1
S0175,ASG_08,Statistics,2025-11-12 11:44:42.623533454,2025-11-12 11:44:42.623533454,0,on_time,0,0,1
S0176,ASG_08,Statistics,2025-11-12 11:44:42.623533454,2025-11-14 11:44:42.623533454,2,late,1,0,1
S0177,ASG_08,Statistics,2025-11-12 11:44:42.623533454,2025-11-12 11:44:42.623533454,0,on_time,0,0,1
S0178,ASG_08,Statistics,2025-11-12 11:44:42.623533454,2025-11-13 11:44:42.623533454,1,late,1,0,1
S0179,ASG_08,Statistics,2025-11-12 11:44:42.623533454,,15,missed,0,1,0
S0180,ASG_08,Statistics,2025-11-12 11:44:42.623533454,2025-11-13 11:44:42.623533454,1,late,1,0,1
S0181,ASG_08,Statistics,2025-11-12 11:44:42.623533454,2025-11-15 11:44:42.623533454,3,late,1,0,1
S0182,ASG_08,Statistics,2025-11-12 11:44:42.623533454,2025-11-12 11:44:42.623533454,0,on_time,0,0,1
S0183,ASG_08,Statistics,2025-11-12 11:44:42.623533454,2025-11-15 11:44:42.623533454,3,late,1,0,1
S0184,ASG_08,Statistics,2025-11-12 11:44:42.623533454,2025-11-13 11:44:42.623533454,1,late,1,0,1
S0185,ASG_08,Statistics,2025-11-12 11:44:42.623533454,2025-11-14 11:44:42.623533454,2,late,1,0,1
S0186,ASG_08,Statistics,2025-11-12 11:44:42.623533454,2025-11-15 11:44:42.623533454,3,late,1,0,1
S0187,ASG_08,Statistics,2025-11-12 11:44:42.623533454,2025-11-15 11:44:42.623533454,3,late,1,0,1
S0188,ASG_08,Statistics,2025-11-12 11:44:42.623533454,2025-11-14 11:44:42.623533454,2,late,1,0,1
S0189,ASG_08,Statistics,2025-11-12 11:44:42.623533454,2025-11-14 11:44:42.623533454,2,late,1,0,1
S0190,ASG_08,Statistics,2025-11-12 11:44:42.623533454,2025-11-12 11:44:42.623533454,0,on_time,0,0,1
S0191,ASG_08,Statistics,2025-11-12 11:44:42.623533454,2025-11-12 11:44:42.623533454,0,on_time,0,0,1
S0192,ASG_08,Statistics,2025-11-12 11:44:42.623533454,2025-11-14 11:44:42.623533454,2,late,1,0,1
S0193,ASG_08,Statistics,2025-11-12 11:44:42.623533454,2025-11-14 11:44:42.623533454,2,late,1,0,1
S0194,ASG_08,Statistics,2025-11-12 11:44:42.623533454,2025-11-14 11:44:42.623533454,2,late,1,0,1
S0195,ASG_08,Statistics,2025-11-12 11:44:42.623533454,2025-11-12 11:44:42.623533454,0,on_time,0,0,1
S0196,ASG_08,Statistics,2025-11-12 11:44:42.623533454,,9,missed,0,1,0
S0197,ASG_08,Statistics,2025-11-12 11:44:42.623533454,2025-11-14 11:44:42.623533454,2,late,1,0,1
S0198,ASG_08,Statistics,2025-11-12 11:44:42.623533454,2025-11-13 11:44:42.623533454,1,late,1,0,1
S0199,ASG_08,Statistics,2025-11-12 11:44:42.623533454,2025-11-13 11:44:42.623533454,1,late,1,0,1
S0200,ASG_08,Statistics,2025-11-12 11:44:42.623533454,2025-11-12 11:44:42.623533454,0,on_time,0,0,1
S0201,ASG_08,Statistics,2025-11-12 11:44:42.623533454,2025-11-20 11:44:42.623533454,8,late,1,0,1
S0202,ASG_08,Statistics,2025-11-12 11:44:42.623533454,2025-11-12 11:44:42.623533454,0,on_time,0,0,1
S0203,ASG_08,Statistics,2025-11-12 11:44:42.623533454,2025-11-12 11:44:42.623533454,0,on_time,0,0,1
S0204,ASG_08,Statistics,2025-11-12 11:44:42.623533454,,11,missed,0,1,0
S0205,ASG_08,Statistics,2025-11-12 11:44:42.623533454,2025-11-16 11:44:42.623533454,4,late,1,0,1
S0206,ASG_08,Statistics,2025-11-12 11:44:42.623533454,2025-11-15 11:44:42.623533454,3,late,1,0,1
S0207,ASG_08,Statistics,2025-11-12 11:44:42.623533454,2025-11-12 11:44:42.623533454,0,on_time,0,0,1
S0208,ASG_08,Statistics,2025-11-12 11:44:42.623533454,2025-11-16 11:44:42.623533454,4,late,1,0,1
S0209,ASG_08,Statistics,2025-11-12 11:44:42.623533454,2025-11-17 11:44:42.623533454,5,late,1,0,1
S0210,ASG_08,Statistics,2025-11-12 11:44:42.623533454,2025-11-14 11:44:42.623533454,2,late,1,0,1
S0211,ASG_08,Statistics,2025-11-12 11:44:42.623533454,2025-11-13 11:44:42.623533454,1,late,1,0,1
S0212,ASG_08,Statistics,2025-11-12 11:44:42.623533454,2025-11-13 11:44:42.623533454,1,late,1,0,1
S0213,ASG_08,Statistics,2025-11-12 11:44:42.623533454,2025-11-13 11:44:42.623533454,1,late,1,0,1
S0214,ASG_08,Statistics,2025-11-12 11:44:42.623533454,2025-11-14 11:44:42.623533454,2,late,1,0,1
S0215,ASG_08,Statistics,2025-11-12 11:44:42.623533454,,10,missed,0,1,0
S0216,ASG_08,Statistics,2025-11-12 11:44:42.623533454,2025-11-14 11:44:42.623533454,2,late,1,0,1
S0217,ASG_08,Statistics,2025-11-12 11:44:42.623533454,2025-11-17 11:44:42.623533454,5,late,1,0,1
S0218,ASG_08,Statistics,2025-11-12 11:44:42.623533454,2025-11-13 11:44:42.623533454,1,late,1,0,1
S0219,ASG_08,Statistics,2025-11-12 11:44:42.623533454,,12,missed,0,1,0
S0220,ASG_08,Statistics,2025-11-12 11:44:42.623533454,2025-11-16 11:44:42.623533454,4,late,1,0,1
S0221,ASG_08,Statistics,2025-11-12 11:44:42.623533454,2025-11-14 11:44:42.623533454,2,late,1,0,1
S0222,ASG_08,Statistics,2025-11-12 11:44:42.623533454,2025-11-13 11:44:42.623533454,1,late,1,0,1
S0223,ASG_08,Statistics,2025-11-12 11:44:42.623533454,2025-11-15 11:44:42.623533454,3,late,1,0,1
S0224,ASG_08,Statistics,2025-11-12 11:44:42.623533454,2025-11-14 11:44:42.623533454,2,late,1,0,1
S0225,ASG_08,Statistics,2025-11-12 11:44:42.623533454,2025-11-15 11:44:42.623533454,3,late,1,0,1
S0226,ASG_08,Statistics,2025-11-12 11:44:42.623533454,2025-11-14 11:44:42.623533454,2,late,1,0,1
S0227,ASG_08,Statistics,2025-11-12 11:44:42.623533454,2025-11-13 11:44:42.623533454,1,late,1,0,1
S0228,ASG_08,Statistics,2025-11-12 11:44:42.623533454,2025-11-12 11:44:42.623533454,0,on_time,0,0,1
S0229,ASG_08,Statistics,2025-11-12 11:44:42.623533454,2025-11-12 11:44:42.623533454,0,on_time,0,0,1
S0230,ASG_08,Statistics,2025-11-12 11:44:42.623533454,2025-11-16 11:44:42.623533454,4,late,1,0,1
S0231,ASG_08,Statistics,2025-11-12 11:44:42.623533454,2025-11-13 11:44:42.623533454,1,late,1,0,1
S0232,ASG_08,Statistics,2025-11-12 11:44:42.623533454,,8,missed,0,1,0
S0233,ASG_08,Statistics,2025-11-12 11:44:42.623533454,2025-11-15 11:44:42.623533454,3,late,1,0,1
S0234,ASG_08,Statistics,2025-11-12 11:44:42.623533454,2025-11-15 11:44:42.623533454,3,late,1,0,1
S0235,ASG_08,Statistics,2025-11-12 11:44:42.623533454,2025-11-12 11:44:42.623533454,0,on_time,0,0,1
S0236,ASG_08,Statistics,2025-11-12 11:44:42.623533454,,11,missed,0,1,0
S0237,ASG_08,Statistics,2025-11-12 11:44:42.623533454,2025-11-13 11:44:42.623533454,1,late,1,0,1
S0238,ASG_08,Statistics,2025-11-12 11:44:42.623533454,2025-11-13 11:44:42.623533454,1,late,1,0,1
S0239,ASG_08,Statistics,2025-11-12 11:44:42.623533454,2025-11-14 11:44:42.623533454,2,late,1,0,1
S0240,ASG_08,Statistics,2025-11-12 11:44:42.623533454,,8,missed,0,1,0
S0241,ASG_08,Statistics,2025-11-12 11:44:42.623533454,2025-11-12 11:44:42.623533454,0,on_time,0,0,1
S0242,ASG_08,Statistics,2025-11-12 11:44:42.623533454,2025-11-12 11:44:42.623533454,0,on_time,0,0,1
S0243,ASG_08,Statistics,2025-11-12 11:44:42.623533454,2025-11-12 11:44:42.623533454,0,on_time,0,0,1
S0244,ASG_08,Statistics,2025-11-12 11:44:42.623533454,2025-11-14 11:44:42.623533454,2,late,1,0,1
S0245,ASG_08,Statistics,2025-11-12 11:44:42.623533454,2025-11-14 11:44:42.623533454,2,late,1,0,1
S0246,ASG_08,Statistics,2025-11-12 11:44:42.623533454,2025-11-13 11:44:42.623533454,1,late,1,0,1
S0247,ASG_08,Statistics,2025-11-12 11:44:42.623533454,2025-11-14 11:44:42.623533454,2,late,1,0,1
S0248,ASG_08,Statistics,2025-11-12 11:44:42.623533454,2025-11-14 11:44:42.623533454,2,late,1,0,1
S0249,ASG_08,Statistics,2025-11-12 11:44:42.623533454,2025-11-15 11:44:42.623533454,3,late,1,0,1
S0250,ASG_08,Statistics,2025-11-12 11:44:42.623533454,2025-11-16 11:44:42.623533454,4,late,1,0,1
S0251,ASG_08,Statistics,2025-11-12 11:44:42.623533454,,8,missed,0,1,0
S0252,ASG_08,Statistics,2025-11-12 11:44:42.623533454,2025-11-16 11:44:42.623533454,4,late,1,0,1
S0253,ASG_08,Statistics,2025-11-12 11:44:42.623533454,2025-11-14 11:44:42.623533454,2,late,1,0,1
S0254,ASG_08,Statistics,2025-11-12 11:44:42.623533454,2025-11-13 11:44:42.623533454,1,late,1,0,1
S0255,ASG_08,Statistics,2025-11-12 11:44:42.623533454,2025-11-12 11:44:42.623533454,0,on_time,0,0,1
S0256,ASG_08,Statistics,2025-11-12 11:44:42.623533454,2025-11-12 11:44:42.623533454,0,on_time,0,0,1
S0257,ASG_08,Statistics,2025-11-12 11:44:42.623533454,2025-11-14 11:44:42.623533454,2,late,1,0,1
S0258,ASG_08,Statistics,2025-11-12 11:44:42.623533454,2025-11-14 11:44:42.623533454,2,late,1,0,1
S0259,ASG_08,Statistics,2025-11-12 11:44:42.623533454,2025-11-13 11:44:42.623533454,1,late,1,0,1
S0260,ASG_08,Statistics,2025-11-12 11:44:42.623533454,2025-11-12 11:44:42.623533454,0,on_time,0,0,1
S0261,ASG_08,Statistics,2025-11-12 11:44:42.623533454,2025-11-13 11:44:42.623533454,1,late,1,0,1
S0262,ASG_08,Statistics,2025-11-12 11:44:42.623533454,,12,missed,0,1,0
S0263,ASG_08,Statistics,2025-11-12 11:44:42.623533454,2025-11-17 11:44:42.623533454,5,late,1,0,1
S0264,ASG_08,Statistics,2025-11-12 11:44:42.623533454,2025-11-16 11:44:42.623533454,4,late,1,0,1
S0265,ASG_08,Statistics,2025-11-12 11:44:42.623533454,2025-11-14 11:44:42.623533454,2,late,1,0,1
S0266,ASG_08,Statistics,2025-11-12 11:44:42.623533454,2025-11-16 11:44:42.623533454,4,late,1,0,1
S0267,ASG_08,Statistics,2025-11-12 11:44:42.623533454,2025-11-14 11:44:42.623533454,2,late,1,0,1
S0268,ASG_08,Statistics,2025-11-12 11:44:42.623533454,2025-11-12 11:44:42.623533454,0,on_time,0,0,1
S0269,ASG_08,Statistics,2025-11-12 11:44:42.623533454,2025-11-13 11:44:42.623533454,1,late,1,0,1
S0270,ASG_08,Statistics,2025-11-12 11:44:42.623533454,2025-11-17 11:44:42.623533454,5,late,1,0,1
S0271,ASG_08,Statistics,2025-11-12 11:44:42.623533454,2025-11-14 11:44:42.623533454,2,late,1,0,1
S0272,ASG_08,Statistics,2025-11-12 11:44:42.623533454,2025-11-12 11:44:42.623533454,0,on_time,0,0,1
S0273,ASG_08,Statistics,2025-11-12 11:44:42.623533454,2025-11-12 11:44:42.623533454,0,on_time,0,0,1
S0274,ASG_08,Statistics,2025-11-12 11:44:42.623533454,2025-11-17 11:44:42.623533454,5,late,1,0,1
S0275,ASG_08,Statistics,2025-11-12 11:44:42.623533454,2025-11-12 11:44:42.623533454,0,on_time,0,0,1
S0276,ASG_08,Statistics,2025-11-12 11:44:42.623533454,2025-11-12 11:44:42.623533454,0,on_time,0,0,1
S0277,ASG_08,Statistics,2025-11-12 11:44:42.623533454,2025-11-16 11:44:42.623533454,4,late,1,0,1
S0278,ASG_08,Statistics,2025-11-12 11:44:42.623533454,,13,missed,0,1,0
S0279,ASG_08,Statistics,2025-11-12 11:44:42.623533454,2025-11-13 11:44:42.623533454,1,late,1,0,1
S0280,ASG_08,Statistics,2025-11-12 11:44:42.623533454,2025-11-12 11:44:42.623533454,0,on_time,0,0,1
S0281,ASG_08,Statistics,2025-11-12 11:44:42.623533454,2025-11-17 11:44:42.623533454,5,late,1,0,1
S0282,ASG_08,Statistics,2025-11-12 11:44:42.623533454,2025-11-13 11:44:42.623533454,1,late,1,0,1
S0283,ASG_08,Statistics,2025-11-12 11:44:42.623533454,2025-11-12 11:44:42.623533454,0,on_time,0,0,1
S0284,ASG_08,Statistics,2025-11-12 11:44:42.623533454,2025-11-13 11:44:42.623533454,1,late,1,0,1
S0285,ASG_08,Statistics,2025-11-12 11:44:42.623533454,2025-11-14 11:44:42.623533454,2,late,1,0,1
S0286,ASG_08,Statistics,2025-11-12 11:44:42.623533454,2025-11-12 11:44:42.623533454,0,on_time,0,0,1
S0287,ASG_08,Statistics,2025-11-12 11:44:42.623533454,2025-11-12 11:44:42.623533454,0,on_time,0,0,1
S0288,ASG_08,Statistics,2025-11-12 11:44:42.623533454,2025-11-13 11:44:42.623533454,1,late,1,0,1
S0289,ASG_08,Statistics,2025-11-12 11:44:42.623533454,,8,missed,0,1,0
S0290,ASG_08,Statistics,2025-11-12 11:44:42.623533454,2025-11-14 11:44:42.623533454,2,late,1,0,1
S0291,ASG_08,Statistics,2025-11-12 11:44:42.623533454,2025-11-12 11:44:42.623533454,0,on_time,0,0,1
S0292,ASG_08,Statistics,2025-11-12 11:44:42.623533454,2025-11-12 11:44:42.623533454,0,on_time,0,0,1
S0293,ASG_08,Statistics,2025-11-12 11:44:42.623533454,2025-11-14 11:44:42.623533454,2,late,1,0,1
S0294,ASG_08,Statistics,2025-11-12 11:44:42.623533454,2025-11-12 11:44:42.623533454,0,on_time,0,0,1
S0295,ASG_08,Statistics,2025-11-12 11:44:42.623533454,2025-11-12 11:44:42.623533454,0,on_time,0,0,1
S0296,ASG_08,Statistics,2025-11-12 11:44:42.623533454,2025-11-12 11:44:42.623533454,0,on_time,0,0,1
S0297,ASG_08,Statistics,2025-11-12 11:44:42.623533454,2025-11-12 11:44:42.623533454,0,on_time,0,0,1
S0298,ASG_08,Statistics,2025-11-12 11:44:42.623533454,2025-11-16 11:44:42.623533454,4,late,1,0,1
S0299,ASG_08,Statistics,2025-11-12 11:44:42.623533454,2025-11-16 11:44:42.623533454,4,late,1,0,1
S0300,ASG_08,Statistics,2025-11-12 11:44:42.623533454,2025-11-15 11:44:42.623533454,3,late,1,0,1
S0301,ASG_08,Statistics,2025-11-12 11:44:42.623533454,,13,missed,0,1,0
S0302,ASG_08,Statistics,2025-11-12 11:44:42.623533454,2025-11-14 11:44:42.623533454,2,late,1,0,1
S0303,ASG_08,Statistics,2025-11-12 11:44:42.623533454,2025-11-13 11:44:42.623533454,1,late,1,0,1
S0304,ASG_08,Statistics,2025-11-12 11:44:42.623533454,2025-11-13 11:44:42.623533454,1,late,1,0,1
S0305,ASG_08,Statistics,2025-11-12 11:44:42.623533454,,13,missed,0,1,0
S0306,ASG_08,Statistics,2025-11-12 11:44:42.623533454,2025-11-12 11:44:42.623533454,0,on_time,0,0,1
S0307,ASG_08,Statistics,2025-11-12 11:44:42.623533454,2025-11-12 11:44:42.623533454,0,on_time,0,0,1
S0308,ASG_08,Statistics,2025-11-12 11:44:42.623533454,2025-11-14 11:44:42.623533454,2,late,1,0,1
S0309,ASG_08,Statistics,2025-11-12 11:44:42.623533454,2025-11-13 11:44:42.623533454,1,late,1,0,1
S0310,ASG_08,Statistics,2025-11-12 11:44:42.623533454,2025-11-12 11:44:42.623533454,0,on_time,0,0,1
S0311,ASG_08,Statistics,2025-11-12 11:44:42.623533454,,8,missed,0,1,0
S0312,ASG_08,Statistics,2025-11-12 11:44:42.623533454,,10,missed,0,1,0
S0313,ASG_08,Statistics,2025-11-12 11:44:42.623533454,2025-11-16 11:44:42.623533454,4,late,1,0,1
S0314,ASG_08,Statistics,2025-11-12 11:44:42.623533454,2025-11-12 11:44:42.623533454,0,on_time,0,0,1
S0315,ASG_08,Statistics,2025-11-12 11:44:42.623533454,2025-11-14 11:44:42.623533454,2,late,1,0,1
S0316,ASG_08,Statistics,2025-11-12 11:44:42.623533454,2025-11-14 11:44:42.623533454,2,late,1,0,1
S0317,ASG_08,Statistics,2025-11-12 11:44:42.623533454,2025-11-12 11:44:42.623533454,0,on_time,0,0,1
S0318,ASG_08,Statistics,2025-11-12 11:44:42.623533454,2025-11-12 11:44:42.623533454,0,on_time,0,0,1
S0319,ASG_08,Statistics,2025-11-12 11:44:42.623533454,2025-11-13 11:44:42.623533454,1,late,1,0,1
S0320,ASG_08,Statistics,2025-11-12 11:44:42.623533454,2025-11-13 11:44:42.623533454,1,late,1,0,1
S0321,ASG_08,Statistics,2025-11-12 11:44:42.623533454,2025-11-13 11:44:42.623533454,1,late,1,0,1
S0322,ASG_08,Statistics,2025-11-12 11:44:42.623533454,2025-11-15 11:44:42.623533454,3,late,1,0,1
S0323,ASG_08,Statistics,2025-11-12 11:44:42.623533454,2025-11-15 11:44:42.623533454,3,late,1,0,1
S0324,ASG_08,Statistics,2025-11-12 11:44:42.623533454,2025-11-12 11:44:42.623533454,0,on_time,0,0,1
S0325,ASG_08,Statistics,2025-11-12 11:44:42.623533454,2025-11-13 11:44:42.623533454,1,late,1,0,1
S0326,ASG_08,Statistics,2025-11-12 11:44:42.623533454,2025-11-12 11:44:42.623533454,0,on_time,0,0,1
S0327,ASG_08,Statistics,2025-11-12 11:44:42.623533454,2025-11-12 11:44:42.623533454,0,on_time,0,0,1
S0328,ASG_08,Statistics,2025-11-12 11:44:42.623533454,2025-11-13 11:44:42.623533454,1,late,1,0,1
S0329,ASG_08,Statistics,2025-11-12 11:44:42.623533454,,12,missed,0,1,0
S0330,ASG_08,Statistics,2025-11-12 11:44:42.623533454,2025-11-16 11:44:42.623533454,4,late,1,0,1
S0331,ASG_08,Statistics,2025-11-12 11:44:42.623533454,2025-11-14 11:44:42.623533454,2,late,1,0,1
S0332,ASG_08,Statistics,2025-11-12 11:44:42.623533454,,12,missed,0,1,0
S0333,ASG_08,Statistics,2025-11-12 11:44:42.623533454,2025-11-14 11:44:42.623533454,2,late,1,0,1
S0334,ASG_08,Statistics,2025-11-12 11:44:42.623533454,2025-11-14 11:44:42.623533454,2,late,1,0,1
S0335,ASG_08,Statistics,2025-11-12 11:44:42.623533454,,13,missed,0,1,0
S0336,ASG_08,Statistics,2025-11-12 11:44:42.623533454,2025-11-13 11:44:42.623533454,1,late,1,0,1
S0337,ASG_08,Statistics,2025-11-12 11:44:42.623533454,2025-11-15 11:44:42.623533454,3,late,1,0,1
S0338,ASG_08,Statistics,2025-11-12 11:44:42.623533454,2025-11-14 11:44:42.623533454,2,late,1,0,1
S0339,ASG_08,Statistics,2025-11-12 11:44:42.623533454,2025-11-16 11:44:42.623533454,4,late,1,0,1
S0340,ASG_08,Statistics,2025-11-12 11:44:42.623533454,2025-11-12 11:44:42.623533454,0,on_time,0,0,1
S0341,ASG_08,Statistics,2025-11-12 11:44:42.623533454,2025-11-13 11:44:42.623533454,1,late,1,0,1
S0342,ASG_08,Statistics,2025-11-12 11:44:42.623533454,2025-11-12 11:44:42.623533454,0,on_time,0,0,1
S0343,ASG_08,Statistics,2025-11-12 11:44:42.623533454,2025-11-14 11:44:42.623533454,2,late,1,0,1
S0344,ASG_08,Statistics,2025-11-12 11:44:42.623533454,2025-11-12 11:44:42.623533454,0,on_time,0,0,1
S0345,ASG_08,Statistics,2025-11-12 11:44:42.623533454,2025-11-15 11:44:42.623533454,3,late,1,0,1
S0346,ASG_08,Statistics,2025-11-12 11:44:42.623533454,2025-11-12 11:44:42.623533454,0,on_time,0,0,1
S0347,ASG_08,Statistics,2025-11-12 11:44:42.623533454,2025-11-12 11:44:42.623533454,0,on_time,0,0,1
S0348,ASG_08,Statistics,2025-11-12 11:44:42.623533454,2025-11-12 11:44:42.623533454,0,on_time,0,0,1
S0349,ASG_08,Statistics,2025-11-12 11:44:42.623533454,2025-11-13 11:44:42.623533454,1,late,1,0,1
S0350,ASG_08,Statistics,2025-11-12 11:44:42.623533454,2025-11-14 11:44:42.623533454,2,late,1,0,1
S0351,ASG_08,Statistics,2025-11-12 11:44:42.623533454,2025-11-12 11:44:42.623533454,0,on_time,0,0,1
S0352,ASG_08,Statistics,2025-11-12 11:44:42.623533454,2025-11-13 11:44:42.623533454,1,late,1,0,1
S0353,ASG_08,Statistics,2025-11-12 11:44:42.623533454,2025-11-15 11:44:42.623533454,3,late,1,0,1
S0354,ASG_08,Statistics,2025-11-12 11:44:42.623533454,2025-11-16 11:44:42.623533454,4,late,1,0,1
S0355,ASG_08,Statistics,2025-11-12 11:44:42.623533454,2025-11-15 11:44:42.623533454,3,late,1,0,1
S0356,ASG_08,Statistics,2025-11-12 11:44:42.623533454,2025-11-12 11:44:42.623533454,0,on_time,0,0,1
S0357,ASG_08,Statistics,2025-11-12 11:44:42.623533454,2025-11-13 11:44:42.623533454,1,late,1,0,1
S0358,ASG_08,Statistics,2025-11-12 11:44:42.623533454,2025-11-15 11:44:42.623533454,3,late,1,0,1
S0359,ASG_08,Statistics,2025-11-12 11:44:42.623533454,2025-11-12 11:44:42.623533454,0,on_time,0,0,1
S0360,ASG_08,Statistics,2025-11-12 11:44:42.623533454,,7,missed,0,1,0
S0361,ASG_08,Statistics,2025-11-12 11:44:42.623533454,2025-11-14 11:44:42.623533454,2,late,1,0,1
S0362,ASG_08,Statistics,2025-11-12 11:44:42.623533454,2025-11-14 11:44:42.623533454,2,late,1,0,1
S0363,ASG_08,Statistics,2025-11-12 11:44:42.623533454,2025-11-15 11:44:42.623533454,3,late,1,0,1
S0364,ASG_08,Statistics,2025-11-12 11:44:42.623533454,,13,missed,0,1,0
S0365,ASG_08,Statistics,2025-11-12 11:44:42.623533454,2025-11-15 11:44:42.623533454,3,late,1,0,1
S0366,ASG_08,Statistics,2025-11-12 11:44:42.623533454,2025-11-13 11:44:42.623533454,1,late,1,0,1
S0367,ASG_08,Statistics,2025-11-12 11:44:42.623533454,2025-11-16 11:44:42.623533454,4,late,1,0,1
S0368,ASG_08,Statistics,2025-11-12 11:44:42.623533454,2025-11-12 11:44:42.623533454,0,on_time,0,0,1
S0369,ASG_08,Statistics,2025-11-12 11:44:42.623533454,2025-11-14 11:44:42.623533454,2,late,1,0,1
S0370,ASG_08,Statistics,2025-11-12 11:44:42.623533454,2025-11-15 11:44:42.623533454,3,late,1,0,1
S0371,ASG_08,Statistics,2025-11-12 11:44:42.623533454,2025-11-13 11:44:42.623533454,1,late,1,0,1
S0372,ASG_08,Statistics,2025-11-12 11:44:42.623533454,2025-11-13 11:44:42.623533454,1,late,1,0,1
S0373,ASG_08,Statistics,2025-11-12 11:44:42.623533454,2025-11-13 11:44:42.623533454,1,late,1,0,1
S0374,ASG_08,Statistics,2025-11-12 11:44:42.623533454,2025-11-14 11:44:42.623533454,2,late,1,0,1
S0375,ASG_08,Statistics,2025-11-12 11:44:42.623533454,2025-11-13 11:44:42.623533454,1,late,1,0,1
S0376,ASG_08,Statistics,2025-11-12 11:44:42.623533454,2025-11-16 11:44:42.623533454,4,late,1,0,1
S0377,ASG_08,Statistics,2025-11-12 11:44:42.623533454,2025-11-12 11:44:42.623533454,0,on_time,0,0,1
S0378,ASG_08,Statistics,2025-11-12 11:44:42.623533454,2025-11-12 11:44:42.623533454,0,on_time,0,0,1
S0379,ASG_08,Statistics,2025-11-12 11:44:42.623533454,2025-11-15 11:44:42.623533454,3,late,1,0,1
S0380,ASG_08,Statistics,2025-11-12 11:44:42.623533454,2025-11-14 11:44:42.623533454,2,late,1,0,1
S0381,ASG_08,Statistics,2025-11-12 11:44:42.623533454,2025-11-13 11:44:42.623533454,1,late,1,0,1
S0382,ASG_08,Statistics,2025-11-12 11:44:42.623533454,2025-11-14 11:44:42.623533454,2,late,1,0,1
S0383,ASG_08,Statistics,2025-11-12 11:44:42.623533454,2025-11-13 11:44:42.623533454,1,late,1,0,1
S0384,ASG_08,Statistics,2025-11-12 11:44:42.623533454,2025-11-12 11:44:42.623533454,0,on_time,0,0,1
S0385,ASG_08,Statistics,2025-11-12 11:44:42.623533454,2025-11-12 11:44:42.623533454,0,on_time,0,0,1
S0386,ASG_08,Statistics,2025-11-12 11:44:42.623533454,2025-11-12 11:44:42.623533454,0,on_time,0,0,1
S0387,ASG_08,Statistics,2025-11-12 11:44:42.623533454,2025-11-13 11:44:42.623533454,1,late,1,0,1
S0388,ASG_08,Statistics,2025-11-12 11:44:42.623533454,,11,missed,0,1,0
S0389,ASG_08,Statistics,2025-11-12 11:44:42.623533454,2025-11-12 11:44:42.623533454,0,on_time,0,0,1
S0390,ASG_08,Statistics,2025-11-12 11:44:42.623533454,2025-11-12 11:44:42.623533454,0,on_time,0,0,1
S0391,ASG_08,Statistics,2025-11-12 11:44:42.623533454,2025-11-13 11:44:42.623533454,1,late,1,0,1
S0392,ASG_08,Statistics,2025-11-12 11:44:42.623533454,2025-11-12 11:44:42.623533454,0,on_time,0,0,1
S0393,ASG_08,Statistics,2025-11-12 11:44:42.623533454,2025-11-12 11:44:42.623533454,0,on_time,0,0,1
S0394,ASG_08,Statistics,2025-11-12 11:44:42.623533454,2025-11-13 11:44:42.623533454,1,late,1,0,1
S0395,ASG_08,Statistics,2025-11-12 11:44:42.623533454,2025-11-12 11:44:42.623533454,0,on_time,0,0,1
S0396,ASG_08,Statistics,2025-11-12 11:44:42.623533454,2025-11-14 11:44:42.623533454,2,late,1,0,1
S0397,ASG_08,Statistics,2025-11-12 11:44:42.623533454,2025-11-13 11:44:42.623533454,1,late,1,0,1
S0398,ASG_08,Statistics,2025-11-12 11:44:42.623533454,2025-11-13 11:44:42.623533454,1,late,1,0,1
S0399,ASG_08,Statistics,2025-11-12 11:44:42.623533454,2025-11-12 11:44:42.623533454,0,on_time,0,0,1
S0400,ASG_08,Statistics,2025-11-12 11:44:42.623533454,2025-11-15 11:44:42.623533454,3,late,1,0,1
S0401,ASG_08,Statistics,2025-11-12 11:44:42.623533454,2025-11-14 11:44:42.623533454,2,late,1,0,1
S0402,ASG_08,Statistics,2025-11-12 11:44:42.623533454,2025-11-16 11:44:42.623533454,4,late,1,0,1
S0403,ASG_08,Statistics,2025-11-12 11:44:42.623533454,2025-11-14 11:44:42.623533454,2,late,1,0,1
S0404,ASG_08,Statistics,2025-11-12 11:44:42.623533454,2025-11-16 11:44:42.623533454,4,late,1,0,1
S0405,ASG_08,Statistics,2025-11-12 11:44:42.623533454,2025-11-12 11:44:42.623533454,0,on_time,0,0,1
S0406,ASG_08,Statistics,2025-11-12 11:44:42.623533454,2025-11-17 11:44:42.623533454,5,late,1,0,1
S0407,ASG_08,Statistics,2025-11-12 11:44:42.623533454,,12,missed,0,1,0
S0408,ASG_08,Statistics,2025-11-12 11:44:42.623533454,2025-11-14 11:44:42.623533454,2,late,1,0,1
S0409,ASG_08,Statistics,2025-11-12 11:44:42.623533454,2025-11-13 11:44:42.623533454,1,late,1,0,1
S0410,ASG_08,Statistics,2025-11-12 11:44:42.623533454,2025-11-13 11:44:42.623533454,1,late,1,0,1
S0411,ASG_08,Statistics,2025-11-12 11:44:42.623533454,2025-11-13 11:44:42.623533454,1,late,1,0,1
S0412,ASG_08,Statistics,2025-11-12 11:44:42.623533454,2025-11-16 11:44:42.623533454,4,late,1,0,1
S0413,ASG_08,Statistics,2025-11-12 11:44:42.623533454,2025-11-13 11:44:42.623533454,1,late,1,0,1
S0414,ASG_08,Statistics,2025-11-12 11:44:42.623533454,2025-11-15 11:44:42.623533454,3,late,1,0,1
S0415,ASG_08,Statistics,2025-11-12 11:44:42.623533454,2025-11-15 11:44:42.623533454,3,late,1,0,1
S0416,ASG_08,Statistics,2025-11-12 11:44:42.623533454,2025-11-14 11:44:42.623533454,2,late,1,0,1
S0417,ASG_08,Statistics,2025-11-12 11:44:42.623533454,2025-11-14 11:44:42.623533454,2,late,1,0,1
S0418,ASG_08,Statistics,2025-11-12 11:44:42.623533454,2025-11-16 11:44:42.623533454,4,late,1,0,1
S0419,ASG_08,Statistics,2025-11-12 11:44:42.623533454,2025-11-14 11:44:42.623533454,2,late,1,0,1
S0420,ASG_08,Statistics,2025-11-12 11:44:42.623533454,2025-11-13 11:44:42.623533454,1,late,1,0,1
S0421,ASG_08,Statistics,2025-11-12 11:44:42.623533454,2025-11-13 11:44:42.623533454,1,late,1,0,1
S0422,ASG_08,Statistics,2025-11-12 11:44:42.623533454,2025-11-12 11:44:42.623533454,0,on_time,0,0,1
S0423,ASG_08,Statistics,2025-11-12 11:44:42.623533454,2025-11-14 11:44:42.623533454,2,late,1,0,1
S0424,ASG_08,Statistics,2025-11-12 11:44:42.623533454,2025-11-15 11:44:42.623533454,3,late,1,0,1
S0425,ASG_08,Statistics,2025-11-12 11:44:42.623533454,2025-11-15 11:44:42.623533454,3,late,1,0,1
S0426,ASG_08,Statistics,2025-11-12 11:44:42.623533454,2025-11-14 11:44:42.623533454,2,late,1,0,1
S0427,ASG_08,Statistics,2025-11-12 11:44:42.623533454,2025-11-13 11:44:42.623533454,1,late,1,0,1
S0428,ASG_08,Statistics,2025-11-12 11:44:42.623533454,2025-11-13 11:44:42.623533454,1,late,1,0,1
S0429,ASG_08,Statistics,2025-11-12 11:44:42.623533454,2025-11-14 11:44:42.623533454,2,late,1,0,1
S0430,ASG_08,Statistics,2025-11-12 11:44:42.623533454,2025-11-16 11:44:42.623533454,4,late,1,0,1
S0431,ASG_08,Statistics,2025-11-12 11:44:42.623533454,,10,missed,0,1,0
S0432,ASG_08,Statistics,2025-11-12 11:44:42.623533454,,14,missed,0,1,0
S0433,ASG_08,Statistics,2025-11-12 11:44:42.623533454,2025-11-15 11:44:42.623533454,3,late,1,0,1
S0434,ASG_08,Statistics,2025-11-12 11:44:42.623533454,2025-11-12 11:44:42.623533454,0,on_time,0,0,1
S0435,ASG_08,Statistics,2025-11-12 11:44:42.623533454,2025-11-12 11:44:42.623533454,0,on_time,0,0,1
S0436,ASG_08,Statistics,2025-11-12 11:44:42.623533454,2025-11-14 11:44:42.623533454,2,late,1,0,1
S0437,ASG_08,Statistics,2025-11-12 11:44:42.623533454,2025-11-13 11:44:42.623533454,1,late,1,0,1
S0438,ASG_08,Statistics,2025-11-12 11:44:42.623533454,2025-11-13 11:44:42.623533454,1,late,1,0,1
S0439,ASG_08,Statistics,2025-11-12 11:44:42.623533454,2025-11-13 11:44:42.623533454,1,late,1,0,1
S0440,ASG_08,Statistics,2025-11-12 11:44:42.623533454,2025-11-14 11:44:42.623533454,2,late,1,0,1
S0441,ASG_08,Statistics,2025-11-12 11:44:42.623533454,2025-11-15 11:44:42.623533454,3,late,1,0,1
S0442,ASG_08,Statistics,2025-11-12 11:44:42.623533454,2025-11-13 11:44:42.623533454,1,late,1,0,1
S0443,ASG_08,Statistics,2025-11-12 11:44:42.623533454,2025-11-13 11:44:42.623533454,1,late,1,0,1
S0444,ASG_08,Statistics,2025-11-12 11:44:42.623533454,2025-11-17 11:44:42.623533454,5,late,1,0,1
S0445,ASG_08,Statistics,2025-11-12 11:44:42.623533454,2025-11-13 11:44:42.623533454,1,late,1,0,1
S0446,ASG_08,Statistics,2025-11-12 11:44:42.623533454,2025-11-15 11:44:42.623533454,3,late,1,0,1
S0447,ASG_08,Statistics,2025-11-12 11:44:42.623533454,2025-11-12 11:44:42.623533454,0,on_time,0,0,1
S0448,ASG_08,Statistics,2025-11-12 11:44:42.623533454,2025-11-16 11:44:42.623533454,4,late,1,0,1
S0449,ASG_08,Statistics,2025-11-12 11:44:42.623533454,2025-11-13 11:44:42.623533454,1,late,1,0,1
S0450,ASG_08,Statistics,2025-11-12 11:44:42.623533454,2025-11-15 11:44:42.623533454,3,late,1,0,1
S0451,ASG_08,Statistics,2025-11-12 11:44:42.623533454,,7,missed,0,1,0
S0452,ASG_08,Statistics,2025-11-12 11:44:42.623533454,2025-11-14 11:44:42.623533454,2,late,1,0,1
S0453,ASG_08,Statistics,2025-11-12 11:44:42.623533454,2025-11-14 11:44:42.623533454,2,late,1,0,1
S0454,ASG_08,Statistics,2025-11-12 11:44:42.623533454,2025-11-12 11:44:42.623533454,0,on_time,0,0,1
S0455,ASG_08,Statistics,2025-11-12 11:44:42.623533454,2025-11-13 11:44:42.623533454,1,late,1,0,1
S0456,ASG_08,Statistics,2025-11-12 11:44:42.623533454,2025-11-12 11:44:42.623533454,0,on_time,0,0,1
S0457,ASG_08,Statistics,2025-11-12 11:44:42.623533454,2025-11-13 11:44:42.623533454,1,late,1,0,1
S0458,ASG_08,Statistics,2025-11-12 11:44:42.623533454,2025-11-13 11:44:42.623533454,1,late,1,0,1
S0459,ASG_08,Statistics,2025-11-12 11:44:42.623533454,2025-11-15 11:44:42.623533454,3,late,1,0,1
S0460,ASG_08,Statistics,2025-11-12 11:44:42.623533454,2025-11-13 11:44:42.623533454,1,late,1,0,1
S0461,ASG_08,Statistics,2025-11-12 11:44:42.623533454,2025-11-15 11:44:42.623533454,3,late,1,0,1
S0462,ASG_08,Statistics,2025-11-12 11:44:42.623533454,2025-11-12 11:44:42.623533454,0,on_time,0,0,1
S0463,ASG_08,Statistics,2025-11-12 11:44:42.623533454,2025-11-15 11:44:42.623533454,3,late,1,0,1
S0464,ASG_08,Statistics,2025-11-12 11:44:42.623533454,2025-11-16 11:44:42.623533454,4,late,1,0,1
S0465,ASG_08,Statistics,2025-11-12 11:44:42.623533454,2025-11-12 11:44:42.623533454,0,on_time,0,0,1
S0466,ASG_08,Statistics,2025-11-12 11:44:42.623533454,2025-11-12 11:44:42.623533454,0,on_time,0,0,1
S0467,ASG_08,Statistics,2025-11-12 11:44:42.623533454,2025-11-13 11:44:42.623533454,1,late,1,0,1
S0468,ASG_08,Statistics,2025-11-12 11:44:42.623533454,,11,missed,0,1,0
S0469,ASG_08,Statistics,2025-11-12 11:44:42.623533454,2025-11-13 11:44:42.623533454,1,late,1,0,1
S0470,ASG_08,Statistics,2025-11-12 11:44:42.623533454,2025-11-13 11:44:42.623533454,1,late,1,0,1
S0471,ASG_08,Statistics,2025-11-12 11:44:42.623533454,2025-11-15 11:44:42.623533454,3,late,1,0,1
S0472,ASG_08,Statistics,2025-11-12 11:44:42.623533454,2025-11-12 11:44:42.623533454,0,on_time,0,0,1
S0473,ASG_08,Statistics,2025-11-12 11:44:42.623533454,2025-11-15 11:44:42.623533454,3,late,1,0,1
S0474,ASG_08,Statistics,2025-11-12 11:44:42.623533454,2025-11-12 11:44:42.623533454,0,on_time,0,0,1
S0475,ASG_08,Statistics,2025-11-12 11:44:42.623533454,2025-11-17 11:44:42.623533454,5,late,1,0,1
S0476,ASG_08,Statistics,2025-11-12 11:44:42.623533454,2025-11-16 11:44:42.623533454,4,late,1,0,1
S0477,ASG_08,Statistics,2025-11-12 11:44:42.623533454,2025-11-12 11:44:42.623533454,0,on_time,0,0,1
S0478,ASG_08,Statistics,2025-11-12 11:44:42.623533454,2025-11-12 11:44:42.623533454,0,on_time,0,0,1
S0479,ASG_08,Statistics,2025-11-12 11:44:42.623533454,,12,missed,0,1,0
S0480,ASG_08,Statistics,2025-11-12 11:44:42.623533454,2025-11-12 11:44:42.623533454,0,on_time,0,0,1
S0481,ASG_08,Statistics,2025-11-12 11:44:42.623533454,2025-11-13 11:44:42.623533454,1,late,1,0,1
S0482,ASG_08,Statistics,2025-11-12 11:44:42.623533454,,15,missed,0,1,0
S0483,ASG_08,Statistics,2025-11-12 11:44:42.623533454,,9,missed,0,1,0
S0484,ASG_08,Statistics,2025-11-12 11:44:42.623533454,2025-11-12 11:44:42.623533454,0,on_time,0,0,1
S0485,ASG_08,Statistics,2025-11-12 11:44:42.623533454,2025-11-14 11:44:42.623533454,2,late,1,0,1
S0486,ASG_08,Statistics,2025-11-12 11:44:42.623533454,2025-11-12 11:44:42.623533454,0,on_time,0,0,1
S0487,ASG_08,Statistics,2025-11-12 11:44:42.623533454,2025-11-12 11:44:42.623533454,0,on_time,0,0,1
S0488,ASG_08,Statistics,2025-11-12 11:44:42.623533454,2025-11-15 11:44:42.623533454,3,late,1,0,1
S0489,ASG_08,Statistics,2025-11-12 11:44:42.623533454,,12,missed,0,1,0
S0490,ASG_08,Statistics,2025-11-12 11:44:42.623533454,2025-11-15 11:44:42.623533454,3,late,1,0,1
S0491,ASG_08,Statistics,2025-11-12 11:44:42.623533454,2025-11-14 11:44:42.623533454,2,late,1,0,1
S0492,ASG_08,Statistics,2025-11-12 11:44:42.623533454,2025-11-13 11:44:42.623533454,1,late,1,0,1
S0493,ASG_08,Statistics,2025-11-12 11:44:42.623533454,2025-11-13 11:44:42.623533454,1,late,1,0,1
S0494,ASG_08,Statistics,2025-11-12 11:44:42.623533454,2025-11-13 11:44:42.623533454,1,late,1,0,1
S0495,ASG_08,Statistics,2025-11-12 11:44:42.623533454,2025-11-12 11:44:42.623533454,0,on_time,0,0,1
S0496,ASG_08,Statistics,2025-11-12 11:44:42.623533454,2025-11-12 11:44:42.623533454,0,on_time,0,0,1
S0497,ASG_08,Statistics,2025-11-12 11:44:42.623533454,2025-11-16 11:44:42.623533454,4,late,1,0,1
S0498,ASG_08,Statistics,2025-11-12 11:44:42.623533454,2025-11-12 11:44:42.623533454,0,on_time,0,0,1
S0499,ASG_08,Statistics,2025-11-12 11:44:42.623533454,2025-11-12 11:44:42.623533454,0,on_time,0,0,1
S0500,ASG_08,Statistics,2025-11-12 11:44:42.623533454,2025-11-16 11:44:42.623533454,4,late,1,0,1
S0001,ASG_09,Computer Vision,2025-11-28 18:17:26.259897090,2025-11-28 18:17:26.259897090,0,on_time,0,0,1
S0002,ASG_09,Computer Vision,2025-11-28 18:17:26.259897090,2025-11-30 18:17:26.259897090,2,late,1,0,1
S0003,ASG_09,Computer Vision,2025-11-28 18:17:26.259897090,2025-11-28 18:17:26.259897090,0,on_time,0,0,1
S0004,ASG_09,Computer Vision,2025-11-28 18:17:26.259897090,2025-12-02 18:17:26.259897090,4,late,1,0,1
S0005,ASG_09,Computer Vision,2025-11-28 18:17:26.259897090,2025-12-02 18:17:26.259897090,4,late,1,0,1
S0006,ASG_09,Computer Vision,2025-11-28 18:17:26.259897090,2025-11-28 18:17:26.259897090,0,on_time,0,0,1
S0007,ASG_09,Computer Vision,2025-11-28 18:17:26.259897090,2025-11-29 18:17:26.259897090,1,late,1,0,1
S0008,ASG_09,Computer Vision,2025-11-28 18:17:26.259897090,2025-11-28 18:17:26.259897090,0,on_time,0,0,1
S0009,ASG_09,Computer Vision,2025-11-28 18:17:26.259897090,2025-11-28 18:17:26.259897090,0,on_time,0,0,1
S0010,ASG_09,Computer Vision,2025-11-28 18:17:26.259897090,2025-11-29 18:17:26.259897090,1,late,1,0,1
S0011,ASG_09,Computer Vision,2025-11-28 18:17:26.259897090,,10,missed,0,1,0
S0012,ASG_09,Computer Vision,2025-11-28 18:17:26.259897090,2025-11-29 18:17:26.259897090,1,late,1,0,1
S0013,ASG_09,Computer Vision,2025-11-28 18:17:26.259897090,2025-11-28 18:17:26.259897090,0,on_time,0,0,1
S0014,ASG_09,Computer Vision,2025-11-28 18:17:26.259897090,2025-11-28 18:17:26.259897090,0,on_time,0,0,1
S0015,ASG_09,Computer Vision,2025-11-28 18:17:26.259897090,2025-12-01 18:17:26.259897090,3,late,1,0,1
S0016,ASG_09,Computer Vision,2025-11-28 18:17:26.259897090,2025-11-28 18:17:26.259897090,0,on_time,0,0,1
S0017,ASG_09,Computer Vision,2025-11-28 18:17:26.259897090,2025-11-28 18:17:26.259897090,0,on_time,0,0,1
S0018,ASG_09,Computer Vision,2025-11-28 18:17:26.259897090,2025-12-02 18:17:26.259897090,4,late,1,0,1
S0019,ASG_09,Computer Vision,2025-11-28 18:17:26.259897090,2025-11-28 18:17:26.259897090,0,on_time,0,0,1
S0020,ASG_09,Computer Vision,2025-11-28 18:17:26.259897090,2025-11-30 18:17:26.259897090,2,late,1,0,1
S0021,ASG_09,Computer Vision,2025-11-28 18:17:26.259897090,2025-11-30 18:17:26.259897090,2,late,1,0,1
S0022,ASG_09,Computer Vision,2025-11-28 18:17:26.259897090,2025-11-28 18:17:26.259897090,0,on_time,0,0,1
S0023,ASG_09,Computer Vision,2025-11-28 18:17:26.259897090,2025-11-29 18:17:26.259897090,1,late,1,0,1
S0024,ASG_09,Computer Vision,2025-11-28 18:17:26.259897090,,12,missed,0,1,0
S0025,ASG_09,Computer Vision,2025-11-28 18:17:26.259897090,2025-12-02 18:17:26.259897090,4,late,1,0,1
S0026,ASG_09,Computer Vision,2025-11-28 18:17:26.259897090,2025-12-01 18:17:26.259897090,3,late,1,0,1
S0027,ASG_09,Computer Vision,2025-11-28 18:17:26.259897090,2025-11-30 18:17:26.259897090,2,late,1,0,1
S0028,ASG_09,Computer Vision,2025-11-28 18:17:26.259897090,2025-12-01 18:17:26.259897090,3,late,1,0,1
S0029,ASG_09,Computer Vision,2025-11-28 18:17:26.259897090,2025-11-29 18:17:26.259897090,1,late,1,0,1
S0030,ASG_09,Computer Vision,2025-11-28 18:17:26.259897090,2025-11-30 18:17:26.259897090,2,late,1,0,1
S0031,ASG_09,Computer Vision,2025-11-28 18:17:26.259897090,2025-12-04 18:17:26.259897090,6,late,1,0,1
S0032,ASG_09,Computer Vision,2025-11-28 18:17:26.259897090,,14,missed,0,1,0
S0033,ASG_09,Computer Vision,2025-11-28 18:17:26.259897090,2025-11-30 18:17:26.259897090,2,late,1,0,1
S0034,ASG_09,Computer Vision,2025-11-28 18:17:26.259897090,2025-11-30 18:17:26.259897090,2,late,1,0,1
S0035,ASG_09,Computer Vision,2025-11-28 18:17:26.259897090,2025-11-29 18:17:26.259897090,1,late,1,0,1
S0036,ASG_09,Computer Vision,2025-11-28 18:17:26.259897090,2025-12-03 18:17:26.259897090,5,late,1,0,1
S0037,ASG_09,Computer Vision,2025-11-28 18:17:26.259897090,2025-11-30 18:17:26.259897090,2,late,1,0,1
S0038,ASG_09,Computer Vision,2025-11-28 18:17:26.259897090,2025-11-29 18:17:26.259897090,1,late,1,0,1
S0039,ASG_09,Computer Vision,2025-11-28 18:17:26.259897090,2025-11-28 18:17:26.259897090,0,on_time,0,0,1
S0040,ASG_09,Computer Vision,2025-11-28 18:17:26.259897090,2025-11-29 18:17:26.259897090,1,late,1,0,1
S0041,ASG_09,Computer Vision,2025-11-28 18:17:26.259897090,2025-11-28 18:17:26.259897090,0,on_time,0,0,1
S0042,ASG_09,Computer Vision,2025-11-28 18:17:26.259897090,2025-11-28 18:17:26.259897090,0,on_time,0,0,1
S0043,ASG_09,Computer Vision,2025-11-28 18:17:26.259897090,,10,missed,0,1,0
S0044,ASG_09,Computer Vision,2025-11-28 18:17:26.259897090,,14,missed,0,1,0
S0045,ASG_09,Computer Vision,2025-11-28 18:17:26.259897090,2025-11-29 18:17:26.259897090,1,late,1,0,1
S0046,ASG_09,Computer Vision,2025-11-28 18:17:26.259897090,2025-11-28 18:17:26.259897090,0,on_time,0,0,1
S0047,ASG_09,Computer Vision,2025-11-28 18:17:26.259897090,2025-11-28 18:17:26.259897090,0,on_time,0,0,1
S0048,ASG_09,Computer Vision,2025-11-28 18:17:26.259897090,2025-11-30 18:17:26.259897090,2,late,1,0,1
S0049,ASG_09,Computer Vision,2025-11-28 18:17:26.259897090,,14,missed,0,1,0
S0050,ASG_09,Computer Vision,2025-11-28 18:17:26.259897090,2025-11-28 18:17:26.259897090,0,on_time,0,0,1
S0051,ASG_09,Computer Vision,2025-11-28 18:17:26.259897090,2025-11-28 18:17:26.259897090,0,on_time,0,0,1
S0052,ASG_09,Computer Vision,2025-11-28 18:17:26.259897090,2025-11-30 18:17:26.259897090,2,late,1,0,1
S0053,ASG_09,Computer Vision,2025-11-28 18:17:26.259897090,2025-11-30 18:17:26.259897090,2,late,1,0,1
S0054,ASG_09,Computer Vision,2025-11-28 18:17:26.259897090,2025-11-29 18:17:26.259897090,1,late,1,0,1
S0055,ASG_09,Computer Vision,2025-11-28 18:17:26.259897090,2025-11-30 18:17:26.259897090,2,late,1,0,1
S0056,ASG_09,Computer Vision,2025-11-28 18:17:26.259897090,2025-11-28 18:17:26.259897090,0,on_time,0,0,1
S0057,ASG_09,Computer Vision,2025-11-28 18:17:26.259897090,2025-12-01 18:17:26.259897090,3,late,1,0,1
S0058,ASG_09,Computer Vision,2025-11-28 18:17:26.259897090,2025-12-01 18:17:26.259897090,3,late,1,0,1
S0059,ASG_09,Computer Vision,2025-11-28 18:17:26.259897090,2025-12-03 18:17:26.259897090,5,late,1,0,1
S0060,ASG_09,Computer Vision,2025-11-28 18:17:26.259897090,2025-11-30 18:17:26.259897090,2,late,1,0,1
S0061,ASG_09,Computer Vision,2025-11-28 18:17:26.259897090,2025-12-02 18:17:26.259897090,4,late,1,0,1
S0062,ASG_09,Computer Vision,2025-11-28 18:17:26.259897090,2025-11-28 18:17:26.259897090,0,on_time,0,0,1
S0063,ASG_09,Computer Vision,2025-11-28 18:17:26.259897090,2025-11-30 18:17:26.259897090,2,late,1,0,1
S0064,ASG_09,Computer Vision,2025-11-28 18:17:26.259897090,2025-11-29 18:17:26.259897090,1,late,1,0,1
S0065,ASG_09,Computer Vision,2025-11-28 18:17:26.259897090,2025-11-29 18:17:26.259897090,1,late,1,0,1
S0066,ASG_09,Computer Vision,2025-11-28 18:17:26.259897090,2025-12-01 18:17:26.259897090,3,late,1,0,1
S0067,ASG_09,Computer Vision,2025-11-28 18:17:26.259897090,2025-11-30 18:17:26.259897090,2,late,1,0,1
S0068,ASG_09,Computer Vision,2025-11-28 18:17:26.259897090,2025-11-28 18:17:26.259897090,0,on_time,0,0,1
S0069,ASG_09,Computer Vision,2025-11-28 18:17:26.259897090,2025-12-01 18:17:26.259897090,3,late,1,0,1
S0070,ASG_09,Computer Vision,2025-11-28 18:17:26.259897090,2025-12-03 18:17:26.259897090,5,late,1,0,1
S0071,ASG_09,Computer Vision,2025-11-28 18:17:26.259897090,2025-11-29 18:17:26.259897090,1,late,1,0,1
S0072,ASG_09,Computer Vision,2025-11-28 18:17:26.259897090,2025-11-30 18:17:26.259897090,2,late,1,0,1
S0073,ASG_09,Computer Vision,2025-11-28 18:17:26.259897090,2025-11-30 18:17:26.259897090,2,late,1,0,1
S0074,ASG_09,Computer Vision,2025-11-28 18:17:26.259897090,2025-11-28 18:17:26.259897090,0,on_time,0,0,1
S0075,ASG_09,Computer Vision,2025-11-28 18:17:26.259897090,2025-11-28 18:17:26.259897090,0,on_time,0,0,1
S0076,ASG_09,Computer Vision,2025-11-28 18:17:26.259897090,2025-11-28 18:17:26.259897090,0,on_time,0,0,1
S0077,ASG_09,Computer Vision,2025-11-28 18:17:26.259897090,2025-11-29 18:17:26.259897090,1,late,1,0,1
S0078,ASG_09,Computer Vision,2025-11-28 18:17:26.259897090,2025-12-01 18:17:26.259897090,3,late,1,0,1
S0079,ASG_09,Computer Vision,2025-11-28 18:17:26.259897090,2025-12-01 18:17:26.259897090,3,late,1,0,1
S0080,ASG_09,Computer Vision,2025-11-28 18:17:26.259897090,2025-11-29 18:17:26.259897090,1,late,1,0,1
S0081,ASG_09,Computer Vision,2025-11-28 18:17:26.259897090,2025-11-30 18:17:26.259897090,2,late,1,0,1
S0082,ASG_09,Computer Vision,2025-11-28 18:17:26.259897090,2025-11-29 18:17:26.259897090,1,late,1,0,1
S0083,ASG_09,Computer Vision,2025-11-28 18:17:26.259897090,2025-11-28 18:17:26.259897090,0,on_time,0,0,1
S0084,ASG_09,Computer Vision,2025-11-28 18:17:26.259897090,2025-11-28 18:17:26.259897090,0,on_time,0,0,1
S0085,ASG_09,Computer Vision,2025-11-28 18:17:26.259897090,2025-11-30 18:17:26.259897090,2,late,1,0,1
S0086,ASG_09,Computer Vision,2025-11-28 18:17:26.259897090,2025-11-28 18:17:26.259897090,0,on_time,0,0,1
S0087,ASG_09,Computer Vision,2025-11-28 18:17:26.259897090,2025-11-28 18:17:26.259897090,0,on_time,0,0,1
S0088,ASG_09,Computer Vision,2025-11-28 18:17:26.259897090,2025-11-28 18:17:26.259897090,0,on_time,0,0,1
S0089,ASG_09,Computer Vision,2025-11-28 18:17:26.259897090,2025-11-29 18:17:26.259897090,1,late,1,0,1
S0090,ASG_09,Computer Vision,2025-11-28 18:17:26.259897090,2025-11-29 18:17:26.259897090,1,late,1,0,1
S0091,ASG_09,Computer Vision,2025-11-28 18:17:26.259897090,2025-12-03 18:17:26.259897090,5,late,1,0,1
S0092,ASG_09,Computer Vision,2025-11-28 18:17:26.259897090,2025-11-28 18:17:26.259897090,0,on_time,0,0,1
S0093,ASG_09,Computer Vision,2025-11-28 18:17:26.259897090,,13,missed,0,1,0
S0094,ASG_09,Computer Vision,2025-11-28 18:17:26.259897090,2025-12-03 18:17:26.259897090,5,late,1,0,1
S0095,ASG_09,Computer Vision,2025-11-28 18:17:26.259897090,,7,missed,0,1,0
S0096,ASG_09,Computer Vision,2025-11-28 18:17:26.259897090,,14,missed,0,1,0
S0097,ASG_09,Computer Vision,2025-11-28 18:17:26.259897090,2025-11-28 18:17:26.259897090,0,on_time,0,0,1
S0098,ASG_09,Computer Vision,2025-11-28 18:17:26.259897090,2025-11-30 18:17:26.259897090,2,late,1,0,1
S0099,ASG_09,Computer Vision,2025-11-28 18:17:26.259897090,2025-11-28 18:17:26.259897090,0,on_time,0,0,1
S0100,ASG_09,Computer Vision,2025-11-28 18:17:26.259897090,2025-12-01 18:17:26.259897090,3,late,1,0,1
S0101,ASG_09,Computer Vision,2025-11-28 18:17:26.259897090,,13,missed,0,1,0
S0102,ASG_09,Computer Vision,2025-11-28 18:17:26.259897090,2025-11-28 18:17:26.259897090,0,on_time,0,0,1
S0103,ASG_09,Computer Vision,2025-11-28 18:17:26.259897090,2025-11-28 18:17:26.259897090,0,on_time,0,0,1
S0104,ASG_09,Computer Vision,2025-11-28 18:17:26.259897090,2025-11-30 18:17:26.259897090,2,late,1,0,1
S0105,ASG_09,Computer Vision,2025-11-28 18:17:26.259897090,2025-11-30 18:17:26.259897090,2,late,1,0,1
S0106,ASG_09,Computer Vision,2025-11-28 18:17:26.259897090,2025-11-28 18:17:26.259897090,0,on_time,0,0,1
S0107,ASG_09,Computer Vision,2025-11-28 18:17:26.259897090,2025-11-29 18:17:26.259897090,1,late,1,0,1
S0108,ASG_09,Computer Vision,2025-11-28 18:17:26.259897090,2025-11-30 18:17:26.259897090,2,late,1,0,1
S0109,ASG_09,Computer Vision,2025-11-28 18:17:26.259897090,2025-11-28 18:17:26.259897090,0,on_time,0,0,1
S0110,ASG_09,Computer Vision,2025-11-28 18:17:26.259897090,2025-11-28 18:17:26.259897090,0,on_time,0,0,1
S0111,ASG_09,Computer Vision,2025-11-28 18:17:26.259897090,2025-12-01 18:17:26.259897090,3,late,1,0,1
S0112,ASG_09,Computer Vision,2025-11-28 18:17:26.259897090,2025-12-01 18:17:26.259897090,3,late,1,0,1
S0113,ASG_09,Computer Vision,2025-11-28 18:17:26.259897090,2025-11-29 18:17:26.259897090,1,late,1,0,1
S0114,ASG_09,Computer Vision,2025-11-28 18:17:26.259897090,2025-11-30 18:17:26.259897090,2,late,1,0,1
S0115,ASG_09,Computer Vision,2025-11-28 18:17:26.259897090,2025-11-29 18:17:26.259897090,1,late,1,0,1
S0116,ASG_09,Computer Vision,2025-11-28 18:17:26.259897090,2025-12-01 18:17:26.259897090,3,late,1,0,1
S0117,ASG_09,Computer Vision,2025-11-28 18:17:26.259897090,,9,missed,0,1,0
S0118,ASG_09,Computer Vision,2025-11-28 18:17:26.259897090,2025-11-28 18:17:26.259897090,0,on_time,0,0,1
S0119,ASG_09,Computer Vision,2025-11-28 18:17:26.259897090,2025-11-30 18:17:26.259897090,2,late,1,0,1
S0120,ASG_09,Computer Vision,2025-11-28 18:17:26.259897090,2025-12-01 18:17:26.259897090,3,late,1,0,1
S0121,ASG_09,Computer Vision,2025-11-28 18:17:26.259897090,2025-12-03 18:17:26.259897090,5,late,1,0,1
S0122,ASG_09,Computer Vision,2025-11-28 18:17:26.259897090,2025-11-30 18:17:26.259897090,2,late,1,0,1
S0123,ASG_09,Computer Vision,2025-11-28 18:17:26.259897090,2025-11-28 18:17:26.259897090,0,on_time,0,0,1
S0124,ASG_09,Computer Vision,2025-11-28 18:17:26.259897090,2025-11-30 18:17:26.259897090,2,late,1,0,1
S0125,ASG_09,Computer Vision,2025-11-28 18:17:26.259897090,2025-11-29 18:17:26.259897090,1,late,1,0,1
S0126,ASG_09,Computer Vision,2025-11-28 18:17:26.259897090,2025-11-28 18:17:26.259897090,0,on_time,0,0,1
S0127,ASG_09,Computer Vision,2025-11-28 18:17:26.259897090,2025-11-28 18:17:26.259897090,0,on_time,0,0,1
S0128,ASG_09,Computer Vision,2025-11-28 18:17:26.259897090,2025-11-28 18:17:26.259897090,0,on_time,0,0,1
S0129,ASG_09,Computer Vision,2025-11-28 18:17:26.259897090,2025-11-30 18:17:26.259897090,2,late,1,0,1
S0130,ASG_09,Computer Vision,2025-11-28 18:17:26.259897090,2025-12-02 18:17:26.259897090,4,late,1,0,1
S0131,ASG_09,Computer Vision,2025-11-28 18:17:26.259897090,2025-12-01 18:17:26.259897090,3,late,1,0,1
S0132,ASG_09,Computer Vision,2025-11-28 18:17:26.259897090,2025-11-30 18:17:26.259897090,2,late,1,0,1
S0133,ASG_09,Computer Vision,2025-11-28 18:17:26.259897090,2025-11-29 18:17:26.259897090,1,late,1,0,1
S0134,ASG_09,Computer Vision,2025-11-28 18:17:26.259897090,2025-11-29 18:17:26.259897090,1,late,1,0,1
S0135,ASG_09,Computer Vision,2025-11-28 18:17:26.259897090,2025-12-01 18:17:26.259897090,3,late,1,0,1
S0136,ASG_09,Computer Vision,2025-11-28 18:17:26.259897090,,15,missed,0,1,0
S0137,ASG_09,Computer Vision,2025-11-28 18:17:26.259897090,2025-11-28 18:17:26.259897090,0,on_time,0,0,1
S0138,ASG_09,Computer Vision,2025-11-28 18:17:26.259897090,2025-11-29 18:17:26.259897090,1,late,1,0,1
S0139,ASG_09,Computer Vision,2025-11-28 18:17:26.259897090,2025-11-29 18:17:26.259897090,1,late,1,0,1
S0140,ASG_09,Computer Vision,2025-11-28 18:17:26.259897090,2025-11-29 18:17:26.259897090,1,late,1,0,1
S0141,ASG_09,Computer Vision,2025-11-28 18:17:26.259897090,2025-11-28 18:17:26.259897090,0,on_time,0,0,1
S0142,ASG_09,Computer Vision,2025-11-28 18:17:26.259897090,2025-11-30 18:17:26.259897090,2,late,1,0,1
S0143,ASG_09,Computer Vision,2025-11-28 18:17:26.259897090,2025-11-28 18:17:26.259897090,0,on_time,0,0,1
S0144,ASG_09,Computer Vision,2025-11-28 18:17:26.259897090,2025-12-03 18:17:26.259897090,5,late,1,0,1
S0145,ASG_09,Computer Vision,2025-11-28 18:17:26.259897090,2025-11-30 18:17:26.259897090,2,late,1,0,1
S0146,ASG_09,Computer Vision,2025-11-28 18:17:26.259897090,2025-11-30 18:17:26.259897090,2,late,1,0,1
S0147,ASG_09,Computer Vision,2025-11-28 18:17:26.259897090,2025-11-29 18:17:26.259897090,1,late,1,0,1
S0148,ASG_09,Computer Vision,2025-11-28 18:17:26.259897090,2025-11-29 18:17:26.259897090,1,late,1,0,1
S0149,ASG_09,Computer Vision,2025-11-28 18:17:26.259897090,,15,missed,0,1,0
S0150,ASG_09,Computer Vision,2025-11-28 18:17:26.259897090,2025-11-29 18:17:26.259897090,1,late,1,0,1
S0151,ASG_09,Computer Vision,2025-11-28 18:17:26.259897090,2025-11-29 18:17:26.259897090,1,late,1,0,1
S0152,ASG_09,Computer Vision,2025-11-28 18:17:26.259897090,2025-11-30 18:17:26.259897090,2,late,1,0,1
S0153,ASG_09,Computer Vision,2025-11-28 18:17:26.259897090,2025-11-29 18:17:26.259897090,1,late,1,0,1
S0154,ASG_09,Computer Vision,2025-11-28 18:17:26.259897090,2025-11-28 18:17:26.259897090,0,on_time,0,0,1
S0155,ASG_09,Computer Vision,2025-11-28 18:17:26.259897090,2025-12-01 18:17:26.259897090,3,late,1,0,1
S0156,ASG_09,Computer Vision,2025-11-28 18:17:26.259897090,2025-12-02 18:17:26.259897090,4,late,1,0,1
S0157,ASG_09,Computer Vision,2025-11-28 18:17:26.259897090,,13,missed,0,1,0
S0158,ASG_09,Computer Vision,2025-11-28 18:17:26.259897090,2025-12-01 18:17:26.259897090,3,late,1,0,1
S0159,ASG_09,Computer Vision,2025-11-28 18:17:26.259897090,2025-11-28 18:17:26.259897090,0,on_time,0,0,1
S0160,ASG_09,Computer Vision,2025-11-28 18:17:26.259897090,2025-12-01 18:17:26.259897090,3,late,1,0,1
S0161,ASG_09,Computer Vision,2025-11-28 18:17:26.259897090,2025-11-30 18:17:26.259897090,2,late,1,0,1
S0162,ASG_09,Computer Vision,2025-11-28 18:17:26.259897090,2025-12-01 18:17:26.259897090,3,late,1,0,1
S0163,ASG_09,Computer Vision,2025-11-28 18:17:26.259897090,2025-11-30 18:17:26.259897090,2,late,1,0,1
S0164,ASG_09,Computer Vision,2025-11-28 18:17:26.259897090,2025-12-01 18:17:26.259897090,3,late,1,0,1
S0165,ASG_09,Computer Vision,2025-11-28 18:17:26.259897090,2025-11-29 18:17:26.259897090,1,late,1,0,1
S0166,ASG_09,Computer Vision,2025-11-28 18:17:26.259897090,2025-11-30 18:17:26.259897090,2,late,1,0,1
S0167,ASG_09,Computer Vision,2025-11-28 18:17:26.259897090,2025-11-29 18:17:26.259897090,1,late,1,0,1
S0168,ASG_09,Computer Vision,2025-11-28 18:17:26.259897090,2025-12-01 18:17:26.259897090,3,late,1,0,1
S0169,ASG_09,Computer Vision,2025-11-28 18:17:26.259897090,2025-11-28 18:17:26.259897090,0,on_time,0,0,1
S0170,ASG_09,Computer Vision,2025-11-28 18:17:26.259897090,2025-11-28 18:17:26.259897090,0,on_time,0,0,1
S0171,ASG_09,Computer Vision,2025-11-28 18:17:26.259897090,2025-12-01 18:17:26.259897090,3,late,1,0,1
S0172,ASG_09,Computer Vision,2025-11-28 18:17:26.259897090,2025-11-30 18:17:26.259897090,2,late,1,0,1
S0173,ASG_09,Computer Vision,2025-11-28 18:17:26.259897090,,14,missed,0,1,0
S0174,ASG_09,Computer Vision,2025-11-28 18:17:26.259897090,2025-12-01 18:17:26.259897090,3,late,1,0,1
S0175,ASG_09,Computer Vision,2025-11-28 18:17:26.259897090,2025-11-29 18:17:26.259897090,1,late,1,0,1
S0176,ASG_09,Computer Vision,2025-11-28 18:17:26.259897090,2025-12-02 18:17:26.259897090,4,late,1,0,1
S0177,ASG_09,Computer Vision,2025-11-28 18:17:26.259897090,2025-12-02 18:17:26.259897090,4,late,1,0,1
S0178,ASG_09,Computer Vision,2025-11-28 18:17:26.259897090,2025-11-28 18:17:26.259897090,0,on_time,0,0,1
S0179,ASG_09,Computer Vision,2025-11-28 18:17:26.259897090,2025-11-30 18:17:26.259897090,2,late,1,0,1
S0180,ASG_09,Computer Vision,2025-11-28 18:17:26.259897090,2025-11-28 18:17:26.259897090,0,on_time,0,0,1
S0181,ASG_09,Computer Vision,2025-11-28 18:17:26.259897090,2025-11-28 18:17:26.259897090,0,on_time,0,0,1
S0182,ASG_09,Computer Vision,2025-11-28 18:17:26.259897090,2025-12-02 18:17:26.259897090,4,late,1,0,1
S0183,ASG_09,Computer Vision,2025-11-28 18:17:26.259897090,2025-12-01 18:17:26.259897090,3,late,1,0,1
S0184,ASG_09,Computer Vision,2025-11-28 18:17:26.259897090,2025-11-30 18:17:26.259897090,2,late,1,0,1
S0185,ASG_09,Computer Vision,2025-11-28 18:17:26.259897090,2025-11-28 18:17:26.259897090,0,on_time,0,0,1
S0186,ASG_09,Computer Vision,2025-11-28 18:17:26.259897090,2025-12-03 18:17:26.259897090,5,late,1,0,1
S0187,ASG_09,Computer Vision,2025-11-28 18:17:26.259897090,2025-12-03 18:17:26.259897090,5,late,1,0,1
S0188,ASG_09,Computer Vision,2025-11-28 18:17:26.259897090,2025-11-28 18:17:26.259897090,0,on_time,0,0,1
S0189,ASG_09,Computer Vision,2025-11-28 18:17:26.259897090,2025-11-28 18:17:26.259897090,0,on_time,0,0,1
S0190,ASG_09,Computer Vision,2025-11-28 18:17:26.259897090,2025-11-29 18:17:26.259897090,1,late,1,0,1
S0191,ASG_09,Computer Vision,2025-11-28 18:17:26.259897090,2025-12-01 18:17:26.259897090,3,late,1,0,1
S0192,ASG_09,Computer Vision,2025-11-28 18:17:26.259897090,2025-11-29 18:17:26.259897090,1,late,1,0,1
S0193,ASG_09,Computer Vision,2025-11-28 18:17:26.259897090,2025-12-07 18:17:26.259897090,9,late,1,0,1
S0194,ASG_09,Computer Vision,2025-11-28 18:17:26.259897090,2025-11-29 18:17:26.259897090,1,late,1,0,1
S0195,ASG_09,Computer Vision,2025-11-28 18:17:26.259897090,2025-11-28 18:17:26.259897090,0,on_time,0,0,1
S0196,ASG_09,Computer Vision,2025-11-28 18:17:26.259897090,2025-11-28 18:17:26.259897090,0,on_time,0,0,1
S0197,ASG_09,Computer Vision,2025-11-28 18:17:26.259897090,,7,missed,0,1,0
S0198,ASG_09,Computer Vision,2025-11-28 18:17:26.259897090,2025-11-29 18:17:26.259897090,1,late,1,0,1
S0199,ASG_09,Computer Vision,2025-11-28 18:17:26.259897090,2025-12-02 18:17:26.259897090,4,late,1,0,1
S0200,ASG_09,Computer Vision,2025-11-28 18:17:26.259897090,2025-11-28 18:17:26.259897090,0,on_time,0,0,1
S0201,ASG_09,Computer Vision,2025-11-28 18:17:26.259897090,2025-12-02 18:17:26.259897090,4,late,1,0,1
S0202,ASG_09,Computer Vision,2025-11-28 18:17:26.259897090,2025-11-28 18:17:26.259897090,0,on_time,0,0,1
S0203,ASG_09,Computer Vision,2025-11-28 18:17:26.259897090,2025-12-01 18:17:26.259897090,3,late,1,0,1
S0204,ASG_09,Computer Vision,2025-11-28 18:17:26.259897090,,10,missed,0,1,0
S0205,ASG_09,Computer Vision,2025-11-28 18:17:26.259897090,2025-11-30 18:17:26.259897090,2,late,1,0,1
S0206,ASG_09,Computer Vision,2025-11-28 18:17:26.259897090,2025-11-30 18:17:26.259897090,2,late,1,0,1
S0207,ASG_09,Computer Vision,2025-11-28 18:17:26.259897090,2025-11-28 18:17:26.259897090,0,on_time,0,0,1
S0208,ASG_09,Computer Vision,2025-11-28 18:17:26.259897090,2025-11-30 18:17:26.259897090,2,late,1,0,1
S0209,ASG_09,Computer Vision,2025-11-28 18:17:26.259897090,2025-11-29 18:17:26.259897090,1,late,1,0,1
S0210,ASG_09,Computer Vision,2025-11-28 18:17:26.259897090,2025-12-02 18:17:26.259897090,4,late,1,0,1
S0211,ASG_09,Computer Vision,2025-11-28 18:17:26.259897090,2025-12-01 18:17:26.259897090,3,late,1,0,1
S0212,ASG_09,Computer Vision,2025-11-28 18:17:26.259897090,2025-12-01 18:17:26.259897090,3,late,1,0,1
S0213,ASG_09,Computer Vision,2025-11-28 18:17:26.259897090,2025-11-28 18:17:26.259897090,0,on_time,0,0,1
S0214,ASG_09,Computer Vision,2025-11-28 18:17:26.259897090,2025-11-28 18:17:26.259897090,0,on_time,0,0,1
S0215,ASG_09,Computer Vision,2025-11-28 18:17:26.259897090,2025-12-01 18:17:26.259897090,3,late,1,0,1
S0216,ASG_09,Computer Vision,2025-11-28 18:17:26.259897090,2025-11-28 18:17:26.259897090,0,on_time,0,0,1
S0217,ASG_09,Computer Vision,2025-11-28 18:17:26.259897090,2025-12-01 18:17:26.259897090,3,late,1,0,1
S0218,ASG_09,Computer Vision,2025-11-28 18:17:26.259897090,2025-12-01 18:17:26.259897090,3,late,1,0,1
S0219,ASG_09,Computer Vision,2025-11-28 18:17:26.259897090,2025-11-30 18:17:26.259897090,2,late,1,0,1
S0220,ASG_09,Computer Vision,2025-11-28 18:17:26.259897090,2025-11-28 18:17:26.259897090,0,on_time,0,0,1
S0221,ASG_09,Computer Vision,2025-11-28 18:17:26.259897090,2025-11-30 18:17:26.259897090,2,late,1,0,1
S0222,ASG_09,Computer Vision,2025-11-28 18:17:26.259897090,2025-11-30 18:17:26.259897090,2,late,1,0,1
S0223,ASG_09,Computer Vision,2025-11-28 18:17:26.259897090,,13,missed,0,1,0
S0224,ASG_09,Computer Vision,2025-11-28 18:17:26.259897090,2025-11-28 18:17:26.259897090,0,on_time,0,0,1
S0225,ASG_09,Computer Vision,2025-11-28 18:17:26.259897090,2025-11-30 18:17:26.259897090,2,late,1,0,1
S0226,ASG_09,Computer Vision,2025-11-28 18:17:26.259897090,2025-11-29 18:17:26.259897090,1,late,1,0,1
S0227,ASG_09,Computer Vision,2025-11-28 18:17:26.259897090,2025-11-30 18:17:26.259897090,2,late,1,0,1
S0228,ASG_09,Computer Vision,2025-11-28 18:17:26.259897090,2025-11-28 18:17:26.259897090,0,on_time,0,0,1
S0229,ASG_09,Computer Vision,2025-11-28 18:17:26.259897090,2025-11-28 18:17:26.259897090,0,on_time,0,0,1
S0230,ASG_09,Computer Vision,2025-11-28 18:17:26.259897090,2025-12-03 18:17:26.259897090,5,late,1,0,1
S0231,ASG_09,Computer Vision,2025-11-28 18:17:26.259897090,2025-11-29 18:17:26.259897090,1,late,1,0,1
S0232,ASG_09,Computer Vision,2025-11-28 18:17:26.259897090,2025-11-28 18:17:26.259897090,0,on_time,0,0,1
S0233,ASG_09,Computer Vision,2025-11-28 18:17:26.259897090,2025-11-28 18:17:26.259897090,0,on_time,0,0,1
S0234,ASG_09,Computer Vision,2025-11-28 18:17:26.259897090,2025-11-29 18:17:26.259897090,1,late,1,0,1
S0235,ASG_09,Computer Vision,2025-11-28 18:17:26.259897090,2025-11-30 18:17:26.259897090,2,late,1,0,1
S0236,ASG_09,Computer Vision,2025-11-28 18:17:26.259897090,2025-11-28 18:17:26.259897090,0,on_time,0,0,1
S0237,ASG_09,Computer Vision,2025-11-28 18:17:26.259897090,2025-11-30 18:17:26.259897090,2,late,1,0,1
S0238,ASG_09,Computer Vision,2025-11-28 18:17:26.259897090,2025-11-30 18:17:26.259897090,2,late,1,0,1
S0239,ASG_09,Computer Vision,2025-11-28 18:17:26.259897090,2025-11-30 18:17:26.259897090,2,late,1,0,1
S0240,ASG_09,Computer Vision,2025-11-28 18:17:26.259897090,2025-11-30 18:17:26.259897090,2,late,1,0,1
S0241,ASG_09,Computer Vision,2025-11-28 18:17:26.259897090,2025-12-03 18:17:26.259897090,5,late,1,0,1
S0242,ASG_09,Computer Vision,2025-11-28 18:17:26.259897090,2025-11-30 18:17:26.259897090,2,late,1,0,1
S0243,ASG_09,Computer Vision,2025-11-28 18:17:26.259897090,2025-12-01 18:17:26.259897090,3,late,1,0,1
S0244,ASG_09,Computer Vision,2025-11-28 18:17:26.259897090,2025-12-01 18:17:26.259897090,3,late,1,0,1
S0245,ASG_09,Computer Vision,2025-11-28 18:17:26.259897090,,15,missed,0,1,0
S0246,ASG_09,Computer Vision,2025-11-28 18:17:26.259897090,2025-11-28 18:17:26.259897090,0,on_time,0,0,1
S0247,ASG_09,Computer Vision,2025-11-28 18:17:26.259897090,2025-11-28 18:17:26.259897090,0,on_time,0,0,1
S0248,ASG_09,Computer Vision,2025-11-28 18:17:26.259897090,2025-11-29 18:17:26.259897090,1,late,1,0,1
S0249,ASG_09,Computer Vision,2025-11-28 18:17:26.259897090,2025-11-28 18:17:26.259897090,0,on_time,0,0,1
S0250,ASG_09,Computer Vision,2025-11-28 18:17:26.259897090,2025-11-28 18:17:26.259897090,0,on_time,0,0,1
S0251,ASG_09,Computer Vision,2025-11-28 18:17:26.259897090,2025-11-29 18:17:26.259897090,1,late,1,0,1
S0252,ASG_09,Computer Vision,2025-11-28 18:17:26.259897090,2025-11-30 18:17:26.259897090,2,late,1,0,1
S0253,ASG_09,Computer Vision,2025-11-28 18:17:26.259897090,2025-12-02 18:17:26.259897090,4,late,1,0,1
S0254,ASG_09,Computer Vision,2025-11-28 18:17:26.259897090,2025-11-29 18:17:26.259897090,1,late,1,0,1
S0255,ASG_09,Computer Vision,2025-11-28 18:17:26.259897090,2025-11-28 18:17:26.259897090,0,on_time,0,0,1
S0256,ASG_09,Computer Vision,2025-11-28 18:17:26.259897090,2025-11-30 18:17:26.259897090,2,late,1,0,1
S0257,ASG_09,Computer Vision,2025-11-28 18:17:26.259897090,2025-11-28 18:17:26.259897090,0,on_time,0,0,1
S0258,ASG_09,Computer Vision,2025-11-28 18:17:26.259897090,2025-11-30 18:17:26.259897090,2,late,1,0,1
S0259,ASG_09,Computer Vision,2025-11-28 18:17:26.259897090,2025-11-29 18:17:26.259897090,1,late,1,0,1
S0260,ASG_09,Computer Vision,2025-11-28 18:17:26.259897090,2025-12-02 18:17:26.259897090,4,late,1,0,1
S0261,ASG_09,Computer Vision,2025-11-28 18:17:26.259897090,2025-11-28 18:17:26.259897090,0,on_time,0,0,1
S0262,ASG_09,Computer Vision,2025-11-28 18:17:26.259897090,2025-11-28 18:17:26.259897090,0,on_time,0,0,1
S0263,ASG_09,Computer Vision,2025-11-28 18:17:26.259897090,2025-11-30 18:17:26.259897090,2,late,1,0,1
S0264,ASG_09,Computer Vision,2025-11-28 18:17:26.259897090,,11,missed,0,1,0
S0265,ASG_09,Computer Vision,2025-11-28 18:17:26.259897090,2025-11-30 18:17:26.259897090,2,late,1,0,1
S0266,ASG_09,Computer Vision,2025-11-28 18:17:26.259897090,2025-11-29 18:17:26.259897090,1,late,1,0,1
S0267,ASG_09,Computer Vision,2025-11-28 18:17:26.259897090,2025-11-30 18:17:26.259897090,2,late,1,0,1
S0268,ASG_09,Computer Vision,2025-11-28 18:17:26.259897090,2025-11-30 18:17:26.259897090,2,late,1,0,1
S0269,ASG_09,Computer Vision,2025-11-28 18:17:26.259897090,2025-11-28 18:17:26.259897090,0,on_time,0,0,1
S0270,ASG_09,Computer Vision,2025-11-28 18:17:26.259897090,2025-12-02 18:17:26.259897090,4,late,1,0,1
S0271,ASG_09,Computer Vision,2025-11-28 18:17:26.259897090,,14,missed,0,1,0
S0272,ASG_09,Computer Vision,2025-11-28 18:17:26.259897090,2025-11-30 18:17:26.259897090,2,late,1,0,1
S0273,ASG_09,Computer Vision,2025-11-28 18:17:26.259897090,2025-11-28 18:17:26.259897090,0,on_time,0,0,1
S0274,ASG_09,Computer Vision,2025-11-28 18:17:26.259897090,2025-12-02 18:17:26.259897090,4,late,1,0,1
S0275,ASG_09,Computer Vision,2025-11-28 18:17:26.259897090,2025-11-28 18:17:26.259897090,0,on_time,0,0,1
S0276,ASG_09,Computer Vision,2025-11-28 18:17:26.259897090,2025-11-29 18:17:26.259897090,1,late,1,0,1
S0277,ASG_09,Computer Vision,2025-11-28 18:17:26.259897090,2025-11-29 18:17:26.259897090,1,late,1,0,1
S0278,ASG_09,Computer Vision,2025-11-28 18:17:26.259897090,2025-11-30 18:17:26.259897090,2,late,1,0,1
S0279,ASG_09,Computer Vision,2025-11-28 18:17:26.259897090,2025-11-30 18:17:26.259897090,2,late,1,0,1
S0280,ASG_09,Computer Vision,2025-11-28 18:17:26.259897090,2025-11-28 18:17:26.259897090,0,on_time,0,0,1
S0281,ASG_09,Computer Vision,2025-11-28 18:17:26.259897090,2025-11-30 18:17:26.259897090,2,late,1,0,1
S0282,ASG_09,Computer Vision,2025-11-28 18:17:26.259897090,2025-11-30 18:17:26.259897090,2,late,1,0,1
S0283,ASG_09,Computer Vision,2025-11-28 18:17:26.259897090,2025-12-02 18:17:26.259897090,4,late,1,0,1
S0284,ASG_09,Computer Vision,2025-11-28 18:17:26.259897090,2025-11-28 18:17:26.259897090,0,on_time,0,0,1
S0285,ASG_09,Computer Vision,2025-11-28 18:17:26.259897090,2025-12-01 18:17:26.259897090,3,late,1,0,1
S0286,ASG_09,Computer Vision,2025-11-28 18:17:26.259897090,2025-12-04 18:17:26.259897090,6,late,1,0,1
S0287,ASG_09,Computer Vision,2025-11-28 18:17:26.259897090,2025-12-01 18:17:26.259897090,3,late,1,0,1
S0288,ASG_09,Computer Vision,2025-11-28 18:17:26.259897090,2025-11-28 18:17:26.259897090,0,on_time,0,0,1
S0289,ASG_09,Computer Vision,2025-11-28 18:17:26.259897090,,14,missed,0,1,0
S0290,ASG_09,Computer Vision,2025-11-28 18:17:26.259897090,2025-11-30 18:17:26.259897090,2,late,1,0,1
S0291,ASG_09,Computer Vision,2025-11-28 18:17:26.259897090,2025-11-29 18:17:26.259897090,1,late,1,0,1
S0292,ASG_09,Computer Vision,2025-11-28 18:17:26.259897090,2025-12-01 18:17:26.259897090,3,late,1,0,1
S0293,ASG_09,Computer Vision,2025-11-28 18:17:26.259897090,2025-11-28 18:17:26.259897090,0,on_time,0,0,1
S0294,ASG_09,Computer Vision,2025-11-28 18:17:26.259897090,2025-11-28 18:17:26.259897090,0,on_time,0,0,1
S0295,ASG_09,Computer Vision,2025-11-28 18:17:26.259897090,2025-11-29 18:17:26.259897090,1,late,1,0,1
S0296,ASG_09,Computer Vision,2025-11-28 18:17:26.259897090,2025-11-29 18:17:26.259897090,1,late,1,0,1
S0297,ASG_09,Computer Vision,2025-11-28 18:17:26.259897090,2025-11-30 18:17:26.259897090,2,late,1,0,1
S0298,ASG_09,Computer Vision,2025-11-28 18:17:26.259897090,2025-11-29 18:17:26.259897090,1,late,1,0,1
S0299,ASG_09,Computer Vision,2025-11-28 18:17:26.259897090,,8,missed,0,1,0
S0300,ASG_09,Computer Vision,2025-11-28 18:17:26.259897090,2025-11-29 18:17:26.259897090,1,late,1,0,1
S0301,ASG_09,Computer Vision,2025-11-28 18:17:26.259897090,2025-11-29 18:17:26.259897090,1,late,1,0,1
S0302,ASG_09,Computer Vision,2025-11-28 18:17:26.259897090,2025-11-30 18:17:26.259897090,2,late,1,0,1
S0303,ASG_09,Computer Vision,2025-11-28 18:17:26.259897090,2025-12-01 18:17:26.259897090,3,late,1,0,1
S0304,ASG_09,Computer Vision,2025-11-28 18:17:26.259897090,2025-11-30 18:17:26.259897090,2,late,1,0,1
S0305,ASG_09,Computer Vision,2025-11-28 18:17:26.259897090,2025-11-29 18:17:26.259897090,1,late,1,0,1
S0306,ASG_09,Computer Vision,2025-11-28 18:17:26.259897090,2025-11-30 18:17:26.259897090,2,late,1,0,1
S0307,ASG_09,Computer Vision,2025-11-28 18:17:26.259897090,2025-11-28 18:17:26.259897090,0,on_time,0,0,1
S0308,ASG_09,Computer Vision,2025-11-28 18:17:26.259897090,2025-11-30 18:17:26.259897090,2,late,1,0,1
S0309,ASG_09,Computer Vision,2025-11-28 18:17:26.259897090,2025-11-28 18:17:26.259897090,0,on_time,0,0,1
S0310,ASG_09,Computer Vision,2025-11-28 18:17:26.259897090,2025-11-30 18:17:26.259897090,2,late,1,0,1
S0311,ASG_09,Computer Vision,2025-11-28 18:17:26.259897090,2025-11-29 18:17:26.259897090,1,late,1,0,1
S0312,ASG_09,Computer Vision,2025-11-28 18:17:26.259897090,2025-12-01 18:17:26.259897090,3,late,1,0,1
S0313,ASG_09,Computer Vision,2025-11-28 18:17:26.259897090,2025-12-01 18:17:26.259897090,3,late,1,0,1
S0314,ASG_09,Computer Vision,2025-11-28 18:17:26.259897090,2025-11-30 18:17:26.259897090,2,late,1,0,1
S0315,ASG_09,Computer Vision,2025-11-28 18:17:26.259897090,2025-12-01 18:17:26.259897090,3,late,1,0,1
S0316,ASG_09,Computer Vision,2025-11-28 18:17:26.259897090,2025-12-04 18:17:26.259897090,6,late,1,0,1
S0317,ASG_09,Computer Vision,2025-11-28 18:17:26.259897090,2025-12-03 18:17:26.259897090,5,late,1,0,1
S0318,ASG_09,Computer Vision,2025-11-28 18:17:26.259897090,2025-11-29 18:17:26.259897090,1,late,1,0,1
S0319,ASG_09,Computer Vision,2025-11-28 18:17:26.259897090,2025-11-30 18:17:26.259897090,2,late,1,0,1
S0320,ASG_09,Computer Vision,2025-11-28 18:17:26.259897090,2025-12-02 18:17:26.259897090,4,late,1,0,1
S0321,ASG_09,Computer Vision,2025-11-28 18:17:26.259897090,2025-11-29 18:17:26.259897090,1,late,1,0,1
S0322,ASG_09,Computer Vision,2025-11-28 18:17:26.259897090,2025-11-28 18:17:26.259897090,0,on_time,0,0,1
S0323,ASG_09,Computer Vision,2025-11-28 18:17:26.259897090,2025-12-01 18:17:26.259897090,3,late,1,0,1
S0324,ASG_09,Computer Vision,2025-11-28 18:17:26.259897090,2025-11-29 18:17:26.259897090,1,late,1,0,1
S0325,ASG_09,Computer Vision,2025-11-28 18:17:26.259897090,2025-11-28 18:17:26.259897090,0,on_time,0,0,1
S0326,ASG_09,Computer Vision,2025-11-28 18:17:26.259897090,2025-11-29 18:17:26.259897090,1,late,1,0,1
S0327,ASG_09,Computer Vision,2025-11-28 18:17:26.259897090,2025-11-28 18:17:26.259897090,0,on_time,0,0,1
S0328,ASG_09,Computer Vision,2025-11-28 18:17:26.259897090,2025-11-28 18:17:26.259897090,0,on_time,0,0,1
S0329,ASG_09,Computer Vision,2025-11-28 18:17:26.259897090,2025-12-03 18:17:26.259897090,5,late,1,0,1
S0330,ASG_09,Computer Vision,2025-11-28 18:17:26.259897090,2025-11-30 18:17:26.259897090,2,late,1,0,1
S0331,ASG_09,Computer Vision,2025-11-28 18:17:26.259897090,2025-11-29 18:17:26.259897090,1,late,1,0,1
S0332,ASG_09,Computer Vision,2025-11-28 18:17:26.259897090,2025-11-29 18:17:26.259897090,1,late,1,0,1
S0333,ASG_09,Computer Vision,2025-11-28 18:17:26.259897090,2025-11-30 18:17:26.259897090,2,late,1,0,1
S0334,ASG_09,Computer Vision,2025-11-28 18:17:26.259897090,2025-11-29 18:17:26.259897090,1,late,1,0,1
S0335,ASG_09,Computer Vision,2025-11-28 18:17:26.259897090,2025-11-28 18:17:26.259897090,0,on_time,0,0,1
S0336,ASG_09,Computer Vision,2025-11-28 18:17:26.259897090,2025-11-28 18:17:26.259897090,0,on_time,0,0,1
S0337,ASG_09,Computer Vision,2025-11-28 18:17:26.259897090,2025-12-02 18:17:26.259897090,4,late,1,0,1
S0338,ASG_09,Computer Vision,2025-11-28 18:17:26.259897090,2025-12-02 18:17:26.259897090,4,late,1,0,1
S0339,ASG_09,Computer Vision,2025-11-28 18:17:26.259897090,2025-11-28 18:17:26.259897090,0,on_time,0,0,1
S0340,ASG_09,Computer Vision,2025-11-28 18:17:26.259897090,,11,missed,0,1,0
S0341,ASG_09,Computer Vision,2025-11-28 18:17:26.259897090,2025-11-29 18:17:26.259897090,1,late,1,0,1
S0342,ASG_09,Computer Vision,2025-11-28 18:17:26.259897090,2025-11-28 18:17:26.259897090,0,on_time,0,0,1
S0343,ASG_09,Computer Vision,2025-11-28 18:17:26.259897090,2025-11-30 18:17:26.259897090,2,late,1,0,1
S0344,ASG_09,Computer Vision,2025-11-28 18:17:26.259897090,,14,missed,0,1,0
S0345,ASG_09,Computer Vision,2025-11-28 18:17:26.259897090,2025-11-30 18:17:26.259897090,2,late,1,0,1
S0346,ASG_09,Computer Vision,2025-11-28 18:17:26.259897090,,9,missed,0,1,0
S0347,ASG_09,Computer Vision,2025-11-28 18:17:26.259897090,2025-11-29 18:17:26.259897090,1,late,1,0,1
S0348,ASG_09,Computer Vision,2025-11-28 18:17:26.259897090,2025-11-30 18:17:26.259897090,2,late,1,0,1
S0349,ASG_09,Computer Vision,2025-11-28 18:17:26.259897090,2025-11-28 18:17:26.259897090,0,on_time,0,0,1
S0350,ASG_09,Computer Vision,2025-11-28 18:17:26.259897090,2025-11-28 18:17:26.259897090,0,on_time,0,0,1
S0351,ASG_09,Computer Vision,2025-11-28 18:17:26.259897090,2025-11-29 18:17:26.259897090,1,late,1,0,1
S0352,ASG_09,Computer Vision,2025-11-28 18:17:26.259897090,2025-11-29 18:17:26.259897090,1,late,1,0,1
S0353,ASG_09,Computer Vision,2025-11-28 18:17:26.259897090,2025-11-29 18:17:26.259897090,1,late,1,0,1
S0354,ASG_09,Computer Vision,2025-11-28 18:17:26.259897090,2025-11-30 18:17:26.259897090,2,late,1,0,1
S0355,ASG_09,Computer Vision,2025-11-28 18:17:26.259897090,,13,missed,0,1,0
S0356,ASG_09,Computer Vision,2025-11-28 18:17:26.259897090,2025-11-30 18:17:26.259897090,2,late,1,0,1
S0357,ASG_09,Computer Vision,2025-11-28 18:17:26.259897090,2025-11-30 18:17:26.259897090,2,late,1,0,1
S0358,ASG_09,Computer Vision,2025-11-28 18:17:26.259897090,2025-11-28 18:17:26.259897090,0,on_time,0,0,1
S0359,ASG_09,Computer Vision,2025-11-28 18:17:26.259897090,2025-11-29 18:17:26.259897090,1,late,1,0,1
S0360,ASG_09,Computer Vision,2025-11-28 18:17:26.259897090,2025-11-29 18:17:26.259897090,1,late,1,0,1
S0361,ASG_09,Computer Vision,2025-11-28 18:17:26.259897090,2025-12-01 18:17:26.259897090,3,late,1,0,1
S0362,ASG_09,Computer Vision,2025-11-28 18:17:26.259897090,2025-11-28 18:17:26.259897090,0,on_time,0,0,1
S0363,ASG_09,Computer Vision,2025-11-28 18:17:26.259897090,2025-12-01 18:17:26.259897090,3,late,1,0,1
S0364,ASG_09,Computer Vision,2025-11-28 18:17:26.259897090,2025-12-01 18:17:26.259897090,3,late,1,0,1
S0365,ASG_09,Computer Vision,2025-11-28 18:17:26.259897090,,15,missed,0,1,0
S0366,ASG_09,Computer Vision,2025-11-28 18:17:26.259897090,2025-12-01 18:17:26.259897090,3,late,1,0,1
S0367,ASG_09,Computer Vision,2025-11-28 18:17:26.259897090,2025-11-30 18:17:26.259897090,2,late,1,0,1
S0368,ASG_09,Computer Vision,2025-11-28 18:17:26.259897090,2025-11-29 18:17:26.259897090,1,late,1,0,1
S0369,ASG_09,Computer Vision,2025-11-28 18:17:26.259897090,2025-12-01 18:17:26.259897090,3,late,1,0,1
S0370,ASG_09,Computer Vision,2025-11-28 18:17:26.259897090,,12,missed,0,1,0
S0371,ASG_09,Computer Vision,2025-11-28 18:17:26.259897090,2025-12-01 18:17:26.259897090,3,late,1,0,1
S0372,ASG_09,Computer Vision,2025-11-28 18:17:26.259897090,2025-11-28 18:17:26.259897090,0,on_time,0,0,1
S0373,ASG_09,Computer Vision,2025-11-28 18:17:26.259897090,2025-12-02 18:17:26.259897090,4,late,1,0,1
S0374,ASG_09,Computer Vision,2025-11-28 18:17:26.259897090,2025-12-01 18:17:26.259897090,3,late,1,0,1
S0375,ASG_09,Computer Vision,2025-11-28 18:17:26.259897090,2025-12-02 18:17:26.259897090,4,late,1,0,1
S0376,ASG_09,Computer Vision,2025-11-28 18:17:26.259897090,2025-11-28 18:17:26.259897090,0,on_time,0,0,1
S0377,ASG_09,Computer Vision,2025-11-28 18:17:26.259897090,2025-12-01 18:17:26.259897090,3,late,1,0,1
S0378,ASG_09,Computer Vision,2025-11-28 18:17:26.259897090,2025-11-28 18:17:26.259897090,0,on_time,0,0,1
S0379,ASG_09,Computer Vision,2025-11-28 18:17:26.259897090,2025-11-29 18:17:26.259897090,1,late,1,0,1
S0380,ASG_09,Computer Vision,2025-11-28 18:17:26.259897090,2025-12-01 18:17:26.259897090,3,late,1,0,1
S0381,ASG_09,Computer Vision,2025-11-28 18:17:26.259897090,2025-11-28 18:17:26.259897090,0,on_time,0,0,1
S0382,ASG_09,Computer Vision,2025-11-28 18:17:26.259897090,2025-11-28 18:17:26.259897090,0,on_time,0,0,1
S0383,ASG_09,Computer Vision,2025-11-28 18:17:26.259897090,2025-11-28 18:17:26.259897090,0,on_time,0,0,1
S0384,ASG_09,Computer Vision,2025-11-28 18:17:26.259897090,2025-12-01 18:17:26.259897090,3,late,1,0,1
S0385,ASG_09,Computer Vision,2025-11-28 18:17:26.259897090,2025-11-28 18:17:26.259897090,0,on_time,0,0,1
S0386,ASG_09,Computer Vision,2025-11-28 18:17:26.259897090,2025-11-30 18:17:26.259897090,2,late,1,0,1
S0387,ASG_09,Computer Vision,2025-11-28 18:17:26.259897090,2025-12-01 18:17:26.259897090,3,late,1,0,1
S0388,ASG_09,Computer Vision,2025-11-28 18:17:26.259897090,2025-11-30 18:17:26.259897090,2,late,1,0,1
S0389,ASG_09,Computer Vision,2025-11-28 18:17:26.259897090,2025-11-30 18:17:26.259897090,2,late,1,0,1
S0390,ASG_09,Computer Vision,2025-11-28 18:17:26.259897090,2025-11-30 18:17:26.259897090,2,late,1,0,1
S0391,ASG_09,Computer Vision,2025-11-28 18:17:26.259897090,2025-11-28 18:17:26.259897090,0,on_time,0,0,1
S0392,ASG_09,Computer Vision,2025-11-28 18:17:26.259897090,2025-11-29 18:17:26.259897090,1,late,1,0,1
S0393,ASG_09,Computer Vision,2025-11-28 18:17:26.259897090,2025-11-30 18:17:26.259897090,2,late,1,0,1
S0394,ASG_09,Computer Vision,2025-11-28 18:17:26.259897090,2025-11-30 18:17:26.259897090,2,late,1,0,1
S0395,ASG_09,Computer Vision,2025-11-28 18:17:26.259897090,2025-11-29 18:17:26.259897090,1,late,1,0,1
S0396,ASG_09,Computer Vision,2025-11-28 18:17:26.259897090,,7,missed,0,1,0
S0397,ASG_09,Computer Vision,2025-11-28 18:17:26.259897090,2025-11-30 18:17:26.259897090,2,late,1,0,1
S0398,ASG_09,Computer Vision,2025-11-28 18:17:26.259897090,2025-11-30 18:17:26.259897090,2,late,1,0,1
S0399,ASG_09,Computer Vision,2025-11-28 18:17:26.259897090,2025-11-29 18:17:26.259897090,1,late,1,0,1
S0400,ASG_09,Computer Vision,2025-11-28 18:17:26.259897090,2025-12-02 18:17:26.259897090,4,late,1,0,1
S0401,ASG_09,Computer Vision,2025-11-28 18:17:26.259897090,2025-12-02 18:17:26.259897090,4,late,1,0,1
S0402,ASG_09,Computer Vision,2025-11-28 18:17:26.259897090,2025-11-30 18:17:26.259897090,2,late,1,0,1
S0403,ASG_09,Computer Vision,2025-11-28 18:17:26.259897090,,14,missed,0,1,0
S0404,ASG_09,Computer Vision,2025-11-28 18:17:26.259897090,,8,missed,0,1,0
S0405,ASG_09,Computer Vision,2025-11-28 18:17:26.259897090,2025-11-30 18:17:26.259897090,2,late,1,0,1
S0406,ASG_09,Computer Vision,2025-11-28 18:17:26.259897090,2025-11-28 18:17:26.259897090,0,on_time,0,0,1
S0407,ASG_09,Computer Vision,2025-11-28 18:17:26.259897090,,10,missed,0,1,0
S0408,ASG_09,Computer Vision,2025-11-28 18:17:26.259897090,,10,missed,0,1,0
S0409,ASG_09,Computer Vision,2025-11-28 18:17:26.259897090,,8,missed,0,1,0
S0410,ASG_09,Computer Vision,2025-11-28 18:17:26.259897090,2025-11-29 18:17:26.259897090,1,late,1,0,1
S0411,ASG_09,Computer Vision,2025-11-28 18:17:26.259897090,2025-11-28 18:17:26.259897090,0,on_time,0,0,1
S0412,ASG_09,Computer Vision,2025-11-28 18:17:26.259897090,2025-11-29 18:17:26.259897090,1,late,1,0,1
S0413,ASG_09,Computer Vision,2025-11-28 18:17:26.259897090,2025-11-30 18:17:26.259897090,2,late,1,0,1
S0414,ASG_09,Computer Vision,2025-11-28 18:17:26.259897090,2025-11-28 18:17:26.259897090,0,on_time,0,0,1
S0415,ASG_09,Computer Vision,2025-11-28 18:17:26.259897090,2025-11-29 18:17:26.259897090,1,late,1,0,1
S0416,ASG_09,Computer Vision,2025-11-28 18:17:26.259897090,2025-11-29 18:17:26.259897090,1,late,1,0,1
S0417,ASG_09,Computer Vision,2025-11-28 18:17:26.259897090,2025-12-04 18:17:26.259897090,6,late,1,0,1
S0418,ASG_09,Computer Vision,2025-11-28 18:17:26.259897090,2025-11-30 18:17:26.259897090,2,late,1,0,1
S0419,ASG_09,Computer Vision,2025-11-28 18:17:26.259897090,2025-11-30 18:17:26.259897090,2,late,1,0,1
S0420,ASG_09,Computer Vision,2025-11-28 18:17:26.259897090,2025-11-30 18:17:26.259897090,2,late,1,0,1
S0421,ASG_09,Computer Vision,2025-11-28 18:17:26.259897090,,13,missed,0,1,0
S0422,ASG_09,Computer Vision,2025-11-28 18:17:26.259897090,2025-12-03 18:17:26.259897090,5,late,1,0,1
S0423,ASG_09,Computer Vision,2025-11-28 18:17:26.259897090,2025-11-30 18:17:26.259897090,2,late,1,0,1
S0424,ASG_09,Computer Vision,2025-11-28 18:17:26.259897090,2025-11-28 18:17:26.259897090,0,on_time,0,0,1
S0425,ASG_09,Computer Vision,2025-11-28 18:17:26.259897090,2025-12-02 18:17:26.259897090,4,late,1,0,1
S0426,ASG_09,Computer Vision,2025-11-28 18:17:26.259897090,2025-11-28 18:17:26.259897090,0,on_time,0,0,1
S0427,ASG_09,Computer Vision,2025-11-28 18:17:26.259897090,2025-12-03 18:17:26.259897090,5,late,1,0,1
S0428,ASG_09,Computer Vision,2025-11-28 18:17:26.259897090,2025-12-02 18:17:26.259897090,4,late,1,0,1
S0429,ASG_09,Computer Vision,2025-11-28 18:17:26.259897090,2025-11-30 18:17:26.259897090,2,late,1,0,1
S0430,ASG_09,Computer Vision,2025-11-28 18:17:26.259897090,2025-12-02 18:17:26.259897090,4,late,1,0,1
S0431,ASG_09,Computer Vision,2025-11-28 18:17:26.259897090,2025-11-28 18:17:26.259897090,0,on_time,0,0,1
S0432,ASG_09,Computer Vision,2025-11-28 18:17:26.259897090,2025-12-01 18:17:26.259897090,3,late,1,0,1
S0433,ASG_09,Computer Vision,2025-11-28 18:17:26.259897090,2025-11-29 18:17:26.259897090,1,late,1,0,1
S0434,ASG_09,Computer Vision,2025-11-28 18:17:26.259897090,2025-12-02 18:17:26.259897090,4,late,1,0,1
S0435,ASG_09,Computer Vision,2025-11-28 18:17:26.259897090,2025-11-30 18:17:26.259897090,2,late,1,0,1
S0436,ASG_09,Computer Vision,2025-11-28 18:17:26.259897090,2025-11-28 18:17:26.259897090,0,on_time,0,0,1
S0437,ASG_09,Computer Vision,2025-11-28 18:17:26.259897090,2025-11-29 18:17:26.259897090,1,late,1,0,1
S0438,ASG_09,Computer Vision,2025-11-28 18:17:26.259897090,2025-11-28 18:17:26.259897090,0,on_time,0,0,1
S0439,ASG_09,Computer Vision,2025-11-28 18:17:26.259897090,2025-12-01 18:17:26.259897090,3,late,1,0,1
S0440,ASG_09,Computer Vision,2025-11-28 18:17:26.259897090,2025-11-28 18:17:26.259897090,0,on_time,0,0,1
S0441,ASG_09,Computer Vision,2025-11-28 18:17:26.259897090,2025-11-30 18:17:26.259897090,2,late,1,0,1
S0442,ASG_09,Computer Vision,2025-11-28 18:17:26.259897090,2025-11-30 18:17:26.259897090,2,late,1,0,1
S0443,ASG_09,Computer Vision,2025-11-28 18:17:26.259897090,2025-12-02 18:17:26.259897090,4,late,1,0,1
S0444,ASG_09,Computer Vision,2025-11-28 18:17:26.259897090,2025-11-30 18:17:26.259897090,2,late,1,0,1
S0445,ASG_09,Computer Vision,2025-11-28 18:17:26.259897090,2025-11-28 18:17:26.259897090,0,on_time,0,0,1
S0446,ASG_09,Computer Vision,2025-11-28 18:17:26.259897090,2025-12-01 18:17:26.259897090,3,late,1,0,1
S0447,ASG_09,Computer Vision,2025-11-28 18:17:26.259897090,2025-11-28 18:17:26.259897090,0,on_time,0,0,1
S0448,ASG_09,Computer Vision,2025-11-28 18:17:26.259897090,2025-11-28 18:17:26.259897090,0,on_time,0,0,1
S0449,ASG_09,Computer Vision,2025-11-28 18:17:26.259897090,2025-11-28 18:17:26.259897090,0,on_time,0,0,1
S0450,ASG_09,Computer Vision,2025-11-28 18:17:26.259897090,2025-11-29 18:17:26.259897090,1,late,1,0,1
S0451,ASG_09,Computer Vision,2025-11-28 18:17:26.259897090,2025-11-29 18:17:26.259897090,1,late,1,0,1
S0452,ASG_09,Computer Vision,2025-11-28 18:17:26.259897090,2025-11-30 18:17:26.259897090,2,late,1,0,1
S0453,ASG_09,Computer Vision,2025-11-28 18:17:26.259897090,2025-11-29 18:17:26.259897090,1,late,1,0,1
S0454,ASG_09,Computer Vision,2025-11-28 18:17:26.259897090,,12,missed,0,1,0
S0455,ASG_09,Computer Vision,2025-11-28 18:17:26.259897090,2025-11-29 18:17:26.259897090,1,late,1,0,1
S0456,ASG_09,Computer Vision,2025-11-28 18:17:26.259897090,2025-12-02 18:17:26.259897090,4,late,1,0,1
S0457,ASG_09,Computer Vision,2025-11-28 18:17:26.259897090,2025-12-03 18:17:26.259897090,5,late,1,0,1
S0458,ASG_09,Computer Vision,2025-11-28 18:17:26.259897090,2025-11-29 18:17:26.259897090,1,late,1,0,1
S0459,ASG_09,Computer Vision,2025-11-28 18:17:26.259897090,2025-12-04 18:17:26.259897090,6,late,1,0,1
S0460,ASG_09,Computer Vision,2025-11-28 18:17:26.259897090,2025-11-28 18:17:26.259897090,0,on_time,0,0,1
S0461,ASG_09,Computer Vision,2025-11-28 18:17:26.259897090,2025-11-30 18:17:26.259897090,2,late,1,0,1
S0462,ASG_09,Computer Vision,2025-11-28 18:17:26.259897090,2025-11-29 18:17:26.259897090,1,late,1,0,1
S0463,ASG_09,Computer Vision,2025-11-28 18:17:26.259897090,2025-11-29 18:17:26.259897090,1,late,1,0,1
S0464,ASG_09,Computer Vision,2025-11-28 18:17:26.259897090,2025-12-02 18:17:26.259897090,4,late,1,0,1
S0465,ASG_09,Computer Vision,2025-11-28 18:17:26.259897090,2025-11-29 18:17:26.259897090,1,late,1,0,1
S0466,ASG_09,Computer Vision,2025-11-28 18:17:26.259897090,2025-11-28 18:17:26.259897090,0,on_time,0,0,1
S0467,ASG_09,Computer Vision,2025-11-28 18:17:26.259897090,2025-11-28 18:17:26.259897090,0,on_time,0,0,1
S0468,ASG_09,Computer Vision,2025-11-28 18:17:26.259897090,2025-11-29 18:17:26.259897090,1,late,1,0,1
S0469,ASG_09,Computer Vision,2025-11-28 18:17:26.259897090,,12,missed,0,1,0
S0470,ASG_09,Computer Vision,2025-11-28 18:17:26.259897090,2025-11-28 18:17:26.259897090,0,on_time,0,0,1
S0471,ASG_09,Computer Vision,2025-11-28 18:17:26.259897090,2025-11-28 18:17:26.259897090,0,on_time,0,0,1
S0472,ASG_09,Computer Vision,2025-11-28 18:17:26.259897090,2025-11-30 18:17:26.259897090,2,late,1,0,1
S0473,ASG_09,Computer Vision,2025-11-28 18:17:26.259897090,2025-11-30 18:17:26.259897090,2,late,1,0,1
S0474,ASG_09,Computer Vision,2025-11-28 18:17:26.259897090,2025-12-01 18:17:26.259897090,3,late,1,0,1
S0475,ASG_09,Computer Vision,2025-11-28 18:17:26.259897090,2025-11-28 18:17:26.259897090,0,on_time,0,0,1
S0476,ASG_09,Computer Vision,2025-11-28 18:17:26.259897090,2025-11-30 18:17:26.259897090,2,late,1,0,1
S0477,ASG_09,Computer Vision,2025-11-28 18:17:26.259897090,2025-11-29 18:17:26.259897090,1,late,1,0,1
S0478,ASG_09,Computer Vision,2025-11-28 18:17:26.259897090,2025-11-29 18:17:26.259897090,1,late,1,0,1
S0479,ASG_09,Computer Vision,2025-11-28 18:17:26.259897090,2025-11-29 18:17:26.259897090,1,late,1,0,1
S0480,ASG_09,Computer Vision,2025-11-28 18:17:26.259897090,2025-11-29 18:17:26.259897090,1,late,1,0,1
S0481,ASG_09,Computer Vision,2025-11-28 18:17:26.259897090,2025-11-28 18:17:26.259897090,0,on_time,0,0,1
S0482,ASG_09,Computer Vision,2025-11-28 18:17:26.259897090,2025-11-28 18:17:26.259897090,0,on_time,0,0,1
S0483,ASG_09,Computer Vision,2025-11-28 18:17:26.259897090,2025-12-01 18:17:26.259897090,3,late,1,0,1
S0484,ASG_09,Computer Vision,2025-11-28 18:17:26.259897090,2025-11-29 18:17:26.259897090,1,late,1,0,1
S0485,ASG_09,Computer Vision,2025-11-28 18:17:26.259897090,2025-11-30 18:17:26.259897090,2,late,1,0,1
S0486,ASG_09,Computer Vision,2025-11-28 18:17:26.259897090,2025-11-30 18:17:26.259897090,2,late,1,0,1
S0487,ASG_09,Computer Vision,2025-11-28 18:17:26.259897090,2025-11-29 18:17:26.259897090,1,late,1,0,1
S0488,ASG_09,Computer Vision,2025-11-28 18:17:26.259897090,2025-11-30 18:17:26.259897090,2,late,1,0,1
S0489,ASG_09,Computer Vision,2025-11-28 18:17:26.259897090,2025-11-30 18:17:26.259897090,2,late,1,0,1
S0490,ASG_09,Computer Vision,2025-11-28 18:17:26.259897090,2025-11-29 18:17:26.259897090,1,late,1,0,1
S0491,ASG_09,Computer Vision,2025-11-28 18:17:26.259897090,2025-12-01 18:17:26.259897090,3,late,1,0,1
S0492,ASG_09,Computer Vision,2025-11-28 18:17:26.259897090,2025-11-29 18:17:26.259897090,1,late,1,0,1
S0493,ASG_09,Computer Vision,2025-11-28 18:17:26.259897090,2025-11-30 18:17:26.259897090,2,late,1,0,1
S0494,ASG_09,Computer Vision,2025-11-28 18:17:26.259897090,,12,missed,0,1,0
S0495,ASG_09,Computer Vision,2025-11-28 18:17:26.259897090,2025-11-30 18:17:26.259897090,2,late,1,0,1
S0496,ASG_09,Computer Vision,2025-11-28 18:17:26.259897090,,9,missed,0,1,0
S0497,ASG_09,Computer Vision,2025-11-28 18:17:26.259897090,2025-11-30 18:17:26.259897090,2,late,1,0,1
S0498,ASG_09,Computer Vision,2025-11-28 18:17:26.259897090,2025-11-29 18:17:26.259897090,1,late,1,0,1
S0499,ASG_09,Computer Vision,2025-11-28 18:17:26.259897090,2025-11-28 18:17:26.259897090,0,on_time,0,0,1
S0500,ASG_09,Computer Vision,2025-11-28 18:17:26.259897090,2025-12-01 18:17:26.259897090,3,late,1,0,1
S0001,ASG_10,Deep Learning,2025-12-15 00:50:09.896260726,2025-12-16 00:50:09.896260726,1,late,1,0,1
S0002,ASG_10,Deep Learning,2025-12-15 00:50:09.896260726,2025-12-16 00:50:09.896260726,1,late,1,0,1
S0003,ASG_10,Deep Learning,2025-12-15 00:50:09.896260726,2025-12-18 00:50:09.896260726,3,late,1,0,1
S0004,ASG_10,Deep Learning,2025-12-15 00:50:09.896260726,2025-12-16 00:50:09.896260726,1,late,1,0,1
S0005,ASG_10,Deep Learning,2025-12-15 00:50:09.896260726,2025-12-15 00:50:09.896260726,0,on_time,0,0,1
S0006,ASG_10,Deep Learning,2025-12-15 00:50:09.896260726,2025-12-15 00:50:09.896260726,0,on_time,0,0,1
S0007,ASG_10,Deep Learning,2025-12-15 00:50:09.896260726,2025-12-18 00:50:09.896260726,3,late,1,0,1
S0008,ASG_10,Deep Learning,2025-12-15 00:50:09.896260726,2025-12-16 00:50:09.896260726,1,late,1,0,1
S0009,ASG_10,Deep Learning,2025-12-15 00:50:09.896260726,2025-12-17 00:50:09.896260726,2,late,1,0,1
S0010,ASG_10,Deep Learning,2025-12-15 00:50:09.896260726,2025-12-16 00:50:09.896260726,1,late,1,0,1
S0011,ASG_10,Deep Learning,2025-12-15 00:50:09.896260726,2025-12-15 00:50:09.896260726,0,on_time,0,0,1
S0012,ASG_10,Deep Learning,2025-12-15 00:50:09.896260726,2025-12-17 00:50:09.896260726,2,late,1,0,1
S0013,ASG_10,Deep Learning,2025-12-15 00:50:09.896260726,2025-12-19 00:50:09.896260726,4,late,1,0,1
S0014,ASG_10,Deep Learning,2025-12-15 00:50:09.896260726,2025-12-19 00:50:09.896260726,4,late,1,0,1
S0015,ASG_10,Deep Learning,2025-12-15 00:50:09.896260726,2025-12-16 00:50:09.896260726,1,late,1,0,1
S0016,ASG_10,Deep Learning,2025-12-15 00:50:09.896260726,2025-12-21 00:50:09.896260726,6,late,1,0,1
S0017,ASG_10,Deep Learning,2025-12-15 00:50:09.896260726,2025-12-16 00:50:09.896260726,1,late,1,0,1
S0018,ASG_10,Deep Learning,2025-12-15 00:50:09.896260726,2025-12-18 00:50:09.896260726,3,late,1,0,1
S0019,ASG_10,Deep Learning,2025-12-15 00:50:09.896260726,2025-12-15 00:50:09.896260726,0,on_time,0,0,1
S0020,ASG_10,Deep Learning,2025-12-15 00:50:09.896260726,,14,missed,0,1,0
S0021,ASG_10,Deep Learning,2025-12-15 00:50:09.896260726,2025-12-17 00:50:09.896260726,2,late,1,0,1
S0022,ASG_10,Deep Learning,2025-12-15 00:50:09.896260726,2025-12-18 00:50:09.896260726,3,late,1,0,1
S0023,ASG_10,Deep Learning,2025-12-15 00:50:09.896260726,,9,missed,0,1,0
S0024,ASG_10,Deep Learning,2025-12-15 00:50:09.896260726,2025-12-15 00:50:09.896260726,0,on_time,0,0,1
S0025,ASG_10,Deep Learning,2025-12-15 00:50:09.896260726,,13,missed,0,1,0
S0026,ASG_10,Deep Learning,2025-12-15 00:50:09.896260726,2025-12-16 00:50:09.896260726,1,late,1,0,1
S0027,ASG_10,Deep Learning,2025-12-15 00:50:09.896260726,2025-12-17 00:50:09.896260726,2,late,1,0,1
S0028,ASG_10,Deep Learning,2025-12-15 00:50:09.896260726,2025-12-15 00:50:09.896260726,0,on_time,0,0,1
S0029,ASG_10,Deep Learning,2025-12-15 00:50:09.896260726,2025-12-15 00:50:09.896260726,0,on_time,0,0,1
S0030,ASG_10,Deep Learning,2025-12-15 00:50:09.896260726,2025-12-19 00:50:09.896260726,4,late,1,0,1
S0031,ASG_10,Deep Learning,2025-12-15 00:50:09.896260726,2025-12-16 00:50:09.896260726,1,late,1,0,1
S0032,ASG_10,Deep Learning,2025-12-15 00:50:09.896260726,2025-12-15 00:50:09.896260726,0,on_time,0,0,1
S0033,ASG_10,Deep Learning,2025-12-15 00:50:09.896260726,2025-12-20 00:50:09.896260726,5,late,1,0,1
S0034,ASG_10,Deep Learning,2025-12-15 00:50:09.896260726,2025-12-19 00:50:09.896260726,4,late,1,0,1
S0035,ASG_10,Deep Learning,2025-12-15 00:50:09.896260726,2025-12-16 00:50:09.896260726,1,late,1,0,1
S0036,ASG_10,Deep Learning,2025-12-15 00:50:09.896260726,2025-12-16 00:50:09.896260726,1,late,1,0,1
S0037,ASG_10,Deep Learning,2025-12-15 00:50:09.896260726,2025-12-19 00:50:09.896260726,4,late,1,0,1
S0038,ASG_10,Deep Learning,2025-12-15 00:50:09.896260726,2025-12-18 00:50:09.896260726,3,late,1,0,1
S0039,ASG_10,Deep Learning,2025-12-15 00:50:09.896260726,,8,missed,0,1,0
S0040,ASG_10,Deep Learning,2025-12-15 00:50:09.896260726,,9,missed,0,1,0
S0041,ASG_10,Deep Learning,2025-12-15 00:50:09.896260726,,8,missed,0,1,0
S0042,ASG_10,Deep Learning,2025-12-15 00:50:09.896260726,2025-12-16 00:50:09.896260726,1,late,1,0,1
S0043,ASG_10,Deep Learning,2025-12-15 00:50:09.896260726,2025-12-18 00:50:09.896260726,3,late,1,0,1
S0044,ASG_10,Deep Learning,2025-12-15 00:50:09.896260726,2025-12-15 00:50:09.896260726,0,on_time,0,0,1
S0045,ASG_10,Deep Learning,2025-12-15 00:50:09.896260726,2025-12-15 00:50:09.896260726,0,on_time,0,0,1
S0046,ASG_10,Deep Learning,2025-12-15 00:50:09.896260726,2025-12-15 00:50:09.896260726,0,on_time,0,0,1
S0047,ASG_10,Deep Learning,2025-12-15 00:50:09.896260726,,15,missed,0,1,0
S0048,ASG_10,Deep Learning,2025-12-15 00:50:09.896260726,2025-12-16 00:50:09.896260726,1,late,1,0,1
S0049,ASG_10,Deep Learning,2025-12-15 00:50:09.896260726,2025-12-17 00:50:09.896260726,2,late,1,0,1
S0050,ASG_10,Deep Learning,2025-12-15 00:50:09.896260726,2025-12-16 00:50:09.896260726,1,late,1,0,1
S0051,ASG_10,Deep Learning,2025-12-15 00:50:09.896260726,2025-12-19 00:50:09.896260726,4,late,1,0,1
S0052,ASG_10,Deep Learning,2025-12-15 00:50:09.896260726,2025-12-15 00:50:09.896260726,0,on_time,0,0,1
S0053,ASG_10,Deep Learning,2025-12-15 00:50:09.896260726,2025-12-15 00:50:09.896260726,0,on_time,0,0,1
S0054,ASG_10,Deep Learning,2025-12-15 00:50:09.896260726,2025-12-18 00:50:09.896260726,3,late,1,0,1
S0055,ASG_10,Deep Learning,2025-12-15 00:50:09.896260726,,12,missed,0,1,0
S0056,ASG_10,Deep Learning,2025-12-15 00:50:09.896260726,2025-12-19 00:50:09.896260726,4,late,1,0,1
S0057,ASG_10,Deep Learning,2025-12-15 00:50:09.896260726,2025-12-18 00:50:09.896260726,3,late,1,0,1
S0058,ASG_10,Deep Learning,2025-12-15 00:50:09.896260726,,7,missed,0,1,0
S0059,ASG_10,Deep Learning,2025-12-15 00:50:09.896260726,2025-12-18 00:50:09.896260726,3,late,1,0,1
S0060,ASG_10,Deep Learning,2025-12-15 00:50:09.896260726,2025-12-16 00:50:09.896260726,1,late,1,0,1
S0061,ASG_10,Deep Learning,2025-12-15 00:50:09.896260726,2025-12-19 00:50:09.896260726,4,late,1,0,1
S0062,ASG_10,Deep Learning,2025-12-15 00:50:09.896260726,2025-12-16 00:50:09.896260726,1,late,1,0,1
S0063,ASG_10,Deep Learning,2025-12-15 00:50:09.896260726,2025-12-18 00:50:09.896260726,3,late,1,0,1
S0064,ASG_10,Deep Learning,2025-12-15 00:50:09.896260726,2025-12-20 00:50:09.896260726,5,late,1,0,1
S0065,ASG_10,Deep Learning,2025-12-15 00:50:09.896260726,2025-12-18 00:50:09.896260726,3,late,1,0,1
S0066,ASG_10,Deep Learning,2025-12-15 00:50:09.896260726,2025-12-15 00:50:09.896260726,0,on_time,0,0,1
S0067,ASG_10,Deep Learning,2025-12-15 00:50:09.896260726,2025-12-15 00:50:09.896260726,0,on_time,0,0,1
S0068,ASG_10,Deep Learning,2025-12-15 00:50:09.896260726,,12,missed,0,1,0
S0069,ASG_10,Deep Learning,2025-12-15 00:50:09.896260726,2025-12-18 00:50:09.896260726,3,late,1,0,1
S0070,ASG_10,Deep Learning,2025-12-15 00:50:09.896260726,2025-12-16 00:50:09.896260726,1,late,1,0,1
S0071,ASG_10,Deep Learning,2025-12-15 00:50:09.896260726,2025-12-15 00:50:09.896260726,0,on_time,0,0,1
S0072,ASG_10,Deep Learning,2025-12-15 00:50:09.896260726,2025-12-18 00:50:09.896260726,3,late,1,0,1
S0073,ASG_10,Deep Learning,2025-12-15 00:50:09.896260726,2025-12-18 00:50:09.896260726,3,late,1,0,1
S0074,ASG_10,Deep Learning,2025-12-15 00:50:09.896260726,2025-12-17 00:50:09.896260726,2,late,1,0,1
S0075,ASG_10,Deep Learning,2025-12-15 00:50:09.896260726,2025-12-19 00:50:09.896260726,4,late,1,0,1
S0076,ASG_10,Deep Learning,2025-12-15 00:50:09.896260726,2025-12-15 00:50:09.896260726,0,on_time,0,0,1
S0077,ASG_10,Deep Learning,2025-12-15 00:50:09.896260726,2025-12-16 00:50:09.896260726,1,late,1,0,1
S0078,ASG_10,Deep Learning,2025-12-15 00:50:09.896260726,2025-12-18 00:50:09.896260726,3,late,1,0,1
S0079,ASG_10,Deep Learning,2025-12-15 00:50:09.896260726,2025-12-15 00:50:09.896260726,0,on_time,0,0,1
S0080,ASG_10,Deep Learning,2025-12-15 00:50:09.896260726,2025-12-18 00:50:09.896260726,3,late,1,0,1
S0081,ASG_10,Deep Learning,2025-12-15 00:50:09.896260726,2025-12-19 00:50:09.896260726,4,late,1,0,1
S0082,ASG_10,Deep Learning,2025-12-15 00:50:09.896260726,2025-12-15 00:50:09.896260726,0,on_time,0,0,1
S0083,ASG_10,Deep Learning,2025-12-15 00:50:09.896260726,,7,missed,0,1,0
S0084,ASG_10,Deep Learning,2025-12-15 00:50:09.896260726,2025-12-18 00:50:09.896260726,3,late,1,0,1
S0085,ASG_10,Deep Learning,2025-12-15 00:50:09.896260726,2025-12-15 00:50:09.896260726,0,on_time,0,0,1
S0086,ASG_10,Deep Learning,2025-12-15 00:50:09.896260726,2025-12-20 00:50:09.896260726,5,late,1,0,1
S0087,ASG_10,Deep Learning,2025-12-15 00:50:09.896260726,2025-12-15 00:50:09.896260726,0,on_time,0,0,1
S0088,ASG_10,Deep Learning,2025-12-15 00:50:09.896260726,2025-12-15 00:50:09.896260726,0,on_time,0,0,1
S0089,ASG_10,Deep Learning,2025-12-15 00:50:09.896260726,2025-12-19 00:50:09.896260726,4,late,1,0,1
S0090,ASG_10,Deep Learning,2025-12-15 00:50:09.896260726,2025-12-16 00:50:09.896260726,1,late,1,0,1
S0091,ASG_10,Deep Learning,2025-12-15 00:50:09.896260726,2025-12-21 00:50:09.896260726,6,late,1,0,1
S0092,ASG_10,Deep Learning,2025-12-15 00:50:09.896260726,2025-12-19 00:50:09.896260726,4,late,1,0,1
S0093,ASG_10,Deep Learning,2025-12-15 00:50:09.896260726,2025-12-16 00:50:09.896260726,1,late,1,0,1
S0094,ASG_10,Deep Learning,2025-12-15 00:50:09.896260726,2025-12-19 00:50:09.896260726,4,late,1,0,1
S0095,ASG_10,Deep Learning,2025-12-15 00:50:09.896260726,2025-12-15 00:50:09.896260726,0,on_time,0,0,1
S0096,ASG_10,Deep Learning,2025-12-15 00:50:09.896260726,2025-12-16 00:50:09.896260726,1,late,1,0,1
S0097,ASG_10,Deep Learning,2025-12-15 00:50:09.896260726,,11,missed,0,1,0
S0098,ASG_10,Deep Learning,2025-12-15 00:50:09.896260726,2025-12-15 00:50:09.896260726,0,on_time,0,0,1
S0099,ASG_10,Deep Learning,2025-12-15 00:50:09.896260726,2025-12-15 00:50:09.896260726,0,on_time,0,0,1
S0100,ASG_10,Deep Learning,2025-12-15 00:50:09.896260726,2025-12-17 00:50:09.896260726,2,late,1,0,1
S0101,ASG_10,Deep Learning,2025-12-15 00:50:09.896260726,2025-12-19 00:50:09.896260726,4,late,1,0,1
S0102,ASG_10,Deep Learning,2025-12-15 00:50:09.896260726,2025-12-20 00:50:09.896260726,5,late,1,0,1
S0103,ASG_10,Deep Learning,2025-12-15 00:50:09.896260726,2025-12-16 00:50:09.896260726,1,late,1,0,1
S0104,ASG_10,Deep Learning,2025-12-15 00:50:09.896260726,2025-12-15 00:50:09.896260726,0,on_time,0,0,1
S0105,ASG_10,Deep Learning,2025-12-15 00:50:09.896260726,2025-12-18 00:50:09.896260726,3,late,1,0,1
S0106,ASG_10,Deep Learning,2025-12-15 00:50:09.896260726,2025-12-18 00:50:09.896260726,3,late,1,0,1
S0107,ASG_10,Deep Learning,2025-12-15 00:50:09.896260726,2025-12-19 00:50:09.896260726,4,late,1,0,1
S0108,ASG_10,Deep Learning,2025-12-15 00:50:09.896260726,2025-12-19 00:50:09.896260726,4,late,1,0,1
S0109,ASG_10,Deep Learning,2025-12-15 00:50:09.896260726,2025-12-15 00:50:09.896260726,0,on_time,0,0,1
S0110,ASG_10,Deep Learning,2025-12-15 00:50:09.896260726,2025-12-15 00:50:09.896260726,0,on_time,0,0,1
S0111,ASG_10,Deep Learning,2025-12-15 00:50:09.896260726,2025-12-17 00:50:09.896260726,2,late,1,0,1
S0112,ASG_10,Deep Learning,2025-12-15 00:50:09.896260726,2025-12-17 00:50:09.896260726,2,late,1,0,1
S0113,ASG_10,Deep Learning,2025-12-15 00:50:09.896260726,2025-12-15 00:50:09.896260726,0,on_time,0,0,1
S0114,ASG_10,Deep Learning,2025-12-15 00:50:09.896260726,2025-12-15 00:50:09.896260726,0,on_time,0,0,1
S0115,ASG_10,Deep Learning,2025-12-15 00:50:09.896260726,2025-12-15 00:50:09.896260726,0,on_time,0,0,1
S0116,ASG_10,Deep Learning,2025-12-15 00:50:09.896260726,2025-12-17 00:50:09.896260726,2,late,1,0,1
S0117,ASG_10,Deep Learning,2025-12-15 00:50:09.896260726,2025-12-16 00:50:09.896260726,1,late,1,0,1
S0118,ASG_10,Deep Learning,2025-12-15 00:50:09.896260726,2025-12-17 00:50:09.896260726,2,late,1,0,1
S0119,ASG_10,Deep Learning,2025-12-15 00:50:09.896260726,2025-12-15 00:50:09.896260726,0,on_time,0,0,1
S0120,ASG_10,Deep Learning,2025-12-15 00:50:09.896260726,2025-12-17 00:50:09.896260726,2,late,1,0,1
S0121,ASG_10,Deep Learning,2025-12-15 00:50:09.896260726,2025-12-17 00:50:09.896260726,2,late,1,0,1
S0122,ASG_10,Deep Learning,2025-12-15 00:50:09.896260726,2025-12-18 00:50:09.896260726,3,late,1,0,1
S0123,ASG_10,Deep Learning,2025-12-15 00:50:09.896260726,2025-12-15 00:50:09.896260726,0,on_time,0,0,1
S0124,ASG_10,Deep Learning,2025-12-15 00:50:09.896260726,2025-12-15 00:50:09.896260726,0,on_time,0,0,1
S0125,ASG_10,Deep Learning,2025-12-15 00:50:09.896260726,2025-12-15 00:50:09.896260726,0,on_time,0,0,1
S0126,ASG_10,Deep Learning,2025-12-15 00:50:09.896260726,2025-12-16 00:50:09.896260726,1,late,1,0,1
S0127,ASG_10,Deep Learning,2025-12-15 00:50:09.896260726,2025-12-18 00:50:09.896260726,3,late,1,0,1
S0128,ASG_10,Deep Learning,2025-12-15 00:50:09.896260726,2025-12-19 00:50:09.896260726,4,late,1,0,1
S0129,ASG_10,Deep Learning,2025-12-15 00:50:09.896260726,2025-12-15 00:50:09.896260726,0,on_time,0,0,1
S0130,ASG_10,Deep Learning,2025-12-15 00:50:09.896260726,2025-12-16 00:50:09.896260726,1,late,1,0,1
S0131,ASG_10,Deep Learning,2025-12-15 00:50:09.896260726,2025-12-20 00:50:09.896260726,5,late,1,0,1
S0132,ASG_10,Deep Learning,2025-12-15 00:50:09.896260726,2025-12-19 00:50:09.896260726,4,late,1,0,1
S0133,ASG_10,Deep Learning,2025-12-15 00:50:09.896260726,2025-12-16 00:50:09.896260726,1,late,1,0,1
S0134,ASG_10,Deep Learning,2025-12-15 00:50:09.896260726,2025-12-19 00:50:09.896260726,4,late,1,0,1
S0135,ASG_10,Deep Learning,2025-12-15 00:50:09.896260726,2025-12-19 00:50:09.896260726,4,late,1,0,1
S0136,ASG_10,Deep Learning,2025-12-15 00:50:09.896260726,2025-12-18 00:50:09.896260726,3,late,1,0,1
S0137,ASG_10,Deep Learning,2025-12-15 00:50:09.896260726,2025-12-15 00:50:09.896260726,0,on_time,0,0,1
S0138,ASG_10,Deep Learning,2025-12-15 00:50:09.896260726,2025-12-15 00:50:09.896260726,0,on_time,0,0,1
S0139,ASG_10,Deep Learning,2025-12-15 00:50:09.896260726,2025-12-16 00:50:09.896260726,1,late,1,0,1
S0140,ASG_10,Deep Learning,2025-12-15 00:50:09.896260726,2025-12-16 00:50:09.896260726,1,late,1,0,1
S0141,ASG_10,Deep Learning,2025-12-15 00:50:09.896260726,2025-12-16 00:50:09.896260726,1,late,1,0,1
S0142,ASG_10,Deep Learning,2025-12-15 00:50:09.896260726,2025-12-20 00:50:09.896260726,5,late,1,0,1
S0143,ASG_10,Deep Learning,2025-12-15 00:50:09.896260726,2025-12-16 00:50:09.896260726,1,late,1,0,1
S0144,ASG_10,Deep Learning,2025-12-15 00:50:09.896260726,,9,missed,0,1,0
S0145,ASG_10,Deep Learning,2025-12-15 00:50:09.896260726,2025-12-15 00:50:09.896260726,0,on_time,0,0,1
S0146,ASG_10,Deep Learning,2025-12-15 00:50:09.896260726,2025-12-15 00:50:09.896260726,0,on_time,0,0,1
S0147,ASG_10,Deep Learning,2025-12-15 00:50:09.896260726,2025-12-15 00:50:09.896260726,0,on_time,0,0,1
S0148,ASG_10,Deep Learning,2025-12-15 00:50:09.896260726,2025-12-19 00:50:09.896260726,4,late,1,0,1
S0149,ASG_10,Deep Learning,2025-12-15 00:50:09.896260726,2025-12-17 00:50:09.896260726,2,late,1,0,1
S0150,ASG_10,Deep Learning,2025-12-15 00:50:09.896260726,2025-12-15 00:50:09.896260726,0,on_time,0,0,1
S0151,ASG_10,Deep Learning,2025-12-15 00:50:09.896260726,2025-12-17 00:50:09.896260726,2,late,1,0,1
S0152,ASG_10,Deep Learning,2025-12-15 00:50:09.896260726,2025-12-17 00:50:09.896260726,2,late,1,0,1
S0153,ASG_10,Deep Learning,2025-12-15 00:50:09.896260726,2025-12-18 00:50:09.896260726,3,late,1,0,1
S0154,ASG_10,Deep Learning,2025-12-15 00:50:09.896260726,2025-12-15 00:50:09.896260726,0,on_time,0,0,1
S0155,ASG_10,Deep Learning,2025-12-15 00:50:09.896260726,2025-12-15 00:50:09.896260726,0,on_time,0,0,1
S0156,ASG_10,Deep Learning,2025-12-15 00:50:09.896260726,2025-12-15 00:50:09.896260726,0,on_time,0,0,1
S0157,ASG_10,Deep Learning,2025-12-15 00:50:09.896260726,,13,missed,0,1,0
S0158,ASG_10,Deep Learning,2025-12-15 00:50:09.896260726,2025-12-18 00:50:09.896260726,3,late,1,0,1
S0159,ASG_10,Deep Learning,2025-12-15 00:50:09.896260726,2025-12-15 00:50:09.896260726,0,on_time,0,0,1
S0160,ASG_10,Deep Learning,2025-12-15 00:50:09.896260726,2025-12-17 00:50:09.896260726,2,late,1,0,1
S0161,ASG_10,Deep Learning,2025-12-15 00:50:09.896260726,2025-12-15 00:50:09.896260726,0,on_time,0,0,1
S0162,ASG_10,Deep Learning,2025-12-15 00:50:09.896260726,,14,missed,0,1,0
S0163,ASG_10,Deep Learning,2025-12-15 00:50:09.896260726,2025-12-18 00:50:09.896260726,3,late,1,0,1
S0164,ASG_10,Deep Learning,2025-12-15 00:50:09.896260726,2025-12-18 00:50:09.896260726,3,late,1,0,1
S0165,ASG_10,Deep Learning,2025-12-15 00:50:09.896260726,2025-12-15 00:50:09.896260726,0,on_time,0,0,1
S0166,ASG_10,Deep Learning,2025-12-15 00:50:09.896260726,2025-12-19 00:50:09.896260726,4,late,1,0,1
S0167,ASG_10,Deep Learning,2025-12-15 00:50:09.896260726,2025-12-16 00:50:09.896260726,1,late,1,0,1
S0168,ASG_10,Deep Learning,2025-12-15 00:50:09.896260726,2025-12-19 00:50:09.896260726,4,late,1,0,1
S0169,ASG_10,Deep Learning,2025-12-15 00:50:09.896260726,2025-12-15 00:50:09.896260726,0,on_time,0,0,1
S0170,ASG_10,Deep Learning,2025-12-15 00:50:09.896260726,2025-12-16 00:50:09.896260726,1,late,1,0,1
S0171,ASG_10,Deep Learning,2025-12-15 00:50:09.896260726,2025-12-17 00:50:09.896260726,2,late,1,0,1
S0172,ASG_10,Deep Learning,2025-12-15 00:50:09.896260726,2025-12-20 00:50:09.896260726,5,late,1,0,1
S0173,ASG_10,Deep Learning,2025-12-15 00:50:09.896260726,2025-12-19 00:50:09.896260726,4,late,1,0,1
S0174,ASG_10,Deep Learning,2025-12-15 00:50:09.896260726,2025-12-18 00:50:09.896260726,3,late,1,0,1
S0175,ASG_10,Deep Learning,2025-12-15 00:50:09.896260726,2025-12-17 00:50:09.896260726,2,late,1,0,1
S0176,ASG_10,Deep Learning,2025-12-15 00:50:09.896260726,2025-12-17 00:50:09.896260726,2,late,1,0,1
S0177,ASG_10,Deep Learning,2025-12-15 00:50:09.896260726,2025-12-19 00:50:09.896260726,4,late,1,0,1
S0178,ASG_10,Deep Learning,2025-12-15 00:50:09.896260726,2025-12-18 00:50:09.896260726,3,late,1,0,1
S0179,ASG_10,Deep Learning,2025-12-15 00:50:09.896260726,2025-12-15 00:50:09.896260726,0,on_time,0,0,1
S0180,ASG_10,Deep Learning,2025-12-15 00:50:09.896260726,2025-12-15 00:50:09.896260726,0,on_time,0,0,1
S0181,ASG_10,Deep Learning,2025-12-15 00:50:09.896260726,2025-12-18 00:50:09.896260726,3,late,1,0,1
S0182,ASG_10,Deep Learning,2025-12-15 00:50:09.896260726,2025-12-15 00:50:09.896260726,0,on_time,0,0,1
S0183,ASG_10,Deep Learning,2025-12-15 00:50:09.896260726,2025-12-17 00:50:09.896260726,2,late,1,0,1
S0184,ASG_10,Deep Learning,2025-12-15 00:50:09.896260726,2025-12-18 00:50:09.896260726,3,late,1,0,1
S0185,ASG_10,Deep Learning,2025-12-15 00:50:09.896260726,2025-12-17 00:50:09.896260726,2,late,1,0,1
S0186,ASG_10,Deep Learning,2025-12-15 00:50:09.896260726,2025-12-15 00:50:09.896260726,0,on_time,0,0,1
S0187,ASG_10,Deep Learning,2025-12-15 00:50:09.896260726,2025-12-15 00:50:09.896260726,0,on_time,0,0,1
S0188,ASG_10,Deep Learning,2025-12-15 00:50:09.896260726,2025-12-17 00:50:09.896260726,2,late,1,0,1
S0189,ASG_10,Deep Learning,2025-12-15 00:50:09.896260726,2025-12-20 00:50:09.896260726,5,late,1,0,1
S0190,ASG_10,Deep Learning,2025-12-15 00:50:09.896260726,,13,missed,0,1,0
S0191,ASG_10,Deep Learning,2025-12-15 00:50:09.896260726,2025-12-18 00:50:09.896260726,3,late,1,0,1
S0192,ASG_10,Deep Learning,2025-12-15 00:50:09.896260726,2025-12-18 00:50:09.896260726,3,late,1,0,1
S0193,ASG_10,Deep Learning,2025-12-15 00:50:09.896260726,2025-12-15 00:50:09.896260726,0,on_time,0,0,1
S0194,ASG_10,Deep Learning,2025-12-15 00:50:09.896260726,2025-12-18 00:50:09.896260726,3,late,1,0,1
S0195,ASG_10,Deep Learning,2025-12-15 00:50:09.896260726,2025-12-15 00:50:09.896260726,0,on_time,0,0,1
S0196,ASG_10,Deep Learning,2025-12-15 00:50:09.896260726,2025-12-18 00:50:09.896260726,3,late,1,0,1
S0197,ASG_10,Deep Learning,2025-12-15 00:50:09.896260726,2025-12-18 00:50:09.896260726,3,late,1,0,1
S0198,ASG_10,Deep Learning,2025-12-15 00:50:09.896260726,2025-12-15 00:50:09.896260726,0,on_time,0,0,1
S0199,ASG_10,Deep Learning,2025-12-15 00:50:09.896260726,2025-12-15 00:50:09.896260726,0,on_time,0,0,1
S0200,ASG_10,Deep Learning,2025-12-15 00:50:09.896260726,2025-12-16 00:50:09.896260726,1,late,1,0,1
S0201,ASG_10,Deep Learning,2025-12-15 00:50:09.896260726,2025-12-15 00:50:09.896260726,0,on_time,0,0,1
S0202,ASG_10,Deep Learning,2025-12-15 00:50:09.896260726,2025-12-16 00:50:09.896260726,1,late,1,0,1
S0203,ASG_10,Deep Learning,2025-12-15 00:50:09.896260726,2025-12-16 00:50:09.896260726,1,late,1,0,1
S0204,ASG_10,Deep Learning,2025-12-15 00:50:09.896260726,2025-12-16 00:50:09.896260726,1,late,1,0,1
S0205,ASG_10,Deep Learning,2025-12-15 00:50:09.896260726,2025-12-15 00:50:09.896260726,0,on_time,0,0,1
S0206,ASG_10,Deep Learning,2025-12-15 00:50:09.896260726,2025-12-15 00:50:09.896260726,0,on_time,0,0,1
S0207,ASG_10,Deep Learning,2025-12-15 00:50:09.896260726,,13,missed,0,1,0
S0208,ASG_10,Deep Learning,2025-12-15 00:50:09.896260726,2025-12-15 00:50:09.896260726,0,on_time,0,0,1
S0209,ASG_10,Deep Learning,2025-12-15 00:50:09.896260726,2025-12-15 00:50:09.896260726,0,on_time,0,0,1
S0210,ASG_10,Deep Learning,2025-12-15 00:50:09.896260726,2025-12-18 00:50:09.896260726,3,late,1,0,1
S0211,ASG_10,Deep Learning,2025-12-15 00:50:09.896260726,2025-12-16 00:50:09.896260726,1,late,1,0,1
S0212,ASG_10,Deep Learning,2025-12-15 00:50:09.896260726,2025-12-17 00:50:09.896260726,2,late,1,0,1
S0213,ASG_10,Deep Learning,2025-12-15 00:50:09.896260726,2025-12-17 00:50:09.896260726,2,late,1,0,1
S0214,ASG_10,Deep Learning,2025-12-15 00:50:09.896260726,2025-12-18 00:50:09.896260726,3,late,1,0,1
S0215,ASG_10,Deep Learning,2025-12-15 00:50:09.896260726,2025-12-15 00:50:09.896260726,0,on_time,0,0,1
S0216,ASG_10,Deep Learning,2025-12-15 00:50:09.896260726,2025-12-16 00:50:09.896260726,1,late,1,0,1
S0217,ASG_10,Deep Learning,2025-12-15 00:50:09.896260726,2025-12-18 00:50:09.896260726,3,late,1,0,1
S0218,ASG_10,Deep Learning,2025-12-15 00:50:09.896260726,2025-12-16 00:50:09.896260726,1,late,1,0,1
S0219,ASG_10,Deep Learning,2025-12-15 00:50:09.896260726,,11,missed,0,1,0
S0220,ASG_10,Deep Learning,2025-12-15 00:50:09.896260726,2025-12-15 00:50:09.896260726,0,on_time,0,0,1
S0221,ASG_10,Deep Learning,2025-12-15 00:50:09.896260726,2025-12-15 00:50:09.896260726,0,on_time,0,0,1
S0222,ASG_10,Deep Learning,2025-12-15 00:50:09.896260726,2025-12-15 00:50:09.896260726,0,on_time,0,0,1
S0223,ASG_10,Deep Learning,2025-12-15 00:50:09.896260726,2025-12-18 00:50:09.896260726,3,late,1,0,1
S0224,ASG_10,Deep Learning,2025-12-15 00:50:09.896260726,2025-12-17 00:50:09.896260726,2,late,1,0,1
S0225,ASG_10,Deep Learning,2025-12-15 00:50:09.896260726,,7,missed,0,1,0
S0226,ASG_10,Deep Learning,2025-12-15 00:50:09.896260726,,12,missed,0,1,0
S0227,ASG_10,Deep Learning,2025-12-15 00:50:09.896260726,2025-12-17 00:50:09.896260726,2,late,1,0,1
S0228,ASG_10,Deep Learning,2025-12-15 00:50:09.896260726,2025-12-16 00:50:09.896260726,1,late,1,0,1
S0229,ASG_10,Deep Learning,2025-12-15 00:50:09.896260726,2025-12-15 00:50:09.896260726,0,on_time,0,0,1
S0230,ASG_10,Deep Learning,2025-12-15 00:50:09.896260726,,14,missed,0,1,0
S0231,ASG_10,Deep Learning,2025-12-15 00:50:09.896260726,2025-12-16 00:50:09.896260726,1,late,1,0,1
S0232,ASG_10,Deep Learning,2025-12-15 00:50:09.896260726,2025-12-15 00:50:09.896260726,0,on_time,0,0,1
S0233,ASG_10,Deep Learning,2025-12-15 00:50:09.896260726,2025-12-18 00:50:09.896260726,3,late,1,0,1
S0234,ASG_10,Deep Learning,2025-12-15 00:50:09.896260726,2025-12-17 00:50:09.896260726,2,late,1,0,1
S0235,ASG_10,Deep Learning,2025-12-15 00:50:09.896260726,2025-12-17 00:50:09.896260726,2,late,1,0,1
S0236,ASG_10,Deep Learning,2025-12-15 00:50:09.896260726,2025-12-15 00:50:09.896260726,0,on_time,0,0,1
S0237,ASG_10,Deep Learning,2025-12-15 00:50:09.896260726,2025-12-17 00:50:09.896260726,2,late,1,0,1
S0238,ASG_10,Deep Learning,2025-12-15 00:50:09.896260726,2025-12-16 00:50:09.896260726,1,late,1,0,1
S0239,ASG_10,Deep Learning,2025-12-15 00:50:09.896260726,2025-12-18 00:50:09.896260726,3,late,1,0,1
S0240,ASG_10,Deep Learning,2025-12-15 00:50:09.896260726,2025-12-17 00:50:09.896260726,2,late,1,0,1
S0241,ASG_10,Deep Learning,2025-12-15 00:50:09.896260726,2025-12-20 00:50:09.896260726,5,late,1,0,1
S0242,ASG_10,Deep Learning,2025-12-15 00:50:09.896260726,2025-12-18 00:50:09.896260726,3,late,1,0,1
S0243,ASG_10,Deep Learning,2025-12-15 00:50:09.896260726,2025-12-19 00:50:09.896260726,4,late,1,0,1
S0244,ASG_10,Deep Learning,2025-12-15 00:50:09.896260726,2025-12-16 00:50:09.896260726,1,late,1,0,1
S0245,ASG_10,Deep Learning,2025-12-15 00:50:09.896260726,2025-12-18 00:50:09.896260726,3,late,1,0,1
S0246,ASG_10,Deep Learning,2025-12-15 00:50:09.896260726,2025-12-16 00:50:09.896260726,1,late,1,0,1
S0247,ASG_10,Deep Learning,2025-12-15 00:50:09.896260726,2025-12-18 00:50:09.896260726,3,late,1,0,1
S0248,ASG_10,Deep Learning,2025-12-15 00:50:09.896260726,2025-12-16 00:50:09.896260726,1,late,1,0,1
S0249,ASG_10,Deep Learning,2025-12-15 00:50:09.896260726,2025-12-16 00:50:09.896260726,1,late,1,0,1
S0250,ASG_10,Deep Learning,2025-12-15 00:50:09.896260726,2025-12-17 00:50:09.896260726,2,late,1,0,1
S0251,ASG_10,Deep Learning,2025-12-15 00:50:09.896260726,2025-12-19 00:50:09.896260726,4,late,1,0,1
S0252,ASG_10,Deep Learning,2025-12-15 00:50:09.896260726,2025-12-19 00:50:09.896260726,4,late,1,0,1
S0253,ASG_10,Deep Learning,2025-12-15 00:50:09.896260726,2025-12-16 00:50:09.896260726,1,late,1,0,1
S0254,ASG_10,Deep Learning,2025-12-15 00:50:09.896260726,2025-12-19 00:50:09.896260726,4,late,1,0,1
S0255,ASG_10,Deep Learning,2025-12-15 00:50:09.896260726,2025-12-15 00:50:09.896260726,0,on_time,0,0,1
S0256,ASG_10,Deep Learning,2025-12-15 00:50:09.896260726,2025-12-15 00:50:09.896260726,0,on_time,0,0,1
S0257,ASG_10,Deep Learning,2025-12-15 00:50:09.896260726,2025-12-18 00:50:09.896260726,3,late,1,0,1
S0258,ASG_10,Deep Learning,2025-12-15 00:50:09.896260726,2025-12-15 00:50:09.896260726,0,on_time,0,0,1
S0259,ASG_10,Deep Learning,2025-12-15 00:50:09.896260726,2025-12-17 00:50:09.896260726,2,late,1,0,1
S0260,ASG_10,Deep Learning,2025-12-15 00:50:09.896260726,2025-12-15 00:50:09.896260726,0,on_time,0,0,1
S0261,ASG_10,Deep Learning,2025-12-15 00:50:09.896260726,2025-12-19 00:50:09.896260726,4,late,1,0,1
S0262,ASG_10,Deep Learning,2025-12-15 00:50:09.896260726,2025-12-15 00:50:09.896260726,0,on_time,0,0,1
S0263,ASG_10,Deep Learning,2025-12-15 00:50:09.896260726,2025-12-15 00:50:09.896260726,0,on_time,0,0,1
S0264,ASG_10,Deep Learning,2025-12-15 00:50:09.896260726,2025-12-20 00:50:09.896260726,5,late,1,0,1
S0265,ASG_10,Deep Learning,2025-12-15 00:50:09.896260726,,11,missed,0,1,0
S0266,ASG_10,Deep Learning,2025-12-15 00:50:09.896260726,2025-12-19 00:50:09.896260726,4,late,1,0,1
S0267,ASG_10,Deep Learning,2025-12-15 00:50:09.896260726,2025-12-16 00:50:09.896260726,1,late,1,0,1
S0268,ASG_10,Deep Learning,2025-12-15 00:50:09.896260726,2025-12-15 00:50:09.896260726,0,on_time,0,0,1
S0269,ASG_10,Deep Learning,2025-12-15 00:50:09.896260726,2025-12-19 00:50:09.896260726,4,late,1,0,1
S0270,ASG_10,Deep Learning,2025-12-15 00:50:09.896260726,2025-12-20 00:50:09.896260726,5,late,1,0,1
S0271,ASG_10,Deep Learning,2025-12-15 00:50:09.896260726,2025-12-18 00:50:09.896260726,3,late,1,0,1
S0272,ASG_10,Deep Learning,2025-12-15 00:50:09.896260726,2025-12-16 00:50:09.896260726,1,late,1,0,1
S0273,ASG_10,Deep Learning,2025-12-15 00:50:09.896260726,2025-12-16 00:50:09.896260726,1,late,1,0,1
S0274,ASG_10,Deep Learning,2025-12-15 00:50:09.896260726,2025-12-15 00:50:09.896260726,0,on_time,0,0,1
S0275,ASG_10,Deep Learning,2025-12-15 00:50:09.896260726,2025-12-15 00:50:09.896260726,0,on_time,0,0,1
S0276,ASG_10,Deep Learning,2025-12-15 00:50:09.896260726,2025-12-15 00:50:09.896260726,0,on_time,0,0,1
S0277,ASG_10,Deep Learning,2025-12-15 00:50:09.896260726,2025-12-16 00:50:09.896260726,1,late,1,0,1
S0278,ASG_10,Deep Learning,2025-12-15 00:50:09.896260726,2025-12-17 00:50:09.896260726,2,late,1,0,1
S0279,ASG_10,Deep Learning,2025-12-15 00:50:09.896260726,2025-12-15 00:50:09.896260726,0,on_time,0,0,1
S0280,ASG_10,Deep Learning,2025-12-15 00:50:09.896260726,2025-12-17 00:50:09.896260726,2,late,1,0,1
S0281,ASG_10,Deep Learning,2025-12-15 00:50:09.896260726,2025-12-18 00:50:09.896260726,3,late,1,0,1
S0282,ASG_10,Deep Learning,2025-12-15 00:50:09.896260726,2025-12-17 00:50:09.896260726,2,late,1,0,1
S0283,ASG_10,Deep Learning,2025-12-15 00:50:09.896260726,2025-12-18 00:50:09.896260726,3,late,1,0,1
S0284,ASG_10,Deep Learning,2025-12-15 00:50:09.896260726,2025-12-17 00:50:09.896260726,2,late,1,0,1
S0285,ASG_10,Deep Learning,2025-12-15 00:50:09.896260726,2025-12-16 00:50:09.896260726,1,late,1,0,1
S0286,ASG_10,Deep Learning,2025-12-15 00:50:09.896260726,2025-12-16 00:50:09.896260726,1,late,1,0,1
S0287,ASG_10,Deep Learning,2025-12-15 00:50:09.896260726,2025-12-22 00:50:09.896260726,7,late,1,0,1
S0288,ASG_10,Deep Learning,2025-12-15 00:50:09.896260726,2025-12-15 00:50:09.896260726,0,on_time,0,0,1
S0289,ASG_10,Deep Learning,2025-12-15 00:50:09.896260726,2025-12-18 00:50:09.896260726,3,late,1,0,1
S0290,ASG_10,Deep Learning,2025-12-15 00:50:09.896260726,2025-12-15 00:50:09.896260726,0,on_time,0,0,1
S0291,ASG_10,Deep Learning,2025-12-15 00:50:09.896260726,,7,missed,0,1,0
S0292,ASG_10,Deep Learning,2025-12-15 00:50:09.896260726,,15,missed,0,1,0
S0293,ASG_10,Deep Learning,2025-12-15 00:50:09.896260726,2025-12-18 00:50:09.896260726,3,late,1,0,1
S0294,ASG_10,Deep Learning,2025-12-15 00:50:09.896260726,2025-12-19 00:50:09.896260726,4,late,1,0,1
S0295,ASG_10,Deep Learning,2025-12-15 00:50:09.896260726,2025-12-20 00:50:09.896260726,5,late,1,0,1
S0296,ASG_10,Deep Learning,2025-12-15 00:50:09.896260726,2025-12-15 00:50:09.896260726,0,on_time,0,0,1
S0297,ASG_10,Deep Learning,2025-12-15 00:50:09.896260726,2025-12-15 00:50:09.896260726,0,on_time,0,0,1
S0298,ASG_10,Deep Learning,2025-12-15 00:50:09.896260726,2025-12-16 00:50:09.896260726,1,late,1,0,1
S0299,ASG_10,Deep Learning,2025-12-15 00:50:09.896260726,2025-12-15 00:50:09.896260726,0,on_time,0,0,1
S0300,ASG_10,Deep Learning,2025-12-15 00:50:09.896260726,2025-12-16 00:50:09.896260726,1,late,1,0,1
S0301,ASG_10,Deep Learning,2025-12-15 00:50:09.896260726,2025-12-17 00:50:09.896260726,2,late,1,0,1
S0302,ASG_10,Deep Learning,2025-12-15 00:50:09.896260726,2025-12-15 00:50:09.896260726,0,on_time,0,0,1
S0303,ASG_10,Deep Learning,2025-12-15 00:50:09.896260726,2025-12-15 00:50:09.896260726,0,on_time,0,0,1
S0304,ASG_10,Deep Learning,2025-12-15 00:50:09.896260726,2025-12-17 00:50:09.896260726,2,late,1,0,1
S0305,ASG_10,Deep Learning,2025-12-15 00:50:09.896260726,2025-12-19 00:50:09.896260726,4,late,1,0,1
S0306,ASG_10,Deep Learning,2025-12-15 00:50:09.896260726,2025-12-17 00:50:09.896260726,2,late,1,0,1
S0307,ASG_10,Deep Learning,2025-12-15 00:50:09.896260726,2025-12-17 00:50:09.896260726,2,late,1,0,1
S0308,ASG_10,Deep Learning,2025-12-15 00:50:09.896260726,2025-12-15 00:50:09.896260726,0,on_time,0,0,1
S0309,ASG_10,Deep Learning,2025-12-15 00:50:09.896260726,2025-12-15 00:50:09.896260726,0,on_time,0,0,1
S0310,ASG_10,Deep Learning,2025-12-15 00:50:09.896260726,,10,missed,0,1,0
S0311,ASG_10,Deep Learning,2025-12-15 00:50:09.896260726,2025-12-17 00:50:09.896260726,2,late,1,0,1
S0312,ASG_10,Deep Learning,2025-12-15 00:50:09.896260726,2025-12-18 00:50:09.896260726,3,late,1,0,1
S0313,ASG_10,Deep Learning,2025-12-15 00:50:09.896260726,2025-12-18 00:50:09.896260726,3,late,1,0,1
S0314,ASG_10,Deep Learning,2025-12-15 00:50:09.896260726,2025-12-15 00:50:09.896260726,0,on_time,0,0,1
S0315,ASG_10,Deep Learning,2025-12-15 00:50:09.896260726,2025-12-17 00:50:09.896260726,2,late,1,0,1
S0316,ASG_10,Deep Learning,2025-12-15 00:50:09.896260726,2025-12-17 00:50:09.896260726,2,late,1,0,1
S0317,ASG_10,Deep Learning,2025-12-15 00:50:09.896260726,,14,missed,0,1,0
S0318,ASG_10,Deep Learning,2025-12-15 00:50:09.896260726,2025-12-15 00:50:09.896260726,0,on_time,0,0,1
S0319,ASG_10,Deep Learning,2025-12-15 00:50:09.896260726,2025-12-16 00:50:09.896260726,1,late,1,0,1
S0320,ASG_10,Deep Learning,2025-12-15 00:50:09.896260726,2025-12-16 00:50:09.896260726,1,late,1,0,1
S0321,ASG_10,Deep Learning,2025-12-15 00:50:09.896260726,2025-12-17 00:50:09.896260726,2,late,1,0,1
S0322,ASG_10,Deep Learning,2025-12-15 00:50:09.896260726,2025-12-15 00:50:09.896260726,0,on_time,0,0,1
S0323,ASG_10,Deep Learning,2025-12-15 00:50:09.896260726,2025-12-15 00:50:09.896260726,0,on_time,0,0,1
S0324,ASG_10,Deep Learning,2025-12-15 00:50:09.896260726,2025-12-15 00:50:09.896260726,0,on_time,0,0,1
S0325,ASG_10,Deep Learning,2025-12-15 00:50:09.896260726,2025-12-15 00:50:09.896260726,0,on_time,0,0,1
S0326,ASG_10,Deep Learning,2025-12-15 00:50:09.896260726,2025-12-19 00:50:09.896260726,4,late,1,0,1
S0327,ASG_10,Deep Learning,2025-12-15 00:50:09.896260726,2025-12-17 00:50:09.896260726,2,late,1,0,1
S0328,ASG_10,Deep Learning,2025-12-15 00:50:09.896260726,2025-12-17 00:50:09.896260726,2,late,1,0,1
S0329,ASG_10,Deep Learning,2025-12-15 00:50:09.896260726,2025-12-15 00:50:09.896260726,0,on_time,0,0,1
S0330,ASG_10,Deep Learning,2025-12-15 00:50:09.896260726,2025-12-16 00:50:09.896260726,1,late,1,0,1
S0331,ASG_10,Deep Learning,2025-12-15 00:50:09.896260726,2025-12-15 00:50:09.896260726,0,on_time,0,0,1
S0332,ASG_10,Deep Learning,2025-12-15 00:50:09.896260726,2025-12-15 00:50:09.896260726,0,on_time,0,0,1
S0333,ASG_10,Deep Learning,2025-12-15 00:50:09.896260726,2025-12-17 00:50:09.896260726,2,late,1,0,1
S0334,ASG_10,Deep Learning,2025-12-15 00:50:09.896260726,2025-12-17 00:50:09.896260726,2,late,1,0,1
S0335,ASG_10,Deep Learning,2025-12-15 00:50:09.896260726,2025-12-15 00:50:09.896260726,0,on_time,0,0,1
S0336,ASG_10,Deep Learning,2025-12-15 00:50:09.896260726,2025-12-16 00:50:09.896260726,1,late,1,0,1
S0337,ASG_10,Deep Learning,2025-12-15 00:50:09.896260726,,11,missed,0,1,0
S0338,ASG_10,Deep Learning,2025-12-15 00:50:09.896260726,2025-12-17 00:50:09.896260726,2,late,1,0,1
S0339,ASG_10,Deep Learning,2025-12-15 00:50:09.896260726,2025-12-19 00:50:09.896260726,4,late,1,0,1
S0340,ASG_10,Deep Learning,2025-12-15 00:50:09.896260726,2025-12-16 00:50:09.896260726,1,late,1,0,1
S0341,ASG_10,Deep Learning,2025-12-15 00:50:09.896260726,2025-12-15 00:50:09.896260726,0,on_time,0,0,1
S0342,ASG_10,Deep Learning,2025-12-15 00:50:09.896260726,2025-12-16 00:50:09.896260726,1,late,1,0,1
S0343,ASG_10,Deep Learning,2025-12-15 00:50:09.896260726,2025-12-17 00:50:09.896260726,2,late,1,0,1
S0344,ASG_10,Deep Learning,2025-12-15 00:50:09.896260726,2025-12-16 00:50:09.896260726,1,late,1,0,1
S0345,ASG_10,Deep Learning,2025-12-15 00:50:09.896260726,2025-12-22 00:50:09.896260726,7,late,1,0,1
S0346,ASG_10,Deep Learning,2025-12-15 00:50:09.896260726,,9,missed,0,1,0
S0347,ASG_10,Deep Learning,2025-12-15 00:50:09.896260726,,13,missed,0,1,0
S0348,ASG_10,Deep Learning,2025-12-15 00:50:09.896260726,2025-12-19 00:50:09.896260726,4,late,1,0,1
S0349,ASG_10,Deep Learning,2025-12-15 00:50:09.896260726,2025-12-19 00:50:09.896260726,4,late,1,0,1
S0350,ASG_10,Deep Learning,2025-12-15 00:50:09.896260726,2025-12-16 00:50:09.896260726,1,late,1,0,1
S0351,ASG_10,Deep Learning,2025-12-15 00:50:09.896260726,2025-12-17 00:50:09.896260726,2,late,1,0,1
S0352,ASG_10,Deep Learning,2025-12-15 00:50:09.896260726,2025-12-18 00:50:09.896260726,3,late,1,0,1
S0353,ASG_10,Deep Learning,2025-12-15 00:50:09.896260726,2025-12-16 00:50:09.896260726,1,late,1,0,1
S0354,ASG_10,Deep Learning,2025-12-15 00:50:09.896260726,2025-12-17 00:50:09.896260726,2,late,1,0,1
S0355,ASG_10,Deep Learning,2025-12-15 00:50:09.896260726,2025-12-18 00:50:09.896260726,3,late,1,0,1
S0356,ASG_10,Deep Learning,2025-12-15 00:50:09.896260726,2025-12-17 00:50:09.896260726,2,late,1,0,1
S0357,ASG_10,Deep Learning,2025-12-15 00:50:09.896260726,2025-12-17 00:50:09.896260726,2,late,1,0,1
S0358,ASG_10,Deep Learning,2025-12-15 00:50:09.896260726,2025-12-15 00:50:09.896260726,0,on_time,0,0,1
S0359,ASG_10,Deep Learning,2025-12-15 00:50:09.896260726,2025-12-16 00:50:09.896260726,1,late,1,0,1
S0360,ASG_10,Deep Learning,2025-12-15 00:50:09.896260726,2025-12-21 00:50:09.896260726,6,late,1,0,1
S0361,ASG_10,Deep Learning,2025-12-15 00:50:09.896260726,2025-12-18 00:50:09.896260726,3,late,1,0,1
S0362,ASG_10,Deep Learning,2025-12-15 00:50:09.896260726,2025-12-16 00:50:09.896260726,1,late,1,0,1
S0363,ASG_10,Deep Learning,2025-12-15 00:50:09.896260726,2025-12-15 00:50:09.896260726,0,on_time,0,0,1
S0364,ASG_10,Deep Learning,2025-12-15 00:50:09.896260726,2025-12-17 00:50:09.896260726,2,late,1,0,1
S0365,ASG_10,Deep Learning,2025-12-15 00:50:09.896260726,2025-12-18 00:50:09.896260726,3,late,1,0,1
S0366,ASG_10,Deep Learning,2025-12-15 00:50:09.896260726,2025-12-17 00:50:09.896260726,2,late,1,0,1
S0367,ASG_10,Deep Learning,2025-12-15 00:50:09.896260726,2025-12-15 00:50:09.896260726,0,on_time,0,0,1
S0368,ASG_10,Deep Learning,2025-12-15 00:50:09.896260726,2025-12-15 00:50:09.896260726,0,on_time,0,0,1
S0369,ASG_10,Deep Learning,2025-12-15 00:50:09.896260726,2025-12-15 00:50:09.896260726,0,on_time,0,0,1
S0370,ASG_10,Deep Learning,2025-12-15 00:50:09.896260726,2025-12-17 00:50:09.896260726,2,late,1,0,1
S0371,ASG_10,Deep Learning,2025-12-15 00:50:09.896260726,2025-12-15 00:50:09.896260726,0,on_time,0,0,1
S0372,ASG_10,Deep Learning,2025-12-15 00:50:09.896260726,2025-12-15 00:50:09.896260726,0,on_time,0,0,1
S0373,ASG_10,Deep Learning,2025-12-15 00:50:09.896260726,2025-12-16 00:50:09.896260726,1,late,1,0,1
S0374,ASG_10,Deep Learning,2025-12-15 00:50:09.896260726,2025-12-18 00:50:09.896260726,3,late,1,0,1
S0375,ASG_10,Deep Learning,2025-12-15 00:50:09.896260726,2025-12-17 00:50:09.896260726,2,late,1,0,1
S0376,ASG_10,Deep Learning,2025-12-15 00:50:09.896260726,2025-12-16 00:50:09.896260726,1,late,1,0,1
S0377,ASG_10,Deep Learning,2025-12-15 00:50:09.896260726,2025-12-18 00:50:09.896260726,3,late,1,0,1
S0378,ASG_10,Deep Learning,2025-12-15 00:50:09.896260726,2025-12-20 00:50:09.896260726,5,late,1,0,1
S0379,ASG_10,Deep Learning,2025-12-15 00:50:09.896260726,2025-12-17 00:50:09.896260726,2,late,1,0,1
S0380,ASG_10,Deep Learning,2025-12-15 00:50:09.896260726,2025-12-15 00:50:09.896260726,0,on_time,0,0,1
S0381,ASG_10,Deep Learning,2025-12-15 00:50:09.896260726,2025-12-15 00:50:09.896260726,0,on_time,0,0,1
S0382,ASG_10,Deep Learning,2025-12-15 00:50:09.896260726,2025-12-15 00:50:09.896260726,0,on_time,0,0,1
S0383,ASG_10,Deep Learning,2025-12-15 00:50:09.896260726,2025-12-15 00:50:09.896260726,0,on_time,0,0,1
S0384,ASG_10,Deep Learning,2025-12-15 00:50:09.896260726,2025-12-16 00:50:09.896260726,1,late,1,0,1
S0385,ASG_10,Deep Learning,2025-12-15 00:50:09.896260726,2025-12-17 00:50:09.896260726,2,late,1,0,1
S0386,ASG_10,Deep Learning,2025-12-15 00:50:09.896260726,2025-12-15 00:50:09.896260726,0,on_time,0,0,1
S0387,ASG_10,Deep Learning,2025-12-15 00:50:09.896260726,,14,missed,0,1,0
S0388,ASG_10,Deep Learning,2025-12-15 00:50:09.896260726,2025-12-17 00:50:09.896260726,2,late,1,0,1
S0389,ASG_10,Deep Learning,2025-12-15 00:50:09.896260726,2025-12-15 00:50:09.896260726,0,on_time,0,0,1
S0390,ASG_10,Deep Learning,2025-12-15 00:50:09.896260726,2025-12-15 00:50:09.896260726,0,on_time,0,0,1
S0391,ASG_10,Deep Learning,2025-12-15 00:50:09.896260726,2025-12-16 00:50:09.896260726,1,late,1,0,1
S0392,ASG_10,Deep Learning,2025-12-15 00:50:09.896260726,2025-12-18 00:50:09.896260726,3,late,1,0,1
S0393,ASG_10,Deep Learning,2025-12-15 00:50:09.896260726,2025-12-18 00:50:09.896260726,3,late,1,0,1
S0394,ASG_10,Deep Learning,2025-12-15 00:50:09.896260726,2025-12-18 00:50:09.896260726,3,late,1,0,1
S0395,ASG_10,Deep Learning,2025-12-15 00:50:09.896260726,,13,missed,0,1,0
S0396,ASG_10,Deep Learning,2025-12-15 00:50:09.896260726,2025-12-17 00:50:09.896260726,2,late,1,0,1
S0397,ASG_10,Deep Learning,2025-12-15 00:50:09.896260726,2025-12-17 00:50:09.896260726,2,late,1,0,1
S0398,ASG_10,Deep Learning,2025-12-15 00:50:09.896260726,2025-12-15 00:50:09.896260726,0,on_time,0,0,1
S0399,ASG_10,Deep Learning,2025-12-15 00:50:09.896260726,,7,missed,0,1,0
S0400,ASG_10,Deep Learning,2025-12-15 00:50:09.896260726,2025-12-16 00:50:09.896260726,1,late,1,0,1
S0401,ASG_10,Deep Learning,2025-12-15 00:50:09.896260726,2025-12-18 00:50:09.896260726,3,late,1,0,1
S0402,ASG_10,Deep Learning,2025-12-15 00:50:09.896260726,2025-12-17 00:50:09.896260726,2,late,1,0,1
S0403,ASG_10,Deep Learning,2025-12-15 00:50:09.896260726,2025-12-15 00:50:09.896260726,0,on_time,0,0,1
S0404,ASG_10,Deep Learning,2025-12-15 00:50:09.896260726,2025-12-15 00:50:09.896260726,0,on_time,0,0,1
S0405,ASG_10,Deep Learning,2025-12-15 00:50:09.896260726,,8,missed,0,1,0
S0406,ASG_10,Deep Learning,2025-12-15 00:50:09.896260726,2025-12-18 00:50:09.896260726,3,late,1,0,1
S0407,ASG_10,Deep Learning,2025-12-15 00:50:09.896260726,2025-12-15 00:50:09.896260726,0,on_time,0,0,1
S0408,ASG_10,Deep Learning,2025-12-15 00:50:09.896260726,2025-12-17 00:50:09.896260726,2,late,1,0,1
S0409,ASG_10,Deep Learning,2025-12-15 00:50:09.896260726,2025-12-18 00:50:09.896260726,3,late,1,0,1
S0410,ASG_10,Deep Learning,2025-12-15 00:50:09.896260726,2025-12-15 00:50:09.896260726,0,on_time,0,0,1
S0411,ASG_10,Deep Learning,2025-12-15 00:50:09.896260726,2025-12-15 00:50:09.896260726,0,on_time,0,0,1
S0412,ASG_10,Deep Learning,2025-12-15 00:50:09.896260726,2025-12-16 00:50:09.896260726,1,late,1,0,1
S0413,ASG_10,Deep Learning,2025-12-15 00:50:09.896260726,2025-12-16 00:50:09.896260726,1,late,1,0,1
S0414,ASG_10,Deep Learning,2025-12-15 00:50:09.896260726,,12,missed,0,1,0
S0415,ASG_10,Deep Learning,2025-12-15 00:50:09.896260726,,14,missed,0,1,0
S0416,ASG_10,Deep Learning,2025-12-15 00:50:09.896260726,2025-12-18 00:50:09.896260726,3,late,1,0,1
S0417,ASG_10,Deep Learning,2025-12-15 00:50:09.896260726,2025-12-15 00:50:09.896260726,0,on_time,0,0,1
S0418,ASG_10,Deep Learning,2025-12-15 00:50:09.896260726,2025-12-15 00:50:09.896260726,0,on_time,0,0,1
S0419,ASG_10,Deep Learning,2025-12-15 00:50:09.896260726,2025-12-16 00:50:09.896260726,1,late,1,0,1
S0420,ASG_10,Deep Learning,2025-12-15 00:50:09.896260726,2025-12-16 00:50:09.896260726,1,late,1,0,1
S0421,ASG_10,Deep Learning,2025-12-15 00:50:09.896260726,2025-12-17 00:50:09.896260726,2,late,1,0,1
S0422,ASG_10,Deep Learning,2025-12-15 00:50:09.896260726,2025-12-17 00:50:09.896260726,2,late,1,0,1
S0423,ASG_10,Deep Learning,2025-12-15 00:50:09.896260726,,12,missed,0,1,0
S0424,ASG_10,Deep Learning,2025-12-15 00:50:09.896260726,,12,missed,0,1,0
S0425,ASG_10,Deep Learning,2025-12-15 00:50:09.896260726,2025-12-15 00:50:09.896260726,0,on_time,0,0,1
S0426,ASG_10,Deep Learning,2025-12-15 00:50:09.896260726,2025-12-17 00:50:09.896260726,2,late,1,0,1
S0427,ASG_10,Deep Learning,2025-12-15 00:50:09.896260726,2025-12-16 00:50:09.896260726,1,late,1,0,1
S0428,ASG_10,Deep Learning,2025-12-15 00:50:09.896260726,2025-12-15 00:50:09.896260726,0,on_time,0,0,1
S0429,ASG_10,Deep Learning,2025-12-15 00:50:09.896260726,2025-12-18 00:50:09.896260726,3,late,1,0,1
S0430,ASG_10,Deep Learning,2025-12-15 00:50:09.896260726,2025-12-19 00:50:09.896260726,4,late,1,0,1
S0431,ASG_10,Deep Learning,2025-12-15 00:50:09.896260726,2025-12-15 00:50:09.896260726,0,on_time,0,0,1
S0432,ASG_10,Deep Learning,2025-12-15 00:50:09.896260726,2025-12-15 00:50:09.896260726,0,on_time,0,0,1
S0433,ASG_10,Deep Learning,2025-12-15 00:50:09.896260726,,15,missed,0,1,0
S0434,ASG_10,Deep Learning,2025-12-15 00:50:09.896260726,2025-12-15 00:50:09.896260726,0,on_time,0,0,1
S0435,ASG_10,Deep Learning,2025-12-15 00:50:09.896260726,,12,missed,0,1,0
S0436,ASG_10,Deep Learning,2025-12-15 00:50:09.896260726,2025-12-16 00:50:09.896260726,1,late,1,0,1
S0437,ASG_10,Deep Learning,2025-12-15 00:50:09.896260726,,7,missed,0,1,0
S0438,ASG_10,Deep Learning,2025-12-15 00:50:09.896260726,2025-12-15 00:50:09.896260726,0,on_time,0,0,1
S0439,ASG_10,Deep Learning,2025-12-15 00:50:09.896260726,2025-12-17 00:50:09.896260726,2,late,1,0,1
S0440,ASG_10,Deep Learning,2025-12-15 00:50:09.896260726,2025-12-15 00:50:09.896260726,0,on_time,0,0,1
S0441,ASG_10,Deep Learning,2025-12-15 00:50:09.896260726,2025-12-18 00:50:09.896260726,3,late,1,0,1
S0442,ASG_10,Deep Learning,2025-12-15 00:50:09.896260726,2025-12-15 00:50:09.896260726,0,on_time,0,0,1
S0443,ASG_10,Deep Learning,2025-12-15 00:50:09.896260726,2025-12-17 00:50:09.896260726,2,late,1,0,1
S0444,ASG_10,Deep Learning,2025-12-15 00:50:09.896260726,2025-12-21 00:50:09.896260726,6,late,1,0,1
S0445,ASG_10,Deep Learning,2025-12-15 00:50:09.896260726,2025-12-15 00:50:09.896260726,0,on_time,0,0,1
S0446,ASG_10,Deep Learning,2025-12-15 00:50:09.896260726,2025-12-15 00:50:09.896260726,0,on_time,0,0,1
S0447,ASG_10,Deep Learning,2025-12-15 00:50:09.896260726,2025-12-16 00:50:09.896260726,1,late,1,0,1
S0448,ASG_10,Deep Learning,2025-12-15 00:50:09.896260726,2025-12-16 00:50:09.896260726,1,late,1,0,1
S0449,ASG_10,Deep Learning,2025-12-15 00:50:09.896260726,2025-12-19 00:50:09.896260726,4,late,1,0,1
S0450,ASG_10,Deep Learning,2025-12-15 00:50:09.896260726,2025-12-15 00:50:09.896260726,0,on_time,0,0,1
S0451,ASG_10,Deep Learning,2025-12-15 00:50:09.896260726,2025-12-15 00:50:09.896260726,0,on_time,0,0,1
S0452,ASG_10,Deep Learning,2025-12-15 00:50:09.896260726,2025-12-17 00:50:09.896260726,2,late,1,0,1
S0453,ASG_10,Deep Learning,2025-12-15 00:50:09.896260726,,13,missed,0,1,0
S0454,ASG_10,Deep Learning,2025-12-15 00:50:09.896260726,2025-12-15 00:50:09.896260726,0,on_time,0,0,1
S0455,ASG_10,Deep Learning,2025-12-15 00:50:09.896260726,,8,missed,0,1,0
S0456,ASG_10,Deep Learning,2025-12-15 00:50:09.896260726,,9,missed,0,1,0
S0457,ASG_10,Deep Learning,2025-12-15 00:50:09.896260726,2025-12-18 00:50:09.896260726,3,late,1,0,1
S0458,ASG_10,Deep Learning,2025-12-15 00:50:09.896260726,2025-12-16 00:50:09.896260726,1,late,1,0,1
S0459,ASG_10,Deep Learning,2025-12-15 00:50:09.896260726,2025-12-15 00:50:09.896260726,0,on_time,0,0,1
S0460,ASG_10,Deep Learning,2025-12-15 00:50:09.896260726,2025-12-17 00:50:09.896260726,2,late,1,0,1
S0461,ASG_10,Deep Learning,2025-12-15 00:50:09.896260726,,7,missed,0,1,0
S0462,ASG_10,Deep Learning,2025-12-15 00:50:09.896260726,2025-12-19 00:50:09.896260726,4,late,1,0,1
S0463,ASG_10,Deep Learning,2025-12-15 00:50:09.896260726,2025-12-16 00:50:09.896260726,1,late,1,0,1
S0464,ASG_10,Deep Learning,2025-12-15 00:50:09.896260726,,10,missed,0,1,0
S0465,ASG_10,Deep Learning,2025-12-15 00:50:09.896260726,2025-12-16 00:50:09.896260726,1,late,1,0,1
S0466,ASG_10,Deep Learning,2025-12-15 00:50:09.896260726,,14,missed,0,1,0
S0467,ASG_10,Deep Learning,2025-12-15 00:50:09.896260726,2025-12-16 00:50:09.896260726,1,late,1,0,1
S0468,ASG_10,Deep Learning,2025-12-15 00:50:09.896260726,2025-12-16 00:50:09.896260726,1,late,1,0,1
S0469,ASG_10,Deep Learning,2025-12-15 00:50:09.896260726,2025-12-15 00:50:09.896260726,0,on_time,0,0,1
S0470,ASG_10,Deep Learning,2025-12-15 00:50:09.896260726,2025-12-17 00:50:09.896260726,2,late,1,0,1
S0471,ASG_10,Deep Learning,2025-12-15 00:50:09.896260726,2025-12-17 00:50:09.896260726,2,late,1,0,1
S0472,ASG_10,Deep Learning,2025-12-15 00:50:09.896260726,2025-12-18 00:50:09.896260726,3,late,1,0,1
S0473,ASG_10,Deep Learning,2025-12-15 00:50:09.896260726,2025-12-18 00:50:09.896260726,3,late,1,0,1
S0474,ASG_10,Deep Learning,2025-12-15 00:50:09.896260726,2025-12-16 00:50:09.896260726,1,late,1,0,1
S0475,ASG_10,Deep Learning,2025-12-15 00:50:09.896260726,2025-12-18 00:50:09.896260726,3,late,1,0,1
S0476,ASG_10,Deep Learning,2025-12-15 00:50:09.896260726,2025-12-19 00:50:09.896260726,4,late,1,0,1
S0477,ASG_10,Deep Learning,2025-12-15 00:50:09.896260726,2025-12-20 00:50:09.896260726,5,late,1,0,1
S0478,ASG_10,Deep Learning,2025-12-15 00:50:09.896260726,2025-12-17 00:50:09.896260726,2,late,1,0,1
S0479,ASG_10,Deep Learning,2025-12-15 00:50:09.896260726,2025-12-17 00:50:09.896260726,2,late,1,0,1
S0480,ASG_10,Deep Learning,2025-12-15 00:50:09.896260726,2025-12-17 00:50:09.896260726,2,late,1,0,1
S0481,ASG_10,Deep Learning,2025-12-15 00:50:09.896260726,2025-12-17 00:50:09.896260726,2,late,1,0,1
S0482,ASG_10,Deep Learning,2025-12-15 00:50:09.896260726,2025-12-18 00:50:09.896260726,3,late,1,0,1
S0483,ASG_10,Deep Learning,2025-12-15 00:50:09.896260726,2025-12-17 00:50:09.896260726,2,late,1,0,1
S0484,ASG_10,Deep Learning,2025-12-15 00:50:09.896260726,2025-12-20 00:50:09.896260726,5,late,1,0,1
S0485,ASG_10,Deep Learning,2025-12-15 00:50:09.896260726,2025-12-19 00:50:09.896260726,4,late,1,0,1
S0486,ASG_10,Deep Learning,2025-12-15 00:50:09.896260726,2025-12-16 00:50:09.896260726,1,late,1,0,1
S0487,ASG_10,Deep Learning,2025-12-15 00:50:09.896260726,2025-12-16 00:50:09.896260726,1,late,1,0,1
S0488,ASG_10,Deep Learning,2025-12-15 00:50:09.896260726,,7,missed,0,1,0
S0489,ASG_10,Deep Learning,2025-12-15 00:50:09.896260726,2025-12-15 00:50:09.896260726,0,on_time,0,0,1
S0490,ASG_10,Deep Learning,2025-12-15 00:50:09.896260726,2025-12-16 00:50:09.896260726,1,late,1,0,1
S0491,ASG_10,Deep Learning,2025-12-15 00:50:09.896260726,2025-12-15 00:50:09.896260726,0,on_time,0,0,1
S0492,ASG_10,Deep Learning,2025-12-15 00:50:09.896260726,2025-12-18 00:50:09.896260726,3,late,1,0,1
S0493,ASG_10,Deep Learning,2025-12-15 00:50:09.896260726,2025-12-15 00:50:09.896260726,0,on_time,0,0,1
S0494,ASG_10,Deep Learning,2025-12-15 00:50:09.896260726,2025-12-18 00:50:09.896260726,3,late,1,0,1
S0495,ASG_10,Deep Learning,2025-12-15 00:50:09.896260726,2025-12-18 00:50:09.896260726,3,late,1,0,1
S0496,ASG_10,Deep Learning,2025-12-15 00:50:09.896260726,2025-12-20 00:50:09.896260726,5,late,1,0,1
S0497,ASG_10,Deep Learning,2025-12-15 00:50:09.896260726,2025-12-17 00:50:09.896260726,2,late,1,0,1
S0498,ASG_10,Deep Learning,2025-12-15 00:50:09.896260726,2025-12-17 00:50:09.896260726,2,late,1,0,1
S0499,ASG_10,Deep Learning,2025-12-15 00:50:09.896260726,2025-12-15 00:50:09.896260726,0,on_time,0,0,1
S0500,ASG_10,Deep Learning,2025-12-15 00:50:09.896260726,2025-12-18 00:50:09.896260726,3,late,1,0,1
S0001,ASG_11,Linear Algebra,2025-12-31 07:22:53.532624362,2026-01-03 07:22:53.532624362,3,late,1,0,1
S0002,ASG_11,Linear Algebra,2025-12-31 07:22:53.532624362,2026-01-02 07:22:53.532624362,2,late,1,0,1
S0003,ASG_11,Linear Algebra,2025-12-31 07:22:53.532624362,2026-01-01 07:22:53.532624362,1,late,1,0,1
S0004,ASG_11,Linear Algebra,2025-12-31 07:22:53.532624362,2026-01-02 07:22:53.532624362,2,late,1,0,1
S0005,ASG_11,Linear Algebra,2025-12-31 07:22:53.532624362,2026-01-03 07:22:53.532624362,3,late,1,0,1
S0006,ASG_11,Linear Algebra,2025-12-31 07:22:53.532624362,2026-01-03 07:22:53.532624362,3,late,1,0,1
S0007,ASG_11,Linear Algebra,2025-12-31 07:22:53.532624362,2025-12-31 07:22:53.532624362,0,on_time,0,0,1
S0008,ASG_11,Linear Algebra,2025-12-31 07:22:53.532624362,2026-01-07 07:22:53.532624362,7,late,1,0,1
S0009,ASG_11,Linear Algebra,2025-12-31 07:22:53.532624362,2025-12-31 07:22:53.532624362,0,on_time,0,0,1
S0010,ASG_11,Linear Algebra,2025-12-31 07:22:53.532624362,2026-01-03 07:22:53.532624362,3,late,1,0,1
S0011,ASG_11,Linear Algebra,2025-12-31 07:22:53.532624362,2026-01-04 07:22:53.532624362,4,late,1,0,1
S0012,ASG_11,Linear Algebra,2025-12-31 07:22:53.532624362,2026-01-02 07:22:53.532624362,2,late,1,0,1
S0013,ASG_11,Linear Algebra,2025-12-31 07:22:53.532624362,2026-01-03 07:22:53.532624362,3,late,1,0,1
S0014,ASG_11,Linear Algebra,2025-12-31 07:22:53.532624362,2025-12-31 07:22:53.532624362,0,on_time,0,0,1
S0015,ASG_11,Linear Algebra,2025-12-31 07:22:53.532624362,2025-12-31 07:22:53.532624362,0,on_time,0,0,1
S0016,ASG_11,Linear Algebra,2025-12-31 07:22:53.532624362,2026-01-04 07:22:53.532624362,4,late,1,0,1
S0017,ASG_11,Linear Algebra,2025-12-31 07:22:53.532624362,2026-01-03 07:22:53.532624362,3,late,1,0,1
S0018,ASG_11,Linear Algebra,2025-12-31 07:22:53.532624362,,7,missed,0,1,0
S0019,ASG_11,Linear Algebra,2025-12-31 07:22:53.532624362,2026-01-02 07:22:53.532624362,2,late,1,0,1
S0020,ASG_11,Linear Algebra,2025-12-31 07:22:53.532624362,,7,missed,0,1,0
S0021,ASG_11,Linear Algebra,2025-12-31 07:22:53.532624362,2026-01-01 07:22:53.532624362,1,late,1,0,1
S0022,ASG_11,Linear Algebra,2025-12-31 07:22:53.532624362,,14,missed,0,1,0
S0023,ASG_11,Linear Algebra,2025-12-31 07:22:53.532624362,2026-01-02 07:22:53.532624362,2,late,1,0,1
S0024,ASG_11,Linear Algebra,2025-12-31 07:22:53.532624362,2026-01-02 07:22:53.532624362,2,late,1,0,1
S0025,ASG_11,Linear Algebra,2025-12-31 07:22:53.532624362,2026-01-02 07:22:53.532624362,2,late,1,0,1
S0026,ASG_11,Linear Algebra,2025-12-31 07:22:53.532624362,2025-12-31 07:22:53.532624362,0,on_time,0,0,1
S0027,ASG_11,Linear Algebra,2025-12-31 07:22:53.532624362,2025-12-31 07:22:53.532624362,0,on_time,0,0,1
S0028,ASG_11,Linear Algebra,2025-12-31 07:22:53.532624362,2025-12-31 07:22:53.532624362,0,on_time,0,0,1
S0029,ASG_11,Linear Algebra,2025-12-31 07:22:53.532624362,2026-01-03 07:22:53.532624362,3,late,1,0,1
S0030,ASG_11,Linear Algebra,2025-12-31 07:22:53.532624362,2025-12-31 07:22:53.532624362,0,on_time,0,0,1
S0031,ASG_11,Linear Algebra,2025-12-31 07:22:53.532624362,2026-01-02 07:22:53.532624362,2,late,1,0,1
S0032,ASG_11,Linear Algebra,2025-12-31 07:22:53.532624362,,13,missed,0,1,0
S0033,ASG_11,Linear Algebra,2025-12-31 07:22:53.532624362,2025-12-31 07:22:53.532624362,0,on_time,0,0,1
S0034,ASG_11,Linear Algebra,2025-12-31 07:22:53.532624362,2026-01-03 07:22:53.532624362,3,late,1,0,1
S0035,ASG_11,Linear Algebra,2025-12-31 07:22:53.532624362,2025-12-31 07:22:53.532624362,0,on_time,0,0,1
S0036,ASG_11,Linear Algebra,2025-12-31 07:22:53.532624362,2026-01-04 07:22:53.532624362,4,late,1,0,1
S0037,ASG_11,Linear Algebra,2025-12-31 07:22:53.532624362,2026-01-05 07:22:53.532624362,5,late,1,0,1
S0038,ASG_11,Linear Algebra,2025-12-31 07:22:53.532624362,2026-01-01 07:22:53.532624362,1,late,1,0,1
S0039,ASG_11,Linear Algebra,2025-12-31 07:22:53.532624362,2026-01-02 07:22:53.532624362,2,late,1,0,1
S0040,ASG_11,Linear Algebra,2025-12-31 07:22:53.532624362,,7,missed,0,1,0
S0041,ASG_11,Linear Algebra,2025-12-31 07:22:53.532624362,2025-12-31 07:22:53.532624362,0,on_time,0,0,1
S0042,ASG_11,Linear Algebra,2025-12-31 07:22:53.532624362,2026-01-03 07:22:53.532624362,3,late,1,0,1
S0043,ASG_11,Linear Algebra,2025-12-31 07:22:53.532624362,,10,missed,0,1,0
S0044,ASG_11,Linear Algebra,2025-12-31 07:22:53.532624362,2025-12-31 07:22:53.532624362,0,on_time,0,0,1
S0045,ASG_11,Linear Algebra,2025-12-31 07:22:53.532624362,2025-12-31 07:22:53.532624362,0,on_time,0,0,1
S0046,ASG_11,Linear Algebra,2025-12-31 07:22:53.532624362,2025-12-31 07:22:53.532624362,0,on_time,0,0,1
S0047,ASG_11,Linear Algebra,2025-12-31 07:22:53.532624362,2026-01-01 07:22:53.532624362,1,late,1,0,1
S0048,ASG_11,Linear Algebra,2025-12-31 07:22:53.532624362,2026-01-01 07:22:53.532624362,1,late,1,0,1
S0049,ASG_11,Linear Algebra,2025-12-31 07:22:53.532624362,2026-01-03 07:22:53.532624362,3,late,1,0,1
S0050,ASG_11,Linear Algebra,2025-12-31 07:22:53.532624362,2025-12-31 07:22:53.532624362,0,on_time,0,0,1
S0051,ASG_11,Linear Algebra,2025-12-31 07:22:53.532624362,2025-12-31 07:22:53.532624362,0,on_time,0,0,1
S0052,ASG_11,Linear Algebra,2025-12-31 07:22:53.532624362,2026-01-05 07:22:53.532624362,5,late,1,0,1
S0053,ASG_11,Linear Algebra,2025-12-31 07:22:53.532624362,2026-01-03 07:22:53.532624362,3,late,1,0,1
S0054,ASG_11,Linear Algebra,2025-12-31 07:22:53.532624362,2026-01-01 07:22:53.532624362,1,late,1,0,1
S0055,ASG_11,Linear Algebra,2025-12-31 07:22:53.532624362,2026-01-03 07:22:53.532624362,3,late,1,0,1
S0056,ASG_11,Linear Algebra,2025-12-31 07:22:53.532624362,2026-01-01 07:22:53.532624362,1,late,1,0,1
S0057,ASG_11,Linear Algebra,2025-12-31 07:22:53.532624362,2026-01-03 07:22:53.532624362,3,late,1,0,1
S0058,ASG_11,Linear Algebra,2025-12-31 07:22:53.532624362,2026-01-03 07:22:53.532624362,3,late,1,0,1
S0059,ASG_11,Linear Algebra,2025-12-31 07:22:53.532624362,2026-01-01 07:22:53.532624362,1,late,1,0,1
S0060,ASG_11,Linear Algebra,2025-12-31 07:22:53.532624362,2026-01-01 07:22:53.532624362,1,late,1,0,1
S0061,ASG_11,Linear Algebra,2025-12-31 07:22:53.532624362,2025-12-31 07:22:53.532624362,0,on_time,0,0,1
S0062,ASG_11,Linear Algebra,2025-12-31 07:22:53.532624362,2025-12-31 07:22:53.532624362,0,on_time,0,0,1
S0063,ASG_11,Linear Algebra,2025-12-31 07:22:53.532624362,2026-01-01 07:22:53.532624362,1,late,1,0,1
S0064,ASG_11,Linear Algebra,2025-12-31 07:22:53.532624362,,7,missed,0,1,0
S0065,ASG_11,Linear Algebra,2025-12-31 07:22:53.532624362,2026-01-05 07:22:53.532624362,5,late,1,0,1
S0066,ASG_11,Linear Algebra,2025-12-31 07:22:53.532624362,2026-01-02 07:22:53.532624362,2,late,1,0,1
S0067,ASG_11,Linear Algebra,2025-12-31 07:22:53.532624362,2026-01-03 07:22:53.532624362,3,late,1,0,1
S0068,ASG_11,Linear Algebra,2025-12-31 07:22:53.532624362,2026-01-03 07:22:53.532624362,3,late,1,0,1
S0069,ASG_11,Linear Algebra,2025-12-31 07:22:53.532624362,2025-12-31 07:22:53.532624362,0,on_time,0,0,1
S0070,ASG_11,Linear Algebra,2025-12-31 07:22:53.532624362,2026-01-02 07:22:53.532624362,2,late,1,0,1
S0071,ASG_11,Linear Algebra,2025-12-31 07:22:53.532624362,2026-01-03 07:22:53.532624362,3,late,1,0,1
S0072,ASG_11,Linear Algebra,2025-12-31 07:22:53.532624362,2026-01-02 07:22:53.532624362,2,late,1,0,1
S0073,ASG_11,Linear Algebra,2025-12-31 07:22:53.532624362,2026-01-02 07:22:53.532624362,2,late,1,0,1
S0074,ASG_11,Linear Algebra,2025-12-31 07:22:53.532624362,2026-01-03 07:22:53.532624362,3,late,1,0,1
S0075,ASG_11,Linear Algebra,2025-12-31 07:22:53.532624362,2026-01-03 07:22:53.532624362,3,late,1,0,1
S0076,ASG_11,Linear Algebra,2025-12-31 07:22:53.532624362,2025-12-31 07:22:53.532624362,0,on_time,0,0,1
S0077,ASG_11,Linear Algebra,2025-12-31 07:22:53.532624362,2026-01-03 07:22:53.532624362,3,late,1,0,1
S0078,ASG_11,Linear Algebra,2025-12-31 07:22:53.532624362,,8,missed,0,1,0
S0079,ASG_11,Linear Algebra,2025-12-31 07:22:53.532624362,2025-12-31 07:22:53.532624362,0,on_time,0,0,1
S0080,ASG_11,Linear Algebra,2025-12-31 07:22:53.532624362,2026-01-02 07:22:53.532624362,2,late,1,0,1
S0081,ASG_11,Linear Algebra,2025-12-31 07:22:53.532624362,2026-01-03 07:22:53.532624362,3,late,1,0,1
S0082,ASG_11,Linear Algebra,2025-12-31 07:22:53.532624362,2026-01-02 07:22:53.532624362,2,late,1,0,1
S0083,ASG_11,Linear Algebra,2025-12-31 07:22:53.532624362,,9,missed,0,1,0
S0084,ASG_11,Linear Algebra,2025-12-31 07:22:53.532624362,2025-12-31 07:22:53.532624362,0,on_time,0,0,1
S0085,ASG_11,Linear Algebra,2025-12-31 07:22:53.532624362,2026-01-02 07:22:53.532624362,2,late,1,0,1
S0086,ASG_11,Linear Algebra,2025-12-31 07:22:53.532624362,2026-01-07 07:22:53.532624362,7,late,1,0,1
S0087,ASG_11,Linear Algebra,2025-12-31 07:22:53.532624362,2026-01-01 07:22:53.532624362,1,late,1,0,1
S0088,ASG_11,Linear Algebra,2025-12-31 07:22:53.532624362,2025-12-31 07:22:53.532624362,0,on_time,0,0,1
S0089,ASG_11,Linear Algebra,2025-12-31 07:22:53.532624362,,13,missed,0,1,0
S0090,ASG_11,Linear Algebra,2025-12-31 07:22:53.532624362,2026-01-01 07:22:53.532624362,1,late,1,0,1
S0091,ASG_11,Linear Algebra,2025-12-31 07:22:53.532624362,2026-01-01 07:22:53.532624362,1,late,1,0,1
S0092,ASG_11,Linear Algebra,2025-12-31 07:22:53.532624362,2025-12-31 07:22:53.532624362,0,on_time,0,0,1
S0093,ASG_11,Linear Algebra,2025-12-31 07:22:53.532624362,2026-01-02 07:22:53.532624362,2,late,1,0,1
S0094,ASG_11,Linear Algebra,2025-12-31 07:22:53.532624362,2026-01-01 07:22:53.532624362,1,late,1,0,1
S0095,ASG_11,Linear Algebra,2025-12-31 07:22:53.532624362,2025-12-31 07:22:53.532624362,0,on_time,0,0,1
S0096,ASG_11,Linear Algebra,2025-12-31 07:22:53.532624362,2025-12-31 07:22:53.532624362,0,on_time,0,0,1
S0097,ASG_11,Linear Algebra,2025-12-31 07:22:53.532624362,2026-01-04 07:22:53.532624362,4,late,1,0,1
S0098,ASG_11,Linear Algebra,2025-12-31 07:22:53.532624362,2025-12-31 07:22:53.532624362,0,on_time,0,0,1
S0099,ASG_11,Linear Algebra,2025-12-31 07:22:53.532624362,2026-01-02 07:22:53.532624362,2,late,1,0,1
S0100,ASG_11,Linear Algebra,2025-12-31 07:22:53.532624362,2026-01-01 07:22:53.532624362,1,late,1,0,1
S0101,ASG_11,Linear Algebra,2025-12-31 07:22:53.532624362,2026-01-02 07:22:53.532624362,2,late,1,0,1
S0102,ASG_11,Linear Algebra,2025-12-31 07:22:53.532624362,2025-12-31 07:22:53.532624362,0,on_time,0,0,1
S0103,ASG_11,Linear Algebra,2025-12-31 07:22:53.532624362,2025-12-31 07:22:53.532624362,0,on_time,0,0,1
S0104,ASG_11,Linear Algebra,2025-12-31 07:22:53.532624362,2026-01-01 07:22:53.532624362,1,late,1,0,1
S0105,ASG_11,Linear Algebra,2025-12-31 07:22:53.532624362,2026-01-02 07:22:53.532624362,2,late,1,0,1
S0106,ASG_11,Linear Algebra,2025-12-31 07:22:53.532624362,,14,missed,0,1,0
S0107,ASG_11,Linear Algebra,2025-12-31 07:22:53.532624362,2025-12-31 07:22:53.532624362,0,on_time,0,0,1
S0108,ASG_11,Linear Algebra,2025-12-31 07:22:53.532624362,2026-01-03 07:22:53.532624362,3,late,1,0,1
S0109,ASG_11,Linear Algebra,2025-12-31 07:22:53.532624362,2025-12-31 07:22:53.532624362,0,on_time,0,0,1
S0110,ASG_11,Linear Algebra,2025-12-31 07:22:53.532624362,2026-01-03 07:22:53.532624362,3,late,1,0,1
S0111,ASG_11,Linear Algebra,2025-12-31 07:22:53.532624362,2026-01-03 07:22:53.532624362,3,late,1,0,1
S0112,ASG_11,Linear Algebra,2025-12-31 07:22:53.532624362,2025-12-31 07:22:53.532624362,0,on_time,0,0,1
S0113,ASG_11,Linear Algebra,2025-12-31 07:22:53.532624362,2025-12-31 07:22:53.532624362,0,on_time,0,0,1
S0114,ASG_11,Linear Algebra,2025-12-31 07:22:53.532624362,2026-01-05 07:22:53.532624362,5,late,1,0,1
S0115,ASG_11,Linear Algebra,2025-12-31 07:22:53.532624362,,15,missed,0,1,0
S0116,ASG_11,Linear Algebra,2025-12-31 07:22:53.532624362,2026-01-01 07:22:53.532624362,1,late,1,0,1
S0117,ASG_11,Linear Algebra,2025-12-31 07:22:53.532624362,2025-12-31 07:22:53.532624362,0,on_time,0,0,1
S0118,ASG_11,Linear Algebra,2025-12-31 07:22:53.532624362,2026-01-04 07:22:53.532624362,4,late,1,0,1
S0119,ASG_11,Linear Algebra,2025-12-31 07:22:53.532624362,2025-12-31 07:22:53.532624362,0,on_time,0,0,1
S0120,ASG_11,Linear Algebra,2025-12-31 07:22:53.532624362,2026-01-02 07:22:53.532624362,2,late,1,0,1
S0121,ASG_11,Linear Algebra,2025-12-31 07:22:53.532624362,2026-01-02 07:22:53.532624362,2,late,1,0,1
S0122,ASG_11,Linear Algebra,2025-12-31 07:22:53.532624362,2026-01-05 07:22:53.532624362,5,late,1,0,1
S0123,ASG_11,Linear Algebra,2025-12-31 07:22:53.532624362,2026-01-01 07:22:53.532624362,1,late,1,0,1
S0124,ASG_11,Linear Algebra,2025-12-31 07:22:53.532624362,2025-12-31 07:22:53.532624362,0,on_time,0,0,1
S0125,ASG_11,Linear Algebra,2025-12-31 07:22:53.532624362,2026-01-02 07:22:53.532624362,2,late,1,0,1
S0126,ASG_11,Linear Algebra,2025-12-31 07:22:53.532624362,2026-01-02 07:22:53.532624362,2,late,1,0,1
S0127,ASG_11,Linear Algebra,2025-12-31 07:22:53.532624362,2026-01-06 07:22:53.532624362,6,late,1,0,1
S0128,ASG_11,Linear Algebra,2025-12-31 07:22:53.532624362,,15,missed,0,1,0
S0129,ASG_11,Linear Algebra,2025-12-31 07:22:53.532624362,2025-12-31 07:22:53.532624362,0,on_time,0,0,1
S0130,ASG_11,Linear Algebra,2025-12-31 07:22:53.532624362,2026-01-01 07:22:53.532624362,1,late,1,0,1
S0131,ASG_11,Linear Algebra,2025-12-31 07:22:53.532624362,2026-01-02 07:22:53.532624362,2,late,1,0,1
S0132,ASG_11,Linear Algebra,2025-12-31 07:22:53.532624362,,7,missed,0,1,0
S0133,ASG_11,Linear Algebra,2025-12-31 07:22:53.532624362,2025-12-31 07:22:53.532624362,0,on_time,0,0,1
S0134,ASG_11,Linear Algebra,2025-12-31 07:22:53.532624362,2026-01-02 07:22:53.532624362,2,late,1,0,1
S0135,ASG_11,Linear Algebra,2025-12-31 07:22:53.532624362,,8,missed,0,1,0
S0136,ASG_11,Linear Algebra,2025-12-31 07:22:53.532624362,2026-01-05 07:22:53.532624362,5,late,1,0,1
S0137,ASG_11,Linear Algebra,2025-12-31 07:22:53.532624362,2026-01-03 07:22:53.532624362,3,late,1,0,1
S0138,ASG_11,Linear Algebra,2025-12-31 07:22:53.532624362,2026-01-02 07:22:53.532624362,2,late,1,0,1
S0139,ASG_11,Linear Algebra,2025-12-31 07:22:53.532624362,2026-01-04 07:22:53.532624362,4,late,1,0,1
S0140,ASG_11,Linear Algebra,2025-12-31 07:22:53.532624362,2026-01-02 07:22:53.532624362,2,late,1,0,1
S0141,ASG_11,Linear Algebra,2025-12-31 07:22:53.532624362,2026-01-02 07:22:53.532624362,2,late,1,0,1
S0142,ASG_11,Linear Algebra,2025-12-31 07:22:53.532624362,2026-01-02 07:22:53.532624362,2,late,1,0,1
S0143,ASG_11,Linear Algebra,2025-12-31 07:22:53.532624362,2026-01-02 07:22:53.532624362,2,late,1,0,1
S0144,ASG_11,Linear Algebra,2025-12-31 07:22:53.532624362,2026-01-03 07:22:53.532624362,3,late,1,0,1
S0145,ASG_11,Linear Algebra,2025-12-31 07:22:53.532624362,2025-12-31 07:22:53.532624362,0,on_time,0,0,1
S0146,ASG_11,Linear Algebra,2025-12-31 07:22:53.532624362,2025-12-31 07:22:53.532624362,0,on_time,0,0,1
S0147,ASG_11,Linear Algebra,2025-12-31 07:22:53.532624362,,10,missed,0,1,0
S0148,ASG_11,Linear Algebra,2025-12-31 07:22:53.532624362,2026-01-02 07:22:53.532624362,2,late,1,0,1
S0149,ASG_11,Linear Algebra,2025-12-31 07:22:53.532624362,2025-12-31 07:22:53.532624362,0,on_time,0,0,1
S0150,ASG_11,Linear Algebra,2025-12-31 07:22:53.532624362,2026-01-03 07:22:53.532624362,3,late,1,0,1
S0151,ASG_11,Linear Algebra,2025-12-31 07:22:53.532624362,,10,missed,0,1,0
S0152,ASG_11,Linear Algebra,2025-12-31 07:22:53.532624362,,7,missed,0,1,0
S0153,ASG_11,Linear Algebra,2025-12-31 07:22:53.532624362,2026-01-03 07:22:53.532624362,3,late,1,0,1
S0154,ASG_11,Linear Algebra,2025-12-31 07:22:53.532624362,2026-01-05 07:22:53.532624362,5,late,1,0,1
S0155,ASG_11,Linear Algebra,2025-12-31 07:22:53.532624362,2026-01-06 07:22:53.532624362,6,late,1,0,1
S0156,ASG_11,Linear Algebra,2025-12-31 07:22:53.532624362,2025-12-31 07:22:53.532624362,0,on_time,0,0,1
S0157,ASG_11,Linear Algebra,2025-12-31 07:22:53.532624362,,10,missed,0,1,0
S0158,ASG_11,Linear Algebra,2025-12-31 07:22:53.532624362,2026-01-03 07:22:53.532624362,3,late,1,0,1
S0159,ASG_11,Linear Algebra,2025-12-31 07:22:53.532624362,2026-01-01 07:22:53.532624362,1,late,1,0,1
S0160,ASG_11,Linear Algebra,2025-12-31 07:22:53.532624362,2026-01-01 07:22:53.532624362,1,late,1,0,1
S0161,ASG_11,Linear Algebra,2025-12-31 07:22:53.532624362,2026-01-04 07:22:53.532624362,4,late,1,0,1
S0162,ASG_11,Linear Algebra,2025-12-31 07:22:53.532624362,2026-01-04 07:22:53.532624362,4,late,1,0,1
S0163,ASG_11,Linear Algebra,2025-12-31 07:22:53.532624362,2025-12-31 07:22:53.532624362,0,on_time,0,0,1
S0164,ASG_11,Linear Algebra,2025-12-31 07:22:53.532624362,2025-12-31 07:22:53.532624362,0,on_time,0,0,1
S0165,ASG_11,Linear Algebra,2025-12-31 07:22:53.532624362,,15,missed,0,1,0
S0166,ASG_11,Linear Algebra,2025-12-31 07:22:53.532624362,2026-01-02 07:22:53.532624362,2,late,1,0,1
S0167,ASG_11,Linear Algebra,2025-12-31 07:22:53.532624362,2025-12-31 07:22:53.532624362,0,on_time,0,0,1
S0168,ASG_11,Linear Algebra,2025-12-31 07:22:53.532624362,2025-12-31 07:22:53.532624362,0,on_time,0,0,1
S0169,ASG_11,Linear Algebra,2025-12-31 07:22:53.532624362,,9,missed,0,1,0
S0170,ASG_11,Linear Algebra,2025-12-31 07:22:53.532624362,2026-01-03 07:22:53.532624362,3,late,1,0,1
S0171,ASG_11,Linear Algebra,2025-12-31 07:22:53.532624362,2026-01-02 07:22:53.532624362,2,late,1,0,1
S0172,ASG_11,Linear Algebra,2025-12-31 07:22:53.532624362,2026-01-02 07:22:53.532624362,2,late,1,0,1
S0173,ASG_11,Linear Algebra,2025-12-31 07:22:53.532624362,2026-01-01 07:22:53.532624362,1,late,1,0,1
S0174,ASG_11,Linear Algebra,2025-12-31 07:22:53.532624362,,7,missed,0,1,0
S0175,ASG_11,Linear Algebra,2025-12-31 07:22:53.532624362,,7,missed,0,1,0
S0176,ASG_11,Linear Algebra,2025-12-31 07:22:53.532624362,2026-01-02 07:22:53.532624362,2,late,1,0,1
S0177,ASG_11,Linear Algebra,2025-12-31 07:22:53.532624362,2026-01-01 07:22:53.532624362,1,late,1,0,1
S0178,ASG_11,Linear Algebra,2025-12-31 07:22:53.532624362,2026-01-04 07:22:53.532624362,4,late,1,0,1
S0179,ASG_11,Linear Algebra,2025-12-31 07:22:53.532624362,2026-01-01 07:22:53.532624362,1,late,1,0,1
S0180,ASG_11,Linear Algebra,2025-12-31 07:22:53.532624362,2026-01-02 07:22:53.532624362,2,late,1,0,1
S0181,ASG_11,Linear Algebra,2025-12-31 07:22:53.532624362,2025-12-31 07:22:53.532624362,0,on_time,0,0,1
S0182,ASG_11,Linear Algebra,2025-12-31 07:22:53.532624362,2026-01-03 07:22:53.532624362,3,late,1,0,1
S0183,ASG_11,Linear Algebra,2025-12-31 07:22:53.532624362,,10,missed,0,1,0
S0184,ASG_11,Linear Algebra,2025-12-31 07:22:53.532624362,2026-01-02 07:22:53.532624362,2,late,1,0,1
S0185,ASG_11,Linear Algebra,2025-12-31 07:22:53.532624362,2025-12-31 07:22:53.532624362,0,on_time,0,0,1
S0186,ASG_11,Linear Algebra,2025-12-31 07:22:53.532624362,2026-01-02 07:22:53.532624362,2,late,1,0,1
S0187,ASG_11,Linear Algebra,2025-12-31 07:22:53.532624362,2025-12-31 07:22:53.532624362,0,on_time,0,0,1
S0188,ASG_11,Linear Algebra,2025-12-31 07:22:53.532624362,2026-01-01 07:22:53.532624362,1,late,1,0,1
S0189,ASG_11,Linear Algebra,2025-12-31 07:22:53.532624362,2026-01-02 07:22:53.532624362,2,late,1,0,1
S0190,ASG_11,Linear Algebra,2025-12-31 07:22:53.532624362,2026-01-04 07:22:53.532624362,4,late,1,0,1
S0191,ASG_11,Linear Algebra,2025-12-31 07:22:53.532624362,2026-01-01 07:22:53.532624362,1,late,1,0,1
S0192,ASG_11,Linear Algebra,2025-12-31 07:22:53.532624362,2026-01-01 07:22:53.532624362,1,late,1,0,1
S0193,ASG_11,Linear Algebra,2025-12-31 07:22:53.532624362,2026-01-02 07:22:53.532624362,2,late,1,0,1
S0194,ASG_11,Linear Algebra,2025-12-31 07:22:53.532624362,2026-01-02 07:22:53.532624362,2,late,1,0,1
S0195,ASG_11,Linear Algebra,2025-12-31 07:22:53.532624362,2025-12-31 07:22:53.532624362,0,on_time,0,0,1
S0196,ASG_11,Linear Algebra,2025-12-31 07:22:53.532624362,2025-12-31 07:22:53.532624362,0,on_time,0,0,1
S0197,ASG_11,Linear Algebra,2025-12-31 07:22:53.532624362,2025-12-31 07:22:53.532624362,0,on_time,0,0,1
S0198,ASG_11,Linear Algebra,2025-12-31 07:22:53.532624362,2026-01-04 07:22:53.532624362,4,late,1,0,1
S0199,ASG_11,Linear Algebra,2025-12-31 07:22:53.532624362,2026-01-02 07:22:53.532624362,2,late,1,0,1
S0200,ASG_11,Linear Algebra,2025-12-31 07:22:53.532624362,2026-01-01 07:22:53.532624362,1,late,1,0,1
S0201,ASG_11,Linear Algebra,2025-12-31 07:22:53.532624362,2026-01-04 07:22:53.532624362,4,late,1,0,1
S0202,ASG_11,Linear Algebra,2025-12-31 07:22:53.532624362,2025-12-31 07:22:53.532624362,0,on_time,0,0,1
S0203,ASG_11,Linear Algebra,2025-12-31 07:22:53.532624362,2026-01-01 07:22:53.532624362,1,late,1,0,1
S0204,ASG_11,Linear Algebra,2025-12-31 07:22:53.532624362,2025-12-31 07:22:53.532624362,0,on_time,0,0,1
S0205,ASG_11,Linear Algebra,2025-12-31 07:22:53.532624362,2026-01-03 07:22:53.532624362,3,late,1,0,1
S0206,ASG_11,Linear Algebra,2025-12-31 07:22:53.532624362,2025-12-31 07:22:53.532624362,0,on_time,0,0,1
S0207,ASG_11,Linear Algebra,2025-12-31 07:22:53.532624362,2025-12-31 07:22:53.532624362,0,on_time,0,0,1
S0208,ASG_11,Linear Algebra,2025-12-31 07:22:53.532624362,2026-01-02 07:22:53.532624362,2,late,1,0,1
S0209,ASG_11,Linear Algebra,2025-12-31 07:22:53.532624362,2025-12-31 07:22:53.532624362,0,on_time,0,0,1
S0210,ASG_11,Linear Algebra,2025-12-31 07:22:53.532624362,2025-12-31 07:22:53.532624362,0,on_time,0,0,1
S0211,ASG_11,Linear Algebra,2025-12-31 07:22:53.532624362,2026-01-02 07:22:53.532624362,2,late,1,0,1
S0212,ASG_11,Linear Algebra,2025-12-31 07:22:53.532624362,2025-12-31 07:22:53.532624362,0,on_time,0,0,1
S0213,ASG_11,Linear Algebra,2025-12-31 07:22:53.532624362,2026-01-06 07:22:53.532624362,6,late,1,0,1
S0214,ASG_11,Linear Algebra,2025-12-31 07:22:53.532624362,2026-01-02 07:22:53.532624362,2,late,1,0,1
S0215,ASG_11,Linear Algebra,2025-12-31 07:22:53.532624362,,10,missed,0,1,0
S0216,ASG_11,Linear Algebra,2025-12-31 07:22:53.532624362,2025-12-31 07:22:53.532624362,0,on_time,0,0,1
S0217,ASG_11,Linear Algebra,2025-12-31 07:22:53.532624362,2026-01-05 07:22:53.532624362,5,late,1,0,1
S0218,ASG_11,Linear Algebra,2025-12-31 07:22:53.532624362,2026-01-02 07:22:53.532624362,2,late,1,0,1
S0219,ASG_11,Linear Algebra,2025-12-31 07:22:53.532624362,2026-01-01 07:22:53.532624362,1,late,1,0,1
S0220,ASG_11,Linear Algebra,2025-12-31 07:22:53.532624362,2026-01-01 07:22:53.532624362,1,late,1,0,1
S0221,ASG_11,Linear Algebra,2025-12-31 07:22:53.532624362,2025-12-31 07:22:53.532624362,0,on_time,0,0,1
S0222,ASG_11,Linear Algebra,2025-12-31 07:22:53.532624362,2026-01-01 07:22:53.532624362,1,late,1,0,1
S0223,ASG_11,Linear Algebra,2025-12-31 07:22:53.532624362,2025-12-31 07:22:53.532624362,0,on_time,0,0,1
S0224,ASG_11,Linear Algebra,2025-12-31 07:22:53.532624362,2026-01-02 07:22:53.532624362,2,late,1,0,1
S0225,ASG_11,Linear Algebra,2025-12-31 07:22:53.532624362,2026-01-01 07:22:53.532624362,1,late,1,0,1
S0226,ASG_11,Linear Algebra,2025-12-31 07:22:53.532624362,2026-01-01 07:22:53.532624362,1,late,1,0,1
S0227,ASG_11,Linear Algebra,2025-12-31 07:22:53.532624362,2026-01-01 07:22:53.532624362,1,late,1,0,1
S0228,ASG_11,Linear Algebra,2025-12-31 07:22:53.532624362,2025-12-31 07:22:53.532624362,0,on_time,0,0,1
S0229,ASG_11,Linear Algebra,2025-12-31 07:22:53.532624362,2025-12-31 07:22:53.532624362,0,on_time,0,0,1
S0230,ASG_11,Linear Algebra,2025-12-31 07:22:53.532624362,2025-12-31 07:22:53.532624362,0,on_time,0,0,1
S0231,ASG_11,Linear Algebra,2025-12-31 07:22:53.532624362,,11,missed,0,1,0
S0232,ASG_11,Linear Algebra,2025-12-31 07:22:53.532624362,2026-01-02 07:22:53.532624362,2,late,1,0,1
S0233,ASG_11,Linear Algebra,2025-12-31 07:22:53.532624362,2026-01-01 07:22:53.532624362,1,late,1,0,1
S0234,ASG_11,Linear Algebra,2025-12-31 07:22:53.532624362,2026-01-06 07:22:53.532624362,6,late,1,0,1
S0235,ASG_11,Linear Algebra,2025-12-31 07:22:53.532624362,2026-01-01 07:22:53.532624362,1,late,1,0,1
S0236,ASG_11,Linear Algebra,2025-12-31 07:22:53.532624362,2025-12-31 07:22:53.532624362,0,on_time,0,0,1
S0237,ASG_11,Linear Algebra,2025-12-31 07:22:53.532624362,2026-01-03 07:22:53.532624362,3,late,1,0,1
S0238,ASG_11,Linear Algebra,2025-12-31 07:22:53.532624362,2026-01-06 07:22:53.532624362,6,late,1,0,1
S0239,ASG_11,Linear Algebra,2025-12-31 07:22:53.532624362,2025-12-31 07:22:53.532624362,0,on_time,0,0,1
S0240,ASG_11,Linear Algebra,2025-12-31 07:22:53.532624362,2026-01-04 07:22:53.532624362,4,late,1,0,1
S0241,ASG_11,Linear Algebra,2025-12-31 07:22:53.532624362,2025-12-31 07:22:53.532624362,0,on_time,0,0,1
S0242,ASG_11,Linear Algebra,2025-12-31 07:22:53.532624362,2025-12-31 07:22:53.532624362,0,on_time,0,0,1
S0243,ASG_11,Linear Algebra,2025-12-31 07:22:53.532624362,2026-01-01 07:22:53.532624362,1,late,1,0,1
S0244,ASG_11,Linear Algebra,2025-12-31 07:22:53.532624362,2026-01-04 07:22:53.532624362,4,late,1,0,1
S0245,ASG_11,Linear Algebra,2025-12-31 07:22:53.532624362,2026-01-03 07:22:53.532624362,3,late,1,0,1
S0246,ASG_11,Linear Algebra,2025-12-31 07:22:53.532624362,,11,missed,0,1,0
S0247,ASG_11,Linear Algebra,2025-12-31 07:22:53.532624362,2025-12-31 07:22:53.532624362,0,on_time,0,0,1
S0248,ASG_11,Linear Algebra,2025-12-31 07:22:53.532624362,2025-12-31 07:22:53.532624362,0,on_time,0,0,1
S0249,ASG_11,Linear Algebra,2025-12-31 07:22:53.532624362,2026-01-02 07:22:53.532624362,2,late,1,0,1
S0250,ASG_11,Linear Algebra,2025-12-31 07:22:53.532624362,,8,missed,0,1,0
S0251,ASG_11,Linear Algebra,2025-12-31 07:22:53.532624362,2026-01-03 07:22:53.532624362,3,late,1,0,1
S0252,ASG_11,Linear Algebra,2025-12-31 07:22:53.532624362,,15,missed,0,1,0
S0253,ASG_11,Linear Algebra,2025-12-31 07:22:53.532624362,2026-01-01 07:22:53.532624362,1,late,1,0,1
S0254,ASG_11,Linear Algebra,2025-12-31 07:22:53.532624362,2026-01-06 07:22:53.532624362,6,late,1,0,1
S0255,ASG_11,Linear Algebra,2025-12-31 07:22:53.532624362,2026-01-03 07:22:53.532624362,3,late,1,0,1
S0256,ASG_11,Linear Algebra,2025-12-31 07:22:53.532624362,2026-01-03 07:22:53.532624362,3,late,1,0,1
S0257,ASG_11,Linear Algebra,2025-12-31 07:22:53.532624362,2026-01-03 07:22:53.532624362,3,late,1,0,1
S0258,ASG_11,Linear Algebra,2025-12-31 07:22:53.532624362,2026-01-03 07:22:53.532624362,3,late,1,0,1
S0259,ASG_11,Linear Algebra,2025-12-31 07:22:53.532624362,,14,missed,0,1,0
S0260,ASG_11,Linear Algebra,2025-12-31 07:22:53.532624362,2026-01-01 07:22:53.532624362,1,late,1,0,1
S0261,ASG_11,Linear Algebra,2025-12-31 07:22:53.532624362,2025-12-31 07:22:53.532624362,0,on_time,0,0,1
S0262,ASG_11,Linear Algebra,2025-12-31 07:22:53.532624362,2026-01-01 07:22:53.532624362,1,late,1,0,1
S0263,ASG_11,Linear Algebra,2025-12-31 07:22:53.532624362,2026-01-03 07:22:53.532624362,3,late,1,0,1
S0264,ASG_11,Linear Algebra,2025-12-31 07:22:53.532624362,2026-01-01 07:22:53.532624362,1,late,1,0,1
S0265,ASG_11,Linear Algebra,2025-12-31 07:22:53.532624362,2026-01-01 07:22:53.532624362,1,late,1,0,1
S0266,ASG_11,Linear Algebra,2025-12-31 07:22:53.532624362,2026-01-02 07:22:53.532624362,2,late,1,0,1
S0267,ASG_11,Linear Algebra,2025-12-31 07:22:53.532624362,,8,missed,0,1,0
S0268,ASG_11,Linear Algebra,2025-12-31 07:22:53.532624362,2026-01-01 07:22:53.532624362,1,late,1,0,1
S0269,ASG_11,Linear Algebra,2025-12-31 07:22:53.532624362,2026-01-04 07:22:53.532624362,4,late,1,0,1
S0270,ASG_11,Linear Algebra,2025-12-31 07:22:53.532624362,,8,missed,0,1,0
S0271,ASG_11,Linear Algebra,2025-12-31 07:22:53.532624362,,10,missed,0,1,0
S0272,ASG_11,Linear Algebra,2025-12-31 07:22:53.532624362,2025-12-31 07:22:53.532624362,0,on_time,0,0,1
S0273,ASG_11,Linear Algebra,2025-12-31 07:22:53.532624362,2026-01-01 07:22:53.532624362,1,late,1,0,1
S0274,ASG_11,Linear Algebra,2025-12-31 07:22:53.532624362,2026-01-02 07:22:53.532624362,2,late,1,0,1
S0275,ASG_11,Linear Algebra,2025-12-31 07:22:53.532624362,2026-01-01 07:22:53.532624362,1,late,1,0,1
S0276,ASG_11,Linear Algebra,2025-12-31 07:22:53.532624362,2025-12-31 07:22:53.532624362,0,on_time,0,0,1
S0277,ASG_11,Linear Algebra,2025-12-31 07:22:53.532624362,,13,missed,0,1,0
S0278,ASG_11,Linear Algebra,2025-12-31 07:22:53.532624362,2026-01-01 07:22:53.532624362,1,late,1,0,1
S0279,ASG_11,Linear Algebra,2025-12-31 07:22:53.532624362,2026-01-01 07:22:53.532624362,1,late,1,0,1
S0280,ASG_11,Linear Algebra,2025-12-31 07:22:53.532624362,2025-12-31 07:22:53.532624362,0,on_time,0,0,1
S0281,ASG_11,Linear Algebra,2025-12-31 07:22:53.532624362,2026-01-03 07:22:53.532624362,3,late,1,0,1
S0282,ASG_11,Linear Algebra,2025-12-31 07:22:53.532624362,2025-12-31 07:22:53.532624362,0,on_time,0,0,1
S0283,ASG_11,Linear Algebra,2025-12-31 07:22:53.532624362,2025-12-31 07:22:53.532624362,0,on_time,0,0,1
S0284,ASG_11,Linear Algebra,2025-12-31 07:22:53.532624362,2026-01-03 07:22:53.532624362,3,late,1,0,1
S0285,ASG_11,Linear Algebra,2025-12-31 07:22:53.532624362,,13,missed,0,1,0
S0286,ASG_11,Linear Algebra,2025-12-31 07:22:53.532624362,,14,missed,0,1,0
S0287,ASG_11,Linear Algebra,2025-12-31 07:22:53.532624362,,15,missed,0,1,0
S0288,ASG_11,Linear Algebra,2025-12-31 07:22:53.532624362,2026-01-01 07:22:53.532624362,1,late,1,0,1
S0289,ASG_11,Linear Algebra,2025-12-31 07:22:53.532624362,2025-12-31 07:22:53.532624362,0,on_time,0,0,1
S0290,ASG_11,Linear Algebra,2025-12-31 07:22:53.532624362,2026-01-01 07:22:53.532624362,1,late,1,0,1
S0291,ASG_11,Linear Algebra,2025-12-31 07:22:53.532624362,2026-01-02 07:22:53.532624362,2,late,1,0,1
S0292,ASG_11,Linear Algebra,2025-12-31 07:22:53.532624362,2026-01-02 07:22:53.532624362,2,late,1,0,1
S0293,ASG_11,Linear Algebra,2025-12-31 07:22:53.532624362,2026-01-02 07:22:53.532624362,2,late,1,0,1
S0294,ASG_11,Linear Algebra,2025-12-31 07:22:53.532624362,,9,missed,0,1,0
S0295,ASG_11,Linear Algebra,2025-12-31 07:22:53.532624362,2026-01-01 07:22:53.532624362,1,late,1,0,1
S0296,ASG_11,Linear Algebra,2025-12-31 07:22:53.532624362,2026-01-01 07:22:53.532624362,1,late,1,0,1
S0297,ASG_11,Linear Algebra,2025-12-31 07:22:53.532624362,2026-01-02 07:22:53.532624362,2,late,1,0,1
S0298,ASG_11,Linear Algebra,2025-12-31 07:22:53.532624362,2025-12-31 07:22:53.532624362,0,on_time,0,0,1
S0299,ASG_11,Linear Algebra,2025-12-31 07:22:53.532624362,2026-01-02 07:22:53.532624362,2,late,1,0,1
S0300,ASG_11,Linear Algebra,2025-12-31 07:22:53.532624362,2026-01-02 07:22:53.532624362,2,late,1,0,1
S0301,ASG_11,Linear Algebra,2025-12-31 07:22:53.532624362,,11,missed,0,1,0
S0302,ASG_11,Linear Algebra,2025-12-31 07:22:53.532624362,2025-12-31 07:22:53.532624362,0,on_time,0,0,1
S0303,ASG_11,Linear Algebra,2025-12-31 07:22:53.532624362,2026-01-04 07:22:53.532624362,4,late,1,0,1
S0304,ASG_11,Linear Algebra,2025-12-31 07:22:53.532624362,,11,missed,0,1,0
S0305,ASG_11,Linear Algebra,2025-12-31 07:22:53.532624362,2025-12-31 07:22:53.532624362,0,on_time,0,0,1
S0306,ASG_11,Linear Algebra,2025-12-31 07:22:53.532624362,2026-01-02 07:22:53.532624362,2,late,1,0,1
S0307,ASG_11,Linear Algebra,2025-12-31 07:22:53.532624362,2026-01-03 07:22:53.532624362,3,late,1,0,1
S0308,ASG_11,Linear Algebra,2025-12-31 07:22:53.532624362,2026-01-01 07:22:53.532624362,1,late,1,0,1
S0309,ASG_11,Linear Algebra,2025-12-31 07:22:53.532624362,2025-12-31 07:22:53.532624362,0,on_time,0,0,1
S0310,ASG_11,Linear Algebra,2025-12-31 07:22:53.532624362,2025-12-31 07:22:53.532624362,0,on_time,0,0,1
S0311,ASG_11,Linear Algebra,2025-12-31 07:22:53.532624362,2026-01-05 07:22:53.532624362,5,late,1,0,1
S0312,ASG_11,Linear Algebra,2025-12-31 07:22:53.532624362,2026-01-03 07:22:53.532624362,3,late,1,0,1
S0313,ASG_11,Linear Algebra,2025-12-31 07:22:53.532624362,2026-01-01 07:22:53.532624362,1,late,1,0,1
S0314,ASG_11,Linear Algebra,2025-12-31 07:22:53.532624362,2026-01-03 07:22:53.532624362,3,late,1,0,1
S0315,ASG_11,Linear Algebra,2025-12-31 07:22:53.532624362,2025-12-31 07:22:53.532624362,0,on_time,0,0,1
S0316,ASG_11,Linear Algebra,2025-12-31 07:22:53.532624362,2026-01-01 07:22:53.532624362,1,late,1,0,1
S0317,ASG_11,Linear Algebra,2025-12-31 07:22:53.532624362,2026-01-03 07:22:53.532624362,3,late,1,0,1
S0318,ASG_11,Linear Algebra,2025-12-31 07:22:53.532624362,,11,missed,0,1,0
S0319,ASG_11,Linear Algebra,2025-12-31 07:22:53.532624362,2026-01-01 07:22:53.532624362,1,late,1,0,1
S0320,ASG_11,Linear Algebra,2025-12-31 07:22:53.532624362,2026-01-01 07:22:53.532624362,1,late,1,0,1
S0321,ASG_11,Linear Algebra,2025-12-31 07:22:53.532624362,2025-12-31 07:22:53.532624362,0,on_time,0,0,1
S0322,ASG_11,Linear Algebra,2025-12-31 07:22:53.532624362,,14,missed,0,1,0
S0323,ASG_11,Linear Algebra,2025-12-31 07:22:53.532624362,2026-01-04 07:22:53.532624362,4,late,1,0,1
S0324,ASG_11,Linear Algebra,2025-12-31 07:22:53.532624362,2025-12-31 07:22:53.532624362,0,on_time,0,0,1
S0325,ASG_11,Linear Algebra,2025-12-31 07:22:53.532624362,2026-01-01 07:22:53.532624362,1,late,1,0,1
S0326,ASG_11,Linear Algebra,2025-12-31 07:22:53.532624362,2026-01-01 07:22:53.532624362,1,late,1,0,1
S0327,ASG_11,Linear Algebra,2025-12-31 07:22:53.532624362,2026-01-01 07:22:53.532624362,1,late,1,0,1
S0328,ASG_11,Linear Algebra,2025-12-31 07:22:53.532624362,2026-01-04 07:22:53.532624362,4,late,1,0,1
S0329,ASG_11,Linear Algebra,2025-12-31 07:22:53.532624362,2026-01-04 07:22:53.532624362,4,late,1,0,1
S0330,ASG_11,Linear Algebra,2025-12-31 07:22:53.532624362,,14,missed,0,1,0
S0331,ASG_11,Linear Algebra,2025-12-31 07:22:53.532624362,2026-01-02 07:22:53.532624362,2,late,1,0,1
S0332,ASG_11,Linear Algebra,2025-12-31 07:22:53.532624362,2026-01-03 07:22:53.532624362,3,late,1,0,1
S0333,ASG_11,Linear Algebra,2025-12-31 07:22:53.532624362,2026-01-02 07:22:53.532624362,2,late,1,0,1
S0334,ASG_11,Linear Algebra,2025-12-31 07:22:53.532624362,2026-01-01 07:22:53.532624362,1,late,1,0,1
S0335,ASG_11,Linear Algebra,2025-12-31 07:22:53.532624362,2025-12-31 07:22:53.532624362,0,on_time,0,0,1
S0336,ASG_11,Linear Algebra,2025-12-31 07:22:53.532624362,2026-01-02 07:22:53.532624362,2,late,1,0,1
S0337,ASG_11,Linear Algebra,2025-12-31 07:22:53.532624362,2025-12-31 07:22:53.532624362,0,on_time,0,0,1
S0338,ASG_11,Linear Algebra,2025-12-31 07:22:53.532624362,2026-01-01 07:22:53.532624362,1,late,1,0,1
S0339,ASG_11,Linear Algebra,2025-12-31 07:22:53.532624362,2025-12-31 07:22:53.532624362,0,on_time,0,0,1
S0340,ASG_11,Linear Algebra,2025-12-31 07:22:53.532624362,2025-12-31 07:22:53.532624362,0,on_time,0,0,1
S0341,ASG_11,Linear Algebra,2025-12-31 07:22:53.532624362,,10,missed,0,1,0
S0342,ASG_11,Linear Algebra,2025-12-31 07:22:53.532624362,2025-12-31 07:22:53.532624362,0,on_time,0,0,1
S0343,ASG_11,Linear Algebra,2025-12-31 07:22:53.532624362,2026-01-04 07:22:53.532624362,4,late,1,0,1
S0344,ASG_11,Linear Algebra,2025-12-31 07:22:53.532624362,2025-12-31 07:22:53.532624362,0,on_time,0,0,1
S0345,ASG_11,Linear Algebra,2025-12-31 07:22:53.532624362,2026-01-02 07:22:53.532624362,2,late,1,0,1
S0346,ASG_11,Linear Algebra,2025-12-31 07:22:53.532624362,2026-01-02 07:22:53.532624362,2,late,1,0,1
S0347,ASG_11,Linear Algebra,2025-12-31 07:22:53.532624362,2026-01-01 07:22:53.532624362,1,late,1,0,1
S0348,ASG_11,Linear Algebra,2025-12-31 07:22:53.532624362,2026-01-04 07:22:53.532624362,4,late,1,0,1
S0349,ASG_11,Linear Algebra,2025-12-31 07:22:53.532624362,2025-12-31 07:22:53.532624362,0,on_time,0,0,1
S0350,ASG_11,Linear Algebra,2025-12-31 07:22:53.532624362,2026-01-01 07:22:53.532624362,1,late,1,0,1
S0351,ASG_11,Linear Algebra,2025-12-31 07:22:53.532624362,2026-01-01 07:22:53.532624362,1,late,1,0,1
S0352,ASG_11,Linear Algebra,2025-12-31 07:22:53.532624362,2026-01-03 07:22:53.532624362,3,late,1,0,1
S0353,ASG_11,Linear Algebra,2025-12-31 07:22:53.532624362,2026-01-03 07:22:53.532624362,3,late,1,0,1
S0354,ASG_11,Linear Algebra,2025-12-31 07:22:53.532624362,2025-12-31 07:22:53.532624362,0,on_time,0,0,1
S0355,ASG_11,Linear Algebra,2025-12-31 07:22:53.532624362,2026-01-03 07:22:53.532624362,3,late,1,0,1
S0356,ASG_11,Linear Algebra,2025-12-31 07:22:53.532624362,2025-12-31 07:22:53.532624362,0,on_time,0,0,1
S0357,ASG_11,Linear Algebra,2025-12-31 07:22:53.532624362,2025-12-31 07:22:53.532624362,0,on_time,0,0,1
S0358,ASG_11,Linear Algebra,2025-12-31 07:22:53.532624362,2025-12-31 07:22:53.532624362,0,on_time,0,0,1
S0359,ASG_11,Linear Algebra,2025-12-31 07:22:53.532624362,2025-12-31 07:22:53.532624362,0,on_time,0,0,1
S0360,ASG_11,Linear Algebra,2025-12-31 07:22:53.532624362,,8,missed,0,1,0
S0361,ASG_11,Linear Algebra,2025-12-31 07:22:53.532624362,2026-01-02 07:22:53.532624362,2,late,1,0,1
S0362,ASG_11,Linear Algebra,2025-12-31 07:22:53.532624362,2025-12-31 07:22:53.532624362,0,on_time,0,0,1
S0363,ASG_11,Linear Algebra,2025-12-31 07:22:53.532624362,2025-12-31 07:22:53.532624362,0,on_time,0,0,1
S0364,ASG_11,Linear Algebra,2025-12-31 07:22:53.532624362,,14,missed,0,1,0
S0365,ASG_11,Linear Algebra,2025-12-31 07:22:53.532624362,2025-12-31 07:22:53.532624362,0,on_time,0,0,1
S0366,ASG_11,Linear Algebra,2025-12-31 07:22:53.532624362,2026-01-03 07:22:53.532624362,3,late,1,0,1
S0367,ASG_11,Linear Algebra,2025-12-31 07:22:53.532624362,2025-12-31 07:22:53.532624362,0,on_time,0,0,1
S0368,ASG_11,Linear Algebra,2025-12-31 07:22:53.532624362,2025-12-31 07:22:53.532624362,0,on_time,0,0,1
S0369,ASG_11,Linear Algebra,2025-12-31 07:22:53.532624362,2025-12-31 07:22:53.532624362,0,on_time,0,0,1
S0370,ASG_11,Linear Algebra,2025-12-31 07:22:53.532624362,2026-01-02 07:22:53.532624362,2,late,1,0,1
S0371,ASG_11,Linear Algebra,2025-12-31 07:22:53.532624362,2026-01-04 07:22:53.532624362,4,late,1,0,1
S0372,ASG_11,Linear Algebra,2025-12-31 07:22:53.532624362,2026-01-02 07:22:53.532624362,2,late,1,0,1
S0373,ASG_11,Linear Algebra,2025-12-31 07:22:53.532624362,2025-12-31 07:22:53.532624362,0,on_time,0,0,1
S0374,ASG_11,Linear Algebra,2025-12-31 07:22:53.532624362,2026-01-05 07:22:53.532624362,5,late,1,0,1
S0375,ASG_11,Linear Algebra,2025-12-31 07:22:53.532624362,2026-01-02 07:22:53.532624362,2,late,1,0,1
S0376,ASG_11,Linear Algebra,2025-12-31 07:22:53.532624362,2026-01-03 07:22:53.532624362,3,late,1,0,1
S0377,ASG_11,Linear Algebra,2025-12-31 07:22:53.532624362,2025-12-31 07:22:53.532624362,0,on_time,0,0,1
S0378,ASG_11,Linear Algebra,2025-12-31 07:22:53.532624362,,9,missed,0,1,0
S0379,ASG_11,Linear Algebra,2025-12-31 07:22:53.532624362,2026-01-01 07:22:53.532624362,1,late,1,0,1
S0380,ASG_11,Linear Algebra,2025-12-31 07:22:53.532624362,2025-12-31 07:22:53.532624362,0,on_time,0,0,1
S0381,ASG_11,Linear Algebra,2025-12-31 07:22:53.532624362,2026-01-02 07:22:53.532624362,2,late,1,0,1
S0382,ASG_11,Linear Algebra,2025-12-31 07:22:53.532624362,,14,missed,0,1,0
S0383,ASG_11,Linear Algebra,2025-12-31 07:22:53.532624362,2026-01-01 07:22:53.532624362,1,late,1,0,1
S0384,ASG_11,Linear Algebra,2025-12-31 07:22:53.532624362,2026-01-01 07:22:53.532624362,1,late,1,0,1
S0385,ASG_11,Linear Algebra,2025-12-31 07:22:53.532624362,2026-01-01 07:22:53.532624362,1,late,1,0,1
S0386,ASG_11,Linear Algebra,2025-12-31 07:22:53.532624362,2026-01-02 07:22:53.532624362,2,late,1,0,1
S0387,ASG_11,Linear Algebra,2025-12-31 07:22:53.532624362,2026-01-03 07:22:53.532624362,3,late,1,0,1
S0388,ASG_11,Linear Algebra,2025-12-31 07:22:53.532624362,2025-12-31 07:22:53.532624362,0,on_time,0,0,1
S0389,ASG_11,Linear Algebra,2025-12-31 07:22:53.532624362,2025-12-31 07:22:53.532624362,0,on_time,0,0,1
S0390,ASG_11,Linear Algebra,2025-12-31 07:22:53.532624362,2026-01-01 07:22:53.532624362,1,late,1,0,1
S0391,ASG_11,Linear Algebra,2025-12-31 07:22:53.532624362,2026-01-02 07:22:53.532624362,2,late,1,0,1
S0392,ASG_11,Linear Algebra,2025-12-31 07:22:53.532624362,2026-01-02 07:22:53.532624362,2,late,1,0,1
S0393,ASG_11,Linear Algebra,2025-12-31 07:22:53.532624362,2026-01-02 07:22:53.532624362,2,late,1,0,1
S0394,ASG_11,Linear Algebra,2025-12-31 07:22:53.532624362,2026-01-04 07:22:53.532624362,4,late,1,0,1
S0395,ASG_11,Linear Algebra,2025-12-31 07:22:53.532624362,2025-12-31 07:22:53.532624362,0,on_time,0,0,1
S0396,ASG_11,Linear Algebra,2025-12-31 07:22:53.532624362,2026-01-01 07:22:53.532624362,1,late,1,0,1
S0397,ASG_11,Linear Algebra,2025-12-31 07:22:53.532624362,2026-01-05 07:22:53.532624362,5,late,1,0,1
S0398,ASG_11,Linear Algebra,2025-12-31 07:22:53.532624362,2025-12-31 07:22:53.532624362,0,on_time,0,0,1
S0399,ASG_11,Linear Algebra,2025-12-31 07:22:53.532624362,2026-01-03 07:22:53.532624362,3,late,1,0,1
S0400,ASG_11,Linear Algebra,2025-12-31 07:22:53.532624362,2025-12-31 07:22:53.532624362,0,on_time,0,0,1
S0401,ASG_11,Linear Algebra,2025-12-31 07:22:53.532624362,2026-01-02 07:22:53.532624362,2,late,1,0,1
S0402,ASG_11,Linear Algebra,2025-12-31 07:22:53.532624362,2026-01-04 07:22:53.532624362,4,late,1,0,1
S0403,ASG_11,Linear Algebra,2025-12-31 07:22:53.532624362,2026-01-02 07:22:53.532624362,2,late,1,0,1
S0404,ASG_11,Linear Algebra,2025-12-31 07:22:53.532624362,2025-12-31 07:22:53.532624362,0,on_time,0,0,1
S0405,ASG_11,Linear Algebra,2025-12-31 07:22:53.532624362,2025-12-31 07:22:53.532624362,0,on_time,0,0,1
S0406,ASG_11,Linear Algebra,2025-12-31 07:22:53.532624362,2026-01-01 07:22:53.532624362,1,late,1,0,1
S0407,ASG_11,Linear Algebra,2025-12-31 07:22:53.532624362,2025-12-31 07:22:53.532624362,0,on_time,0,0,1
S0408,ASG_11,Linear Algebra,2025-12-31 07:22:53.532624362,2026-01-05 07:22:53.532624362,5,late,1,0,1
S0409,ASG_11,Linear Algebra,2025-12-31 07:22:53.532624362,2025-12-31 07:22:53.532624362,0,on_time,0,0,1
S0410,ASG_11,Linear Algebra,2025-12-31 07:22:53.532624362,2026-01-02 07:22:53.532624362,2,late,1,0,1
S0411,ASG_11,Linear Algebra,2025-12-31 07:22:53.532624362,,13,missed,0,1,0
S0412,ASG_11,Linear Algebra,2025-12-31 07:22:53.532624362,2025-12-31 07:22:53.532624362,0,on_time,0,0,1
S0413,ASG_11,Linear Algebra,2025-12-31 07:22:53.532624362,2026-01-03 07:22:53.532624362,3,late,1,0,1
S0414,ASG_11,Linear Algebra,2025-12-31 07:22:53.532624362,2026-01-01 07:22:53.532624362,1,late,1,0,1
S0415,ASG_11,Linear Algebra,2025-12-31 07:22:53.532624362,2026-01-01 07:22:53.532624362,1,late,1,0,1
S0416,ASG_11,Linear Algebra,2025-12-31 07:22:53.532624362,2025-12-31 07:22:53.532624362,0,on_time,0,0,1
S0417,ASG_11,Linear Algebra,2025-12-31 07:22:53.532624362,2026-01-02 07:22:53.532624362,2,late,1,0,1
S0418,ASG_11,Linear Algebra,2025-12-31 07:22:53.532624362,2026-01-04 07:22:53.532624362,4,late,1,0,1
S0419,ASG_11,Linear Algebra,2025-12-31 07:22:53.532624362,2025-12-31 07:22:53.532624362,0,on_time,0,0,1
S0420,ASG_11,Linear Algebra,2025-12-31 07:22:53.532624362,2026-01-03 07:22:53.532624362,3,late,1,0,1
S0421,ASG_11,Linear Algebra,2025-12-31 07:22:53.532624362,2026-01-02 07:22:53.532624362,2,late,1,0,1
S0422,ASG_11,Linear Algebra,2025-12-31 07:22:53.532624362,2026-01-02 07:22:53.532624362,2,late,1,0,1
S0423,ASG_11,Linear Algebra,2025-12-31 07:22:53.532624362,2026-01-01 07:22:53.532624362,1,late,1,0,1
S0424,ASG_11,Linear Algebra,2025-12-31 07:22:53.532624362,,9,missed,0,1,0
S0425,ASG_11,Linear Algebra,2025-12-31 07:22:53.532624362,2026-01-04 07:22:53.532624362,4,late,1,0,1
S0426,ASG_11,Linear Algebra,2025-12-31 07:22:53.532624362,2026-01-01 07:22:53.532624362,1,late,1,0,1
S0427,ASG_11,Linear Algebra,2025-12-31 07:22:53.532624362,2025-12-31 07:22:53.532624362,0,on_time,0,0,1
S0428,ASG_11,Linear Algebra,2025-12-31 07:22:53.532624362,2025-12-31 07:22:53.532624362,0,on_time,0,0,1
S0429,ASG_11,Linear Algebra,2025-12-31 07:22:53.532624362,2026-01-02 07:22:53.532624362,2,late,1,0,1
S0430,ASG_11,Linear Algebra,2025-12-31 07:22:53.532624362,2026-01-02 07:22:53.532624362,2,late,1,0,1
S0431,ASG_11,Linear Algebra,2025-12-31 07:22:53.532624362,,9,missed,0,1,0
S0432,ASG_11,Linear Algebra,2025-12-31 07:22:53.532624362,2026-01-02 07:22:53.532624362,2,late,1,0,1
S0433,ASG_11,Linear Algebra,2025-12-31 07:22:53.532624362,2026-01-04 07:22:53.532624362,4,late,1,0,1
S0434,ASG_11,Linear Algebra,2025-12-31 07:22:53.532624362,2026-01-03 07:22:53.532624362,3,late,1,0,1
S0435,ASG_11,Linear Algebra,2025-12-31 07:22:53.532624362,2025-12-31 07:22:53.532624362,0,on_time,0,0,1
S0436,ASG_11,Linear Algebra,2025-12-31 07:22:53.532624362,2026-01-02 07:22:53.532624362,2,late,1,0,1
S0437,ASG_11,Linear Algebra,2025-12-31 07:22:53.532624362,2026-01-01 07:22:53.532624362,1,late,1,0,1
S0438,ASG_11,Linear Algebra,2025-12-31 07:22:53.532624362,2026-01-05 07:22:53.532624362,5,late,1,0,1
S0439,ASG_11,Linear Algebra,2025-12-31 07:22:53.532624362,2026-01-03 07:22:53.532624362,3,late,1,0,1
S0440,ASG_11,Linear Algebra,2025-12-31 07:22:53.532624362,2025-12-31 07:22:53.532624362,0,on_time,0,0,1
S0441,ASG_11,Linear Algebra,2025-12-31 07:22:53.532624362,2026-01-02 07:22:53.532624362,2,late,1,0,1
S0442,ASG_11,Linear Algebra,2025-12-31 07:22:53.532624362,2026-01-02 07:22:53.532624362,2,late,1,0,1
S0443,ASG_11,Linear Algebra,2025-12-31 07:22:53.532624362,2026-01-04 07:22:53.532624362,4,late,1,0,1
S0444,ASG_11,Linear Algebra,2025-12-31 07:22:53.532624362,2026-01-01 07:22:53.532624362,1,late,1,0,1
S0445,ASG_11,Linear Algebra,2025-12-31 07:22:53.532624362,2026-01-02 07:22:53.532624362,2,late,1,0,1
S0446,ASG_11,Linear Algebra,2025-12-31 07:22:53.532624362,2025-12-31 07:22:53.532624362,0,on_time,0,0,1
S0447,ASG_11,Linear Algebra,2025-12-31 07:22:53.532624362,2026-01-02 07:22:53.532624362,2,late,1,0,1
S0448,ASG_11,Linear Algebra,2025-12-31 07:22:53.532624362,2025-12-31 07:22:53.532624362,0,on_time,0,0,1
S0449,ASG_11,Linear Algebra,2025-12-31 07:22:53.532624362,2026-01-02 07:22:53.532624362,2,late,1,0,1
S0450,ASG_11,Linear Algebra,2025-12-31 07:22:53.532624362,2026-01-02 07:22:53.532624362,2,late,1,0,1
S0451,ASG_11,Linear Algebra,2025-12-31 07:22:53.532624362,2026-01-02 07:22:53.532624362,2,late,1,0,1
S0452,ASG_11,Linear Algebra,2025-12-31 07:22:53.532624362,2025-12-31 07:22:53.532624362,0,on_time,0,0,1
S0453,ASG_11,Linear Algebra,2025-12-31 07:22:53.532624362,2026-01-02 07:22:53.532624362,2,late,1,0,1
S0454,ASG_11,Linear Algebra,2025-12-31 07:22:53.532624362,2026-01-04 07:22:53.532624362,4,late,1,0,1
S0455,ASG_11,Linear Algebra,2025-12-31 07:22:53.532624362,2026-01-05 07:22:53.532624362,5,late,1,0,1
S0456,ASG_11,Linear Algebra,2025-12-31 07:22:53.532624362,2026-01-02 07:22:53.532624362,2,late,1,0,1
S0457,ASG_11,Linear Algebra,2025-12-31 07:22:53.532624362,2026-01-04 07:22:53.532624362,4,late,1,0,1
S0458,ASG_11,Linear Algebra,2025-12-31 07:22:53.532624362,2025-12-31 07:22:53.532624362,0,on_time,0,0,1
S0459,ASG_11,Linear Algebra,2025-12-31 07:22:53.532624362,2026-01-01 07:22:53.532624362,1,late,1,0,1
S0460,ASG_11,Linear Algebra,2025-12-31 07:22:53.532624362,2026-01-01 07:22:53.532624362,1,late,1,0,1
S0461,ASG_11,Linear Algebra,2025-12-31 07:22:53.532624362,2026-01-01 07:22:53.532624362,1,late,1,0,1
S0462,ASG_11,Linear Algebra,2025-12-31 07:22:53.532624362,2026-01-01 07:22:53.532624362,1,late,1,0,1
S0463,ASG_11,Linear Algebra,2025-12-31 07:22:53.532624362,2026-01-03 07:22:53.532624362,3,late,1,0,1
S0464,ASG_11,Linear Algebra,2025-12-31 07:22:53.532624362,2025-12-31 07:22:53.532624362,0,on_time,0,0,1
S0465,ASG_11,Linear Algebra,2025-12-31 07:22:53.532624362,2025-12-31 07:22:53.532624362,0,on_time,0,0,1
S0466,ASG_11,Linear Algebra,2025-12-31 07:22:53.532624362,2025-12-31 07:22:53.532624362,0,on_time,0,0,1
S0467,ASG_11,Linear Algebra,2025-12-31 07:22:53.532624362,,13,missed,0,1,0
S0468,ASG_11,Linear Algebra,2025-12-31 07:22:53.532624362,2026-01-03 07:22:53.532624362,3,late,1,0,1
S0469,ASG_11,Linear Algebra,2025-12-31 07:22:53.532624362,2025-12-31 07:22:53.532624362,0,on_time,0,0,1
S0470,ASG_11,Linear Algebra,2025-12-31 07:22:53.532624362,2025-12-31 07:22:53.532624362,0,on_time,0,0,1
S0471,ASG_11,Linear Algebra,2025-12-31 07:22:53.532624362,2025-12-31 07:22:53.532624362,0,on_time,0,0,1
S0472,ASG_11,Linear Algebra,2025-12-31 07:22:53.532624362,2026-01-03 07:22:53.532624362,3,late,1,0,1
S0473,ASG_11,Linear Algebra,2025-12-31 07:22:53.532624362,2026-01-03 07:22:53.532624362,3,late,1,0,1
S0474,ASG_11,Linear Algebra,2025-12-31 07:22:53.532624362,2025-12-31 07:22:53.532624362,0,on_time,0,0,1
S0475,ASG_11,Linear Algebra,2025-12-31 07:22:53.532624362,2026-01-05 07:22:53.532624362,5,late,1,0,1
S0476,ASG_11,Linear Algebra,2025-12-31 07:22:53.532624362,2026-01-03 07:22:53.532624362,3,late,1,0,1
S0477,ASG_11,Linear Algebra,2025-12-31 07:22:53.532624362,2025-12-31 07:22:53.532624362,0,on_time,0,0,1
S0478,ASG_11,Linear Algebra,2025-12-31 07:22:53.532624362,2026-01-02 07:22:53.532624362,2,late,1,0,1
S0479,ASG_11,Linear Algebra,2025-12-31 07:22:53.532624362,2025-12-31 07:22:53.532624362,0,on_time,0,0,1
S0480,ASG_11,Linear Algebra,2025-12-31 07:22:53.532624362,2026-01-02 07:22:53.532624362,2,late,1,0,1
S0481,ASG_11,Linear Algebra,2025-12-31 07:22:53.532624362,2026-01-02 07:22:53.532624362,2,late,1,0,1
S0482,ASG_11,Linear Algebra,2025-12-31 07:22:53.532624362,2026-01-02 07:22:53.532624362,2,late,1,0,1
S0483,ASG_11,Linear Algebra,2025-12-31 07:22:53.532624362,2026-01-05 07:22:53.532624362,5,late,1,0,1
S0484,ASG_11,Linear Algebra,2025-12-31 07:22:53.532624362,2026-01-03 07:22:53.532624362,3,late,1,0,1
S0485,ASG_11,Linear Algebra,2025-12-31 07:22:53.532624362,2025-12-31 07:22:53.532624362,0,on_time,0,0,1
S0486,ASG_11,Linear Algebra,2025-12-31 07:22:53.532624362,2026-01-01 07:22:53.532624362,1,late,1,0,1
S0487,ASG_11,Linear Algebra,2025-12-31 07:22:53.532624362,2026-01-02 07:22:53.532624362,2,late,1,0,1
S0488,ASG_11,Linear Algebra,2025-12-31 07:22:53.532624362,2026-01-02 07:22:53.532624362,2,late,1,0,1
S0489,ASG_11,Linear Algebra,2025-12-31 07:22:53.532624362,2026-01-01 07:22:53.532624362,1,late,1,0,1
S0490,ASG_11,Linear Algebra,2025-12-31 07:22:53.532624362,2026-01-01 07:22:53.532624362,1,late,1,0,1
S0491,ASG_11,Linear Algebra,2025-12-31 07:22:53.532624362,2026-01-02 07:22:53.532624362,2,late,1,0,1
S0492,ASG_11,Linear Algebra,2025-12-31 07:22:53.532624362,2025-12-31 07:22:53.532624362,0,on_time,0,0,1
S0493,ASG_11,Linear Algebra,2025-12-31 07:22:53.532624362,2026-01-01 07:22:53.532624362,1,late,1,0,1
S0494,ASG_11,Linear Algebra,2025-12-31 07:22:53.532624362,2026-01-03 07:22:53.532624362,3,late,1,0,1
S0495,ASG_11,Linear Algebra,2025-12-31 07:22:53.532624362,2026-01-04 07:22:53.532624362,4,late,1,0,1
S0496,ASG_11,Linear Algebra,2025-12-31 07:22:53.532624362,2026-01-02 07:22:53.532624362,2,late,1,0,1
S0497,ASG_11,Linear Algebra,2025-12-31 07:22:53.532624362,2025-12-31 07:22:53.532624362,0,on_time,0,0,1
S0498,ASG_11,Linear Algebra,2025-12-31 07:22:53.532624362,2025-12-31 07:22:53.532624362,0,on_time,0,0,1
S0499,ASG_11,Linear Algebra,2025-12-31 07:22:53.532624362,,7,missed,0,1,0
S0500,ASG_11,Linear Algebra,2025-12-31 07:22:53.532624362,2025-12-31 07:22:53.532624362,0,on_time,0,0,1
S0001,ASG_12,ML Basics,2026-01-16 13:55:37.168988000,2026-01-18 13:55:37.168988000,2,late,1,0,1
S0002,ASG_12,ML Basics,2026-01-16 13:55:37.168988000,2026-01-17 13:55:37.168988000,1,late,1,0,1
S0003,ASG_12,ML Basics,2026-01-16 13:55:37.168988000,2026-01-19 13:55:37.168988000,3,late,1,0,1
S0004,ASG_12,ML Basics,2026-01-16 13:55:37.168988000,2026-01-20 13:55:37.168988000,4,late,1,0,1
S0005,ASG_12,ML Basics,2026-01-16 13:55:37.168988000,2026-01-17 13:55:37.168988000,1,late,1,0,1
S0006,ASG_12,ML Basics,2026-01-16 13:55:37.168988000,2026-01-19 13:55:37.168988000,3,late,1,0,1
S0007,ASG_12,ML Basics,2026-01-16 13:55:37.168988000,2026-01-16 13:55:37.168988000,0,on_time,0,0,1
S0008,ASG_12,ML Basics,2026-01-16 13:55:37.168988000,2026-01-23 13:55:37.168988000,7,late,1,0,1
S0009,ASG_12,ML Basics,2026-01-16 13:55:37.168988000,2026-01-16 13:55:37.168988000,0,on_time,0,0,1
S0010,ASG_12,ML Basics,2026-01-16 13:55:37.168988000,2026-01-21 13:55:37.168988000,5,late,1,0,1
S0011,ASG_12,ML Basics,2026-01-16 13:55:37.168988000,2026-01-20 13:55:37.168988000,4,late,1,0,1
S0012,ASG_12,ML Basics,2026-01-16 13:55:37.168988000,2026-01-20 13:55:37.168988000,4,late,1,0,1
S0013,ASG_12,ML Basics,2026-01-16 13:55:37.168988000,2026-01-18 13:55:37.168988000,2,late,1,0,1
S0014,ASG_12,ML Basics,2026-01-16 13:55:37.168988000,,7,missed,0,1,0
S0015,ASG_12,ML Basics,2026-01-16 13:55:37.168988000,2026-01-18 13:55:37.168988000,2,late,1,0,1
S0016,ASG_12,ML Basics,2026-01-16 13:55:37.168988000,2026-01-18 13:55:37.168988000,2,late,1,0,1
S0017,ASG_12,ML Basics,2026-01-16 13:55:37.168988000,2026-01-16 13:55:37.168988000,0,on_time,0,0,1
S0018,ASG_12,ML Basics,2026-01-16 13:55:37.168988000,,13,missed,0,1,0
S0019,ASG_12,ML Basics,2026-01-16 13:55:37.168988000,,13,missed,0,1,0
S0020,ASG_12,ML Basics,2026-01-16 13:55:37.168988000,2026-01-20 13:55:37.168988000,4,late,1,0,1
S0021,ASG_12,ML Basics,2026-01-16 13:55:37.168988000,2026-01-21 13:55:37.168988000,5,late,1,0,1
S0022,ASG_12,ML Basics,2026-01-16 13:55:37.168988000,2026-01-18 13:55:37.168988000,2,late,1,0,1
S0023,ASG_12,ML Basics,2026-01-16 13:55:37.168988000,2026-01-16 13:55:37.168988000,0,on_time,0,0,1
S0024,ASG_12,ML Basics,2026-01-16 13:55:37.168988000,2026-01-16 13:55:37.168988000,0,on_time,0,0,1
S0025,ASG_12,ML Basics,2026-01-16 13:55:37.168988000,2026-01-18 13:55:37.168988000,2,late,1,0,1
S0026,ASG_12,ML Basics,2026-01-16 13:55:37.168988000,2026-01-17 13:55:37.168988000,1,late,1,0,1
S0027,ASG_12,ML Basics,2026-01-16 13:55:37.168988000,2026-01-19 13:55:37.168988000,3,late,1,0,1
S0028,ASG_12,ML Basics,2026-01-16 13:55:37.168988000,2026-01-16 13:55:37.168988000,0,on_time,0,0,1
S0029,ASG_12,ML Basics,2026-01-16 13:55:37.168988000,2026-01-19 13:55:37.168988000,3,late,1,0,1
S0030,ASG_12,ML Basics,2026-01-16 13:55:37.168988000,2026-01-16 13:55:37.168988000,0,on_time,0,0,1
S0031,ASG_12,ML Basics,2026-01-16 13:55:37.168988000,2026-01-18 13:55:37.168988000,2,late,1,0,1
S0032,ASG_12,ML Basics,2026-01-16 13:55:37.168988000,2026-01-18 13:55:37.168988000,2,late,1,0,1
S0033,ASG_12,ML Basics,2026-01-16 13:55:37.168988000,2026-01-21 13:55:37.168988000,5,late,1,0,1
S0034,ASG_12,ML Basics,2026-01-16 13:55:37.168988000,2026-01-19 13:55:37.168988000,3,late,1,0,1
S0035,ASG_12,ML Basics,2026-01-16 13:55:37.168988000,2026-01-19 13:55:37.168988000,3,late,1,0,1
S0036,ASG_12,ML Basics,2026-01-16 13:55:37.168988000,2026-01-17 13:55:37.168988000,1,late,1,0,1
S0037,ASG_12,ML Basics,2026-01-16 13:55:37.168988000,2026-01-16 13:55:37.168988000,0,on_time,0,0,1
S0038,ASG_12,ML Basics,2026-01-16 13:55:37.168988000,2026-01-16 13:55:37.168988000,0,on_time,0,0,1
S0039,ASG_12,ML Basics,2026-01-16 13:55:37.168988000,2026-01-20 13:55:37.168988000,4,late,1,0,1
S0040,ASG_12,ML Basics,2026-01-16 13:55:37.168988000,2026-01-19 13:55:37.168988000,3,late,1,0,1
S0041,ASG_12,ML Basics,2026-01-16 13:55:37.168988000,2026-01-17 13:55:37.168988000,1,late,1,0,1
S0042,ASG_12,ML Basics,2026-01-16 13:55:37.168988000,2026-01-20 13:55:37.168988000,4,late,1,0,1
S0043,ASG_12,ML Basics,2026-01-16 13:55:37.168988000,2026-01-16 13:55:37.168988000,0,on_time,0,0,1
S0044,ASG_12,ML Basics,2026-01-16 13:55:37.168988000,2026-01-19 13:55:37.168988000,3,late,1,0,1
S0045,ASG_12,ML Basics,2026-01-16 13:55:37.168988000,2026-01-16 13:55:37.168988000,0,on_time,0,0,1
S0046,ASG_12,ML Basics,2026-01-16 13:55:37.168988000,2026-01-16 13:55:37.168988000,0,on_time,0,0,1
S0047,ASG_12,ML Basics,2026-01-16 13:55:37.168988000,2026-01-17 13:55:37.168988000,1,late,1,0,1
S0048,ASG_12,ML Basics,2026-01-16 13:55:37.168988000,2026-01-17 13:55:37.168988000,1,late,1,0,1
S0049,ASG_12,ML Basics,2026-01-16 13:55:37.168988000,2026-01-18 13:55:37.168988000,2,late,1,0,1
S0050,ASG_12,ML Basics,2026-01-16 13:55:37.168988000,2026-01-18 13:55:37.168988000,2,late,1,0,1
S0051,ASG_12,ML Basics,2026-01-16 13:55:37.168988000,2026-01-18 13:55:37.168988000,2,late,1,0,1
S0052,ASG_12,ML Basics,2026-01-16 13:55:37.168988000,2026-01-18 13:55:37.168988000,2,late,1,0,1
S0053,ASG_12,ML Basics,2026-01-16 13:55:37.168988000,2026-01-19 13:55:37.168988000,3,late,1,0,1
S0054,ASG_12,ML Basics,2026-01-16 13:55:37.168988000,2026-01-16 13:55:37.168988000,0,on_time,0,0,1
S0055,ASG_12,ML Basics,2026-01-16 13:55:37.168988000,2026-01-17 13:55:37.168988000,1,late,1,0,1
S0056,ASG_12,ML Basics,2026-01-16 13:55:37.168988000,2026-01-18 13:55:37.168988000,2,late,1,0,1
S0057,ASG_12,ML Basics,2026-01-16 13:55:37.168988000,2026-01-16 13:55:37.168988000,0,on_time,0,0,1
S0058,ASG_12,ML Basics,2026-01-16 13:55:37.168988000,2026-01-16 13:55:37.168988000,0,on_time,0,0,1
S0059,ASG_12,ML Basics,2026-01-16 13:55:37.168988000,2026-01-22 13:55:37.168988000,6,late,1,0,1
S0060,ASG_12,ML Basics,2026-01-16 13:55:37.168988000,2026-01-16 13:55:37.168988000,0,on_time,0,0,1
S0061,ASG_12,ML Basics,2026-01-16 13:55:37.168988000,2026-01-16 13:55:37.168988000,0,on_time,0,0,1
S0062,ASG_12,ML Basics,2026-01-16 13:55:37.168988000,2026-01-16 13:55:37.168988000,0,on_time,0,0,1
S0063,ASG_12,ML Basics,2026-01-16 13:55:37.168988000,2026-01-17 13:55:37.168988000,1,late,1,0,1
S0064,ASG_12,ML Basics,2026-01-16 13:55:37.168988000,2026-01-18 13:55:37.168988000,2,late,1,0,1
S0065,ASG_12,ML Basics,2026-01-16 13:55:37.168988000,,13,missed,0,1,0
S0066,ASG_12,ML Basics,2026-01-16 13:55:37.168988000,2026-01-16 13:55:37.168988000,0,on_time,0,0,1
S0067,ASG_12,ML Basics,2026-01-16 13:55:37.168988000,2026-01-18 13:55:37.168988000,2,late,1,0,1
S0068,ASG_12,ML Basics,2026-01-16 13:55:37.168988000,2026-01-16 13:55:37.168988000,0,on_time,0,0,1
S0069,ASG_12,ML Basics,2026-01-16 13:55:37.168988000,2026-01-16 13:55:37.168988000,0,on_time,0,0,1
S0070,ASG_12,ML Basics,2026-01-16 13:55:37.168988000,2026-01-17 13:55:37.168988000,1,late,1,0,1
S0071,ASG_12,ML Basics,2026-01-16 13:55:37.168988000,2026-01-20 13:55:37.168988000,4,late,1,0,1
S0072,ASG_12,ML Basics,2026-01-16 13:55:37.168988000,2026-01-17 13:55:37.168988000,1,late,1,0,1
S0073,ASG_12,ML Basics,2026-01-16 13:55:37.168988000,2026-01-18 13:55:37.168988000,2,late,1,0,1
S0074,ASG_12,ML Basics,2026-01-16 13:55:37.168988000,2026-01-16 13:55:37.168988000,0,on_time,0,0,1
S0075,ASG_12,ML Basics,2026-01-16 13:55:37.168988000,2026-01-16 13:55:37.168988000,0,on_time,0,0,1
S0076,ASG_12,ML Basics,2026-01-16 13:55:37.168988000,2026-01-19 13:55:37.168988000,3,late,1,0,1
S0077,ASG_12,ML Basics,2026-01-16 13:55:37.168988000,2026-01-18 13:55:37.168988000,2,late,1,0,1
S0078,ASG_12,ML Basics,2026-01-16 13:55:37.168988000,2026-01-19 13:55:37.168988000,3,late,1,0,1
S0079,ASG_12,ML Basics,2026-01-16 13:55:37.168988000,2026-01-17 13:55:37.168988000,1,late,1,0,1
S0080,ASG_12,ML Basics,2026-01-16 13:55:37.168988000,2026-01-19 13:55:37.168988000,3,late,1,0,1
S0081,ASG_12,ML Basics,2026-01-16 13:55:37.168988000,2026-01-16 13:55:37.168988000,0,on_time,0,0,1
S0082,ASG_12,ML Basics,2026-01-16 13:55:37.168988000,2026-01-17 13:55:37.168988000,1,late,1,0,1
S0083,ASG_12,ML Basics,2026-01-16 13:55:37.168988000,2026-01-18 13:55:37.168988000,2,late,1,0,1
S0084,ASG_12,ML Basics,2026-01-16 13:55:37.168988000,2026-01-16 13:55:37.168988000,0,on_time,0,0,1
S0085,ASG_12,ML Basics,2026-01-16 13:55:37.168988000,2026-01-16 13:55:37.168988000,0,on_time,0,0,1
S0086,ASG_12,ML Basics,2026-01-16 13:55:37.168988000,2026-01-21 13:55:37.168988000,5,late,1,0,1
S0087,ASG_12,ML Basics,2026-01-16 13:55:37.168988000,2026-01-18 13:55:37.168988000,2,late,1,0,1
S0088,ASG_12,ML Basics,2026-01-16 13:55:37.168988000,2026-01-16 13:55:37.168988000,0,on_time,0,0,1
S0089,ASG_12,ML Basics,2026-01-16 13:55:37.168988000,2026-01-17 13:55:37.168988000,1,late,1,0,1
S0090,ASG_12,ML Basics,2026-01-16 13:55:37.168988000,2026-01-16 13:55:37.168988000,0,on_time,0,0,1
S0091,ASG_12,ML Basics,2026-01-16 13:55:37.168988000,2026-01-16 13:55:37.168988000,0,on_time,0,0,1
S0092,ASG_12,ML Basics,2026-01-16 13:55:37.168988000,2026-01-19 13:55:37.168988000,3,late,1,0,1
S0093,ASG_12,ML Basics,2026-01-16 13:55:37.168988000,2026-01-17 13:55:37.168988000,1,late,1,0,1
S0094,ASG_12,ML Basics,2026-01-16 13:55:37.168988000,2026-01-16 13:55:37.168988000,0,on_time,0,0,1
S0095,ASG_12,ML Basics,2026-01-16 13:55:37.168988000,2026-01-16 13:55:37.168988000,0,on_time,0,0,1
S0096,ASG_12,ML Basics,2026-01-16 13:55:37.168988000,2026-01-17 13:55:37.168988000,1,late,1,0,1
S0097,ASG_12,ML Basics,2026-01-16 13:55:37.168988000,2026-01-18 13:55:37.168988000,2,late,1,0,1
S0098,ASG_12,ML Basics,2026-01-16 13:55:37.168988000,2026-01-16 13:55:37.168988000,0,on_time,0,0,1
S0099,ASG_12,ML Basics,2026-01-16 13:55:37.168988000,2026-01-21 13:55:37.168988000,5,late,1,0,1
S0100,ASG_12,ML Basics,2026-01-16 13:55:37.168988000,2026-01-16 13:55:37.168988000,0,on_time,0,0,1
S0101,ASG_12,ML Basics,2026-01-16 13:55:37.168988000,2026-01-16 13:55:37.168988000,0,on_time,0,0,1
S0102,ASG_12,ML Basics,2026-01-16 13:55:37.168988000,2026-01-17 13:55:37.168988000,1,late,1,0,1
S0103,ASG_12,ML Basics,2026-01-16 13:55:37.168988000,2026-01-21 13:55:37.168988000,5,late,1,0,1
S0104,ASG_12,ML Basics,2026-01-16 13:55:37.168988000,2026-01-18 13:55:37.168988000,2,late,1,0,1
S0105,ASG_12,ML Basics,2026-01-16 13:55:37.168988000,2026-01-17 13:55:37.168988000,1,late,1,0,1
S0106,ASG_12,ML Basics,2026-01-16 13:55:37.168988000,2026-01-16 13:55:37.168988000,0,on_time,0,0,1
S0107,ASG_12,ML Basics,2026-01-16 13:55:37.168988000,2026-01-16 13:55:37.168988000,0,on_time,0,0,1
S0108,ASG_12,ML Basics,2026-01-16 13:55:37.168988000,2026-01-16 13:55:37.168988000,0,on_time,0,0,1
S0109,ASG_12,ML Basics,2026-01-16 13:55:37.168988000,2026-01-17 13:55:37.168988000,1,late,1,0,1
S0110,ASG_12,ML Basics,2026-01-16 13:55:37.168988000,2026-01-17 13:55:37.168988000,1,late,1,0,1
S0111,ASG_12,ML Basics,2026-01-16 13:55:37.168988000,2026-01-18 13:55:37.168988000,2,late,1,0,1
S0112,ASG_12,ML Basics,2026-01-16 13:55:37.168988000,2026-01-18 13:55:37.168988000,2,late,1,0,1
S0113,ASG_12,ML Basics,2026-01-16 13:55:37.168988000,2026-01-17 13:55:37.168988000,1,late,1,0,1
S0114,ASG_12,ML Basics,2026-01-16 13:55:37.168988000,2026-01-20 13:55:37.168988000,4,late,1,0,1
S0115,ASG_12,ML Basics,2026-01-16 13:55:37.168988000,,14,missed,0,1,0
S0116,ASG_12,ML Basics,2026-01-16 13:55:37.168988000,2026-01-16 13:55:37.168988000,0,on_time,0,0,1
S0117,ASG_12,ML Basics,2026-01-16 13:55:37.168988000,2026-01-18 13:55:37.168988000,2,late,1,0,1
S0118,ASG_12,ML Basics,2026-01-16 13:55:37.168988000,2026-01-20 13:55:37.168988000,4,late,1,0,1
S0119,ASG_12,ML Basics,2026-01-16 13:55:37.168988000,2026-01-22 13:55:37.168988000,6,late,1,0,1
S0120,ASG_12,ML Basics,2026-01-16 13:55:37.168988000,2026-01-17 13:55:37.168988000,1,late,1,0,1
S0121,ASG_12,ML Basics,2026-01-16 13:55:37.168988000,2026-01-19 13:55:37.168988000,3,late,1,0,1
S0122,ASG_12,ML Basics,2026-01-16 13:55:37.168988000,2026-01-19 13:55:37.168988000,3,late,1,0,1
S0123,ASG_12,ML Basics,2026-01-16 13:55:37.168988000,2026-01-18 13:55:37.168988000,2,late,1,0,1
S0124,ASG_12,ML Basics,2026-01-16 13:55:37.168988000,2026-01-17 13:55:37.168988000,1,late,1,0,1
S0125,ASG_12,ML Basics,2026-01-16 13:55:37.168988000,2026-01-20 13:55:37.168988000,4,late,1,0,1
S0126,ASG_12,ML Basics,2026-01-16 13:55:37.168988000,,8,missed,0,1,0
S0127,ASG_12,ML Basics,2026-01-16 13:55:37.168988000,2026-01-16 13:55:37.168988000,0,on_time,0,0,1
S0128,ASG_12,ML Basics,2026-01-16 13:55:37.168988000,2026-01-16 13:55:37.168988000,0,on_time,0,0,1
S0129,ASG_12,ML Basics,2026-01-16 13:55:37.168988000,2026-01-16 13:55:37.168988000,0,on_time,0,0,1
S0130,ASG_12,ML Basics,2026-01-16 13:55:37.168988000,2026-01-19 13:55:37.168988000,3,late,1,0,1
S0131,ASG_12,ML Basics,2026-01-16 13:55:37.168988000,2026-01-17 13:55:37.168988000,1,late,1,0,1
S0132,ASG_12,ML Basics,2026-01-16 13:55:37.168988000,2026-01-20 13:55:37.168988000,4,late,1,0,1
S0133,ASG_12,ML Basics,2026-01-16 13:55:37.168988000,2026-01-16 13:55:37.168988000,0,on_time,0,0,1
S0134,ASG_12,ML Basics,2026-01-16 13:55:37.168988000,2026-01-21 13:55:37.168988000,5,late,1,0,1
S0135,ASG_12,ML Basics,2026-01-16 13:55:37.168988000,2026-01-16 13:55:37.168988000,0,on_time,0,0,1
S0136,ASG_12,ML Basics,2026-01-16 13:55:37.168988000,,15,missed,0,1,0
S0137,ASG_12,ML Basics,2026-01-16 13:55:37.168988000,2026-01-17 13:55:37.168988000,1,late,1,0,1
S0138,ASG_12,ML Basics,2026-01-16 13:55:37.168988000,2026-01-16 13:55:37.168988000,0,on_time,0,0,1
S0139,ASG_12,ML Basics,2026-01-16 13:55:37.168988000,2026-01-17 13:55:37.168988000,1,late,1,0,1
S0140,ASG_12,ML Basics,2026-01-16 13:55:37.168988000,2026-01-18 13:55:37.168988000,2,late,1,0,1
S0141,ASG_12,ML Basics,2026-01-16 13:55:37.168988000,2026-01-17 13:55:37.168988000,1,late,1,0,1
S0142,ASG_12,ML Basics,2026-01-16 13:55:37.168988000,2026-01-16 13:55:37.168988000,0,on_time,0,0,1
S0143,ASG_12,ML Basics,2026-01-16 13:55:37.168988000,2026-01-17 13:55:37.168988000,1,late,1,0,1
S0144,ASG_12,ML Basics,2026-01-16 13:55:37.168988000,2026-01-17 13:55:37.168988000,1,late,1,0,1
S0145,ASG_12,ML Basics,2026-01-16 13:55:37.168988000,2026-01-16 13:55:37.168988000,0,on_time,0,0,1
S0146,ASG_12,ML Basics,2026-01-16 13:55:37.168988000,2026-01-18 13:55:37.168988000,2,late,1,0,1
S0147,ASG_12,ML Basics,2026-01-16 13:55:37.168988000,2026-01-20 13:55:37.168988000,4,late,1,0,1
S0148,ASG_12,ML Basics,2026-01-16 13:55:37.168988000,,7,missed,0,1,0
S0149,ASG_12,ML Basics,2026-01-16 13:55:37.168988000,2026-01-17 13:55:37.168988000,1,late,1,0,1
S0150,ASG_12,ML Basics,2026-01-16 13:55:37.168988000,,14,missed,0,1,0
S0151,ASG_12,ML Basics,2026-01-16 13:55:37.168988000,2026-01-18 13:55:37.168988000,2,late,1,0,1
S0152,ASG_12,ML Basics,2026-01-16 13:55:37.168988000,2026-01-16 13:55:37.168988000,0,on_time,0,0,1
S0153,ASG_12,ML Basics,2026-01-16 13:55:37.168988000,2026-01-19 13:55:37.168988000,3,late,1,0,1
S0154,ASG_12,ML Basics,2026-01-16 13:55:37.168988000,2026-01-19 13:55:37.168988000,3,late,1,0,1
S0155,ASG_12,ML Basics,2026-01-16 13:55:37.168988000,2026-01-19 13:55:37.168988000,3,late,1,0,1
S0156,ASG_12,ML Basics,2026-01-16 13:55:37.168988000,,11,missed,0,1,0
S0157,ASG_12,ML Basics,2026-01-16 13:55:37.168988000,2026-01-18 13:55:37.168988000,2,late,1,0,1
S0158,ASG_12,ML Basics,2026-01-16 13:55:37.168988000,2026-01-17 13:55:37.168988000,1,late,1,0,1
S0159,ASG_12,ML Basics,2026-01-16 13:55:37.168988000,2026-01-18 13:55:37.168988000,2,late,1,0,1
S0160,ASG_12,ML Basics,2026-01-16 13:55:37.168988000,2026-01-19 13:55:37.168988000,3,late,1,0,1
S0161,ASG_12,ML Basics,2026-01-16 13:55:37.168988000,2026-01-16 13:55:37.168988000,0,on_time,0,0,1
S0162,ASG_12,ML Basics,2026-01-16 13:55:37.168988000,2026-01-16 13:55:37.168988000,0,on_time,0,0,1
S0163,ASG_12,ML Basics,2026-01-16 13:55:37.168988000,,12,missed,0,1,0
S0164,ASG_12,ML Basics,2026-01-16 13:55:37.168988000,2026-01-19 13:55:37.168988000,3,late,1,0,1
S0165,ASG_12,ML Basics,2026-01-16 13:55:37.168988000,2026-01-16 13:55:37.168988000,0,on_time,0,0,1
S0166,ASG_12,ML Basics,2026-01-16 13:55:37.168988000,2026-01-17 13:55:37.168988000,1,late,1,0,1
S0167,ASG_12,ML Basics,2026-01-16 13:55:37.168988000,2026-01-16 13:55:37.168988000,0,on_time,0,0,1
S0168,ASG_12,ML Basics,2026-01-16 13:55:37.168988000,2026-01-18 13:55:37.168988000,2,late,1,0,1
S0169,ASG_12,ML Basics,2026-01-16 13:55:37.168988000,2026-01-16 13:55:37.168988000,0,on_time,0,0,1
S0170,ASG_12,ML Basics,2026-01-16 13:55:37.168988000,2026-01-19 13:55:37.168988000,3,late,1,0,1
S0171,ASG_12,ML Basics,2026-01-16 13:55:37.168988000,2026-01-19 13:55:37.168988000,3,late,1,0,1
S0172,ASG_12,ML Basics,2026-01-16 13:55:37.168988000,,9,missed,0,1,0
S0173,ASG_12,ML Basics,2026-01-16 13:55:37.168988000,,8,missed,0,1,0
S0174,ASG_12,ML Basics,2026-01-16 13:55:37.168988000,2026-01-18 13:55:37.168988000,2,late,1,0,1
S0175,ASG_12,ML Basics,2026-01-16 13:55:37.168988000,2026-01-17 13:55:37.168988000,1,late,1,0,1
S0176,ASG_12,ML Basics,2026-01-16 13:55:37.168988000,2026-01-18 13:55:37.168988000,2,late,1,0,1
S0177,ASG_12,ML Basics,2026-01-16 13:55:37.168988000,,13,missed,0,1,0
S0178,ASG_12,ML Basics,2026-01-16 13:55:37.168988000,,11,missed,0,1,0
S0179,ASG_12,ML Basics,2026-01-16 13:55:37.168988000,2026-01-17 13:55:37.168988000,1,late,1,0,1
S0180,ASG_12,ML Basics,2026-01-16 13:55:37.168988000,2026-01-16 13:55:37.168988000,0,on_time,0,0,1
S0181,ASG_12,ML Basics,2026-01-16 13:55:37.168988000,2026-01-17 13:55:37.168988000,1,late,1,0,1
S0182,ASG_12,ML Basics,2026-01-16 13:55:37.168988000,2026-01-19 13:55:37.168988000,3,late,1,0,1
S0183,ASG_12,ML Basics,2026-01-16 13:55:37.168988000,2026-01-21 13:55:37.168988000,5,late,1,0,1
S0184,ASG_12,ML Basics,2026-01-16 13:55:37.168988000,2026-01-19 13:55:37.168988000,3,late,1,0,1
S0185,ASG_12,ML Basics,2026-01-16 13:55:37.168988000,2026-01-16 13:55:37.168988000,0,on_time,0,0,1
S0186,ASG_12,ML Basics,2026-01-16 13:55:37.168988000,2026-01-19 13:55:37.168988000,3,late,1,0,1
S0187,ASG_12,ML Basics,2026-01-16 13:55:37.168988000,2026-01-17 13:55:37.168988000,1,late,1,0,1
S0188,ASG_12,ML Basics,2026-01-16 13:55:37.168988000,2026-01-16 13:55:37.168988000,0,on_time,0,0,1
S0189,ASG_12,ML Basics,2026-01-16 13:55:37.168988000,2026-01-21 13:55:37.168988000,5,late,1,0,1
S0190,ASG_12,ML Basics,2026-01-16 13:55:37.168988000,2026-01-18 13:55:37.168988000,2,late,1,0,1
S0191,ASG_12,ML Basics,2026-01-16 13:55:37.168988000,2026-01-16 13:55:37.168988000,0,on_time,0,0,1
S0192,ASG_12,ML Basics,2026-01-16 13:55:37.168988000,2026-01-21 13:55:37.168988000,5,late,1,0,1
S0193,ASG_12,ML Basics,2026-01-16 13:55:37.168988000,2026-01-18 13:55:37.168988000,2,late,1,0,1
S0194,ASG_12,ML Basics,2026-01-16 13:55:37.168988000,,13,missed,0,1,0
S0195,ASG_12,ML Basics,2026-01-16 13:55:37.168988000,2026-01-21 13:55:37.168988000,5,late,1,0,1
S0196,ASG_12,ML Basics,2026-01-16 13:55:37.168988000,2026-01-18 13:55:37.168988000,2,late,1,0,1
S0197,ASG_12,ML Basics,2026-01-16 13:55:37.168988000,2026-01-17 13:55:37.168988000,1,late,1,0,1
S0198,ASG_12,ML Basics,2026-01-16 13:55:37.168988000,2026-01-19 13:55:37.168988000,3,late,1,0,1
S0199,ASG_12,ML Basics,2026-01-16 13:55:37.168988000,2026-01-16 13:55:37.168988000,0,on_time,0,0,1
S0200,ASG_12,ML Basics,2026-01-16 13:55:37.168988000,2026-01-17 13:55:37.168988000,1,late,1,0,1
S0201,ASG_12,ML Basics,2026-01-16 13:55:37.168988000,2026-01-18 13:55:37.168988000,2,late,1,0,1
S0202,ASG_12,ML Basics,2026-01-16 13:55:37.168988000,2026-01-19 13:55:37.168988000,3,late,1,0,1
S0203,ASG_12,ML Basics,2026-01-16 13:55:37.168988000,2026-01-17 13:55:37.168988000,1,late,1,0,1
S0204,ASG_12,ML Basics,2026-01-16 13:55:37.168988000,2026-01-17 13:55:37.168988000,1,late,1,0,1
S0205,ASG_12,ML Basics,2026-01-16 13:55:37.168988000,2026-01-17 13:55:37.168988000,1,late,1,0,1
S0206,ASG_12,ML Basics,2026-01-16 13:55:37.168988000,2026-01-19 13:55:37.168988000,3,late,1,0,1
S0207,ASG_12,ML Basics,2026-01-16 13:55:37.168988000,2026-01-17 13:55:37.168988000,1,late,1,0,1
S0208,ASG_12,ML Basics,2026-01-16 13:55:37.168988000,,9,missed,0,1,0
S0209,ASG_12,ML Basics,2026-01-16 13:55:37.168988000,2026-01-19 13:55:37.168988000,3,late,1,0,1
S0210,ASG_12,ML Basics,2026-01-16 13:55:37.168988000,2026-01-20 13:55:37.168988000,4,late,1,0,1
S0211,ASG_12,ML Basics,2026-01-16 13:55:37.168988000,2026-01-20 13:55:37.168988000,4,late,1,0,1
S0212,ASG_12,ML Basics,2026-01-16 13:55:37.168988000,2026-01-16 13:55:37.168988000,0,on_time,0,0,1
S0213,ASG_12,ML Basics,2026-01-16 13:55:37.168988000,2026-01-19 13:55:37.168988000,3,late,1,0,1
S0214,ASG_12,ML Basics,2026-01-16 13:55:37.168988000,2026-01-16 13:55:37.168988000,0,on_time,0,0,1
S0215,ASG_12,ML Basics,2026-01-16 13:55:37.168988000,2026-01-18 13:55:37.168988000,2,late,1,0,1
S0216,ASG_12,ML Basics,2026-01-16 13:55:37.168988000,2026-01-17 13:55:37.168988000,1,late,1,0,1
S0217,ASG_12,ML Basics,2026-01-16 13:55:37.168988000,2026-01-16 13:55:37.168988000,0,on_time,0,0,1
S0218,ASG_12,ML Basics,2026-01-16 13:55:37.168988000,2026-01-19 13:55:37.168988000,3,late,1,0,1
S0219,ASG_12,ML Basics,2026-01-16 13:55:37.168988000,2026-01-17 13:55:37.168988000,1,late,1,0,1
S0220,ASG_12,ML Basics,2026-01-16 13:55:37.168988000,2026-01-17 13:55:37.168988000,1,late,1,0,1
S0221,ASG_12,ML Basics,2026-01-16 13:55:37.168988000,,8,missed,0,1,0
S0222,ASG_12,ML Basics,2026-01-16 13:55:37.168988000,2026-01-16 13:55:37.168988000,0,on_time,0,0,1
S0223,ASG_12,ML Basics,2026-01-16 13:55:37.168988000,2026-01-18 13:55:37.168988000,2,late,1,0,1
S0224,ASG_12,ML Basics,2026-01-16 13:55:37.168988000,2026-01-20 13:55:37.168988000,4,late,1,0,1
S0225,ASG_12,ML Basics,2026-01-16 13:55:37.168988000,2026-01-18 13:55:37.168988000,2,late,1,0,1
S0226,ASG_12,ML Basics,2026-01-16 13:55:37.168988000,2026-01-16 13:55:37.168988000,0,on_time,0,0,1
S0227,ASG_12,ML Basics,2026-01-16 13:55:37.168988000,2026-01-16 13:55:37.168988000,0,on_time,0,0,1
S0228,ASG_12,ML Basics,2026-01-16 13:55:37.168988000,2026-01-23 13:55:37.168988000,7,late,1,0,1
S0229,ASG_12,ML Basics,2026-01-16 13:55:37.168988000,2026-01-16 13:55:37.168988000,0,on_time,0,0,1
S0230,ASG_12,ML Basics,2026-01-16 13:55:37.168988000,2026-01-16 13:55:37.168988000,0,on_time,0,0,1
S0231,ASG_12,ML Basics,2026-01-16 13:55:37.168988000,2026-01-21 13:55:37.168988000,5,late,1,0,1
S0232,ASG_12,ML Basics,2026-01-16 13:55:37.168988000,2026-01-18 13:55:37.168988000,2,late,1,0,1
S0233,ASG_12,ML Basics,2026-01-16 13:55:37.168988000,2026-01-17 13:55:37.168988000,1,late,1,0,1
S0234,ASG_12,ML Basics,2026-01-16 13:55:37.168988000,2026-01-18 13:55:37.168988000,2,late,1,0,1
S0235,ASG_12,ML Basics,2026-01-16 13:55:37.168988000,2026-01-22 13:55:37.168988000,6,late,1,0,1
S0236,ASG_12,ML Basics,2026-01-16 13:55:37.168988000,2026-01-18 13:55:37.168988000,2,late,1,0,1
S0237,ASG_12,ML Basics,2026-01-16 13:55:37.168988000,2026-01-19 13:55:37.168988000,3,late,1,0,1
S0238,ASG_12,ML Basics,2026-01-16 13:55:37.168988000,2026-01-17 13:55:37.168988000,1,late,1,0,1
S0239,ASG_12,ML Basics,2026-01-16 13:55:37.168988000,2026-01-18 13:55:37.168988000,2,late,1,0,1
S0240,ASG_12,ML Basics,2026-01-16 13:55:37.168988000,2026-01-17 13:55:37.168988000,1,late,1,0,1
S0241,ASG_12,ML Basics,2026-01-16 13:55:37.168988000,2026-01-20 13:55:37.168988000,4,late,1,0,1
S0242,ASG_12,ML Basics,2026-01-16 13:55:37.168988000,,9,missed,0,1,0
S0243,ASG_12,ML Basics,2026-01-16 13:55:37.168988000,2026-01-17 13:55:37.168988000,1,late,1,0,1
S0244,ASG_12,ML Basics,2026-01-16 13:55:37.168988000,2026-01-16 13:55:37.168988000,0,on_time,0,0,1
S0245,ASG_12,ML Basics,2026-01-16 13:55:37.168988000,2026-01-18 13:55:37.168988000,2,late,1,0,1
S0246,ASG_12,ML Basics,2026-01-16 13:55:37.168988000,2026-01-20 13:55:37.168988000,4,late,1,0,1
S0247,ASG_12,ML Basics,2026-01-16 13:55:37.168988000,2026-01-20 13:55:37.168988000,4,late,1,0,1
S0248,ASG_12,ML Basics,2026-01-16 13:55:37.168988000,2026-01-17 13:55:37.168988000,1,late,1,0,1
S0249,ASG_12,ML Basics,2026-01-16 13:55:37.168988000,2026-01-18 13:55:37.168988000,2,late,1,0,1
S0250,ASG_12,ML Basics,2026-01-16 13:55:37.168988000,2026-01-19 13:55:37.168988000,3,late,1,0,1
S0251,ASG_12,ML Basics,2026-01-16 13:55:37.168988000,2026-01-18 13:55:37.168988000,2,late,1,0,1
S0252,ASG_12,ML Basics,2026-01-16 13:55:37.168988000,2026-01-20 13:55:37.168988000,4,late,1,0,1
S0253,ASG_12,ML Basics,2026-01-16 13:55:37.168988000,2026-01-18 13:55:37.168988000,2,late,1,0,1
S0254,ASG_12,ML Basics,2026-01-16 13:55:37.168988000,2026-01-16 13:55:37.168988000,0,on_time,0,0,1
S0255,ASG_12,ML Basics,2026-01-16 13:55:37.168988000,,8,missed,0,1,0
S0256,ASG_12,ML Basics,2026-01-16 13:55:37.168988000,2026-01-16 13:55:37.168988000,0,on_time,0,0,1
S0257,ASG_12,ML Basics,2026-01-16 13:55:37.168988000,2026-01-18 13:55:37.168988000,2,late,1,0,1
S0258,ASG_12,ML Basics,2026-01-16 13:55:37.168988000,2026-01-18 13:55:37.168988000,2,late,1,0,1
S0259,ASG_12,ML Basics,2026-01-16 13:55:37.168988000,2026-01-16 13:55:37.168988000,0,on_time,0,0,1
S0260,ASG_12,ML Basics,2026-01-16 13:55:37.168988000,2026-01-18 13:55:37.168988000,2,late,1,0,1
S0261,ASG_12,ML Basics,2026-01-16 13:55:37.168988000,2026-01-17 13:55:37.168988000,1,late,1,0,1
S0262,ASG_12,ML Basics,2026-01-16 13:55:37.168988000,2026-01-16 13:55:37.168988000,0,on_time,0,0,1
S0263,ASG_12,ML Basics,2026-01-16 13:55:37.168988000,2026-01-16 13:55:37.168988000,0,on_time,0,0,1
S0264,ASG_12,ML Basics,2026-01-16 13:55:37.168988000,2026-01-16 13:55:37.168988000,0,on_time,0,0,1
S0265,ASG_12,ML Basics,2026-01-16 13:55:37.168988000,2026-01-21 13:55:37.168988000,5,late,1,0,1
S0266,ASG_12,ML Basics,2026-01-16 13:55:37.168988000,2026-01-17 13:55:37.168988000,1,late,1,0,1
S0267,ASG_12,ML Basics,2026-01-16 13:55:37.168988000,2026-01-18 13:55:37.168988000,2,late,1,0,1
S0268,ASG_12,ML Basics,2026-01-16 13:55:37.168988000,2026-01-17 13:55:37.168988000,1,late,1,0,1
S0269,ASG_12,ML Basics,2026-01-16 13:55:37.168988000,2026-01-21 13:55:37.168988000,5,late,1,0,1
S0270,ASG_12,ML Basics,2026-01-16 13:55:37.168988000,2026-01-16 13:55:37.168988000,0,on_time,0,0,1
S0271,ASG_12,ML Basics,2026-01-16 13:55:37.168988000,2026-01-17 13:55:37.168988000,1,late,1,0,1
S0272,ASG_12,ML Basics,2026-01-16 13:55:37.168988000,2026-01-17 13:55:37.168988000,1,late,1,0,1
S0273,ASG_12,ML Basics,2026-01-16 13:55:37.168988000,,15,missed,0,1,0
S0274,ASG_12,ML Basics,2026-01-16 13:55:37.168988000,2026-01-17 13:55:37.168988000,1,late,1,0,1
S0275,ASG_12,ML Basics,2026-01-16 13:55:37.168988000,2026-01-16 13:55:37.168988000,0,on_time,0,0,1
S0276,ASG_12,ML Basics,2026-01-16 13:55:37.168988000,2026-01-16 13:55:37.168988000,0,on_time,0,0,1
S0277,ASG_12,ML Basics,2026-01-16 13:55:37.168988000,2026-01-22 13:55:37.168988000,6,late,1,0,1
S0278,ASG_12,ML Basics,2026-01-16 13:55:37.168988000,2026-01-17 13:55:37.168988000,1,late,1,0,1
S0279,ASG_12,ML Basics,2026-01-16 13:55:37.168988000,2026-01-16 13:55:37.168988000,0,on_time,0,0,1
S0280,ASG_12,ML Basics,2026-01-16 13:55:37.168988000,2026-01-16 13:55:37.168988000,0,on_time,0,0,1
S0281,ASG_12,ML Basics,2026-01-16 13:55:37.168988000,2026-01-16 13:55:37.168988000,0,on_time,0,0,1
S0282,ASG_12,ML Basics,2026-01-16 13:55:37.168988000,2026-01-18 13:55:37.168988000,2,late,1,0,1
S0283,ASG_12,ML Basics,2026-01-16 13:55:37.168988000,,11,missed,0,1,0
S0284,ASG_12,ML Basics,2026-01-16 13:55:37.168988000,2026-01-18 13:55:37.168988000,2,late,1,0,1
S0285,ASG_12,ML Basics,2026-01-16 13:55:37.168988000,2026-01-16 13:55:37.168988000,0,on_time,0,0,1
S0286,ASG_12,ML Basics,2026-01-16 13:55:37.168988000,2026-01-18 13:55:37.168988000,2,late,1,0,1
S0287,ASG_12,ML Basics,2026-01-16 13:55:37.168988000,2026-01-20 13:55:37.168988000,4,late,1,0,1
S0288,ASG_12,ML Basics,2026-01-16 13:55:37.168988000,2026-01-17 13:55:37.168988000,1,late,1,0,1
S0289,ASG_12,ML Basics,2026-01-16 13:55:37.168988000,,13,missed,0,1,0
S0290,ASG_12,ML Basics,2026-01-16 13:55:37.168988000,2026-01-17 13:55:37.168988000,1,late,1,0,1
S0291,ASG_12,ML Basics,2026-01-16 13:55:37.168988000,2026-01-17 13:55:37.168988000,1,late,1,0,1
S0292,ASG_12,ML Basics,2026-01-16 13:55:37.168988000,2026-01-16 13:55:37.168988000,0,on_time,0,0,1
S0293,ASG_12,ML Basics,2026-01-16 13:55:37.168988000,2026-01-18 13:55:37.168988000,2,late,1,0,1
S0294,ASG_12,ML Basics,2026-01-16 13:55:37.168988000,2026-01-16 13:55:37.168988000,0,on_time,0,0,1
S0295,ASG_12,ML Basics,2026-01-16 13:55:37.168988000,2026-01-17 13:55:37.168988000,1,late,1,0,1
S0296,ASG_12,ML Basics,2026-01-16 13:55:37.168988000,2026-01-17 13:55:37.168988000,1,late,1,0,1
S0297,ASG_12,ML Basics,2026-01-16 13:55:37.168988000,2026-01-17 13:55:37.168988000,1,late,1,0,1
S0298,ASG_12,ML Basics,2026-01-16 13:55:37.168988000,2026-01-16 13:55:37.168988000,0,on_time,0,0,1
S0299,ASG_12,ML Basics,2026-01-16 13:55:37.168988000,2026-01-17 13:55:37.168988000,1,late,1,0,1
S0300,ASG_12,ML Basics,2026-01-16 13:55:37.168988000,2026-01-20 13:55:37.168988000,4,late,1,0,1
S0301,ASG_12,ML Basics,2026-01-16 13:55:37.168988000,2026-01-16 13:55:37.168988000,0,on_time,0,0,1
S0302,ASG_12,ML Basics,2026-01-16 13:55:37.168988000,2026-01-18 13:55:37.168988000,2,late,1,0,1
S0303,ASG_12,ML Basics,2026-01-16 13:55:37.168988000,2026-01-16 13:55:37.168988000,0,on_time,0,0,1
S0304,ASG_12,ML Basics,2026-01-16 13:55:37.168988000,,7,missed,0,1,0
S0305,ASG_12,ML Basics,2026-01-16 13:55:37.168988000,,7,missed,0,1,0
S0306,ASG_12,ML Basics,2026-01-16 13:55:37.168988000,,13,missed,0,1,0
S0307,ASG_12,ML Basics,2026-01-16 13:55:37.168988000,2026-01-17 13:55:37.168988000,1,late,1,0,1
S0308,ASG_12,ML Basics,2026-01-16 13:55:37.168988000,2026-01-16 13:55:37.168988000,0,on_time,0,0,1
S0309,ASG_12,ML Basics,2026-01-16 13:55:37.168988000,2026-01-21 13:55:37.168988000,5,late,1,0,1
S0310,ASG_12,ML Basics,2026-01-16 13:55:37.168988000,2026-01-16 13:55:37.168988000,0,on_time,0,0,1
S0311,ASG_12,ML Basics,2026-01-16 13:55:37.168988000,2026-01-20 13:55:37.168988000,4,late,1,0,1
S0312,ASG_12,ML Basics,2026-01-16 13:55:37.168988000,2026-01-16 13:55:37.168988000,0,on_time,0,0,1
S0313,ASG_12,ML Basics,2026-01-16 13:55:37.168988000,2026-01-18 13:55:37.168988000,2,late,1,0,1
S0314,ASG_12,ML Basics,2026-01-16 13:55:37.168988000,,8,missed,0,1,0
S0315,ASG_12,ML Basics,2026-01-16 13:55:37.168988000,,15,missed,0,1,0
S0316,ASG_12,ML Basics,2026-01-16 13:55:37.168988000,2026-01-16 13:55:37.168988000,0,on_time,0,0,1
S0317,ASG_12,ML Basics,2026-01-16 13:55:37.168988000,,8,missed,0,1,0
S0318,ASG_12,ML Basics,2026-01-16 13:55:37.168988000,2026-01-17 13:55:37.168988000,1,late,1,0,1
S0319,ASG_12,ML Basics,2026-01-16 13:55:37.168988000,2026-01-18 13:55:37.168988000,2,late,1,0,1
S0320,ASG_12,ML Basics,2026-01-16 13:55:37.168988000,2026-01-16 13:55:37.168988000,0,on_time,0,0,1
S0321,ASG_12,ML Basics,2026-01-16 13:55:37.168988000,2026-01-18 13:55:37.168988000,2,late,1,0,1
S0322,ASG_12,ML Basics,2026-01-16 13:55:37.168988000,2026-01-16 13:55:37.168988000,0,on_time,0,0,1
S0323,ASG_12,ML Basics,2026-01-16 13:55:37.168988000,,15,missed,0,1,0
S0324,ASG_12,ML Basics,2026-01-16 13:55:37.168988000,2026-01-16 13:55:37.168988000,0,on_time,0,0,1
S0325,ASG_12,ML Basics,2026-01-16 13:55:37.168988000,2026-01-19 13:55:37.168988000,3,late,1,0,1
S0326,ASG_12,ML Basics,2026-01-16 13:55:37.168988000,2026-01-18 13:55:37.168988000,2,late,1,0,1
S0327,ASG_12,ML Basics,2026-01-16 13:55:37.168988000,2026-01-17 13:55:37.168988000,1,late,1,0,1
S0328,ASG_12,ML Basics,2026-01-16 13:55:37.168988000,2026-01-18 13:55:37.168988000,2,late,1,0,1
S0329,ASG_12,ML Basics,2026-01-16 13:55:37.168988000,2026-01-18 13:55:37.168988000,2,late,1,0,1
S0330,ASG_12,ML Basics,2026-01-16 13:55:37.168988000,,14,missed,0,1,0
S0331,ASG_12,ML Basics,2026-01-16 13:55:37.168988000,2026-01-17 13:55:37.168988000,1,late,1,0,1
S0332,ASG_12,ML Basics,2026-01-16 13:55:37.168988000,2026-01-20 13:55:37.168988000,4,late,1,0,1
S0333,ASG_12,ML Basics,2026-01-16 13:55:37.168988000,,9,missed,0,1,0
S0334,ASG_12,ML Basics,2026-01-16 13:55:37.168988000,2026-01-20 13:55:37.168988000,4,late,1,0,1
S0335,ASG_12,ML Basics,2026-01-16 13:55:37.168988000,2026-01-18 13:55:37.168988000,2,late,1,0,1
S0336,ASG_12,ML Basics,2026-01-16 13:55:37.168988000,,13,missed,0,1,0
S0337,ASG_12,ML Basics,2026-01-16 13:55:37.168988000,2026-01-16 13:55:37.168988000,0,on_time,0,0,1
S0338,ASG_12,ML Basics,2026-01-16 13:55:37.168988000,2026-01-19 13:55:37.168988000,3,late,1,0,1
S0339,ASG_12,ML Basics,2026-01-16 13:55:37.168988000,2026-01-19 13:55:37.168988000,3,late,1,0,1
S0340,ASG_12,ML Basics,2026-01-16 13:55:37.168988000,2026-01-17 13:55:37.168988000,1,late,1,0,1
S0341,ASG_12,ML Basics,2026-01-16 13:55:37.168988000,2026-01-20 13:55:37.168988000,4,late,1,0,1
S0342,ASG_12,ML Basics,2026-01-16 13:55:37.168988000,2026-01-19 13:55:37.168988000,3,late,1,0,1
S0343,ASG_12,ML Basics,2026-01-16 13:55:37.168988000,2026-01-20 13:55:37.168988000,4,late,1,0,1
S0344,ASG_12,ML Basics,2026-01-16 13:55:37.168988000,2026-01-17 13:55:37.168988000,1,late,1,0,1
S0345,ASG_12,ML Basics,2026-01-16 13:55:37.168988000,2026-01-16 13:55:37.168988000,0,on_time,0,0,1
S0346,ASG_12,ML Basics,2026-01-16 13:55:37.168988000,2026-01-16 13:55:37.168988000,0,on_time,0,0,1
S0347,ASG_12,ML Basics,2026-01-16 13:55:37.168988000,2026-01-18 13:55:37.168988000,2,late,1,0,1
S0348,ASG_12,ML Basics,2026-01-16 13:55:37.168988000,2026-01-16 13:55:37.168988000,0,on_time,0,0,1
S0349,ASG_12,ML Basics,2026-01-16 13:55:37.168988000,2026-01-16 13:55:37.168988000,0,on_time,0,0,1
S0350,ASG_12,ML Basics,2026-01-16 13:55:37.168988000,2026-01-17 13:55:37.168988000,1,late,1,0,1
S0351,ASG_12,ML Basics,2026-01-16 13:55:37.168988000,2026-01-18 13:55:37.168988000,2,late,1,0,1
S0352,ASG_12,ML Basics,2026-01-16 13:55:37.168988000,2026-01-17 13:55:37.168988000,1,late,1,0,1
S0353,ASG_12,ML Basics,2026-01-16 13:55:37.168988000,2026-01-19 13:55:37.168988000,3,late,1,0,1
S0354,ASG_12,ML Basics,2026-01-16 13:55:37.168988000,2026-01-20 13:55:37.168988000,4,late,1,0,1
S0355,ASG_12,ML Basics,2026-01-16 13:55:37.168988000,2026-01-16 13:55:37.168988000,0,on_time,0,0,1
S0356,ASG_12,ML Basics,2026-01-16 13:55:37.168988000,2026-01-19 13:55:37.168988000,3,late,1,0,1
S0357,ASG_12,ML Basics,2026-01-16 13:55:37.168988000,2026-01-16 13:55:37.168988000,0,on_time,0,0,1
S0358,ASG_12,ML Basics,2026-01-16 13:55:37.168988000,2026-01-18 13:55:37.168988000,2,late,1,0,1
S0359,ASG_12,ML Basics,2026-01-16 13:55:37.168988000,2026-01-18 13:55:37.168988000,2,late,1,0,1
S0360,ASG_12,ML Basics,2026-01-16 13:55:37.168988000,2026-01-18 13:55:37.168988000,2,late,1,0,1
S0361,ASG_12,ML Basics,2026-01-16 13:55:37.168988000,2026-01-18 13:55:37.168988000,2,late,1,0,1
S0362,ASG_12,ML Basics,2026-01-16 13:55:37.168988000,2026-01-16 13:55:37.168988000,0,on_time,0,0,1
S0363,ASG_12,ML Basics,2026-01-16 13:55:37.168988000,2026-01-22 13:55:37.168988000,6,late,1,0,1
S0364,ASG_12,ML Basics,2026-01-16 13:55:37.168988000,2026-01-16 13:55:37.168988000,0,on_time,0,0,1
S0365,ASG_12,ML Basics,2026-01-16 13:55:37.168988000,2026-01-20 13:55:37.168988000,4,late,1,0,1
S0366,ASG_12,ML Basics,2026-01-16 13:55:37.168988000,2026-01-18 13:55:37.168988000,2,late,1,0,1
S0367,ASG_12,ML Basics,2026-01-16 13:55:37.168988000,2026-01-16 13:55:37.168988000,0,on_time,0,0,1
S0368,ASG_12,ML Basics,2026-01-16 13:55:37.168988000,2026-01-16 13:55:37.168988000,0,on_time,0,0,1
S0369,ASG_12,ML Basics,2026-01-16 13:55:37.168988000,2026-01-16 13:55:37.168988000,0,on_time,0,0,1
S0370,ASG_12,ML Basics,2026-01-16 13:55:37.168988000,2026-01-18 13:55:37.168988000,2,late,1,0,1
S0371,ASG_12,ML Basics,2026-01-16 13:55:37.168988000,2026-01-16 13:55:37.168988000,0,on_time,0,0,1
S0372,ASG_12,ML Basics,2026-01-16 13:55:37.168988000,2026-01-20 13:55:37.168988000,4,late,1,0,1
S0373,ASG_12,ML Basics,2026-01-16 13:55:37.168988000,2026-01-18 13:55:37.168988000,2,late,1,0,1
S0374,ASG_12,ML Basics,2026-01-16 13:55:37.168988000,2026-01-17 13:55:37.168988000,1,late,1,0,1
S0375,ASG_12,ML Basics,2026-01-16 13:55:37.168988000,,9,missed,0,1,0
S0376,ASG_12,ML Basics,2026-01-16 13:55:37.168988000,2026-01-18 13:55:37.168988000,2,late,1,0,1
S0377,ASG_12,ML Basics,2026-01-16 13:55:37.168988000,2026-01-17 13:55:37.168988000,1,late,1,0,1
S0378,ASG_12,ML Basics,2026-01-16 13:55:37.168988000,2026-01-17 13:55:37.168988000,1,late,1,0,1
S0379,ASG_12,ML Basics,2026-01-16 13:55:37.168988000,2026-01-21 13:55:37.168988000,5,late,1,0,1
S0380,ASG_12,ML Basics,2026-01-16 13:55:37.168988000,2026-01-20 13:55:37.168988000,4,late,1,0,1
S0381,ASG_12,ML Basics,2026-01-16 13:55:37.168988000,2026-01-19 13:55:37.168988000,3,late,1,0,1
S0382,ASG_12,ML Basics,2026-01-16 13:55:37.168988000,2026-01-16 13:55:37.168988000,0,on_time,0,0,1
S0383,ASG_12,ML Basics,2026-01-16 13:55:37.168988000,2026-01-16 13:55:37.168988000,0,on_time,0,0,1
S0384,ASG_12,ML Basics,2026-01-16 13:55:37.168988000,2026-01-19 13:55:37.168988000,3,late,1,0,1
S0385,ASG_12,ML Basics,2026-01-16 13:55:37.168988000,2026-01-18 13:55:37.168988000,2,late,1,0,1
S0386,ASG_12,ML Basics,2026-01-16 13:55:37.168988000,2026-01-17 13:55:37.168988000,1,late,1,0,1
S0387,ASG_12,ML Basics,2026-01-16 13:55:37.168988000,2026-01-18 13:55:37.168988000,2,late,1,0,1
S0388,ASG_12,ML Basics,2026-01-16 13:55:37.168988000,2026-01-16 13:55:37.168988000,0,on_time,0,0,1
S0389,ASG_12,ML Basics,2026-01-16 13:55:37.168988000,2026-01-16 13:55:37.168988000,0,on_time,0,0,1
S0390,ASG_12,ML Basics,2026-01-16 13:55:37.168988000,2026-01-20 13:55:37.168988000,4,late,1,0,1
S0391,ASG_12,ML Basics,2026-01-16 13:55:37.168988000,2026-01-16 13:55:37.168988000,0,on_time,0,0,1
S0392,ASG_12,ML Basics,2026-01-16 13:55:37.168988000,2026-01-19 13:55:37.168988000,3,late,1,0,1
S0393,ASG_12,ML Basics,2026-01-16 13:55:37.168988000,2026-01-20 13:55:37.168988000,4,late,1,0,1
S0394,ASG_12,ML Basics,2026-01-16 13:55:37.168988000,2026-01-19 13:55:37.168988000,3,late,1,0,1
S0395,ASG_12,ML Basics,2026-01-16 13:55:37.168988000,2026-01-18 13:55:37.168988000,2,late,1,0,1
S0396,ASG_12,ML Basics,2026-01-16 13:55:37.168988000,2026-01-16 13:55:37.168988000,0,on_time,0,0,1
S0397,ASG_12,ML Basics,2026-01-16 13:55:37.168988000,2026-01-16 13:55:37.168988000,0,on_time,0,0,1
S0398,ASG_12,ML Basics,2026-01-16 13:55:37.168988000,2026-01-16 13:55:37.168988000,0,on_time,0,0,1
S0399,ASG_12,ML Basics,2026-01-16 13:55:37.168988000,2026-01-16 13:55:37.168988000,0,on_time,0,0,1
S0400,ASG_12,ML Basics,2026-01-16 13:55:37.168988000,2026-01-16 13:55:37.168988000,0,on_time,0,0,1
S0401,ASG_12,ML Basics,2026-01-16 13:55:37.168988000,2026-01-18 13:55:37.168988000,2,late,1,0,1
S0402,ASG_12,ML Basics,2026-01-16 13:55:37.168988000,2026-01-17 13:55:37.168988000,1,late,1,0,1
S0403,ASG_12,ML Basics,2026-01-16 13:55:37.168988000,2026-01-18 13:55:37.168988000,2,late,1,0,1
S0404,ASG_12,ML Basics,2026-01-16 13:55:37.168988000,2026-01-19 13:55:37.168988000,3,late,1,0,1
S0405,ASG_12,ML Basics,2026-01-16 13:55:37.168988000,2026-01-18 13:55:37.168988000,2,late,1,0,1
S0406,ASG_12,ML Basics,2026-01-16 13:55:37.168988000,2026-01-19 13:55:37.168988000,3,late,1,0,1
S0407,ASG_12,ML Basics,2026-01-16 13:55:37.168988000,,11,missed,0,1,0
S0408,ASG_12,ML Basics,2026-01-16 13:55:37.168988000,2026-01-16 13:55:37.168988000,0,on_time,0,0,1
S0409,ASG_12,ML Basics,2026-01-16 13:55:37.168988000,2026-01-18 13:55:37.168988000,2,late,1,0,1
S0410,ASG_12,ML Basics,2026-01-16 13:55:37.168988000,2026-01-18 13:55:37.168988000,2,late,1,0,1
S0411,ASG_12,ML Basics,2026-01-16 13:55:37.168988000,2026-01-16 13:55:37.168988000,0,on_time,0,0,1
S0412,ASG_12,ML Basics,2026-01-16 13:55:37.168988000,2026-01-19 13:55:37.168988000,3,late,1,0,1
S0413,ASG_12,ML Basics,2026-01-16 13:55:37.168988000,2026-01-16 13:55:37.168988000,0,on_time,0,0,1
S0414,ASG_12,ML Basics,2026-01-16 13:55:37.168988000,2026-01-21 13:55:37.168988000,5,late,1,0,1
S0415,ASG_12,ML Basics,2026-01-16 13:55:37.168988000,2026-01-16 13:55:37.168988000,0,on_time,0,0,1
S0416,ASG_12,ML Basics,2026-01-16 13:55:37.168988000,2026-01-16 13:55:37.168988000,0,on_time,0,0,1
S0417,ASG_12,ML Basics,2026-01-16 13:55:37.168988000,2026-01-19 13:55:37.168988000,3,late,1,0,1
S0418,ASG_12,ML Basics,2026-01-16 13:55:37.168988000,2026-01-19 13:55:37.168988000,3,late,1,0,1
S0419,ASG_12,ML Basics,2026-01-16 13:55:37.168988000,2026-01-18 13:55:37.168988000,2,late,1,0,1
S0420,ASG_12,ML Basics,2026-01-16 13:55:37.168988000,2026-01-18 13:55:37.168988000,2,late,1,0,1
S0421,ASG_12,ML Basics,2026-01-16 13:55:37.168988000,2026-01-20 13:55:37.168988000,4,late,1,0,1
S0422,ASG_12,ML Basics,2026-01-16 13:55:37.168988000,2026-01-20 13:55:37.168988000,4,late,1,0,1
S0423,ASG_12,ML Basics,2026-01-16 13:55:37.168988000,2026-01-17 13:55:37.168988000,1,late,1,0,1
S0424,ASG_12,ML Basics,2026-01-16 13:55:37.168988000,,10,missed,0,1,0
S0425,ASG_12,ML Basics,2026-01-16 13:55:37.168988000,2026-01-16 13:55:37.168988000,0,on_time,0,0,1
S0426,ASG_12,ML Basics,2026-01-16 13:55:37.168988000,,11,missed,0,1,0
S0427,ASG_12,ML Basics,2026-01-16 13:55:37.168988000,2026-01-16 13:55:37.168988000,0,on_time,0,0,1
S0428,ASG_12,ML Basics,2026-01-16 13:55:37.168988000,2026-01-18 13:55:37.168988000,2,late,1,0,1
S0429,ASG_12,ML Basics,2026-01-16 13:55:37.168988000,2026-01-16 13:55:37.168988000,0,on_time,0,0,1
S0430,ASG_12,ML Basics,2026-01-16 13:55:37.168988000,2026-01-22 13:55:37.168988000,6,late,1,0,1
S0431,ASG_12,ML Basics,2026-01-16 13:55:37.168988000,2026-01-16 13:55:37.168988000,0,on_time,0,0,1
S0432,ASG_12,ML Basics,2026-01-16 13:55:37.168988000,2026-01-20 13:55:37.168988000,4,late,1,0,1
S0433,ASG_12,ML Basics,2026-01-16 13:55:37.168988000,,13,missed,0,1,0
S0434,ASG_12,ML Basics,2026-01-16 13:55:37.168988000,2026-01-19 13:55:37.168988000,3,late,1,0,1
S0435,ASG_12,ML Basics,2026-01-16 13:55:37.168988000,2026-01-16 13:55:37.168988000,0,on_time,0,0,1
S0436,ASG_12,ML Basics,2026-01-16 13:55:37.168988000,2026-01-17 13:55:37.168988000,1,late,1,0,1
S0437,ASG_12,ML Basics,2026-01-16 13:55:37.168988000,2026-01-16 13:55:37.168988000,0,on_time,0,0,1
S0438,ASG_12,ML Basics,2026-01-16 13:55:37.168988000,2026-01-18 13:55:37.168988000,2,late,1,0,1
S0439,ASG_12,ML Basics,2026-01-16 13:55:37.168988000,2026-01-16 13:55:37.168988000,0,on_time,0,0,1
S0440,ASG_12,ML Basics,2026-01-16 13:55:37.168988000,2026-01-16 13:55:37.168988000,0,on_time,0,0,1
S0441,ASG_12,ML Basics,2026-01-16 13:55:37.168988000,2026-01-16 13:55:37.168988000,0,on_time,0,0,1
S0442,ASG_12,ML Basics,2026-01-16 13:55:37.168988000,2026-01-17 13:55:37.168988000,1,late,1,0,1
S0443,ASG_12,ML Basics,2026-01-16 13:55:37.168988000,2026-01-18 13:55:37.168988000,2,late,1,0,1
S0444,ASG_12,ML Basics,2026-01-16 13:55:37.168988000,2026-01-18 13:55:37.168988000,2,late,1,0,1
S0445,ASG_12,ML Basics,2026-01-16 13:55:37.168988000,2026-01-17 13:55:37.168988000,1,late,1,0,1
S0446,ASG_12,ML Basics,2026-01-16 13:55:37.168988000,2026-01-19 13:55:37.168988000,3,late,1,0,1
S0447,ASG_12,ML Basics,2026-01-16 13:55:37.168988000,2026-01-18 13:55:37.168988000,2,late,1,0,1
S0448,ASG_12,ML Basics,2026-01-16 13:55:37.168988000,2026-01-18 13:55:37.168988000,2,late,1,0,1
S0449,ASG_12,ML Basics,2026-01-16 13:55:37.168988000,2026-01-16 13:55:37.168988000,0,on_time,0,0,1
S0450,ASG_12,ML Basics,2026-01-16 13:55:37.168988000,2026-01-19 13:55:37.168988000,3,late,1,0,1
S0451,ASG_12,ML Basics,2026-01-16 13:55:37.168988000,2026-01-19 13:55:37.168988000,3,late,1,0,1
S0452,ASG_12,ML Basics,2026-01-16 13:55:37.168988000,,7,missed,0,1,0
S0453,ASG_12,ML Basics,2026-01-16 13:55:37.168988000,2026-01-17 13:55:37.168988000,1,late,1,0,1
S0454,ASG_12,ML Basics,2026-01-16 13:55:37.168988000,,10,missed,0,1,0
S0455,ASG_12,ML Basics,2026-01-16 13:55:37.168988000,2026-01-17 13:55:37.168988000,1,late,1,0,1
S0456,ASG_12,ML Basics,2026-01-16 13:55:37.168988000,2026-01-18 13:55:37.168988000,2,late,1,0,1
S0457,ASG_12,ML Basics,2026-01-16 13:55:37.168988000,2026-01-18 13:55:37.168988000,2,late,1,0,1
S0458,ASG_12,ML Basics,2026-01-16 13:55:37.168988000,2026-01-16 13:55:37.168988000,0,on_time,0,0,1
S0459,ASG_12,ML Basics,2026-01-16 13:55:37.168988000,,12,missed,0,1,0
S0460,ASG_12,ML Basics,2026-01-16 13:55:37.168988000,,13,missed,0,1,0
S0461,ASG_12,ML Basics,2026-01-16 13:55:37.168988000,2026-01-16 13:55:37.168988000,0,on_time,0,0,1
S0462,ASG_12,ML Basics,2026-01-16 13:55:37.168988000,,10,missed,0,1,0
S0463,ASG_12,ML Basics,2026-01-16 13:55:37.168988000,2026-01-19 13:55:37.168988000,3,late,1,0,1
S0464,ASG_12,ML Basics,2026-01-16 13:55:37.168988000,2026-01-18 13:55:37.168988000,2,late,1,0,1
S0465,ASG_12,ML Basics,2026-01-16 13:55:37.168988000,,7,missed,0,1,0
S0466,ASG_12,ML Basics,2026-01-16 13:55:37.168988000,2026-01-19 13:55:37.168988000,3,late,1,0,1
S0467,ASG_12,ML Basics,2026-01-16 13:55:37.168988000,2026-01-20 13:55:37.168988000,4,late,1,0,1
S0468,ASG_12,ML Basics,2026-01-16 13:55:37.168988000,2026-01-17 13:55:37.168988000,1,late,1,0,1
S0469,ASG_12,ML Basics,2026-01-16 13:55:37.168988000,2026-01-16 13:55:37.168988000,0,on_time,0,0,1
S0470,ASG_12,ML Basics,2026-01-16 13:55:37.168988000,2026-01-19 13:55:37.168988000,3,late,1,0,1
S0471,ASG_12,ML Basics,2026-01-16 13:55:37.168988000,2026-01-18 13:55:37.168988000,2,late,1,0,1
S0472,ASG_12,ML Basics,2026-01-16 13:55:37.168988000,2026-01-17 13:55:37.168988000,1,late,1,0,1
S0473,ASG_12,ML Basics,2026-01-16 13:55:37.168988000,2026-01-16 13:55:37.168988000,0,on_time,0,0,1
S0474,ASG_12,ML Basics,2026-01-16 13:55:37.168988000,2026-01-18 13:55:37.168988000,2,late,1,0,1
S0475,ASG_12,ML Basics,2026-01-16 13:55:37.168988000,2026-01-21 13:55:37.168988000,5,late,1,0,1
S0476,ASG_12,ML Basics,2026-01-16 13:55:37.168988000,2026-01-16 13:55:37.168988000,0,on_time,0,0,1
S0477,ASG_12,ML Basics,2026-01-16 13:55:37.168988000,2026-01-20 13:55:37.168988000,4,late,1,0,1
S0478,ASG_12,ML Basics,2026-01-16 13:55:37.168988000,2026-01-20 13:55:37.168988000,4,late,1,0,1
S0479,ASG_12,ML Basics,2026-01-16 13:55:37.168988000,2026-01-19 13:55:37.168988000,3,late,1,0,1
S0480,ASG_12,ML Basics,2026-01-16 13:55:37.168988000,2026-01-18 13:55:37.168988000,2,late,1,0,1
S0481,ASG_12,ML Basics,2026-01-16 13:55:37.168988000,2026-01-19 13:55:37.168988000,3,late,1,0,1
S0482,ASG_12,ML Basics,2026-01-16 13:55:37.168988000,2026-01-18 13:55:37.168988000,2,late,1,0,1
S0483,ASG_12,ML Basics,2026-01-16 13:55:37.168988000,2026-01-18 13:55:37.168988000,2,late,1,0,1
S0484,ASG_12,ML Basics,2026-01-16 13:55:37.168988000,2026-01-18 13:55:37.168988000,2,late,1,0,1
S0485,ASG_12,ML Basics,2026-01-16 13:55:37.168988000,2026-01-16 13:55:37.168988000,0,on_time,0,0,1
S0486,ASG_12,ML Basics,2026-01-16 13:55:37.168988000,2026-01-16 13:55:37.168988000,0,on_time,0,0,1
S0487,ASG_12,ML Basics,2026-01-16 13:55:37.168988000,2026-01-16 13:55:37.168988000,0,on_time,0,0,1
S0488,ASG_12,ML Basics,2026-01-16 13:55:37.168988000,2026-01-19 13:55:37.168988000,3,late,1,0,1
S0489,ASG_12,ML Basics,2026-01-16 13:55:37.168988000,2026-01-16 13:55:37.168988000,0,on_time,0,0,1
S0490,ASG_12,ML Basics,2026-01-16 13:55:37.168988000,2026-01-18 13:55:37.168988000,2,late,1,0,1
S0491,ASG_12,ML Basics,2026-01-16 13:55:37.168988000,2026-01-17 13:55:37.168988000,1,late,1,0,1
S0492,ASG_12,ML Basics,2026-01-16 13:55:37.168988000,2026-01-19 13:55:37.168988000,3,late,1,0,1
S0493,ASG_12,ML Basics,2026-01-16 13:55:37.168988000,2026-01-18 13:55:37.168988000,2,late,1,0,1
S0494,ASG_12,ML Basics,2026-01-16 13:55:37.168988000,2026-01-22 13:55:37.168988000,6,late,1,0,1
S0495,ASG_12,ML Basics,2026-01-16 13:55:37.168988000,2026-01-18 13:55:37.168988000,2,late,1,0,1
S0496,ASG_12,ML Basics,2026-01-16 13:55:37.168988000,2026-01-17 13:55:37.168988000,1,late,1,0,1
S0497,ASG_12,ML Basics,2026-01-16 13:55:37.168988000,2026-01-18 13:55:37.168988000,2,late,1,0,1
S0498,ASG_12,ML Basics,2026-01-16 13:55:37.168988000,2026-01-18 13:55:37.168988000,2,late,1,0,1
S0499,ASG_12,ML Basics,2026-01-16 13:55:37.168988000,2026-01-21 13:55:37.168988000,5,late,1,0,1
S0500,ASG_12,ML Basics,2026-01-16 13:55:37.168988000,2026-01-19 13:55:37.168988000,3,late,1,0,1
