student_id,topic,question_count,date
S0001,Linear Algebra,5,2025-10-17 13:55:37.168988
S0001,Probability,1,2025-09-23 13:55:37.168988
S0001,Statistics,2,2025-12-31 13:55:37.168988
S0001,ML Basics,3,2025-08-26 13:55:37.168988
S0001,Deep Learning,7,2025-07-21 13:55:37.168988
S0001,NLP,4,2025-10-04 13:55:37.168988
S0001,Computer Vision,6,2025-10-12 13:55:37.168988
S0001,Optimization,5,2025-09-06 13:55:37.168988
S0002,Linear Algebra,4,2025-09-18 13:55:37.168988
S0002,Probability,6,2025-11-07 13:55:37.168988
S0002,Statistics,5,2025-07-30 13:55:37.168988
S0002,ML Basics,5,2026-01-04 13:55:37.168988
S0002,Deep Learning,5,2025-12-23 13:55:37.168988
S0002,NLP,4,2025-12-03 13:55:37.168988
S0002,Computer Vision,7,2025-11-04 13:55:37.168988
S0002,Optimization,4,2026-01-02 13:55:37.168988
S0003,Linear Algebra,5,2025-09-04 13:55:37.168988
S0003,Probability,3,2025-10-03 13:55:37.168988
S0003,Statistics,5,2025-12-13 13:55:37.168988
S0003,ML Basics,2,2025-10-02 13:55:37.168988
S0003,Deep Learning,5,2025-10-28 13:55:37.168988
S0003,NLP,4,2025-10-08 13:55:37.168988
S0003,Computer Vision,4,2025-09-21 13:55:37.168988
S0003,Optimization,1,2025-07-30 13:55:37.168988
S0004,Linear Algebra,5,2025-11-19 13:55:37.168988
S0004,Probability,6,2025-12-24 13:55:37.168988
S0004,Statistics,5,2025-12-02 13:55:37.168988
S0004,ML Basics,3,2025-09-17 13:55:37.168988
S0004,Deep Learning,8,2025-10-07 13:55:37.168988
S0004,NLP,3,2025-11-30 13:55:37.168988
S0004,Computer Vision,5,2025-10-11 13:55:37.168988
S0004,Optimization,5,2025-11-06 13:55:37.168988
S0005,Linear Algebra,6,2025-10-07 13:55:37.168988
S0005,Probability,6,2025-07-27 13:55:37.168988
S0005,Statistics,5,2025-11-12 13:55:37.168988
S0005,ML Basics,5,2025-09-23 13:55:37.168988
S0005,Deep Learning,2,2025-12-01 13:55:37.168988
S0005,NLP,4,2025-08-14 13:55:37.168988
S0005,Computer Vision,3,2025-07-25 13:55:37.168988
S0005,Optimization,4,2025-12-12 13:55:37.168988
S0006,Linear Algebra,8,2026-01-06 13:55:37.168988
S0006,Probability,1,2025-12-05 13:55:37.168988
S0006,Statistics,0,2025-08-18 13:55:37.168988
S0006,ML Basics,4,2025-12-21 13:55:37.168988
S0006,Deep Learning,5,2025-10-28 13:55:37.168988
S0006,NLP,4,2025-09-21 13:55:37.168988
S0006,Computer Vision,6,2025-12-14 13:55:37.168988
S0006,Optimization,6,2026-01-13 13:55:37.168988
S0007,Linear Algebra,3,2025-11-22 13:55:37.168988
S0007,Probability,5,2025-12-18 13:55:37.168988
S0007,Statistics,7,2025-10-08 13:55:37.168988
S0007,ML Basics,4,2025-11-15 13:55:37.168988
S0007,Deep Learning,8,2025-10-09 13:55:37.168988
S0007,NLP,4,2026-01-07 13:55:37.168988
S0007,Computer Vision,5,2025-11-04 13:55:37.168988
S0007,Optimization,2,2026-01-07 13:55:37.168988
S0008,Linear Algebra,0,2025-10-26 13:55:37.168988
S0008,Probability,2,2025-12-21 13:55:37.168988
S0008,Statistics,4,2025-10-29 13:55:37.168988
S0008,ML Basics,5,2025-08-17 13:55:37.168988
S0008,Deep Learning,7,2025-08-20 13:55:37.168988
S0008,NLP,5,2025-09-17 13:55:37.168988
S0008,Computer Vision,4,2025-09-04 13:55:37.168988
S0008,Optimization,7,2026-01-16 13:55:37.168988
S0009,Linear Algebra,1,2025-08-24 13:55:37.168988
S0009,Probability,2,2025-12-26 13:55:37.168988
S0009,Statistics,4,2026-01-03 13:55:37.168988
S0009,ML Basics,3,2025-10-09 13:55:37.168988
S0009,Deep Learning,5,2025-11-30 13:55:37.168988
S0009,NLP,7,2025-08-10 13:55:37.168988
S0009,Computer Vision,4,2025-07-29 13:55:37.168988
S0009,Optimization,3,2025-10-02 13:55:37.168988
S0010,Linear Algebra,3,2025-08-01 13:55:37.168988
S0010,Probability,3,2025-11-24 13:55:37.168988
S0010,Statistics,1,2025-08-26 13:55:37.168988
S0010,ML Basics,6,2025-08-20 13:55:37.168988
S0010,Deep Learning,6,2025-09-10 13:55:37.168988
S0010,NLP,3,2025-11-14 13:55:37.168988
S0010,Computer Vision,7,2025-09-30 13:55:37.168988
S0010,Optimization,2,2025-09-01 13:55:37.168988
S0011,Linear Algebra,3,2025-09-19 13:55:37.168988
S0011,Probability,2,2025-08-24 13:55:37.168988
S0011,Statistics,4,2025-08-08 13:55:37.168988
S0011,ML Basics,2,2025-11-30 13:55:37.168988
S0011,Deep Learning,2,2025-09-18 13:55:37.168988
S0011,NLP,6,2026-01-04 13:55:37.168988
S0011,Computer Vision,3,2026-01-07 13:55:37.168988
S0011,Optimization,1,2025-08-13 13:55:37.168988
S0012,Linear Algebra,3,2025-09-28 13:55:37.168988
S0012,Probability,2,2025-07-29 13:55:37.168988
S0012,Statistics,0,2025-10-30 13:55:37.168988
S0012,ML Basics,6,2025-07-28 13:55:37.168988
S0012,Deep Learning,4,2025-09-04 13:55:37.168988
S0012,NLP,3,2025-12-07 13:55:37.168988
S0012,Computer Vision,4,2025-11-07 13:55:37.168988
S0012,Optimization,6,2025-11-09 13:55:37.168988
S0013,Linear Algebra,1,2025-12-24 13:55:37.168988
S0013,Probability,4,2025-12-30 13:55:37.168988
S0013,Statistics,3,2025-07-31 13:55:37.168988
S0013,ML Basics,8,2025-11-09 13:55:37.168988
S0013,Deep Learning,6,2025-10-21 13:55:37.168988
S0013,NLP,6,2025-11-28 13:55:37.168988
S0013,Computer Vision,3,2025-10-06 13:55:37.168988
S0013,Optimization,6,2026-01-12 13:55:37.168988
S0014,Linear Algebra,1,2025-08-19 13:55:37.168988
S0014,Probability,5,2026-01-01 13:55:37.168988
S0014,Statistics,5,2025-12-27 13:55:37.168988
S0014,ML Basics,1,2025-07-29 13:55:37.168988
S0014,Deep Learning,5,2025-10-22 13:55:37.168988
S0014,NLP,5,2025-11-13 13:55:37.168988
S0014,Computer Vision,8,2025-10-01 13:55:37.168988
S0014,Optimization,3,2025-09-08 13:55:37.168988
S0015,Linear Algebra,5,2025-08-29 13:55:37.168988
S0015,Probability,4,2025-10-23 13:55:37.168988
S0015,Statistics,4,2025-09-16 13:55:37.168988
S0015,ML Basics,4,2025-08-05 13:55:37.168988
S0015,Deep Learning,4,2025-09-09 13:55:37.168988
S0015,NLP,3,2025-07-21 13:55:37.168988
S0015,Computer Vision,4,2025-08-25 13:55:37.168988
S0015,Optimization,5,2025-09-20 13:55:37.168988
S0016,Linear Algebra,7,2026-01-11 13:55:37.168988
S0016,Probability,2,2025-12-09 13:55:37.168988
S0016,Statistics,6,2025-11-12 13:55:37.168988
S0016,ML Basics,3,2025-09-06 13:55:37.168988
S0016,Deep Learning,4,2025-08-03 13:55:37.168988
S0016,NLP,3,2025-12-08 13:55:37.168988
S0016,Computer Vision,1,2025-12-01 13:55:37.168988
S0016,Optimization,2,2025-10-28 13:55:37.168988
S0017,Linear Algebra,5,2025-09-05 13:55:37.168988
S0017,Probability,4,2025-09-30 13:55:37.168988
S0017,Statistics,5,2025-08-19 13:55:37.168988
S0017,ML Basics,3,2025-12-05 13:55:37.168988
S0017,Deep Learning,1,2025-12-10 13:55:37.168988
S0017,NLP,3,2025-09-30 13:55:37.168988
S0017,Computer Vision,5,2025-10-31 13:55:37.168988
S0017,Optimization,8,2025-09-30 13:55:37.168988
S0018,Linear Algebra,1,2025-12-03 13:55:37.168988
S0018,Probability,3,2025-07-23 13:55:37.168988
S0018,Statistics,3,2025-10-24 13:55:37.168988
S0018,ML Basics,2,2025-09-15 13:55:37.168988
S0018,Deep Learning,2,2025-12-21 13:55:37.168988
S0018,NLP,0,2025-12-12 13:55:37.168988
S0018,Computer Vision,4,2025-11-16 13:55:37.168988
S0018,Optimization,2,2025-11-02 13:55:37.168988
S0019,Linear Algebra,3,2025-12-23 13:55:37.168988
S0019,Probability,5,2025-09-18 13:55:37.168988
S0019,Statistics,4,2025-10-21 13:55:37.168988
S0019,ML Basics,1,2025-07-29 13:55:37.168988
S0019,Deep Learning,2,2025-11-03 13:55:37.168988
S0019,NLP,5,2025-10-15 13:55:37.168988
S0019,Computer Vision,0,2025-12-30 13:55:37.168988
S0019,Optimization,3,2025-11-20 13:55:37.168988
S0020,Linear Algebra,3,2026-01-05 13:55:37.168988
S0020,Probability,2,2025-10-13 13:55:37.168988
S0020,Statistics,7,2026-01-14 13:55:37.168988
S0020,ML Basics,5,2025-08-01 13:55:37.168988
S0020,Deep Learning,5,2025-08-24 13:55:37.168988
S0020,NLP,8,2025-12-27 13:55:37.168988
S0020,Computer Vision,5,2025-08-14 13:55:37.168988
S0020,Optimization,5,2025-09-24 13:55:37.168988
S0021,Linear Algebra,5,2025-08-13 13:55:37.168988
S0021,Probability,6,2025-11-13 13:55:37.168988
S0021,Statistics,1,2025-08-27 13:55:37.168988
S0021,ML Basics,5,2025-11-13 13:55:37.168988
S0021,Deep Learning,4,2025-12-22 13:55:37.168988
S0021,NLP,2,2025-11-10 13:55:37.168988
S0021,Computer Vision,5,2025-11-06 13:55:37.168988
S0021,Optimization,3,2025-11-08 13:55:37.168988
S0022,Linear Algebra,6,2025-08-08 13:55:37.168988
S0022,Probability,7,2025-08-22 13:55:37.168988
S0022,Statistics,4,2025-09-28 13:55:37.168988
S0022,ML Basics,5,2026-01-07 13:55:37.168988
S0022,Deep Learning,1,2025-09-25 13:55:37.168988
S0022,NLP,1,2025-08-24 13:55:37.168988
S0022,Computer Vision,0,2025-12-31 13:55:37.168988
S0022,Optimization,4,2025-08-07 13:55:37.168988
S0023,Linear Algebra,5,2025-07-25 13:55:37.168988
S0023,Probability,2,2025-08-01 13:55:37.168988
S0023,Statistics,5,2026-01-01 13:55:37.168988
S0023,ML Basics,0,2025-08-10 13:55:37.168988
S0023,Deep Learning,4,2026-01-03 13:55:37.168988
S0023,NLP,7,2025-10-24 13:55:37.168988
S0023,Computer Vision,2,2025-10-22 13:55:37.168988
S0023,Optimization,7,2025-09-28 13:55:37.168988
S0024,Linear Algebra,5,2025-12-27 13:55:37.168988
S0024,Probability,3,2025-12-20 13:55:37.168988
S0024,Statistics,5,2025-11-20 13:55:37.168988
S0024,ML Basics,3,2025-11-29 13:55:37.168988
S0024,Deep Learning,1,2025-12-03 13:55:37.168988
S0024,NLP,7,2025-11-14 13:55:37.168988
S0024,Computer Vision,6,2025-09-05 13:55:37.168988
S0024,Optimization,1,2025-10-25 13:55:37.168988
S0025,Linear Algebra,2,2025-08-08 13:55:37.168988
S0025,Probability,6,2025-08-11 13:55:37.168988
S0025,Statistics,3,2025-12-18 13:55:37.168988
S0025,ML Basics,3,2025-08-07 13:55:37.168988
S0025,Deep Learning,2,2025-08-27 13:55:37.168988
S0025,NLP,6,2025-08-22 13:55:37.168988
S0025,Computer Vision,2,2025-08-10 13:55:37.168988
S0025,Optimization,4,2025-09-14 13:55:37.168988
S0026,Linear Algebra,7,2025-10-03 13:55:37.168988
S0026,Probability,4,2025-12-20 13:55:37.168988
S0026,Statistics,8,2025-09-29 13:55:37.168988
S0026,ML Basics,8,2025-08-12 13:55:37.168988
S0026,Deep Learning,1,2025-12-02 13:55:37.168988
S0026,NLP,5,2025-09-21 13:55:37.168988
S0026,Computer Vision,1,2025-11-12 13:55:37.168988
S0026,Optimization,4,2025-10-25 13:55:37.168988
S0027,Linear Algebra,8,2025-11-30 13:55:37.168988
S0027,Probability,12,2025-09-03 13:55:37.168988
S0027,Statistics,2,2025-09-01 13:55:37.168988
S0027,ML Basics,4,2025-09-06 13:55:37.168988
S0027,Deep Learning,3,2025-10-22 13:55:37.168988
S0027,NLP,3,2025-10-11 13:55:37.168988
S0027,Computer Vision,3,2025-07-25 13:55:37.168988
S0027,Optimization,2,2025-09-02 13:55:37.168988
S0028,Linear Algebra,2,2025-11-05 13:55:37.168988
S0028,Probability,3,2025-11-16 13:55:37.168988
S0028,Statistics,2,2025-09-24 13:55:37.168988
S0028,ML Basics,6,2025-12-31 13:55:37.168988
S0028,Deep Learning,4,2025-10-20 13:55:37.168988
S0028,NLP,6,2025-08-26 13:55:37.168988
S0028,Computer Vision,7,2026-01-01 13:55:37.168988
S0028,Optimization,5,2026-01-05 13:55:37.168988
S0029,Linear Algebra,1,2025-10-16 13:55:37.168988
S0029,Probability,3,2025-08-01 13:55:37.168988
S0029,Statistics,4,2025-09-24 13:55:37.168988
S0029,ML Basics,4,2025-09-01 13:55:37.168988
S0029,Deep Learning,4,2025-12-06 13:55:37.168988
S0029,NLP,5,2025-11-02 13:55:37.168988
S0029,Computer Vision,3,2025-11-16 13:55:37.168988
S0029,Optimization,7,2025-08-04 13:55:37.168988
S0030,Linear Algebra,3,2025-12-01 13:55:37.168988
S0030,Probability,3,2025-09-09 13:55:37.168988
S0030,Statistics,3,2025-09-18 13:55:37.168988
S0030,ML Basics,3,2025-10-16 13:55:37.168988
S0030,Deep Learning,3,2025-09-07 13:55:37.168988
S0030,NLP,4,2025-10-29 13:55:37.168988
S0030,Computer Vision,3,2025-08-20 13:55:37.168988
S0030,Optimization,5,2025-11-03 13:55:37.168988
S0031,Linear Algebra,3,2026-01-02 13:55:37.168988
S0031,Probability,4,2025-12-31 13:55:37.168988
S0031,Statistics,4,2025-12-31 13:55:37.168988
S0031,ML Basics,2,2025-12-30 13:55:37.168988
S0031,Deep Learning,3,2025-11-26 13:55:37.168988
S0031,NLP,2,2025-11-10 13:55:37.168988
S0031,Computer Vision,2,2025-09-19 13:55:37.168988
S0031,Optimization,3,2025-10-14 13:55:37.168988
S0032,Linear Algebra,5,2025-12-18 13:55:37.168988
S0032,Probability,4,2025-09-19 13:55:37.168988
S0032,Statistics,2,2025-12-20 13:55:37.168988
S0032,ML Basics,3,2025-12-25 13:55:37.168988
S0032,Deep Learning,2,2025-10-09 13:55:37.168988
S0032,NLP,3,2025-08-20 13:55:37.168988
S0032,Computer Vision,4,2025-12-21 13:55:37.168988
S0032,Optimization,2,2025-09-09 13:55:37.168988
S0033,Linear Algebra,8,2025-09-26 13:55:37.168988
S0033,Probability,6,2025-11-10 13:55:37.168988
S0033,Statistics,5,2026-01-04 13:55:37.168988
S0033,ML Basics,3,2025-08-24 13:55:37.168988
S0033,Deep Learning,4,2025-10-29 13:55:37.168988
S0033,NLP,3,2025-09-24 13:55:37.168988
S0033,Computer Vision,6,2025-09-15 13:55:37.168988
S0033,Optimization,2,2025-08-11 13:55:37.168988
S0034,Linear Algebra,3,2025-11-19 13:55:37.168988
S0034,Probability,5,2025-12-06 13:55:37.168988
S0034,Statistics,2,2025-08-01 13:55:37.168988
S0034,ML Basics,5,2025-08-09 13:55:37.168988
S0034,Deep Learning,6,2025-12-04 13:55:37.168988
S0034,NLP,6,2025-09-17 13:55:37.168988
S0034,Computer Vision,5,2025-07-27 13:55:37.168988
S0034,Optimization,3,2025-09-08 13:55:37.168988
S0035,Linear Algebra,2,2025-09-11 13:55:37.168988
S0035,Probability,3,2025-11-02 13:55:37.168988
S0035,Statistics,3,2025-12-06 13:55:37.168988
S0035,ML Basics,6,2025-11-02 13:55:37.168988
S0035,Deep Learning,4,2025-12-14 13:55:37.168988
S0035,NLP,8,2025-10-05 13:55:37.168988
S0035,Computer Vision,3,2025-10-07 13:55:37.168988
S0035,Optimization,1,2025-11-30 13:55:37.168988
S0036,Linear Algebra,4,2025-12-07 13:55:37.168988
S0036,Probability,7,2025-12-03 13:55:37.168988
S0036,Statistics,2,2025-10-15 13:55:37.168988
S0036,ML Basics,2,2025-08-04 13:55:37.168988
S0036,Deep Learning,4,2025-09-16 13:55:37.168988
S0036,NLP,3,2025-09-18 13:55:37.168988
S0036,Computer Vision,7,2025-10-06 13:55:37.168988
S0036,Optimization,0,2025-12-19 13:55:37.168988
S0037,Linear Algebra,5,2025-10-28 13:55:37.168988
S0037,Probability,1,2025-11-26 13:55:37.168988
S0037,Statistics,6,2025-12-09 13:55:37.168988
S0037,ML Basics,5,2025-11-21 13:55:37.168988
S0037,Deep Learning,0,2025-11-25 13:55:37.168988
S0037,NLP,3,2025-12-14 13:55:37.168988
S0037,Computer Vision,4,2025-08-20 13:55:37.168988
S0037,Optimization,7,2026-01-02 13:55:37.168988
S0038,Linear Algebra,8,2025-12-24 13:55:37.168988
S0038,Probability,7,2025-11-30 13:55:37.168988
S0038,Statistics,5,2026-01-06 13:55:37.168988
S0038,ML Basics,8,2025-11-22 13:55:37.168988
S0038,Deep Learning,6,2025-11-23 13:55:37.168988
S0038,NLP,2,2025-08-07 13:55:37.168988
S0038,Computer Vision,4,2025-11-12 13:55:37.168988
S0038,Optimization,3,2025-08-11 13:55:37.168988
S0039,Linear Algebra,3,2025-12-31 13:55:37.168988
S0039,Probability,2,2025-10-04 13:55:37.168988
S0039,Statistics,3,2025-08-17 13:55:37.168988
S0039,ML Basics,4,2025-08-22 13:55:37.168988
S0039,Deep Learning,3,2025-08-26 13:55:37.168988
S0039,NLP,1,2026-01-06 13:55:37.168988
S0039,Computer Vision,1,2025-08-24 13:55:37.168988
S0039,Optimization,5,2025-07-30 13:55:37.168988
S0040,Linear Algebra,7,2025-08-27 13:55:37.168988
S0040,Probability,5,2025-10-15 13:55:37.168988
S0040,Statistics,4,2025-09-11 13:55:37.168988
S0040,ML Basics,1,2025-09-11 13:55:37.168988
S0040,Deep Learning,5,2025-11-12 13:55:37.168988
S0040,NLP,0,2025-11-23 13:55:37.168988
S0040,Computer Vision,1,2025-08-23 13:55:37.168988
S0040,Optimization,6,2025-09-29 13:55:37.168988
S0041,Linear Algebra,5,2026-01-10 13:55:37.168988
S0041,Probability,5,2025-12-14 13:55:37.168988
S0041,Statistics,5,2025-08-29 13:55:37.168988
S0041,ML Basics,3,2025-10-18 13:55:37.168988
S0041,Deep Learning,5,2025-10-26 13:55:37.168988
S0041,NLP,6,2025-09-02 13:55:37.168988
S0041,Computer Vision,2,2025-12-20 13:55:37.168988
S0041,Optimization,3,2025-07-29 13:55:37.168988
S0042,Linear Algebra,7,2025-08-13 13:55:37.168988
S0042,Probability,4,2025-12-20 13:55:37.168988
S0042,Statistics,5,2025-11-26 13:55:37.168988
S0042,ML Basics,3,2025-09-04 13:55:37.168988
S0042,Deep Learning,1,2025-12-01 13:55:37.168988
S0042,NLP,6,2026-01-01 13:55:37.168988
S0042,Computer Vision,8,2025-11-07 13:55:37.168988
S0042,Optimization,4,2025-08-13 13:55:37.168988
S0043,Linear Algebra,3,2025-11-02 13:55:37.168988
S0043,Probability,4,2025-11-21 13:55:37.168988
S0043,Statistics,4,2025-09-08 13:55:37.168988
S0043,ML Basics,1,2025-10-12 13:55:37.168988
S0043,Deep Learning,4,2025-11-26 13:55:37.168988
S0043,NLP,3,2025-12-03 13:55:37.168988
S0043,Computer Vision,5,2025-08-13 13:55:37.168988
S0043,Optimization,7,2025-11-19 13:55:37.168988
S0044,Linear Algebra,5,2025-12-24 13:55:37.168988
S0044,Probability,4,2025-12-27 13:55:37.168988
S0044,Statistics,3,2025-09-28 13:55:37.168988
S0044,ML Basics,7,2025-09-30 13:55:37.168988
S0044,Deep Learning,4,2025-11-10 13:55:37.168988
S0044,NLP,7,2025-08-30 13:55:37.168988
S0044,Computer Vision,6,2025-07-28 13:55:37.168988
S0044,Optimization,3,2025-10-20 13:55:37.168988
S0045,Linear Algebra,3,2025-11-28 13:55:37.168988
S0045,Probability,4,2025-11-03 13:55:37.168988
S0045,Statistics,8,2025-10-31 13:55:37.168988
S0045,ML Basics,6,2025-08-07 13:55:37.168988
S0045,Deep Learning,2,2025-11-13 13:55:37.168988
S0045,NLP,3,2025-09-28 13:55:37.168988
S0045,Computer Vision,4,2025-09-05 13:55:37.168988
S0045,Optimization,5,2025-11-24 13:55:37.168988
S0046,Linear Algebra,2,2025-12-14 13:55:37.168988
S0046,Probability,2,2025-12-29 13:55:37.168988
S0046,Statistics,3,2025-11-26 13:55:37.168988
S0046,ML Basics,6,2025-11-24 13:55:37.168988
S0046,Deep Learning,4,2026-01-09 13:55:37.168988
S0046,NLP,3,2026-01-09 13:55:37.168988
S0046,Computer Vision,5,2025-12-15 13:55:37.168988
S0046,Optimization,2,2025-12-07 13:55:37.168988
S0047,Linear Algebra,3,2025-11-18 13:55:37.168988
S0047,Probability,5,2025-09-01 13:55:37.168988
S0047,Statistics,5,2025-12-29 13:55:37.168988
S0047,ML Basics,5,2025-12-25 13:55:37.168988
S0047,Deep Learning,4,2025-11-22 13:55:37.168988
S0047,NLP,4,2025-09-10 13:55:37.168988
S0047,Computer Vision,4,2025-12-28 13:55:37.168988
S0047,Optimization,6,2025-09-10 13:55:37.168988
S0048,Linear Algebra,1,2025-10-28 13:55:37.168988
S0048,Probability,2,2025-12-26 13:55:37.168988
S0048,Statistics,8,2025-11-04 13:55:37.168988
S0048,ML Basics,6,2025-12-18 13:55:37.168988
S0048,Deep Learning,3,2025-09-21 13:55:37.168988
S0048,NLP,6,2025-09-18 13:55:37.168988
S0048,Computer Vision,3,2025-11-15 13:55:37.168988
S0048,Optimization,4,2025-08-31 13:55:37.168988
S0049,Linear Algebra,2,2025-09-15 13:55:37.168988
S0049,Probability,1,2025-10-04 13:55:37.168988
S0049,Statistics,3,2025-10-25 13:55:37.168988
S0049,ML Basics,8,2025-08-09 13:55:37.168988
S0049,Deep Learning,2,2025-11-01 13:55:37.168988
S0049,NLP,2,2025-12-20 13:55:37.168988
S0049,Computer Vision,8,2025-10-07 13:55:37.168988
S0049,Optimization,4,2025-12-12 13:55:37.168988
S0050,Linear Algebra,4,2025-08-05 13:55:37.168988
S0050,Probability,2,2025-11-06 13:55:37.168988
S0050,Statistics,5,2025-10-15 13:55:37.168988
S0050,ML Basics,3,2025-10-16 13:55:37.168988
S0050,Deep Learning,2,2026-01-09 13:55:37.168988
S0050,NLP,1,2025-11-20 13:55:37.168988
S0050,Computer Vision,6,2025-07-27 13:55:37.168988
S0050,Optimization,7,2025-07-23 13:55:37.168988
S0051,Linear Algebra,3,2025-10-26 13:55:37.168988
S0051,Probability,6,2026-01-03 13:55:37.168988
S0051,Statistics,8,2025-09-05 13:55:37.168988
S0051,ML Basics,6,2025-12-31 13:55:37.168988
S0051,Deep Learning,2,2025-10-26 13:55:37.168988
S0051,NLP,4,2025-09-07 13:55:37.168988
S0051,Computer Vision,2,2025-12-21 13:55:37.168988
S0051,Optimization,5,2025-11-05 13:55:37.168988
S0052,Linear Algebra,2,2025-10-28 13:55:37.168988
S0052,Probability,3,2025-08-18 13:55:37.168988
S0052,Statistics,6,2025-10-04 13:55:37.168988
S0052,ML Basics,7,2025-08-27 13:55:37.168988
S0052,Deep Learning,8,2025-10-25 13:55:37.168988
S0052,NLP,2,2025-11-27 13:55:37.168988
S0052,Computer Vision,5,2025-12-13 13:55:37.168988
S0052,Optimization,5,2025-08-17 13:55:37.168988
S0053,Linear Algebra,6,2025-07-24 13:55:37.168988
S0053,Probability,7,2025-10-19 13:55:37.168988
S0053,Statistics,5,2025-09-21 13:55:37.168988
S0053,ML Basics,1,2025-09-07 13:55:37.168988
S0053,Deep Learning,7,2026-01-11 13:55:37.168988
S0053,NLP,5,2025-10-20 13:55:37.168988
S0053,Computer Vision,4,2025-11-10 13:55:37.168988
S0053,Optimization,6,2025-11-01 13:55:37.168988
S0054,Linear Algebra,8,2025-11-14 13:55:37.168988
S0054,Probability,2,2025-08-16 13:55:37.168988
S0054,Statistics,3,2025-09-14 13:55:37.168988
S0054,ML Basics,11,2025-10-06 13:55:37.168988
S0054,Deep Learning,6,2025-11-18 13:55:37.168988
S0054,NLP,0,2025-12-26 13:55:37.168988
S0054,Computer Vision,9,2026-01-10 13:55:37.168988
S0054,Optimization,1,2026-01-16 13:55:37.168988
S0055,Linear Algebra,4,2026-01-12 13:55:37.168988
S0055,Probability,7,2025-12-04 13:55:37.168988
S0055,Statistics,2,2025-10-31 13:55:37.168988
S0055,ML Basics,6,2025-11-26 13:55:37.168988
S0055,Deep Learning,2,2025-11-05 13:55:37.168988
S0055,NLP,2,2025-08-06 13:55:37.168988
S0055,Computer Vision,4,2025-10-10 13:55:37.168988
S0055,Optimization,2,2025-07-25 13:55:37.168988
S0056,Linear Algebra,3,2025-10-12 13:55:37.168988
S0056,Probability,6,2025-09-17 13:55:37.168988
S0056,Statistics,2,2025-10-17 13:55:37.168988
S0056,ML Basics,3,2026-01-08 13:55:37.168988
S0056,Deep Learning,3,2025-08-23 13:55:37.168988
S0056,NLP,2,2025-11-21 13:55:37.168988
S0056,Computer Vision,7,2025-08-29 13:55:37.168988
S0056,Optimization,3,2025-07-22 13:55:37.168988
S0057,Linear Algebra,10,2025-11-03 13:55:37.168988
S0057,Probability,4,2025-11-16 13:55:37.168988
S0057,Statistics,5,2025-12-24 13:55:37.168988
S0057,ML Basics,4,2025-11-24 13:55:37.168988
S0057,Deep Learning,5,2025-07-26 13:55:37.168988
S0057,NLP,2,2025-08-28 13:55:37.168988
S0057,Computer Vision,3,2025-08-15 13:55:37.168988
S0057,Optimization,3,2025-10-07 13:55:37.168988
S0058,Linear Algebra,7,2025-07-26 13:55:37.168988
S0058,Probability,1,2025-10-22 13:55:37.168988
S0058,Statistics,4,2025-11-18 13:55:37.168988
S0058,ML Basics,4,2025-11-07 13:55:37.168988
S0058,Deep Learning,8,2025-07-23 13:55:37.168988
S0058,NLP,7,2025-11-23 13:55:37.168988
S0058,Computer Vision,1,2025-09-03 13:55:37.168988
S0058,Optimization,6,2025-08-30 13:55:37.168988
S0059,Linear Algebra,3,2025-11-14 13:55:37.168988
S0059,Probability,0,2025-09-16 13:55:37.168988
S0059,Statistics,3,2025-10-20 13:55:37.168988
S0059,ML Basics,3,2025-08-16 13:55:37.168988
S0059,Deep Learning,5,2025-10-29 13:55:37.168988
S0059,NLP,3,2025-08-07 13:55:37.168988
S0059,Computer Vision,2,2025-10-30 13:55:37.168988
S0059,Optimization,2,2026-01-06 13:55:37.168988
S0060,Linear Algebra,4,2025-10-23 13:55:37.168988
S0060,Probability,3,2025-09-27 13:55:37.168988
S0060,Statistics,3,2025-08-26 13:55:37.168988
S0060,ML Basics,8,2025-10-04 13:55:37.168988
S0060,Deep Learning,3,2025-12-10 13:55:37.168988
S0060,NLP,7,2025-08-05 13:55:37.168988
S0060,Computer Vision,6,2025-09-01 13:55:37.168988
S0060,Optimization,3,2025-12-12 13:55:37.168988
S0061,Linear Algebra,3,2025-12-05 13:55:37.168988
S0061,Probability,4,2025-08-12 13:55:37.168988
S0061,Statistics,6,2025-09-08 13:55:37.168988
S0061,ML Basics,5,2026-01-16 13:55:37.168988
S0061,Deep Learning,8,2025-08-25 13:55:37.168988
S0061,NLP,3,2025-07-25 13:55:37.168988
S0061,Computer Vision,4,2025-09-03 13:55:37.168988
S0061,Optimization,2,2025-10-05 13:55:37.168988
S0062,Linear Algebra,3,2025-12-15 13:55:37.168988
S0062,Probability,4,2026-01-03 13:55:37.168988
S0062,Statistics,6,2026-01-16 13:55:37.168988
S0062,ML Basics,4,2025-09-09 13:55:37.168988
S0062,Deep Learning,4,2025-10-01 13:55:37.168988
S0062,NLP,1,2025-12-10 13:55:37.168988
S0062,Computer Vision,3,2025-11-24 13:55:37.168988
S0062,Optimization,3,2025-08-04 13:55:37.168988
S0063,Linear Algebra,2,2025-10-19 13:55:37.168988
S0063,Probability,6,2025-10-11 13:55:37.168988
S0063,Statistics,4,2025-07-29 13:55:37.168988
S0063,ML Basics,3,2025-08-09 13:55:37.168988
S0063,Deep Learning,6,2025-12-28 13:55:37.168988
S0063,NLP,4,2025-08-15 13:55:37.168988
S0063,Computer Vision,4,2025-11-02 13:55:37.168988
S0063,Optimization,6,2025-08-23 13:55:37.168988
S0064,Linear Algebra,0,2025-12-21 13:55:37.168988
S0064,Probability,2,2025-08-19 13:55:37.168988
S0064,Statistics,5,2026-01-06 13:55:37.168988
S0064,ML Basics,2,2025-10-21 13:55:37.168988
S0064,Deep Learning,8,2025-11-09 13:55:37.168988
S0064,NLP,2,2025-10-21 13:55:37.168988
S0064,Computer Vision,3,2025-09-21 13:55:37.168988
S0064,Optimization,3,2025-08-02 13:55:37.168988
S0065,Linear Algebra,1,2025-10-20 13:55:37.168988
S0065,Probability,7,2025-10-30 13:55:37.168988
S0065,Statistics,7,2025-08-08 13:55:37.168988
S0065,ML Basics,5,2025-11-14 13:55:37.168988
S0065,Deep Learning,1,2025-08-05 13:55:37.168988
S0065,NLP,4,2025-10-12 13:55:37.168988
S0065,Computer Vision,4,2025-09-14 13:55:37.168988
S0065,Optimization,3,2025-11-01 13:55:37.168988
S0066,Linear Algebra,3,2026-01-11 13:55:37.168988
S0066,Probability,6,2025-09-25 13:55:37.168988
S0066,Statistics,7,2025-10-27 13:55:37.168988
S0066,ML Basics,4,2025-10-14 13:55:37.168988
S0066,Deep Learning,4,2025-08-15 13:55:37.168988
S0066,NLP,7,2025-11-02 13:55:37.168988
S0066,Computer Vision,7,2025-08-01 13:55:37.168988
S0066,Optimization,2,2025-08-18 13:55:37.168988
S0067,Linear Algebra,12,2025-11-01 13:55:37.168988
S0067,Probability,1,2025-11-22 13:55:37.168988
S0067,Statistics,5,2025-11-10 13:55:37.168988
S0067,ML Basics,3,2025-11-04 13:55:37.168988
S0067,Deep Learning,4,2025-08-16 13:55:37.168988
S0067,NLP,6,2026-01-06 13:55:37.168988
S0067,Computer Vision,1,2025-11-19 13:55:37.168988
S0067,Optimization,0,2025-12-27 13:55:37.168988
S0068,Linear Algebra,6,2025-12-26 13:55:37.168988
S0068,Probability,4,2026-01-05 13:55:37.168988
S0068,Statistics,2,2025-12-26 13:55:37.168988
S0068,ML Basics,4,2025-11-15 13:55:37.168988
S0068,Deep Learning,0,2025-07-21 13:55:37.168988
S0068,NLP,3,2026-01-05 13:55:37.168988
S0068,Computer Vision,1,2025-12-29 13:55:37.168988
S0068,Optimization,4,2025-09-08 13:55:37.168988
S0069,Linear Algebra,3,2025-10-25 13:55:37.168988
S0069,Probability,3,2025-10-22 13:55:37.168988
S0069,Statistics,7,2025-12-24 13:55:37.168988
S0069,ML Basics,8,2025-09-22 13:55:37.168988
S0069,Deep Learning,5,2025-09-03 13:55:37.168988
S0069,NLP,1,2025-12-02 13:55:37.168988
S0069,Computer Vision,2,2025-11-06 13:55:37.168988
S0069,Optimization,8,2025-09-28 13:55:37.168988
S0070,Linear Algebra,4,2025-12-10 13:55:37.168988
S0070,Probability,3,2025-10-08 13:55:37.168988
S0070,Statistics,0,2025-10-30 13:55:37.168988
S0070,ML Basics,5,2025-09-02 13:55:37.168988
S0070,Deep Learning,3,2025-09-27 13:55:37.168988
S0070,NLP,1,2025-09-04 13:55:37.168988
S0070,Computer Vision,2,2025-08-22 13:55:37.168988
S0070,Optimization,4,2025-11-12 13:55:37.168988
S0071,Linear Algebra,1,2025-12-24 13:55:37.168988
S0071,Probability,1,2025-09-08 13:55:37.168988
S0071,Statistics,6,2025-08-05 13:55:37.168988
S0071,ML Basics,3,2025-12-06 13:55:37.168988
S0071,Deep Learning,4,2025-10-14 13:55:37.168988
S0071,NLP,4,2025-09-09 13:55:37.168988
S0071,Computer Vision,4,2025-09-06 13:55:37.168988
S0071,Optimization,0,2026-01-16 13:55:37.168988
S0072,Linear Algebra,3,2025-11-15 13:55:37.168988
S0072,Probability,1,2025-11-19 13:55:37.168988
S0072,Statistics,7,2025-09-20 13:55:37.168988
S0072,ML Basics,5,2025-12-06 13:55:37.168988
S0072,Deep Learning,4,2025-08-09 13:55:37.168988
S0072,NLP,8,2025-08-09 13:55:37.168988
S0072,Computer Vision,9,2026-01-07 13:55:37.168988
S0072,Optimization,4,2026-01-12 13:55:37.168988
S0073,Linear Algebra,2,2025-09-10 13:55:37.168988
S0073,Probability,4,2025-12-13 13:55:37.168988
S0073,Statistics,5,2025-09-23 13:55:37.168988
S0073,ML Basics,6,2025-09-02 13:55:37.168988
S0073,Deep Learning,4,2025-08-05 13:55:37.168988
S0073,NLP,10,2025-11-17 13:55:37.168988
S0073,Computer Vision,4,2025-08-11 13:55:37.168988
S0073,Optimization,7,2025-10-09 13:55:37.168988
S0074,Linear Algebra,3,2026-01-03 13:55:37.168988
S0074,Probability,7,2025-08-13 13:55:37.168988
S0074,Statistics,3,2025-11-03 13:55:37.168988
S0074,ML Basics,2,2025-11-01 13:55:37.168988
S0074,Deep Learning,1,2025-12-31 13:55:37.168988
S0074,NLP,2,2025-11-17 13:55:37.168988
S0074,Computer Vision,3,2025-11-06 13:55:37.168988
S0074,Optimization,5,2025-12-23 13:55:37.168988
S0075,Linear Algebra,7,2025-11-04 13:55:37.168988
S0075,Probability,5,2025-08-05 13:55:37.168988
S0075,Statistics,3,2026-01-13 13:55:37.168988
S0075,ML Basics,1,2025-12-24 13:55:37.168988
S0075,Deep Learning,5,2025-09-17 13:55:37.168988
S0075,NLP,3,2025-12-02 13:55:37.168988
S0075,Computer Vision,2,2025-08-05 13:55:37.168988
S0075,Optimization,2,2025-11-07 13:55:37.168988
S0076,Linear Algebra,8,2026-01-08 13:55:37.168988
S0076,Probability,2,2025-12-17 13:55:37.168988
S0076,Statistics,4,2025-07-25 13:55:37.168988
S0076,ML Basics,3,2025-08-05 13:55:37.168988
S0076,Deep Learning,7,2025-08-07 13:55:37.168988
S0076,NLP,6,2025-12-05 13:55:37.168988
S0076,Computer Vision,2,2025-12-04 13:55:37.168988
S0076,Optimization,7,2025-11-26 13:55:37.168988
S0077,Linear Algebra,2,2025-09-01 13:55:37.168988
S0077,Probability,3,2025-12-13 13:55:37.168988
S0077,Statistics,5,2025-12-08 13:55:37.168988
S0077,ML Basics,2,2025-09-06 13:55:37.168988
S0077,Deep Learning,1,2025-08-02 13:55:37.168988
S0077,NLP,4,2025-10-02 13:55:37.168988
S0077,Computer Vision,8,2025-11-18 13:55:37.168988
S0077,Optimization,4,2025-09-29 13:55:37.168988
S0078,Linear Algebra,4,2025-10-02 13:55:37.168988
S0078,Probability,2,2025-10-16 13:55:37.168988
S0078,Statistics,3,2025-11-15 13:55:37.168988
S0078,ML Basics,7,2025-12-13 13:55:37.168988
S0078,Deep Learning,1,2025-12-11 13:55:37.168988
S0078,NLP,6,2025-08-07 13:55:37.168988
S0078,Computer Vision,1,2025-11-03 13:55:37.168988
S0078,Optimization,5,2026-01-01 13:55:37.168988
S0079,Linear Algebra,5,2025-11-21 13:55:37.168988
S0079,Probability,3,2025-07-30 13:55:37.168988
S0079,Statistics,7,2025-07-25 13:55:37.168988
S0079,ML Basics,5,2025-11-13 13:55:37.168988
S0079,Deep Learning,3,2025-12-19 13:55:37.168988
S0079,NLP,5,2025-08-31 13:55:37.168988
S0079,Computer Vision,8,2025-12-25 13:55:37.168988
S0079,Optimization,2,2025-08-06 13:55:37.168988
S0080,Linear Algebra,5,2025-08-20 13:55:37.168988
S0080,Probability,2,2025-09-22 13:55:37.168988
S0080,Statistics,2,2025-12-28 13:55:37.168988
S0080,ML Basics,1,2025-08-07 13:55:37.168988
S0080,Deep Learning,3,2025-08-13 13:55:37.168988
S0080,NLP,1,2025-11-24 13:55:37.168988
S0080,Computer Vision,2,2025-09-18 13:55:37.168988
S0080,Optimization,7,2025-11-21 13:55:37.168988
S0081,Linear Algebra,3,2025-08-20 13:55:37.168988
S0081,Probability,5,2026-01-03 13:55:37.168988
S0081,Statistics,4,2025-12-04 13:55:37.168988
S0081,ML Basics,4,2025-12-06 13:55:37.168988
S0081,Deep Learning,9,2025-08-26 13:55:37.168988
S0081,NLP,2,2025-12-28 13:55:37.168988
S0081,Computer Vision,4,2026-01-13 13:55:37.168988
S0081,Optimization,3,2025-09-18 13:55:37.168988
S0082,Linear Algebra,3,2025-12-12 13:55:37.168988
S0082,Probability,7,2025-09-16 13:55:37.168988
S0082,Statistics,3,2025-09-30 13:55:37.168988
S0082,ML Basics,6,2025-10-30 13:55:37.168988
S0082,Deep Learning,3,2025-09-30 13:55:37.168988
S0082,NLP,1,2026-01-10 13:55:37.168988
S0082,Computer Vision,3,2025-12-19 13:55:37.168988
S0082,Optimization,1,2025-09-01 13:55:37.168988
S0083,Linear Algebra,2,2025-09-14 13:55:37.168988
S0083,Probability,4,2025-09-13 13:55:37.168988
S0083,Statistics,3,2025-11-17 13:55:37.168988
S0083,ML Basics,6,2025-12-08 13:55:37.168988
S0083,Deep Learning,3,2025-10-18 13:55:37.168988
S0083,NLP,6,2025-09-15 13:55:37.168988
S0083,Computer Vision,3,2025-11-05 13:55:37.168988
S0083,Optimization,5,2026-01-09 13:55:37.168988
S0084,Linear Algebra,5,2025-10-15 13:55:37.168988
S0084,Probability,2,2025-10-26 13:55:37.168988
S0084,Statistics,4,2025-08-29 13:55:37.168988
S0084,ML Basics,3,2025-12-01 13:55:37.168988
S0084,Deep Learning,2,2025-11-17 13:55:37.168988
S0084,NLP,5,2025-08-21 13:55:37.168988
S0084,Computer Vision,6,2026-01-06 13:55:37.168988
S0084,Optimization,3,2025-12-05 13:55:37.168988
S0085,Linear Algebra,8,2025-12-19 13:55:37.168988
S0085,Probability,8,2025-11-08 13:55:37.168988
S0085,Statistics,2,2025-12-04 13:55:37.168988
S0085,ML Basics,3,2026-01-16 13:55:37.168988
S0085,Deep Learning,7,2025-11-24 13:55:37.168988
S0085,NLP,4,2025-11-19 13:55:37.168988
S0085,Computer Vision,3,2025-08-15 13:55:37.168988
S0085,Optimization,9,2025-07-23 13:55:37.168988
S0086,Linear Algebra,3,2025-10-11 13:55:37.168988
S0086,Probability,6,2025-11-12 13:55:37.168988
S0086,Statistics,5,2025-10-22 13:55:37.168988
S0086,ML Basics,3,2025-08-27 13:55:37.168988
S0086,Deep Learning,3,2026-01-11 13:55:37.168988
S0086,NLP,4,2025-11-15 13:55:37.168988
S0086,Computer Vision,2,2025-09-26 13:55:37.168988
S0086,Optimization,4,2025-09-07 13:55:37.168988
S0087,Linear Algebra,4,2026-01-04 13:55:37.168988
S0087,Probability,7,2025-08-07 13:55:37.168988
S0087,Statistics,6,2025-09-16 13:55:37.168988
S0087,ML Basics,0,2025-07-28 13:55:37.168988
S0087,Deep Learning,6,2025-10-09 13:55:37.168988
S0087,NLP,3,2025-12-02 13:55:37.168988
S0087,Computer Vision,2,2025-12-05 13:55:37.168988
S0087,Optimization,4,2025-11-26 13:55:37.168988
S0088,Linear Algebra,3,2025-11-06 13:55:37.168988
S0088,Probability,5,2025-10-03 13:55:37.168988
S0088,Statistics,3,2025-12-20 13:55:37.168988
S0088,ML Basics,5,2025-08-22 13:55:37.168988
S0088,Deep Learning,4,2025-11-10 13:55:37.168988
S0088,NLP,3,2025-10-15 13:55:37.168988
S0088,Computer Vision,1,2025-09-06 13:55:37.168988
S0088,Optimization,4,2025-08-01 13:55:37.168988
S0089,Linear Algebra,3,2025-09-06 13:55:37.168988
S0089,Probability,7,2025-09-20 13:55:37.168988
S0089,Statistics,7,2026-01-13 13:55:37.168988
S0089,ML Basics,4,2025-10-19 13:55:37.168988
S0089,Deep Learning,4,2025-09-18 13:55:37.168988
S0089,NLP,8,2025-12-21 13:55:37.168988
S0089,Computer Vision,2,2025-08-18 13:55:37.168988
S0089,Optimization,8,2025-08-16 13:55:37.168988
S0090,Linear Algebra,1,2025-10-05 13:55:37.168988
S0090,Probability,2,2025-11-12 13:55:37.168988
S0090,Statistics,2,2025-10-09 13:55:37.168988
S0090,ML Basics,5,2025-09-15 13:55:37.168988
S0090,Deep Learning,5,2025-08-06 13:55:37.168988
S0090,NLP,5,2025-12-27 13:55:37.168988
S0090,Computer Vision,5,2025-12-25 13:55:37.168988
S0090,Optimization,5,2026-01-15 13:55:37.168988
S0091,Linear Algebra,2,2025-07-27 13:55:37.168988
S0091,Probability,6,2025-08-20 13:55:37.168988
S0091,Statistics,4,2025-11-27 13:55:37.168988
S0091,ML Basics,7,2025-12-19 13:55:37.168988
S0091,Deep Learning,5,2025-08-10 13:55:37.168988
S0091,NLP,7,2025-10-05 13:55:37.168988
S0091,Computer Vision,4,2025-12-05 13:55:37.168988
S0091,Optimization,3,2025-07-21 13:55:37.168988
S0092,Linear Algebra,5,2025-08-14 13:55:37.168988
S0092,Probability,3,2025-10-31 13:55:37.168988
S0092,Statistics,4,2026-01-01 13:55:37.168988
S0092,ML Basics,5,2025-10-26 13:55:37.168988
S0092,Deep Learning,4,2025-09-25 13:55:37.168988
S0092,NLP,4,2025-09-26 13:55:37.168988
S0092,Computer Vision,8,2025-12-07 13:55:37.168988
S0092,Optimization,3,2025-11-17 13:55:37.168988
S0093,Linear Algebra,5,2025-09-06 13:55:37.168988
S0093,Probability,1,2025-10-26 13:55:37.168988
S0093,Statistics,4,2025-09-23 13:55:37.168988
S0093,ML Basics,3,2025-10-12 13:55:37.168988
S0093,Deep Learning,5,2025-08-10 13:55:37.168988
S0093,NLP,4,2025-10-04 13:55:37.168988
S0093,Computer Vision,2,2025-11-30 13:55:37.168988
S0093,Optimization,4,2025-12-21 13:55:37.168988
S0094,Linear Algebra,5,2026-01-16 13:55:37.168988
S0094,Probability,6,2026-01-01 13:55:37.168988
S0094,Statistics,3,2025-09-17 13:55:37.168988
S0094,ML Basics,3,2025-12-15 13:55:37.168988
S0094,Deep Learning,0,2025-09-09 13:55:37.168988
S0094,NLP,5,2025-08-14 13:55:37.168988
S0094,Computer Vision,2,2025-10-10 13:55:37.168988
S0094,Optimization,4,2025-12-23 13:55:37.168988
S0095,Linear Algebra,2,2025-12-25 13:55:37.168988
S0095,Probability,3,2025-09-19 13:55:37.168988
S0095,Statistics,1,2026-01-08 13:55:37.168988
S0095,ML Basics,4,2025-09-24 13:55:37.168988
S0095,Deep Learning,5,2025-11-05 13:55:37.168988
S0095,NLP,3,2026-01-10 13:55:37.168988
S0095,Computer Vision,2,2025-11-14 13:55:37.168988
S0095,Optimization,6,2025-08-11 13:55:37.168988
S0096,Linear Algebra,6,2025-10-20 13:55:37.168988
S0096,Probability,4,2025-07-31 13:55:37.168988
S0096,Statistics,5,2025-10-09 13:55:37.168988
S0096,ML Basics,5,2025-08-13 13:55:37.168988
S0096,Deep Learning,5,2025-12-18 13:55:37.168988
S0096,NLP,6,2025-08-11 13:55:37.168988
S0096,Computer Vision,6,2025-10-09 13:55:37.168988
S0096,Optimization,3,2025-08-16 13:55:37.168988
S0097,Linear Algebra,1,2025-10-27 13:55:37.168988
S0097,Probability,3,2025-11-27 13:55:37.168988
S0097,Statistics,1,2025-09-21 13:55:37.168988
S0097,ML Basics,2,2025-09-14 13:55:37.168988
S0097,Deep Learning,4,2025-11-26 13:55:37.168988
S0097,NLP,3,2025-09-27 13:55:37.168988
S0097,Computer Vision,2,2025-10-25 13:55:37.168988
S0097,Optimization,3,2026-01-08 13:55:37.168988
S0098,Linear Algebra,4,2025-08-19 13:55:37.168988
S0098,Probability,2,2025-10-02 13:55:37.168988
S0098,Statistics,4,2025-12-17 13:55:37.168988
S0098,ML Basics,5,2025-11-29 13:55:37.168988
S0098,Deep Learning,3,2025-11-01 13:55:37.168988
S0098,NLP,0,2025-08-03 13:55:37.168988
S0098,Computer Vision,4,2025-08-05 13:55:37.168988
S0098,Optimization,5,2025-11-28 13:55:37.168988
S0099,Linear Algebra,4,2026-01-12 13:55:37.168988
S0099,Probability,3,2025-07-22 13:55:37.168988
S0099,Statistics,8,2025-10-02 13:55:37.168988
S0099,ML Basics,6,2025-08-11 13:55:37.168988
S0099,Deep Learning,5,2025-11-15 13:55:37.168988
S0099,NLP,4,2025-09-17 13:55:37.168988
S0099,Computer Vision,4,2025-11-15 13:55:37.168988
S0099,Optimization,1,2025-09-19 13:55:37.168988
S0100,Linear Algebra,2,2025-12-08 13:55:37.168988
S0100,Probability,2,2025-08-30 13:55:37.168988
S0100,Statistics,5,2025-08-27 13:55:37.168988
S0100,ML Basics,8,2025-08-25 13:55:37.168988
S0100,Deep Learning,1,2025-10-12 13:55:37.168988
S0100,NLP,2,2025-09-24 13:55:37.168988
S0100,Computer Vision,6,2025-07-29 13:55:37.168988
S0100,Optimization,1,2025-08-03 13:55:37.168988
S0101,Linear Algebra,1,2025-12-05 13:55:37.168988
S0101,Probability,6,2026-01-10 13:55:37.168988
S0101,Statistics,4,2025-12-25 13:55:37.168988
S0101,ML Basics,5,2025-08-14 13:55:37.168988
S0101,Deep Learning,7,2025-10-16 13:55:37.168988
S0101,NLP,5,2025-07-29 13:55:37.168988
S0101,Computer Vision,5,2025-10-12 13:55:37.168988
S0101,Optimization,7,2025-08-01 13:55:37.168988
S0102,Linear Algebra,8,2025-08-30 13:55:37.168988
S0102,Probability,4,2025-12-13 13:55:37.168988
S0102,Statistics,1,2025-11-01 13:55:37.168988
S0102,ML Basics,5,2025-08-22 13:55:37.168988
S0102,Deep Learning,4,2025-09-28 13:55:37.168988
S0102,NLP,4,2026-01-08 13:55:37.168988
S0102,Computer Vision,7,2025-08-06 13:55:37.168988
S0102,Optimization,3,2025-08-26 13:55:37.168988
S0103,Linear Algebra,4,2025-12-27 13:55:37.168988
S0103,Probability,4,2025-10-15 13:55:37.168988
S0103,Statistics,8,2025-07-30 13:55:37.168988
S0103,ML Basics,2,2026-01-04 13:55:37.168988
S0103,Deep Learning,4,2025-09-17 13:55:37.168988
S0103,NLP,3,2025-08-09 13:55:37.168988
S0103,Computer Vision,5,2025-09-09 13:55:37.168988
S0103,Optimization,3,2025-10-01 13:55:37.168988
S0104,Linear Algebra,5,2025-08-08 13:55:37.168988
S0104,Probability,4,2025-07-23 13:55:37.168988
S0104,Statistics,4,2025-11-10 13:55:37.168988
S0104,ML Basics,1,2025-08-18 13:55:37.168988
S0104,Deep Learning,6,2025-08-26 13:55:37.168988
S0104,NLP,3,2026-01-08 13:55:37.168988
S0104,Computer Vision,5,2025-08-23 13:55:37.168988
S0104,Optimization,2,2025-12-25 13:55:37.168988
S0105,Linear Algebra,2,2025-11-05 13:55:37.168988
S0105,Probability,3,2025-11-26 13:55:37.168988
S0105,Statistics,7,2025-08-27 13:55:37.168988
S0105,ML Basics,4,2025-10-11 13:55:37.168988
S0105,Deep Learning,8,2025-10-27 13:55:37.168988
S0105,NLP,4,2025-11-04 13:55:37.168988
S0105,Computer Vision,8,2025-08-11 13:55:37.168988
S0105,Optimization,4,2026-01-14 13:55:37.168988
S0106,Linear Algebra,0,2025-08-23 13:55:37.168988
S0106,Probability,6,2025-08-26 13:55:37.168988
S0106,Statistics,6,2025-08-26 13:55:37.168988
S0106,ML Basics,8,2025-08-11 13:55:37.168988
S0106,Deep Learning,2,2025-12-07 13:55:37.168988
S0106,NLP,5,2025-12-31 13:55:37.168988
S0106,Computer Vision,3,2025-07-24 13:55:37.168988
S0106,Optimization,4,2025-09-03 13:55:37.168988
S0107,Linear Algebra,4,2025-08-20 13:55:37.168988
S0107,Probability,4,2025-07-22 13:55:37.168988
S0107,Statistics,4,2025-08-03 13:55:37.168988
S0107,ML Basics,2,2025-12-09 13:55:37.168988
S0107,Deep Learning,3,2025-08-28 13:55:37.168988
S0107,NLP,3,2025-10-30 13:55:37.168988
S0107,Computer Vision,4,2025-11-06 13:55:37.168988
S0107,Optimization,1,2025-11-05 13:55:37.168988
S0108,Linear Algebra,5,2025-08-06 13:55:37.168988
S0108,Probability,5,2025-10-09 13:55:37.168988
S0108,Statistics,1,2025-12-03 13:55:37.168988
S0108,ML Basics,4,2025-11-15 13:55:37.168988
S0108,Deep Learning,1,2025-10-25 13:55:37.168988
S0108,NLP,2,2025-10-29 13:55:37.168988
S0108,Computer Vision,3,2025-12-29 13:55:37.168988
S0108,Optimization,3,2025-09-08 13:55:37.168988
S0109,Linear Algebra,6,2026-01-04 13:55:37.168988
S0109,Probability,8,2025-10-18 13:55:37.168988
S0109,Statistics,6,2025-11-13 13:55:37.168988
S0109,ML Basics,2,2025-12-22 13:55:37.168988
S0109,Deep Learning,4,2026-01-07 13:55:37.168988
S0109,NLP,4,2025-08-31 13:55:37.168988
S0109,Computer Vision,6,2025-09-23 13:55:37.168988
S0109,Optimization,5,2025-08-04 13:55:37.168988
S0110,Linear Algebra,2,2026-01-04 13:55:37.168988
S0110,Probability,6,2025-11-12 13:55:37.168988
S0110,Statistics,7,2025-11-28 13:55:37.168988
S0110,ML Basics,4,2025-11-10 13:55:37.168988
S0110,Deep Learning,7,2025-08-07 13:55:37.168988
S0110,NLP,1,2025-11-23 13:55:37.168988
S0110,Computer Vision,1,2025-10-22 13:55:37.168988
S0110,Optimization,0,2025-11-16 13:55:37.168988
S0111,Linear Algebra,3,2026-01-16 13:55:37.168988
S0111,Probability,2,2025-12-04 13:55:37.168988
S0111,Statistics,3,2025-11-27 13:55:37.168988
S0111,ML Basics,6,2025-07-22 13:55:37.168988
S0111,Deep Learning,3,2025-12-21 13:55:37.168988
S0111,NLP,4,2025-12-14 13:55:37.168988
S0111,Computer Vision,2,2025-10-13 13:55:37.168988
S0111,Optimization,0,2025-08-17 13:55:37.168988
S0112,Linear Algebra,1,2025-09-03 13:55:37.168988
S0112,Probability,6,2025-11-06 13:55:37.168988
S0112,Statistics,4,2025-12-29 13:55:37.168988
S0112,ML Basics,8,2025-11-26 13:55:37.168988
S0112,Deep Learning,5,2025-07-21 13:55:37.168988
S0112,NLP,2,2025-11-27 13:55:37.168988
S0112,Computer Vision,4,2025-10-18 13:55:37.168988
S0112,Optimization,5,2025-10-31 13:55:37.168988
S0113,Linear Algebra,5,2025-08-16 13:55:37.168988
S0113,Probability,1,2025-08-21 13:55:37.168988
S0113,Statistics,4,2025-12-23 13:55:37.168988
S0113,ML Basics,5,2025-07-29 13:55:37.168988
S0113,Deep Learning,4,2025-07-24 13:55:37.168988
S0113,NLP,3,2025-11-18 13:55:37.168988
S0113,Computer Vision,3,2025-07-31 13:55:37.168988
S0113,Optimization,2,2025-07-24 13:55:37.168988
S0114,Linear Algebra,3,2025-10-16 13:55:37.168988
S0114,Probability,5,2025-12-03 13:55:37.168988
S0114,Statistics,3,2025-08-25 13:55:37.168988
S0114,ML Basics,4,2025-12-01 13:55:37.168988
S0114,Deep Learning,2,2025-08-17 13:55:37.168988
S0114,NLP,4,2025-11-02 13:55:37.168988
S0114,Computer Vision,5,2025-12-25 13:55:37.168988
S0114,Optimization,1,2026-01-03 13:55:37.168988
S0115,Linear Algebra,5,2025-11-29 13:55:37.168988
S0115,Probability,4,2025-12-13 13:55:37.168988
S0115,Statistics,2,2025-08-20 13:55:37.168988
S0115,ML Basics,5,2025-12-22 13:55:37.168988
S0115,Deep Learning,3,2025-11-14 13:55:37.168988
S0115,NLP,3,2026-01-08 13:55:37.168988
S0115,Computer Vision,6,2025-12-30 13:55:37.168988
S0115,Optimization,2,2025-07-27 13:55:37.168988
S0116,Linear Algebra,5,2025-11-05 13:55:37.168988
S0116,Probability,1,2025-08-08 13:55:37.168988
S0116,Statistics,1,2025-12-08 13:55:37.168988
S0116,ML Basics,7,2025-10-11 13:55:37.168988
S0116,Deep Learning,5,2025-11-06 13:55:37.168988
S0116,NLP,4,2025-09-20 13:55:37.168988
S0116,Computer Vision,8,2026-01-09 13:55:37.168988
S0116,Optimization,3,2026-01-12 13:55:37.168988
S0117,Linear Algebra,7,2025-08-26 13:55:37.168988
S0117,Probability,2,2025-08-08 13:55:37.168988
S0117,Statistics,4,2025-10-01 13:55:37.168988
S0117,ML Basics,2,2025-12-04 13:55:37.168988
S0117,Deep Learning,6,2025-08-03 13:55:37.168988
S0117,NLP,3,2025-10-07 13:55:37.168988
S0117,Computer Vision,6,2025-09-08 13:55:37.168988
S0117,Optimization,4,2025-12-03 13:55:37.168988
S0118,Linear Algebra,2,2025-11-21 13:55:37.168988
S0118,Probability,1,2025-10-25 13:55:37.168988
S0118,Statistics,4,2026-01-04 13:55:37.168988
S0118,ML Basics,4,2025-08-30 13:55:37.168988
S0118,Deep Learning,4,2025-09-05 13:55:37.168988
S0118,NLP,5,2025-10-31 13:55:37.168988
S0118,Computer Vision,4,2025-08-10 13:55:37.168988
S0118,Optimization,2,2026-01-02 13:55:37.168988
S0119,Linear Algebra,3,2025-10-29 13:55:37.168988
S0119,Probability,1,2025-07-25 13:55:37.168988
S0119,Statistics,0,2025-09-23 13:55:37.168988
S0119,ML Basics,3,2025-10-31 13:55:37.168988
S0119,Deep Learning,3,2025-08-15 13:55:37.168988
S0119,NLP,2,2025-10-10 13:55:37.168988
S0119,Computer Vision,9,2025-12-30 13:55:37.168988
S0119,Optimization,4,2025-12-03 13:55:37.168988
S0120,Linear Algebra,4,2025-11-17 13:55:37.168988
S0120,Probability,0,2025-11-09 13:55:37.168988
S0120,Statistics,3,2025-08-05 13:55:37.168988
S0120,ML Basics,2,2026-01-03 13:55:37.168988
S0120,Deep Learning,4,2025-12-04 13:55:37.168988
S0120,NLP,2,2025-10-11 13:55:37.168988
S0120,Computer Vision,3,2026-01-11 13:55:37.168988
S0120,Optimization,2,2025-08-21 13:55:37.168988
S0121,Linear Algebra,4,2025-12-17 13:55:37.168988
S0121,Probability,6,2025-12-18 13:55:37.168988
S0121,Statistics,4,2025-10-22 13:55:37.168988
S0121,ML Basics,4,2025-09-20 13:55:37.168988
S0121,Deep Learning,7,2025-12-18 13:55:37.168988
S0121,NLP,4,2025-08-10 13:55:37.168988
S0121,Computer Vision,6,2025-10-17 13:55:37.168988
S0121,Optimization,4,2025-07-23 13:55:37.168988
S0122,Linear Algebra,3,2025-10-14 13:55:37.168988
S0122,Probability,5,2025-09-07 13:55:37.168988
S0122,Statistics,3,2025-10-24 13:55:37.168988
S0122,ML Basics,2,2025-12-14 13:55:37.168988
S0122,Deep Learning,8,2026-01-08 13:55:37.168988
S0122,NLP,3,2025-12-15 13:55:37.168988
S0122,Computer Vision,3,2025-09-08 13:55:37.168988
S0122,Optimization,5,2025-11-03 13:55:37.168988
S0123,Linear Algebra,5,2025-12-28 13:55:37.168988
S0123,Probability,3,2026-01-09 13:55:37.168988
S0123,Statistics,1,2025-09-30 13:55:37.168988
S0123,ML Basics,6,2025-12-01 13:55:37.168988
S0123,Deep Learning,3,2025-11-26 13:55:37.168988
S0123,NLP,2,2025-11-14 13:55:37.168988
S0123,Computer Vision,3,2025-12-14 13:55:37.168988
S0123,Optimization,4,2025-12-19 13:55:37.168988
S0124,Linear Algebra,6,2025-07-21 13:55:37.168988
S0124,Probability,8,2025-09-17 13:55:37.168988
S0124,Statistics,3,2025-07-25 13:55:37.168988
S0124,ML Basics,6,2025-09-09 13:55:37.168988
S0124,Deep Learning,1,2025-08-18 13:55:37.168988
S0124,NLP,5,2025-11-06 13:55:37.168988
S0124,Computer Vision,4,2025-11-16 13:55:37.168988
S0124,Optimization,2,2025-10-19 13:55:37.168988
S0125,Linear Algebra,7,2025-07-26 13:55:37.168988
S0125,Probability,2,2025-12-06 13:55:37.168988
S0125,Statistics,5,2025-08-10 13:55:37.168988
S0125,ML Basics,3,2025-07-26 13:55:37.168988
S0125,Deep Learning,5,2025-12-12 13:55:37.168988
S0125,NLP,4,2025-11-16 13:55:37.168988
S0125,Computer Vision,7,2025-08-29 13:55:37.168988
S0125,Optimization,2,2025-08-31 13:55:37.168988
S0126,Linear Algebra,6,2025-11-08 13:55:37.168988
S0126,Probability,3,2026-01-06 13:55:37.168988
S0126,Statistics,3,2025-09-21 13:55:37.168988
S0126,ML Basics,4,2025-11-07 13:55:37.168988
S0126,Deep Learning,2,2025-12-28 13:55:37.168988
S0126,NLP,4,2025-08-01 13:55:37.168988
S0126,Computer Vision,6,2025-09-05 13:55:37.168988
S0126,Optimization,5,2025-08-19 13:55:37.168988
S0127,Linear Algebra,1,2025-10-27 13:55:37.168988
S0127,Probability,2,2025-08-10 13:55:37.168988
S0127,Statistics,3,2025-11-12 13:55:37.168988
S0127,ML Basics,3,2025-11-24 13:55:37.168988
S0127,Deep Learning,5,2025-10-01 13:55:37.168988
S0127,NLP,3,2025-09-27 13:55:37.168988
S0127,Computer Vision,1,2025-10-25 13:55:37.168988
S0127,Optimization,8,2025-08-14 13:55:37.168988
S0128,Linear Algebra,4,2026-01-11 13:55:37.168988
S0128,Probability,3,2025-11-11 13:55:37.168988
S0128,Statistics,6,2025-10-05 13:55:37.168988
S0128,ML Basics,5,2025-12-18 13:55:37.168988
S0128,Deep Learning,4,2025-12-05 13:55:37.168988
S0128,NLP,3,2025-11-07 13:55:37.168988
S0128,Computer Vision,5,2025-10-08 13:55:37.168988
S0128,Optimization,5,2025-08-09 13:55:37.168988
S0129,Linear Algebra,4,2025-11-05 13:55:37.168988
S0129,Probability,2,2025-10-24 13:55:37.168988
S0129,Statistics,4,2025-10-24 13:55:37.168988
S0129,ML Basics,3,2025-12-19 13:55:37.168988
S0129,Deep Learning,1,2025-09-03 13:55:37.168988
S0129,NLP,3,2025-11-12 13:55:37.168988
S0129,Computer Vision,3,2025-12-14 13:55:37.168988
S0129,Optimization,3,2025-09-30 13:55:37.168988
S0130,Linear Algebra,7,2025-09-06 13:55:37.168988
S0130,Probability,3,2025-08-22 13:55:37.168988
S0130,Statistics,2,2025-11-10 13:55:37.168988
S0130,ML Basics,4,2025-09-27 13:55:37.168988
S0130,Deep Learning,4,2025-11-05 13:55:37.168988
S0130,NLP,1,2025-12-04 13:55:37.168988
S0130,Computer Vision,4,2025-10-31 13:55:37.168988
S0130,Optimization,1,2025-07-21 13:55:37.168988
S0131,Linear Algebra,9,2025-12-27 13:55:37.168988
S0131,Probability,4,2025-09-24 13:55:37.168988
S0131,Statistics,7,2025-12-11 13:55:37.168988
S0131,ML Basics,3,2025-12-04 13:55:37.168988
S0131,Deep Learning,5,2025-07-28 13:55:37.168988
S0131,NLP,6,2026-01-15 13:55:37.168988
S0131,Computer Vision,6,2025-12-01 13:55:37.168988
S0131,Optimization,2,2025-11-27 13:55:37.168988
S0132,Linear Algebra,0,2025-12-05 13:55:37.168988
S0132,Probability,4,2025-12-14 13:55:37.168988
S0132,Statistics,4,2025-10-31 13:55:37.168988
S0132,ML Basics,0,2025-12-13 13:55:37.168988
S0132,Deep Learning,2,2025-10-17 13:55:37.168988
S0132,NLP,2,2025-09-20 13:55:37.168988
S0132,Computer Vision,4,2025-10-25 13:55:37.168988
S0132,Optimization,9,2025-08-16 13:55:37.168988
S0133,Linear Algebra,2,2025-10-23 13:55:37.168988
S0133,Probability,2,2025-09-14 13:55:37.168988
S0133,Statistics,3,2025-11-10 13:55:37.168988
S0133,ML Basics,4,2025-08-28 13:55:37.168988
S0133,Deep Learning,5,2025-11-06 13:55:37.168988
S0133,NLP,0,2025-10-08 13:55:37.168988
S0133,Computer Vision,6,2025-11-22 13:55:37.168988
S0133,Optimization,4,2025-11-01 13:55:37.168988
S0134,Linear Algebra,7,2025-07-21 13:55:37.168988
S0134,Probability,2,2025-12-05 13:55:37.168988
S0134,Statistics,3,2025-11-05 13:55:37.168988
S0134,ML Basics,5,2025-08-06 13:55:37.168988
S0134,Deep Learning,2,2025-10-05 13:55:37.168988
S0134,NLP,3,2025-11-01 13:55:37.168988
S0134,Computer Vision,8,2025-10-20 13:55:37.168988
S0134,Optimization,4,2025-10-22 13:55:37.168988
S0135,Linear Algebra,5,2025-11-20 13:55:37.168988
S0135,Probability,4,2025-12-20 13:55:37.168988
S0135,Statistics,6,2025-12-14 13:55:37.168988
S0135,ML Basics,3,2025-11-13 13:55:37.168988
S0135,Deep Learning,4,2025-11-12 13:55:37.168988
S0135,NLP,3,2026-01-16 13:55:37.168988
S0135,Computer Vision,5,2025-08-16 13:55:37.168988
S0135,Optimization,0,2025-09-08 13:55:37.168988
S0136,Linear Algebra,5,2025-11-26 13:55:37.168988
S0136,Probability,6,2025-10-06 13:55:37.168988
S0136,Statistics,2,2025-12-03 13:55:37.168988
S0136,ML Basics,3,2025-10-31 13:55:37.168988
S0136,Deep Learning,7,2025-10-04 13:55:37.168988
S0136,NLP,2,2026-01-03 13:55:37.168988
S0136,Computer Vision,1,2026-01-01 13:55:37.168988
S0136,Optimization,5,2025-12-05 13:55:37.168988
S0137,Linear Algebra,5,2025-10-06 13:55:37.168988
S0137,Probability,0,2025-08-24 13:55:37.168988
S0137,Statistics,3,2025-10-15 13:55:37.168988
S0137,ML Basics,10,2025-11-13 13:55:37.168988
S0137,Deep Learning,4,2026-01-04 13:55:37.168988
S0137,NLP,5,2025-09-16 13:55:37.168988
S0137,Computer Vision,4,2025-09-12 13:55:37.168988
S0137,Optimization,3,2025-07-25 13:55:37.168988
S0138,Linear Algebra,0,2025-12-06 13:55:37.168988
S0138,Probability,4,2026-01-03 13:55:37.168988
S0138,Statistics,1,2025-08-09 13:55:37.168988
S0138,ML Basics,5,2025-12-12 13:55:37.168988
S0138,Deep Learning,0,2025-12-13 13:55:37.168988
S0138,NLP,6,2025-07-24 13:55:37.168988
S0138,Computer Vision,0,2025-08-26 13:55:37.168988
S0138,Optimization,1,2025-08-11 13:55:37.168988
S0139,Linear Algebra,3,2025-10-13 13:55:37.168988
S0139,Probability,5,2025-08-12 13:55:37.168988
S0139,Statistics,3,2025-11-20 13:55:37.168988
S0139,ML Basics,3,2025-11-28 13:55:37.168988
S0139,Deep Learning,6,2025-11-17 13:55:37.168988
S0139,NLP,6,2025-12-08 13:55:37.168988
S0139,Computer Vision,5,2026-01-13 13:55:37.168988
S0139,Optimization,5,2025-09-29 13:55:37.168988
S0140,Linear Algebra,5,2025-10-10 13:55:37.168988
S0140,Probability,6,2025-09-13 13:55:37.168988
S0140,Statistics,4,2026-01-01 13:55:37.168988
S0140,ML Basics,4,2025-07-25 13:55:37.168988
S0140,Deep Learning,5,2026-01-16 13:55:37.168988
S0140,NLP,6,2025-08-15 13:55:37.168988
S0140,Computer Vision,1,2025-12-22 13:55:37.168988
S0140,Optimization,4,2025-08-07 13:55:37.168988
S0141,Linear Algebra,3,2025-11-03 13:55:37.168988
S0141,Probability,5,2025-11-08 13:55:37.168988
S0141,Statistics,4,2025-08-09 13:55:37.168988
S0141,ML Basics,1,2025-08-12 13:55:37.168988
S0141,Deep Learning,6,2026-01-02 13:55:37.168988
S0141,NLP,7,2025-11-29 13:55:37.168988
S0141,Computer Vision,3,2025-11-12 13:55:37.168988
S0141,Optimization,1,2025-09-27 13:55:37.168988
S0142,Linear Algebra,3,2025-12-12 13:55:37.168988
S0142,Probability,2,2025-09-04 13:55:37.168988
S0142,Statistics,5,2025-11-03 13:55:37.168988
S0142,ML Basics,3,2025-09-20 13:55:37.168988
S0142,Deep Learning,6,2025-08-31 13:55:37.168988
S0142,NLP,1,2025-12-06 13:55:37.168988
S0142,Computer Vision,2,2025-10-01 13:55:37.168988
S0142,Optimization,2,2025-07-27 13:55:37.168988
S0143,Linear Algebra,2,2025-10-30 13:55:37.168988
S0143,Probability,1,2025-09-10 13:55:37.168988
S0143,Statistics,2,2025-09-17 13:55:37.168988
S0143,ML Basics,3,2025-11-27 13:55:37.168988
S0143,Deep Learning,4,2025-10-10 13:55:37.168988
S0143,NLP,7,2025-11-25 13:55:37.168988
S0143,Computer Vision,0,2025-11-04 13:55:37.168988
S0143,Optimization,2,2025-11-21 13:55:37.168988
S0144,Linear Algebra,4,2025-09-08 13:55:37.168988
S0144,Probability,3,2025-10-14 13:55:37.168988
S0144,Statistics,6,2025-08-18 13:55:37.168988
S0144,ML Basics,7,2025-11-13 13:55:37.168988
S0144,Deep Learning,6,2025-09-20 13:55:37.168988
S0144,NLP,7,2025-10-19 13:55:37.168988
S0144,Computer Vision,2,2025-10-09 13:55:37.168988
S0144,Optimization,8,2025-12-03 13:55:37.168988
S0145,Linear Algebra,6,2025-10-03 13:55:37.168988
S0145,Probability,5,2025-10-25 13:55:37.168988
S0145,Statistics,4,2025-09-07 13:55:37.168988
S0145,ML Basics,4,2025-11-12 13:55:37.168988
S0145,Deep Learning,9,2025-08-24 13:55:37.168988
S0145,NLP,3,2025-08-07 13:55:37.168988
S0145,Computer Vision,3,2025-12-31 13:55:37.168988
S0145,Optimization,2,2025-12-01 13:55:37.168988
S0146,Linear Algebra,3,2025-12-18 13:55:37.168988
S0146,Probability,4,2025-09-10 13:55:37.168988
S0146,Statistics,3,2025-09-02 13:55:37.168988
S0146,ML Basics,3,2025-11-09 13:55:37.168988
S0146,Deep Learning,3,2025-11-28 13:55:37.168988
S0146,NLP,4,2025-11-15 13:55:37.168988
S0146,Computer Vision,5,2025-09-15 13:55:37.168988
S0146,Optimization,4,2025-09-18 13:55:37.168988
S0147,Linear Algebra,10,2025-11-15 13:55:37.168988
S0147,Probability,5,2025-12-18 13:55:37.168988
S0147,Statistics,2,2025-07-28 13:55:37.168988
S0147,ML Basics,4,2025-10-28 13:55:37.168988
S0147,Deep Learning,3,2025-09-21 13:55:37.168988
S0147,NLP,0,2025-11-25 13:55:37.168988
S0147,Computer Vision,4,2025-11-29 13:55:37.168988
S0147,Optimization,7,2025-08-21 13:55:37.168988
S0148,Linear Algebra,2,2025-10-03 13:55:37.168988
S0148,Probability,3,2025-11-04 13:55:37.168988
S0148,Statistics,3,2025-12-15 13:55:37.168988
S0148,ML Basics,2,2025-10-12 13:55:37.168988
S0148,Deep Learning,2,2025-08-11 13:55:37.168988
S0148,NLP,2,2025-08-31 13:55:37.168988
S0148,Computer Vision,7,2025-08-21 13:55:37.168988
S0148,Optimization,2,2025-11-14 13:55:37.168988
S0149,Linear Algebra,7,2026-01-01 13:55:37.168988
S0149,Probability,1,2026-01-06 13:55:37.168988
S0149,Statistics,4,2025-08-17 13:55:37.168988
S0149,ML Basics,3,2025-10-06 13:55:37.168988
S0149,Deep Learning,3,2025-09-02 13:55:37.168988
S0149,NLP,5,2025-08-12 13:55:37.168988
S0149,Computer Vision,6,2025-11-16 13:55:37.168988
S0149,Optimization,4,2025-09-30 13:55:37.168988
S0150,Linear Algebra,5,2025-08-21 13:55:37.168988
S0150,Probability,3,2025-11-27 13:55:37.168988
S0150,Statistics,1,2025-11-19 13:55:37.168988
S0150,ML Basics,6,2025-11-28 13:55:37.168988
S0150,Deep Learning,3,2025-10-06 13:55:37.168988
S0150,NLP,1,2025-10-27 13:55:37.168988
S0150,Computer Vision,6,2026-01-13 13:55:37.168988
S0150,Optimization,3,2025-11-14 13:55:37.168988
S0151,Linear Algebra,5,2025-11-30 13:55:37.168988
S0151,Probability,7,2025-12-22 13:55:37.168988
S0151,Statistics,6,2026-01-14 13:55:37.168988
S0151,ML Basics,7,2025-09-20 13:55:37.168988
S0151,Deep Learning,2,2025-09-17 13:55:37.168988
S0151,NLP,5,2025-10-12 13:55:37.168988
S0151,Computer Vision,4,2026-01-12 13:55:37.168988
S0151,Optimization,7,2025-10-12 13:55:37.168988
S0152,Linear Algebra,4,2025-08-10 13:55:37.168988
S0152,Probability,2,2026-01-07 13:55:37.168988
S0152,Statistics,3,2025-09-14 13:55:37.168988
S0152,ML Basics,5,2026-01-04 13:55:37.168988
S0152,Deep Learning,2,2025-12-06 13:55:37.168988
S0152,NLP,2,2025-08-15 13:55:37.168988
S0152,Computer Vision,3,2025-10-28 13:55:37.168988
S0152,Optimization,2,2026-01-05 13:55:37.168988
S0153,Linear Algebra,8,2025-08-11 13:55:37.168988
S0153,Probability,6,2025-12-23 13:55:37.168988
S0153,Statistics,2,2025-09-17 13:55:37.168988
S0153,ML Basics,4,2025-09-19 13:55:37.168988
S0153,Deep Learning,6,2025-10-01 13:55:37.168988
S0153,NLP,9,2025-10-01 13:55:37.168988
S0153,Computer Vision,1,2025-08-16 13:55:37.168988
S0153,Optimization,5,2025-10-22 13:55:37.168988
S0154,Linear Algebra,3,2025-11-10 13:55:37.168988
S0154,Probability,7,2025-12-06 13:55:37.168988
S0154,Statistics,3,2025-11-11 13:55:37.168988
S0154,ML Basics,4,2025-09-13 13:55:37.168988
S0154,Deep Learning,3,2025-10-14 13:55:37.168988
S0154,NLP,5,2025-11-14 13:55:37.168988
S0154,Computer Vision,2,2025-09-19 13:55:37.168988
S0154,Optimization,4,2025-12-10 13:55:37.168988
S0155,Linear Algebra,3,2025-10-12 13:55:37.168988
S0155,Probability,3,2025-10-31 13:55:37.168988
S0155,Statistics,4,2026-01-02 13:55:37.168988
S0155,ML Basics,3,2025-12-03 13:55:37.168988
S0155,Deep Learning,7,2026-01-15 13:55:37.168988
S0155,NLP,2,2025-11-16 13:55:37.168988
S0155,Computer Vision,3,2025-11-11 13:55:37.168988
S0155,Optimization,6,2025-08-03 13:55:37.168988
S0156,Linear Algebra,2,2025-12-12 13:55:37.168988
S0156,Probability,5,2025-11-05 13:55:37.168988
S0156,Statistics,2,2025-08-06 13:55:37.168988
S0156,ML Basics,5,2025-07-29 13:55:37.168988
S0156,Deep Learning,4,2026-01-13 13:55:37.168988
S0156,NLP,3,2025-08-31 13:55:37.168988
S0156,Computer Vision,2,2025-12-17 13:55:37.168988
S0156,Optimization,2,2025-07-24 13:55:37.168988
S0157,Linear Algebra,3,2026-01-14 13:55:37.168988
S0157,Probability,3,2025-08-23 13:55:37.168988
S0157,Statistics,6,2025-09-11 13:55:37.168988
S0157,ML Basics,6,2025-10-04 13:55:37.168988
S0157,Deep Learning,3,2025-11-27 13:55:37.168988
S0157,NLP,4,2025-08-02 13:55:37.168988
S0157,Computer Vision,5,2025-10-15 13:55:37.168988
S0157,Optimization,5,2025-12-28 13:55:37.168988
S0158,Linear Algebra,3,2025-12-26 13:55:37.168988
S0158,Probability,1,2025-08-23 13:55:37.168988
S0158,Statistics,4,2025-10-11 13:55:37.168988
S0158,ML Basics,3,2025-07-31 13:55:37.168988
S0158,Deep Learning,2,2025-11-27 13:55:37.168988
S0158,NLP,6,2026-01-05 13:55:37.168988
S0158,Computer Vision,4,2025-09-19 13:55:37.168988
S0158,Optimization,3,2025-09-19 13:55:37.168988
S0159,Linear Algebra,4,2025-11-26 13:55:37.168988
S0159,Probability,6,2025-12-27 13:55:37.168988
S0159,Statistics,2,2025-09-04 13:55:37.168988
S0159,ML Basics,5,2025-11-01 13:55:37.168988
S0159,Deep Learning,2,2025-12-04 13:55:37.168988
S0159,NLP,6,2026-01-14 13:55:37.168988
S0159,Computer Vision,5,2025-10-22 13:55:37.168988
S0159,Optimization,1,2026-01-12 13:55:37.168988
S0160,Linear Algebra,5,2025-11-26 13:55:37.168988
S0160,Probability,2,2025-12-07 13:55:37.168988
S0160,Statistics,3,2026-01-09 13:55:37.168988
S0160,ML Basics,5,2026-01-04 13:55:37.168988
S0160,Deep Learning,3,2025-09-26 13:55:37.168988
S0160,NLP,4,2025-10-10 13:55:37.168988
S0160,Computer Vision,3,2025-12-25 13:55:37.168988
S0160,Optimization,2,2025-12-29 13:55:37.168988
S0161,Linear Algebra,3,2026-01-10 13:55:37.168988
S0161,Probability,6,2025-08-16 13:55:37.168988
S0161,Statistics,5,2025-11-11 13:55:37.168988
S0161,ML Basics,3,2025-11-16 13:55:37.168988
S0161,Deep Learning,5,2026-01-04 13:55:37.168988
S0161,NLP,3,2025-11-04 13:55:37.168988
S0161,Computer Vision,3,2025-12-31 13:55:37.168988
S0161,Optimization,3,2025-12-30 13:55:37.168988
S0162,Linear Algebra,5,2025-12-03 13:55:37.168988
S0162,Probability,11,2025-09-17 13:55:37.168988
S0162,Statistics,3,2025-08-28 13:55:37.168988
S0162,ML Basics,5,2026-01-01 13:55:37.168988
S0162,Deep Learning,1,2025-08-23 13:55:37.168988
S0162,NLP,6,2025-07-31 13:55:37.168988
S0162,Computer Vision,2,2025-12-27 13:55:37.168988
S0162,Optimization,5,2025-08-17 13:55:37.168988
S0163,Linear Algebra,3,2025-11-25 13:55:37.168988
S0163,Probability,3,2025-12-06 13:55:37.168988
S0163,Statistics,6,2025-12-23 13:55:37.168988
S0163,ML Basics,6,2025-11-06 13:55:37.168988
S0163,Deep Learning,3,2025-10-13 13:55:37.168988
S0163,NLP,3,2025-09-19 13:55:37.168988
S0163,Computer Vision,5,2025-08-08 13:55:37.168988
S0163,Optimization,4,2025-08-17 13:55:37.168988
S0164,Linear Algebra,3,2025-11-21 13:55:37.168988
S0164,Probability,4,2025-08-24 13:55:37.168988
S0164,Statistics,6,2025-09-05 13:55:37.168988
S0164,ML Basics,2,2025-11-08 13:55:37.168988
S0164,Deep Learning,3,2025-11-14 13:55:37.168988
S0164,NLP,4,2025-08-16 13:55:37.168988
S0164,Computer Vision,2,2025-10-02 13:55:37.168988
S0164,Optimization,4,2025-07-30 13:55:37.168988
S0165,Linear Algebra,2,2025-09-13 13:55:37.168988
S0165,Probability,2,2025-12-06 13:55:37.168988
S0165,Statistics,3,2026-01-14 13:55:37.168988
S0165,ML Basics,5,2025-11-14 13:55:37.168988
S0165,Deep Learning,7,2025-11-30 13:55:37.168988
S0165,NLP,7,2025-08-05 13:55:37.168988
S0165,Computer Vision,1,2025-11-30 13:55:37.168988
S0165,Optimization,5,2025-09-03 13:55:37.168988
S0166,Linear Algebra,4,2025-12-30 13:55:37.168988
S0166,Probability,5,2025-11-30 13:55:37.168988
S0166,Statistics,4,2025-12-27 13:55:37.168988
S0166,ML Basics,3,2025-12-01 13:55:37.168988
S0166,Deep Learning,3,2025-10-23 13:55:37.168988
S0166,NLP,3,2025-09-27 13:55:37.168988
S0166,Computer Vision,5,2025-12-03 13:55:37.168988
S0166,Optimization,6,2025-10-29 13:55:37.168988
S0167,Linear Algebra,3,2025-12-17 13:55:37.168988
S0167,Probability,2,2025-08-08 13:55:37.168988
S0167,Statistics,5,2025-07-25 13:55:37.168988
S0167,ML Basics,3,2025-12-23 13:55:37.168988
S0167,Deep Learning,2,2025-10-26 13:55:37.168988
S0167,NLP,1,2025-07-25 13:55:37.168988
S0167,Computer Vision,2,2025-10-09 13:55:37.168988
S0167,Optimization,4,2025-09-15 13:55:37.168988
S0168,Linear Algebra,2,2025-09-18 13:55:37.168988
S0168,Probability,1,2025-08-08 13:55:37.168988
S0168,Statistics,3,2026-01-16 13:55:37.168988
S0168,ML Basics,10,2025-12-14 13:55:37.168988
S0168,Deep Learning,4,2025-09-29 13:55:37.168988
S0168,NLP,8,2025-09-01 13:55:37.168988
S0168,Computer Vision,2,2025-08-01 13:55:37.168988
S0168,Optimization,4,2025-10-04 13:55:37.168988
S0169,Linear Algebra,5,2025-07-30 13:55:37.168988
S0169,Probability,2,2025-12-21 13:55:37.168988
S0169,Statistics,5,2025-07-31 13:55:37.168988
S0169,ML Basics,8,2025-08-06 13:55:37.168988
S0169,Deep Learning,8,2025-08-24 13:55:37.168988
S0169,NLP,2,2025-10-03 13:55:37.168988
S0169,Computer Vision,3,2026-01-12 13:55:37.168988
S0169,Optimization,4,2025-12-04 13:55:37.168988
S0170,Linear Algebra,5,2025-10-10 13:55:37.168988
S0170,Probability,7,2025-08-30 13:55:37.168988
S0170,Statistics,3,2025-08-08 13:55:37.168988
S0170,ML Basics,2,2025-10-04 13:55:37.168988
S0170,Deep Learning,7,2025-12-27 13:55:37.168988
S0170,NLP,0,2025-12-14 13:55:37.168988
S0170,Computer Vision,2,2025-10-29 13:55:37.168988
S0170,Optimization,4,2025-11-15 13:55:37.168988
S0171,Linear Algebra,5,2025-07-29 13:55:37.168988
S0171,Probability,3,2025-09-14 13:55:37.168988
S0171,Statistics,1,2025-12-26 13:55:37.168988
S0171,ML Basics,2,2025-11-11 13:55:37.168988
S0171,Deep Learning,3,2026-01-02 13:55:37.168988
S0171,NLP,7,2025-07-23 13:55:37.168988
S0171,Computer Vision,2,2025-11-19 13:55:37.168988
S0171,Optimization,5,2025-11-12 13:55:37.168988
S0172,Linear Algebra,7,2025-10-26 13:55:37.168988
S0172,Probability,0,2025-10-02 13:55:37.168988
S0172,Statistics,9,2025-07-28 13:55:37.168988
S0172,ML Basics,2,2025-12-31 13:55:37.168988
S0172,Deep Learning,1,2025-10-28 13:55:37.168988
S0172,NLP,8,2025-10-19 13:55:37.168988
S0172,Computer Vision,2,2025-08-08 13:55:37.168988
S0172,Optimization,7,2025-12-12 13:55:37.168988
S0173,Linear Algebra,3,2025-09-24 13:55:37.168988
S0173,Probability,6,2025-11-03 13:55:37.168988
S0173,Statistics,4,2025-11-15 13:55:37.168988
S0173,ML Basics,3,2025-09-21 13:55:37.168988
S0173,Deep Learning,3,2025-08-16 13:55:37.168988
S0173,NLP,2,2025-10-31 13:55:37.168988
S0173,Computer Vision,4,2025-08-27 13:55:37.168988
S0173,Optimization,8,2025-10-04 13:55:37.168988
S0174,Linear Algebra,2,2025-08-31 13:55:37.168988
S0174,Probability,5,2025-08-16 13:55:37.168988
S0174,Statistics,4,2026-01-10 13:55:37.168988
S0174,ML Basics,0,2026-01-08 13:55:37.168988
S0174,Deep Learning,5,2025-09-16 13:55:37.168988
S0174,NLP,8,2025-12-06 13:55:37.168988
S0174,Computer Vision,4,2025-08-08 13:55:37.168988
S0174,Optimization,2,2026-01-03 13:55:37.168988
S0175,Linear Algebra,5,2025-09-23 13:55:37.168988
S0175,Probability,5,2025-08-17 13:55:37.168988
S0175,Statistics,6,2025-11-21 13:55:37.168988
S0175,ML Basics,12,2025-11-15 13:55:37.168988
S0175,Deep Learning,6,2025-11-25 13:55:37.168988
S0175,NLP,3,2025-10-14 13:55:37.168988
S0175,Computer Vision,5,2025-10-22 13:55:37.168988
S0175,Optimization,5,2025-11-14 13:55:37.168988
S0176,Linear Algebra,2,2026-01-01 13:55:37.168988
S0176,Probability,3,2025-10-26 13:55:37.168988
S0176,Statistics,4,2025-10-16 13:55:37.168988
S0176,ML Basics,5,2026-01-02 13:55:37.168988
S0176,Deep Learning,5,2025-10-28 13:55:37.168988
S0176,NLP,5,2025-07-23 13:55:37.168988
S0176,Computer Vision,5,2025-07-31 13:55:37.168988
S0176,Optimization,2,2025-08-09 13:55:37.168988
S0177,Linear Algebra,3,2025-07-27 13:55:37.168988
S0177,Probability,2,2026-01-10 13:55:37.168988
S0177,Statistics,4,2025-12-21 13:55:37.168988
S0177,ML Basics,5,2025-07-23 13:55:37.168988
S0177,Deep Learning,5,2025-08-02 13:55:37.168988
S0177,NLP,4,2026-01-06 13:55:37.168988
S0177,Computer Vision,4,2025-11-12 13:55:37.168988
S0177,Optimization,7,2025-12-11 13:55:37.168988
S0178,Linear Algebra,2,2025-11-11 13:55:37.168988
S0178,Probability,3,2025-09-17 13:55:37.168988
S0178,Statistics,3,2025-08-20 13:55:37.168988
S0178,ML Basics,3,2025-12-31 13:55:37.168988
S0178,Deep Learning,3,2026-01-04 13:55:37.168988
S0178,NLP,4,2025-09-02 13:55:37.168988
S0178,Computer Vision,2,2025-10-05 13:55:37.168988
S0178,Optimization,8,2025-09-08 13:55:37.168988
S0179,Linear Algebra,2,2025-11-06 13:55:37.168988
S0179,Probability,4,2025-11-13 13:55:37.168988
S0179,Statistics,3,2025-09-10 13:55:37.168988
S0179,ML Basics,7,2026-01-15 13:55:37.168988
S0179,Deep Learning,3,2025-09-10 13:55:37.168988
S0179,NLP,2,2025-10-30 13:55:37.168988
S0179,Computer Vision,5,2025-10-26 13:55:37.168988
S0179,Optimization,6,2025-10-06 13:55:37.168988
S0180,Linear Algebra,3,2025-12-29 13:55:37.168988
S0180,Probability,4,2025-11-30 13:55:37.168988
S0180,Statistics,1,2025-09-14 13:55:37.168988
S0180,ML Basics,6,2025-10-11 13:55:37.168988
S0180,Deep Learning,3,2025-11-06 13:55:37.168988
S0180,NLP,2,2025-11-27 13:55:37.168988
S0180,Computer Vision,5,2025-08-04 13:55:37.168988
S0180,Optimization,1,2025-11-08 13:55:37.168988
S0181,Linear Algebra,7,2026-01-06 13:55:37.168988
S0181,Probability,3,2025-10-29 13:55:37.168988
S0181,Statistics,5,2025-12-26 13:55:37.168988
S0181,ML Basics,3,2025-11-19 13:55:37.168988
S0181,Deep Learning,5,2025-12-09 13:55:37.168988
S0181,NLP,3,2025-08-29 13:55:37.168988
S0181,Computer Vision,6,2025-07-21 13:55:37.168988
S0181,Optimization,6,2025-09-24 13:55:37.168988
S0182,Linear Algebra,2,2025-09-14 13:55:37.168988
S0182,Probability,6,2025-12-02 13:55:37.168988
S0182,Statistics,6,2025-10-12 13:55:37.168988
S0182,ML Basics,10,2025-09-15 13:55:37.168988
S0182,Deep Learning,2,2025-09-14 13:55:37.168988
S0182,NLP,5,2026-01-12 13:55:37.168988
S0182,Computer Vision,4,2025-08-22 13:55:37.168988
S0182,Optimization,6,2025-12-30 13:55:37.168988
S0183,Linear Algebra,3,2025-11-03 13:55:37.168988
S0183,Probability,5,2026-01-08 13:55:37.168988
S0183,Statistics,3,2025-11-24 13:55:37.168988
S0183,ML Basics,1,2025-08-28 13:55:37.168988
S0183,Deep Learning,5,2025-08-20 13:55:37.168988
S0183,NLP,4,2025-08-29 13:55:37.168988
S0183,Computer Vision,9,2025-09-08 13:55:37.168988
S0183,Optimization,6,2025-10-01 13:55:37.168988
S0184,Linear Algebra,3,2025-12-26 13:55:37.168988
S0184,Probability,0,2026-01-11 13:55:37.168988
S0184,Statistics,3,2025-12-25 13:55:37.168988
S0184,ML Basics,10,2025-10-02 13:55:37.168988
S0184,Deep Learning,5,2025-09-04 13:55:37.168988
S0184,NLP,2,2025-10-15 13:55:37.168988
S0184,Computer Vision,5,2026-01-15 13:55:37.168988
S0184,Optimization,2,2025-12-05 13:55:37.168988
S0185,Linear Algebra,6,2025-11-20 13:55:37.168988
S0185,Probability,1,2025-10-30 13:55:37.168988
S0185,Statistics,6,2025-08-01 13:55:37.168988
S0185,ML Basics,9,2025-11-19 13:55:37.168988
S0185,Deep Learning,2,2025-08-27 13:55:37.168988
S0185,NLP,3,2026-01-06 13:55:37.168988
S0185,Computer Vision,2,2025-08-15 13:55:37.168988
S0185,Optimization,3,2025-08-12 13:55:37.168988
S0186,Linear Algebra,3,2025-12-17 13:55:37.168988
S0186,Probability,8,2025-11-25 13:55:37.168988
S0186,Statistics,3,2025-12-12 13:55:37.168988
S0186,ML Basics,3,2025-11-21 13:55:37.168988
S0186,Deep Learning,3,2025-12-17 13:55:37.168988
S0186,NLP,3,2025-09-01 13:55:37.168988
S0186,Computer Vision,1,2025-09-22 13:55:37.168988
S0186,Optimization,5,2025-09-17 13:55:37.168988
S0187,Linear Algebra,4,2025-11-11 13:55:37.168988
S0187,Probability,5,2025-08-23 13:55:37.168988
S0187,Statistics,4,2025-10-10 13:55:37.168988
S0187,ML Basics,5,2025-09-19 13:55:37.168988
S0187,Deep Learning,2,2025-08-01 13:55:37.168988
S0187,NLP,1,2025-10-22 13:55:37.168988
S0187,Computer Vision,5,2025-10-22 13:55:37.168988
S0187,Optimization,2,2025-10-30 13:55:37.168988
S0188,Linear Algebra,5,2025-11-01 13:55:37.168988
S0188,Probability,4,2025-11-16 13:55:37.168988
S0188,Statistics,1,2025-10-21 13:55:37.168988
S0188,ML Basics,6,2025-10-11 13:55:37.168988
S0188,Deep Learning,1,2025-10-03 13:55:37.168988
S0188,NLP,5,2026-01-16 13:55:37.168988
S0188,Computer Vision,4,2026-01-07 13:55:37.168988
S0188,Optimization,6,2026-01-04 13:55:37.168988
S0189,Linear Algebra,5,2025-12-30 13:55:37.168988
S0189,Probability,2,2025-08-02 13:55:37.168988
S0189,Statistics,3,2025-08-04 13:55:37.168988
S0189,ML Basics,6,2025-10-21 13:55:37.168988
S0189,Deep Learning,3,2025-12-27 13:55:37.168988
S0189,NLP,6,2025-10-13 13:55:37.168988
S0189,Computer Vision,3,2026-01-14 13:55:37.168988
S0189,Optimization,2,2025-11-09 13:55:37.168988
S0190,Linear Algebra,4,2025-11-13 13:55:37.168988
S0190,Probability,1,2025-11-02 13:55:37.168988
S0190,Statistics,3,2025-10-13 13:55:37.168988
S0190,ML Basics,4,2025-12-04 13:55:37.168988
S0190,Deep Learning,7,2025-09-20 13:55:37.168988
S0190,NLP,7,2025-12-24 13:55:37.168988
S0190,Computer Vision,1,2025-11-02 13:55:37.168988
S0190,Optimization,5,2025-08-08 13:55:37.168988
S0191,Linear Algebra,6,2025-11-27 13:55:37.168988
S0191,Probability,7,2026-01-05 13:55:37.168988
S0191,Statistics,5,2025-10-19 13:55:37.168988
S0191,ML Basics,5,2025-07-22 13:55:37.168988
S0191,Deep Learning,6,2025-09-22 13:55:37.168988
S0191,NLP,2,2025-10-01 13:55:37.168988
S0191,Computer Vision,3,2026-01-14 13:55:37.168988
S0191,Optimization,3,2025-10-04 13:55:37.168988
S0192,Linear Algebra,6,2025-10-29 13:55:37.168988
S0192,Probability,1,2025-12-16 13:55:37.168988
S0192,Statistics,4,2025-11-20 13:55:37.168988
S0192,ML Basics,4,2025-10-04 13:55:37.168988
S0192,Deep Learning,5,2025-11-27 13:55:37.168988
S0192,NLP,3,2025-12-27 13:55:37.168988
S0192,Computer Vision,5,2025-12-20 13:55:37.168988
S0192,Optimization,7,2025-11-28 13:55:37.168988
S0193,Linear Algebra,4,2025-12-28 13:55:37.168988
S0193,Probability,5,2025-10-20 13:55:37.168988
S0193,Statistics,7,2025-12-07 13:55:37.168988
S0193,ML Basics,4,2025-08-31 13:55:37.168988
S0193,Deep Learning,4,2026-01-08 13:55:37.168988
S0193,NLP,2,2025-11-30 13:55:37.168988
S0193,Computer Vision,5,2025-12-10 13:55:37.168988
S0193,Optimization,5,2025-08-14 13:55:37.168988
S0194,Linear Algebra,9,2025-10-10 13:55:37.168988
S0194,Probability,4,2025-08-06 13:55:37.168988
S0194,Statistics,4,2025-09-24 13:55:37.168988
S0194,ML Basics,8,2025-11-30 13:55:37.168988
S0194,Deep Learning,1,2026-01-16 13:55:37.168988
S0194,NLP,5,2025-08-04 13:55:37.168988
S0194,Computer Vision,6,2025-09-14 13:55:37.168988
S0194,Optimization,4,2025-11-20 13:55:37.168988
S0195,Linear Algebra,4,2025-12-19 13:55:37.168988
S0195,Probability,5,2025-11-29 13:55:37.168988
S0195,Statistics,2,2025-09-04 13:55:37.168988
S0195,ML Basics,3,2026-01-12 13:55:37.168988
S0195,Deep Learning,2,2025-10-22 13:55:37.168988
S0195,NLP,5,2025-12-01 13:55:37.168988
S0195,Computer Vision,2,2025-10-20 13:55:37.168988
S0195,Optimization,5,2025-11-28 13:55:37.168988
S0196,Linear Algebra,5,2025-12-28 13:55:37.168988
S0196,Probability,5,2025-11-30 13:55:37.168988
S0196,Statistics,9,2025-08-22 13:55:37.168988
S0196,ML Basics,4,2025-11-22 13:55:37.168988
S0196,Deep Learning,3,2025-10-16 13:55:37.168988
S0196,NLP,6,2025-11-24 13:55:37.168988
S0196,Computer Vision,3,2025-10-07 13:55:37.168988
S0196,Optimization,4,2025-07-31 13:55:37.168988
S0197,Linear Algebra,5,2025-09-14 13:55:37.168988
S0197,Probability,2,2025-09-26 13:55:37.168988
S0197,Statistics,3,2025-09-05 13:55:37.168988
S0197,ML Basics,4,2025-09-11 13:55:37.168988
S0197,Deep Learning,2,2025-12-31 13:55:37.168988
S0197,NLP,3,2025-11-20 13:55:37.168988
S0197,Computer Vision,2,2025-11-21 13:55:37.168988
S0197,Optimization,3,2025-08-30 13:55:37.168988
S0198,Linear Algebra,4,2025-11-11 13:55:37.168988
S0198,Probability,2,2025-10-14 13:55:37.168988
S0198,Statistics,3,2025-11-06 13:55:37.168988
S0198,ML Basics,1,2025-11-18 13:55:37.168988
S0198,Deep Learning,2,2025-10-13 13:55:37.168988
S0198,NLP,3,2025-08-25 13:55:37.168988
S0198,Computer Vision,3,2025-09-03 13:55:37.168988
S0198,Optimization,6,2025-11-02 13:55:37.168988
S0199,Linear Algebra,5,2026-01-11 13:55:37.168988
S0199,Probability,8,2025-09-30 13:55:37.168988
S0199,Statistics,4,2025-12-21 13:55:37.168988
S0199,ML Basics,4,2025-08-18 13:55:37.168988
S0199,Deep Learning,8,2025-08-01 13:55:37.168988
S0199,NLP,4,2025-12-17 13:55:37.168988
S0199,Computer Vision,3,2025-10-20 13:55:37.168988
S0199,Optimization,2,2025-12-17 13:55:37.168988
S0200,Linear Algebra,8,2025-11-14 13:55:37.168988
S0200,Probability,5,2025-07-23 13:55:37.168988
S0200,Statistics,4,2025-11-19 13:55:37.168988
S0200,ML Basics,4,2025-07-23 13:55:37.168988
S0200,Deep Learning,2,2025-08-09 13:55:37.168988
S0200,NLP,1,2025-11-10 13:55:37.168988
S0200,Computer Vision,3,2025-10-02 13:55:37.168988
S0200,Optimization,2,2025-09-15 13:55:37.168988
S0201,Linear Algebra,4,2025-10-21 13:55:37.168988
S0201,Probability,6,2025-12-31 13:55:37.168988
S0201,Statistics,3,2025-12-04 13:55:37.168988
S0201,ML Basics,1,2025-09-25 13:55:37.168988
S0201,Deep Learning,4,2025-10-18 13:55:37.168988
S0201,NLP,4,2025-12-16 13:55:37.168988
S0201,Computer Vision,5,2025-11-23 13:55:37.168988
S0201,Optimization,3,2025-08-24 13:55:37.168988
S0202,Linear Algebra,6,2025-10-23 13:55:37.168988
S0202,Probability,4,2025-12-04 13:55:37.168988
S0202,Statistics,2,2025-10-09 13:55:37.168988
S0202,ML Basics,1,2025-12-05 13:55:37.168988
S0202,Deep Learning,3,2025-12-29 13:55:37.168988
S0202,NLP,4,2026-01-04 13:55:37.168988
S0202,Computer Vision,3,2025-10-20 13:55:37.168988
S0202,Optimization,4,2025-11-17 13:55:37.168988
S0203,Linear Algebra,5,2025-08-19 13:55:37.168988
S0203,Probability,2,2026-01-05 13:55:37.168988
S0203,Statistics,4,2025-10-21 13:55:37.168988
S0203,ML Basics,1,2026-01-16 13:55:37.168988
S0203,Deep Learning,2,2025-12-20 13:55:37.168988
S0203,NLP,6,2025-12-03 13:55:37.168988
S0203,Computer Vision,4,2025-08-21 13:55:37.168988
S0203,Optimization,5,2026-01-09 13:55:37.168988
S0204,Linear Algebra,4,2025-08-31 13:55:37.168988
S0204,Probability,5,2025-08-12 13:55:37.168988
S0204,Statistics,3,2025-11-05 13:55:37.168988
S0204,ML Basics,1,2025-08-09 13:55:37.168988
S0204,Deep Learning,6,2026-01-13 13:55:37.168988
S0204,NLP,2,2025-08-26 13:55:37.168988
S0204,Computer Vision,1,2025-08-06 13:55:37.168988
S0204,Optimization,2,2025-12-12 13:55:37.168988
S0205,Linear Algebra,6,2025-09-20 13:55:37.168988
S0205,Probability,4,2025-08-22 13:55:37.168988
S0205,Statistics,5,2025-08-25 13:55:37.168988
S0205,ML Basics,5,2025-12-23 13:55:37.168988
S0205,Deep Learning,2,2025-12-26 13:55:37.168988
S0205,NLP,2,2025-09-20 13:55:37.168988
S0205,Computer Vision,2,2025-09-12 13:55:37.168988
S0205,Optimization,8,2025-12-14 13:55:37.168988
S0206,Linear Algebra,5,2025-09-04 13:55:37.168988
S0206,Probability,1,2025-09-17 13:55:37.168988
S0206,Statistics,2,2025-11-30 13:55:37.168988
S0206,ML Basics,0,2025-10-01 13:55:37.168988
S0206,Deep Learning,6,2025-07-26 13:55:37.168988
S0206,NLP,2,2025-08-05 13:55:37.168988
S0206,Computer Vision,6,2025-12-19 13:55:37.168988
S0206,Optimization,5,2025-08-30 13:55:37.168988
S0207,Linear Algebra,4,2025-09-16 13:55:37.168988
S0207,Probability,3,2025-11-30 13:55:37.168988
S0207,Statistics,4,2025-10-27 13:55:37.168988
S0207,ML Basics,4,2025-10-17 13:55:37.168988
S0207,Deep Learning,5,2025-09-10 13:55:37.168988
S0207,NLP,4,2026-01-04 13:55:37.168988
S0207,Computer Vision,4,2025-11-08 13:55:37.168988
S0207,Optimization,5,2025-12-10 13:55:37.168988
S0208,Linear Algebra,7,2026-01-12 13:55:37.168988
S0208,Probability,2,2025-11-29 13:55:37.168988
S0208,Statistics,2,2025-11-03 13:55:37.168988
S0208,ML Basics,3,2025-11-05 13:55:37.168988
S0208,Deep Learning,6,2025-11-25 13:55:37.168988
S0208,NLP,5,2025-11-29 13:55:37.168988
S0208,Computer Vision,8,2025-12-28 13:55:37.168988
S0208,Optimization,4,2025-08-06 13:55:37.168988
S0209,Linear Algebra,4,2026-01-07 13:55:37.168988
S0209,Probability,0,2026-01-06 13:55:37.168988
S0209,Statistics,3,2025-12-06 13:55:37.168988
S0209,ML Basics,2,2025-11-24 13:55:37.168988
S0209,Deep Learning,5,2025-11-29 13:55:37.168988
S0209,NLP,2,2025-08-04 13:55:37.168988
S0209,Computer Vision,3,2025-07-27 13:55:37.168988
S0209,Optimization,4,2025-10-18 13:55:37.168988
S0210,Linear Algebra,4,2026-01-16 13:55:37.168988
S0210,Probability,5,2025-08-24 13:55:37.168988
S0210,Statistics,3,2025-10-28 13:55:37.168988
S0210,ML Basics,3,2025-11-14 13:55:37.168988
S0210,Deep Learning,2,2025-12-24 13:55:37.168988
S0210,NLP,3,2025-11-05 13:55:37.168988
S0210,Computer Vision,3,2025-10-01 13:55:37.168988
S0210,Optimization,6,2025-08-10 13:55:37.168988
S0211,Linear Algebra,3,2025-12-22 13:55:37.168988
S0211,Probability,1,2025-07-31 13:55:37.168988
S0211,Statistics,4,2026-01-11 13:55:37.168988
S0211,ML Basics,3,2025-09-12 13:55:37.168988
S0211,Deep Learning,5,2025-10-12 13:55:37.168988
S0211,NLP,5,2025-08-25 13:55:37.168988
S0211,Computer Vision,2,2025-08-12 13:55:37.168988
S0211,Optimization,4,2025-11-03 13:55:37.168988
S0212,Linear Algebra,6,2025-11-14 13:55:37.168988
S0212,Probability,7,2025-10-30 13:55:37.168988
S0212,Statistics,3,2025-09-02 13:55:37.168988
S0212,ML Basics,7,2025-12-09 13:55:37.168988
S0212,Deep Learning,3,2025-08-14 13:55:37.168988
S0212,NLP,4,2025-11-22 13:55:37.168988
S0212,Computer Vision,7,2025-08-11 13:55:37.168988
S0212,Optimization,8,2026-01-13 13:55:37.168988
S0213,Linear Algebra,7,2025-11-21 13:55:37.168988
S0213,Probability,3,2025-10-19 13:55:37.168988
S0213,Statistics,4,2025-10-04 13:55:37.168988
S0213,ML Basics,7,2025-09-24 13:55:37.168988
S0213,Deep Learning,7,2026-01-16 13:55:37.168988
S0213,NLP,7,2026-01-03 13:55:37.168988
S0213,Computer Vision,2,2025-08-15 13:55:37.168988
S0213,Optimization,6,2025-11-26 13:55:37.168988
S0214,Linear Algebra,6,2025-11-07 13:55:37.168988
S0214,Probability,8,2025-08-15 13:55:37.168988
S0214,Statistics,4,2025-08-19 13:55:37.168988
S0214,ML Basics,3,2026-01-08 13:55:37.168988
S0214,Deep Learning,1,2025-09-18 13:55:37.168988
S0214,NLP,7,2025-10-14 13:55:37.168988
S0214,Computer Vision,5,2025-12-15 13:55:37.168988
S0214,Optimization,4,2025-08-25 13:55:37.168988
S0215,Linear Algebra,2,2025-12-26 13:55:37.168988
S0215,Probability,3,2025-11-18 13:55:37.168988
S0215,Statistics,5,2025-07-25 13:55:37.168988
S0215,ML Basics,4,2025-11-26 13:55:37.168988
S0215,Deep Learning,2,2025-11-13 13:55:37.168988
S0215,NLP,2,2025-11-06 13:55:37.168988
S0215,Computer Vision,3,2025-09-30 13:55:37.168988
S0215,Optimization,5,2025-09-17 13:55:37.168988
S0216,Linear Algebra,2,2025-12-07 13:55:37.168988
S0216,Probability,3,2025-11-15 13:55:37.168988
S0216,Statistics,4,2025-09-24 13:55:37.168988
S0216,ML Basics,6,2025-12-12 13:55:37.168988
S0216,Deep Learning,1,2025-10-21 13:55:37.168988
S0216,NLP,3,2025-07-25 13:55:37.168988
S0216,Computer Vision,5,2025-11-14 13:55:37.168988
S0216,Optimization,3,2025-07-22 13:55:37.168988
S0217,Linear Algebra,3,2026-01-05 13:55:37.168988
S0217,Probability,5,2025-10-12 13:55:37.168988
S0217,Statistics,3,2025-10-02 13:55:37.168988
S0217,ML Basics,3,2025-11-01 13:55:37.168988
S0217,Deep Learning,3,2025-09-10 13:55:37.168988
S0217,NLP,3,2025-11-25 13:55:37.168988
S0217,Computer Vision,5,2025-12-10 13:55:37.168988
S0217,Optimization,2,2025-10-28 13:55:37.168988
S0218,Linear Algebra,2,2026-01-10 13:55:37.168988
S0218,Probability,2,2025-07-27 13:55:37.168988
S0218,Statistics,4,2026-01-03 13:55:37.168988
S0218,ML Basics,3,2025-10-01 13:55:37.168988
S0218,Deep Learning,4,2025-11-03 13:55:37.168988
S0218,NLP,2,2025-09-23 13:55:37.168988
S0218,Computer Vision,5,2025-08-27 13:55:37.168988
S0218,Optimization,8,2025-08-28 13:55:37.168988
S0219,Linear Algebra,2,2025-08-20 13:55:37.168988
S0219,Probability,7,2025-10-24 13:55:37.168988
S0219,Statistics,4,2025-09-04 13:55:37.168988
S0219,ML Basics,9,2025-11-27 13:55:37.168988
S0219,Deep Learning,6,2025-12-08 13:55:37.168988
S0219,NLP,6,2025-11-28 13:55:37.168988
S0219,Computer Vision,5,2025-12-26 13:55:37.168988
S0219,Optimization,5,2025-09-26 13:55:37.168988
S0220,Linear Algebra,6,2025-11-16 13:55:37.168988
S0220,Probability,3,2025-12-22 13:55:37.168988
S0220,Statistics,5,2025-09-16 13:55:37.168988
S0220,ML Basics,3,2025-08-15 13:55:37.168988
S0220,Deep Learning,5,2025-12-20 13:55:37.168988
S0220,NLP,5,2025-11-26 13:55:37.168988
S0220,Computer Vision,4,2025-12-21 13:55:37.168988
S0220,Optimization,2,2025-09-01 13:55:37.168988
S0221,Linear Algebra,5,2025-11-24 13:55:37.168988
S0221,Probability,5,2025-08-23 13:55:37.168988
S0221,Statistics,3,2025-09-19 13:55:37.168988
S0221,ML Basics,3,2025-08-26 13:55:37.168988
S0221,Deep Learning,4,2025-10-04 13:55:37.168988
S0221,NLP,8,2025-11-10 13:55:37.168988
S0221,Computer Vision,5,2025-09-20 13:55:37.168988
S0221,Optimization,4,2025-11-02 13:55:37.168988
S0222,Linear Algebra,3,2025-07-29 13:55:37.168988
S0222,Probability,5,2025-09-26 13:55:37.168988
S0222,Statistics,1,2025-10-25 13:55:37.168988
S0222,ML Basics,3,2025-09-13 13:55:37.168988
S0222,Deep Learning,3,2025-12-03 13:55:37.168988
S0222,NLP,1,2025-11-24 13:55:37.168988
S0222,Computer Vision,4,2025-09-04 13:55:37.168988
S0222,Optimization,8,2026-01-03 13:55:37.168988
S0223,Linear Algebra,4,2025-09-11 13:55:37.168988
S0223,Probability,4,2025-12-20 13:55:37.168988
S0223,Statistics,4,2025-08-13 13:55:37.168988
S0223,ML Basics,5,2025-12-29 13:55:37.168988
S0223,Deep Learning,3,2026-01-07 13:55:37.168988
S0223,NLP,2,2025-08-10 13:55:37.168988
S0223,Computer Vision,4,2025-10-20 13:55:37.168988
S0223,Optimization,2,2025-09-29 13:55:37.168988
S0224,Linear Algebra,4,2025-07-28 13:55:37.168988
S0224,Probability,3,2025-10-22 13:55:37.168988
S0224,Statistics,6,2025-12-16 13:55:37.168988
S0224,ML Basics,3,2025-08-30 13:55:37.168988
S0224,Deep Learning,5,2025-11-06 13:55:37.168988
S0224,NLP,2,2025-12-04 13:55:37.168988
S0224,Computer Vision,6,2025-08-17 13:55:37.168988
S0224,Optimization,10,2025-12-31 13:55:37.168988
S0225,Linear Algebra,4,2025-08-24 13:55:37.168988
S0225,Probability,2,2025-09-09 13:55:37.168988
S0225,Statistics,6,2025-10-20 13:55:37.168988
S0225,ML Basics,2,2025-11-14 13:55:37.168988
S0225,Deep Learning,4,2025-12-06 13:55:37.168988
S0225,NLP,4,2025-09-04 13:55:37.168988
S0225,Computer Vision,3,2025-11-05 13:55:37.168988
S0225,Optimization,6,2025-11-10 13:55:37.168988
S0226,Linear Algebra,3,2025-11-22 13:55:37.168988
S0226,Probability,3,2025-09-28 13:55:37.168988
S0226,Statistics,8,2025-12-13 13:55:37.168988
S0226,ML Basics,5,2025-10-16 13:55:37.168988
S0226,Deep Learning,8,2026-01-03 13:55:37.168988
S0226,NLP,4,2025-07-27 13:55:37.168988
S0226,Computer Vision,3,2025-10-29 13:55:37.168988
S0226,Optimization,4,2025-08-31 13:55:37.168988
S0227,Linear Algebra,9,2025-09-23 13:55:37.168988
S0227,Probability,3,2025-08-31 13:55:37.168988
S0227,Statistics,4,2025-07-21 13:55:37.168988
S0227,ML Basics,6,2026-01-05 13:55:37.168988
S0227,Deep Learning,2,2025-08-12 13:55:37.168988
S0227,NLP,5,2025-10-04 13:55:37.168988
S0227,Computer Vision,1,2025-12-03 13:55:37.168988
S0227,Optimization,1,2025-09-09 13:55:37.168988
S0228,Linear Algebra,4,2025-08-18 13:55:37.168988
S0228,Probability,5,2025-12-11 13:55:37.168988
S0228,Statistics,2,2025-09-27 13:55:37.168988
S0228,ML Basics,7,2025-10-09 13:55:37.168988
S0228,Deep Learning,5,2025-09-20 13:55:37.168988
S0228,NLP,5,2025-12-28 13:55:37.168988
S0228,Computer Vision,1,2025-12-07 13:55:37.168988
S0228,Optimization,3,2025-12-05 13:55:37.168988
S0229,Linear Algebra,0,2025-09-10 13:55:37.168988
S0229,Probability,3,2026-01-08 13:55:37.168988
S0229,Statistics,3,2025-07-25 13:55:37.168988
S0229,ML Basics,3,2025-12-14 13:55:37.168988
S0229,Deep Learning,1,2025-10-31 13:55:37.168988
S0229,NLP,3,2025-11-02 13:55:37.168988
S0229,Computer Vision,4,2025-09-14 13:55:37.168988
S0229,Optimization,4,2025-09-20 13:55:37.168988
S0230,Linear Algebra,3,2025-09-29 13:55:37.168988
S0230,Probability,4,2025-11-16 13:55:37.168988
S0230,Statistics,4,2025-12-07 13:55:37.168988
S0230,ML Basics,2,2025-09-27 13:55:37.168988
S0230,Deep Learning,1,2025-12-18 13:55:37.168988
S0230,NLP,2,2025-12-03 13:55:37.168988
S0230,Computer Vision,3,2025-12-20 13:55:37.168988
S0230,Optimization,4,2025-08-16 13:55:37.168988
S0231,Linear Algebra,5,2026-01-09 13:55:37.168988
S0231,Probability,7,2025-10-24 13:55:37.168988
S0231,Statistics,3,2025-10-16 13:55:37.168988
S0231,ML Basics,7,2025-11-10 13:55:37.168988
S0231,Deep Learning,5,2025-12-10 13:55:37.168988
S0231,NLP,2,2025-08-02 13:55:37.168988
S0231,Computer Vision,2,2025-10-24 13:55:37.168988
S0231,Optimization,7,2025-10-21 13:55:37.168988
S0232,Linear Algebra,4,2026-01-08 13:55:37.168988
S0232,Probability,4,2025-07-31 13:55:37.168988
S0232,Statistics,3,2025-08-17 13:55:37.168988
S0232,ML Basics,3,2025-12-07 13:55:37.168988
S0232,Deep Learning,4,2026-01-08 13:55:37.168988
S0232,NLP,5,2025-10-29 13:55:37.168988
S0232,Computer Vision,6,2025-11-16 13:55:37.168988
S0232,Optimization,6,2025-12-02 13:55:37.168988
S0233,Linear Algebra,2,2026-01-08 13:55:37.168988
S0233,Probability,3,2025-07-29 13:55:37.168988
S0233,Statistics,4,2025-09-21 13:55:37.168988
S0233,ML Basics,1,2025-10-01 13:55:37.168988
S0233,Deep Learning,3,2025-09-01 13:55:37.168988
S0233,NLP,6,2025-10-23 13:55:37.168988
S0233,Computer Vision,2,2025-10-23 13:55:37.168988
S0233,Optimization,1,2025-08-21 13:55:37.168988
S0234,Linear Algebra,4,2025-09-22 13:55:37.168988
S0234,Probability,4,2025-08-26 13:55:37.168988
S0234,Statistics,6,2025-08-30 13:55:37.168988
S0234,ML Basics,4,2025-08-05 13:55:37.168988
S0234,Deep Learning,4,2025-08-03 13:55:37.168988
S0234,NLP,4,2025-08-23 13:55:37.168988
S0234,Computer Vision,5,2025-12-30 13:55:37.168988
S0234,Optimization,1,2025-12-11 13:55:37.168988
S0235,Linear Algebra,1,2026-01-03 13:55:37.168988
S0235,Probability,4,2025-11-09 13:55:37.168988
S0235,Statistics,5,2025-11-10 13:55:37.168988
S0235,ML Basics,3,2025-11-16 13:55:37.168988
S0235,Deep Learning,2,2026-01-08 13:55:37.168988
S0235,NLP,2,2025-07-27 13:55:37.168988
S0235,Computer Vision,2,2025-09-22 13:55:37.168988
S0235,Optimization,6,2025-11-18 13:55:37.168988
S0236,Linear Algebra,6,2025-12-17 13:55:37.168988
S0236,Probability,5,2025-12-11 13:55:37.168988
S0236,Statistics,4,2025-11-27 13:55:37.168988
S0236,ML Basics,5,2025-08-13 13:55:37.168988
S0236,Deep Learning,3,2025-12-26 13:55:37.168988
S0236,NLP,1,2025-09-17 13:55:37.168988
S0236,Computer Vision,4,2025-07-28 13:55:37.168988
S0236,Optimization,4,2025-12-27 13:55:37.168988
S0237,Linear Algebra,7,2025-12-01 13:55:37.168988
S0237,Probability,6,2025-09-15 13:55:37.168988
S0237,Statistics,4,2025-08-13 13:55:37.168988
S0237,ML Basics,4,2025-11-21 13:55:37.168988
S0237,Deep Learning,4,2025-07-25 13:55:37.168988
S0237,NLP,1,2025-08-03 13:55:37.168988
S0237,Computer Vision,1,2025-12-13 13:55:37.168988
S0237,Optimization,9,2025-12-15 13:55:37.168988
S0238,Linear Algebra,2,2025-12-18 13:55:37.168988
S0238,Probability,2,2026-01-04 13:55:37.168988
S0238,Statistics,4,2025-11-09 13:55:37.168988
S0238,ML Basics,1,2025-12-24 13:55:37.168988
S0238,Deep Learning,7,2025-10-30 13:55:37.168988
S0238,NLP,8,2025-11-02 13:55:37.168988
S0238,Computer Vision,4,2025-09-17 13:55:37.168988
S0238,Optimization,2,2026-01-04 13:55:37.168988
S0239,Linear Algebra,4,2025-07-23 13:55:37.168988
S0239,Probability,3,2025-07-29 13:55:37.168988
S0239,Statistics,1,2025-07-23 13:55:37.168988
S0239,ML Basics,4,2025-08-08 13:55:37.168988
S0239,Deep Learning,3,2025-09-25 13:55:37.168988
S0239,NLP,5,2025-11-19 13:55:37.168988
S0239,Computer Vision,3,2025-11-22 13:55:37.168988
S0239,Optimization,7,2025-08-12 13:55:37.168988
S0240,Linear Algebra,1,2025-10-14 13:55:37.168988
S0240,Probability,8,2025-12-10 13:55:37.168988
S0240,Statistics,2,2025-12-18 13:55:37.168988
S0240,ML Basics,2,2025-09-09 13:55:37.168988
S0240,Deep Learning,6,2026-01-06 13:55:37.168988
S0240,NLP,1,2025-09-14 13:55:37.168988
S0240,Computer Vision,8,2025-11-09 13:55:37.168988
S0240,Optimization,5,2026-01-08 13:55:37.168988
S0241,Linear Algebra,11,2025-08-30 13:55:37.168988
S0241,Probability,7,2025-11-27 13:55:37.168988
S0241,Statistics,2,2025-12-06 13:55:37.168988
S0241,ML Basics,3,2025-10-10 13:55:37.168988
S0241,Deep Learning,1,2025-11-19 13:55:37.168988
S0241,NLP,4,2025-11-16 13:55:37.168988
S0241,Computer Vision,3,2025-09-13 13:55:37.168988
S0241,Optimization,4,2025-09-10 13:55:37.168988
S0242,Linear Algebra,3,2025-10-25 13:55:37.168988
S0242,Probability,1,2025-09-29 13:55:37.168988
S0242,Statistics,5,2025-08-09 13:55:37.168988
S0242,ML Basics,2,2025-12-12 13:55:37.168988
S0242,Deep Learning,4,2025-12-05 13:55:37.168988
S0242,NLP,5,2025-11-30 13:55:37.168988
S0242,Computer Vision,7,2026-01-03 13:55:37.168988
S0242,Optimization,1,2025-12-18 13:55:37.168988
S0243,Linear Algebra,6,2025-08-28 13:55:37.168988
S0243,Probability,2,2025-11-27 13:55:37.168988
S0243,Statistics,5,2025-09-09 13:55:37.168988
S0243,ML Basics,3,2025-10-08 13:55:37.168988
S0243,Deep Learning,5,2025-12-06 13:55:37.168988
S0243,NLP,5,2025-08-02 13:55:37.168988
S0243,Computer Vision,3,2025-08-20 13:55:37.168988
S0243,Optimization,4,2025-12-31 13:55:37.168988
S0244,Linear Algebra,0,2025-10-12 13:55:37.168988
S0244,Probability,3,2025-08-22 13:55:37.168988
S0244,Statistics,5,2025-07-24 13:55:37.168988
S0244,ML Basics,0,2025-11-20 13:55:37.168988
S0244,Deep Learning,1,2025-08-13 13:55:37.168988
S0244,NLP,8,2025-09-13 13:55:37.168988
S0244,Computer Vision,7,2025-09-06 13:55:37.168988
S0244,Optimization,3,2025-11-17 13:55:37.168988
S0245,Linear Algebra,3,2025-10-20 13:55:37.168988
S0245,Probability,3,2025-11-20 13:55:37.168988
S0245,Statistics,7,2025-11-29 13:55:37.168988
S0245,ML Basics,6,2025-08-25 13:55:37.168988
S0245,Deep Learning,6,2025-12-04 13:55:37.168988
S0245,NLP,1,2025-10-12 13:55:37.168988
S0245,Computer Vision,3,2025-09-20 13:55:37.168988
S0245,Optimization,7,2025-08-29 13:55:37.168988
S0246,Linear Algebra,3,2025-08-19 13:55:37.168988
S0246,Probability,4,2025-12-14 13:55:37.168988
S0246,Statistics,4,2025-12-05 13:55:37.168988
S0246,ML Basics,5,2025-08-06 13:55:37.168988
S0246,Deep Learning,2,2025-10-17 13:55:37.168988
S0246,NLP,4,2025-11-16 13:55:37.168988
S0246,Computer Vision,6,2025-07-30 13:55:37.168988
S0246,Optimization,4,2025-10-09 13:55:37.168988
S0247,Linear Algebra,2,2025-10-08 13:55:37.168988
S0247,Probability,4,2025-09-01 13:55:37.168988
S0247,Statistics,4,2025-11-16 13:55:37.168988
S0247,ML Basics,1,2025-07-25 13:55:37.168988
S0247,Deep Learning,11,2025-10-02 13:55:37.168988
S0247,NLP,6,2025-12-01 13:55:37.168988
S0247,Computer Vision,3,2025-09-12 13:55:37.168988
S0247,Optimization,2,2025-07-26 13:55:37.168988
S0248,Linear Algebra,3,2025-07-31 13:55:37.168988
S0248,Probability,1,2025-08-02 13:55:37.168988
S0248,Statistics,5,2025-11-19 13:55:37.168988
S0248,ML Basics,5,2025-07-25 13:55:37.168988
S0248,Deep Learning,1,2025-08-27 13:55:37.168988
S0248,NLP,5,2025-08-31 13:55:37.168988
S0248,Computer Vision,8,2025-07-24 13:55:37.168988
S0248,Optimization,5,2025-08-13 13:55:37.168988
S0249,Linear Algebra,3,2025-12-11 13:55:37.168988
S0249,Probability,5,2025-10-27 13:55:37.168988
S0249,Statistics,2,2025-11-15 13:55:37.168988
S0249,ML Basics,2,2025-07-28 13:55:37.168988
S0249,Deep Learning,7,2025-08-16 13:55:37.168988
S0249,NLP,3,2025-10-24 13:55:37.168988
S0249,Computer Vision,6,2025-08-01 13:55:37.168988
S0249,Optimization,6,2026-01-02 13:55:37.168988
S0250,Linear Algebra,2,2025-08-16 13:55:37.168988
S0250,Probability,4,2025-08-11 13:55:37.168988
S0250,Statistics,5,2025-11-29 13:55:37.168988
S0250,ML Basics,1,2025-12-17 13:55:37.168988
S0250,Deep Learning,2,2025-08-08 13:55:37.168988
S0250,NLP,6,2026-01-07 13:55:37.168988
S0250,Computer Vision,3,2026-01-16 13:55:37.168988
S0250,Optimization,3,2025-12-03 13:55:37.168988
S0251,Linear Algebra,2,2025-11-03 13:55:37.168988
S0251,Probability,6,2025-11-07 13:55:37.168988
S0251,Statistics,2,2025-12-19 13:55:37.168988
S0251,ML Basics,6,2025-09-19 13:55:37.168988
S0251,Deep Learning,3,2025-11-09 13:55:37.168988
S0251,NLP,5,2025-07-30 13:55:37.168988
S0251,Computer Vision,3,2025-10-02 13:55:37.168988
S0251,Optimization,2,2025-10-10 13:55:37.168988
S0252,Linear Algebra,6,2025-11-22 13:55:37.168988
S0252,Probability,5,2025-11-12 13:55:37.168988
S0252,Statistics,3,2025-09-19 13:55:37.168988
S0252,ML Basics,4,2025-07-28 13:55:37.168988
S0252,Deep Learning,6,2025-12-22 13:55:37.168988
S0252,NLP,5,2025-10-20 13:55:37.168988
S0252,Computer Vision,3,2025-09-25 13:55:37.168988
S0252,Optimization,2,2025-09-04 13:55:37.168988
S0253,Linear Algebra,4,2025-09-08 13:55:37.168988
S0253,Probability,1,2025-11-22 13:55:37.168988
S0253,Statistics,5,2026-01-11 13:55:37.168988
S0253,ML Basics,3,2026-01-07 13:55:37.168988
S0253,Deep Learning,3,2026-01-07 13:55:37.168988
S0253,NLP,4,2025-11-08 13:55:37.168988
S0253,Computer Vision,5,2025-09-28 13:55:37.168988
S0253,Optimization,3,2025-09-12 13:55:37.168988
S0254,Linear Algebra,3,2025-09-12 13:55:37.168988
S0254,Probability,2,2025-12-05 13:55:37.168988
S0254,Statistics,7,2025-09-21 13:55:37.168988
S0254,ML Basics,4,2025-09-22 13:55:37.168988
S0254,Deep Learning,5,2025-12-01 13:55:37.168988
S0254,NLP,4,2025-08-17 13:55:37.168988
S0254,Computer Vision,4,2025-08-18 13:55:37.168988
S0254,Optimization,5,2025-10-16 13:55:37.168988
S0255,Linear Algebra,4,2025-09-15 13:55:37.168988
S0255,Probability,3,2025-11-28 13:55:37.168988
S0255,Statistics,8,2025-09-11 13:55:37.168988
S0255,ML Basics,5,2025-12-24 13:55:37.168988
S0255,Deep Learning,5,2025-10-09 13:55:37.168988
S0255,NLP,5,2025-09-28 13:55:37.168988
S0255,Computer Vision,3,2025-09-28 13:55:37.168988
S0255,Optimization,4,2025-10-27 13:55:37.168988
S0256,Linear Algebra,2,2025-10-06 13:55:37.168988
S0256,Probability,5,2025-08-04 13:55:37.168988
S0256,Statistics,2,2025-09-12 13:55:37.168988
S0256,ML Basics,5,2025-08-31 13:55:37.168988
S0256,Deep Learning,2,2025-09-24 13:55:37.168988
S0256,NLP,5,2025-11-28 13:55:37.168988
S0256,Computer Vision,6,2026-01-16 13:55:37.168988
S0256,Optimization,5,2025-10-10 13:55:37.168988
S0257,Linear Algebra,4,2025-12-24 13:55:37.168988
S0257,Probability,3,2025-09-04 13:55:37.168988
S0257,Statistics,6,2025-12-19 13:55:37.168988
S0257,ML Basics,4,2025-12-09 13:55:37.168988
S0257,Deep Learning,4,2025-10-12 13:55:37.168988
S0257,NLP,5,2026-01-04 13:55:37.168988
S0257,Computer Vision,2,2025-10-04 13:55:37.168988
S0257,Optimization,4,2025-09-22 13:55:37.168988
S0258,Linear Algebra,8,2025-10-18 13:55:37.168988
S0258,Probability,5,2025-12-09 13:55:37.168988
S0258,Statistics,3,2025-12-31 13:55:37.168988
S0258,ML Basics,2,2025-10-07 13:55:37.168988
S0258,Deep Learning,2,2025-08-20 13:55:37.168988
S0258,NLP,4,2025-08-08 13:55:37.168988
S0258,Computer Vision,4,2025-10-23 13:55:37.168988
S0258,Optimization,2,2025-10-23 13:55:37.168988
S0259,Linear Algebra,4,2025-11-01 13:55:37.168988
S0259,Probability,3,2025-08-18 13:55:37.168988
S0259,Statistics,4,2026-01-03 13:55:37.168988
S0259,ML Basics,4,2025-08-15 13:55:37.168988
S0259,Deep Learning,5,2025-12-25 13:55:37.168988
S0259,NLP,5,2025-09-14 13:55:37.168988
S0259,Computer Vision,3,2025-10-25 13:55:37.168988
S0259,Optimization,1,2025-11-01 13:55:37.168988
S0260,Linear Algebra,1,2025-12-17 13:55:37.168988
S0260,Probability,3,2025-11-27 13:55:37.168988
S0260,Statistics,3,2025-12-05 13:55:37.168988
S0260,ML Basics,4,2025-11-12 13:55:37.168988
S0260,Deep Learning,3,2025-11-23 13:55:37.168988
S0260,NLP,2,2025-11-28 13:55:37.168988
S0260,Computer Vision,3,2026-01-16 13:55:37.168988
S0260,Optimization,3,2025-10-12 13:55:37.168988
S0261,Linear Algebra,5,2025-12-10 13:55:37.168988
S0261,Probability,7,2025-08-12 13:55:37.168988
S0261,Statistics,3,2025-07-30 13:55:37.168988
S0261,ML Basics,1,2025-12-28 13:55:37.168988
S0261,Deep Learning,3,2025-08-12 13:55:37.168988
S0261,NLP,3,2025-08-12 13:55:37.168988
S0261,Computer Vision,5,2025-11-05 13:55:37.168988
S0261,Optimization,5,2025-08-31 13:55:37.168988
S0262,Linear Algebra,1,2025-11-21 13:55:37.168988
S0262,Probability,3,2025-12-27 13:55:37.168988
S0262,Statistics,5,2025-08-19 13:55:37.168988
S0262,ML Basics,2,2025-12-25 13:55:37.168988
S0262,Deep Learning,6,2025-09-28 13:55:37.168988
S0262,NLP,7,2025-08-09 13:55:37.168988
S0262,Computer Vision,4,2025-12-26 13:55:37.168988
S0262,Optimization,8,2025-11-28 13:55:37.168988
S0263,Linear Algebra,2,2025-10-19 13:55:37.168988
S0263,Probability,2,2025-08-20 13:55:37.168988
S0263,Statistics,4,2025-09-15 13:55:37.168988
S0263,ML Basics,3,2025-12-16 13:55:37.168988
S0263,Deep Learning,1,2025-09-25 13:55:37.168988
S0263,NLP,7,2025-10-02 13:55:37.168988
S0263,Computer Vision,3,2025-09-15 13:55:37.168988
S0263,Optimization,4,2025-12-15 13:55:37.168988
S0264,Linear Algebra,4,2025-09-21 13:55:37.168988
S0264,Probability,2,2025-08-04 13:55:37.168988
S0264,Statistics,4,2025-12-18 13:55:37.168988
S0264,ML Basics,6,2025-07-24 13:55:37.168988
S0264,Deep Learning,5,2025-10-24 13:55:37.168988
S0264,NLP,4,2026-01-11 13:55:37.168988
S0264,Computer Vision,4,2025-12-09 13:55:37.168988
S0264,Optimization,5,2025-08-15 13:55:37.168988
S0265,Linear Algebra,4,2025-07-27 13:55:37.168988
S0265,Probability,3,2025-08-29 13:55:37.168988
S0265,Statistics,5,2025-10-28 13:55:37.168988
S0265,ML Basics,3,2025-09-30 13:55:37.168988
S0265,Deep Learning,4,2025-07-30 13:55:37.168988
S0265,NLP,3,2025-07-23 13:55:37.168988
S0265,Computer Vision,4,2025-12-30 13:55:37.168988
S0265,Optimization,5,2025-10-05 13:55:37.168988
S0266,Linear Algebra,3,2025-08-27 13:55:37.168988
S0266,Probability,5,2025-12-09 13:55:37.168988
S0266,Statistics,5,2025-09-30 13:55:37.168988
S0266,ML Basics,3,2025-07-22 13:55:37.168988
S0266,Deep Learning,4,2025-09-15 13:55:37.168988
S0266,NLP,4,2025-10-14 13:55:37.168988
S0266,Computer Vision,6,2025-09-18 13:55:37.168988
S0266,Optimization,5,2025-08-16 13:55:37.168988
S0267,Linear Algebra,3,2025-08-20 13:55:37.168988
S0267,Probability,4,2025-09-09 13:55:37.168988
S0267,Statistics,6,2026-01-15 13:55:37.168988
S0267,ML Basics,4,2026-01-01 13:55:37.168988
S0267,Deep Learning,5,2025-09-10 13:55:37.168988
S0267,NLP,1,2025-09-05 13:55:37.168988
S0267,Computer Vision,2,2026-01-10 13:55:37.168988
S0267,Optimization,3,2025-12-31 13:55:37.168988
S0268,Linear Algebra,5,2025-10-11 13:55:37.168988
S0268,Probability,5,2025-07-25 13:55:37.168988
S0268,Statistics,1,2025-10-08 13:55:37.168988
S0268,ML Basics,3,2025-12-19 13:55:37.168988
S0268,Deep Learning,5,2025-12-08 13:55:37.168988
S0268,NLP,4,2025-08-15 13:55:37.168988
S0268,Computer Vision,3,2025-11-19 13:55:37.168988
S0268,Optimization,3,2025-08-09 13:55:37.168988
S0269,Linear Algebra,1,2025-11-21 13:55:37.168988
S0269,Probability,2,2025-10-26 13:55:37.168988
S0269,Statistics,4,2026-01-16 13:55:37.168988
S0269,ML Basics,1,2025-07-22 13:55:37.168988
S0269,Deep Learning,5,2025-12-29 13:55:37.168988
S0269,NLP,10,2025-09-27 13:55:37.168988
S0269,Computer Vision,5,2025-10-03 13:55:37.168988
S0269,Optimization,4,2025-09-12 13:55:37.168988
S0270,Linear Algebra,3,2025-11-08 13:55:37.168988
S0270,Probability,2,2025-10-19 13:55:37.168988
S0270,Statistics,3,2025-10-20 13:55:37.168988
S0270,ML Basics,4,2026-01-11 13:55:37.168988
S0270,Deep Learning,6,2025-08-24 13:55:37.168988
S0270,NLP,7,2025-12-31 13:55:37.168988
S0270,Computer Vision,5,2025-11-13 13:55:37.168988
S0270,Optimization,5,2025-12-18 13:55:37.168988
S0271,Linear Algebra,3,2025-08-12 13:55:37.168988
S0271,Probability,3,2025-10-26 13:55:37.168988
S0271,Statistics,3,2025-08-06 13:55:37.168988
S0271,ML Basics,9,2025-10-11 13:55:37.168988
S0271,Deep Learning,8,2025-08-06 13:55:37.168988
S0271,NLP,4,2025-08-28 13:55:37.168988
S0271,Computer Vision,3,2026-01-16 13:55:37.168988
S0271,Optimization,9,2025-12-29 13:55:37.168988
S0272,Linear Algebra,2,2025-08-09 13:55:37.168988
S0272,Probability,5,2025-11-03 13:55:37.168988
S0272,Statistics,3,2025-10-09 13:55:37.168988
S0272,ML Basics,4,2025-08-22 13:55:37.168988
S0272,Deep Learning,9,2025-12-27 13:55:37.168988
S0272,NLP,5,2025-09-19 13:55:37.168988
S0272,Computer Vision,8,2025-08-31 13:55:37.168988
S0272,Optimization,5,2025-08-16 13:55:37.168988
S0273,Linear Algebra,8,2025-10-28 13:55:37.168988
S0273,Probability,5,2025-12-10 13:55:37.168988
S0273,Statistics,7,2025-11-23 13:55:37.168988
S0273,ML Basics,5,2025-12-28 13:55:37.168988
S0273,Deep Learning,4,2025-12-06 13:55:37.168988
S0273,NLP,6,2026-01-12 13:55:37.168988
S0273,Computer Vision,4,2025-11-01 13:55:37.168988
S0273,Optimization,3,2025-12-05 13:55:37.168988
S0274,Linear Algebra,5,2026-01-16 13:55:37.168988
S0274,Probability,5,2025-08-14 13:55:37.168988
S0274,Statistics,7,2025-09-02 13:55:37.168988
S0274,ML Basics,5,2025-10-03 13:55:37.168988
S0274,Deep Learning,0,2025-08-30 13:55:37.168988
S0274,NLP,4,2026-01-11 13:55:37.168988
S0274,Computer Vision,4,2025-10-25 13:55:37.168988
S0274,Optimization,1,2025-11-29 13:55:37.168988
S0275,Linear Algebra,2,2025-08-30 13:55:37.168988
S0275,Probability,7,2025-07-29 13:55:37.168988
S0275,Statistics,4,2025-10-11 13:55:37.168988
S0275,ML Basics,3,2026-01-05 13:55:37.168988
S0275,Deep Learning,4,2025-08-27 13:55:37.168988
S0275,NLP,4,2025-09-11 13:55:37.168988
S0275,Computer Vision,4,2025-12-04 13:55:37.168988
S0275,Optimization,6,2025-12-24 13:55:37.168988
S0276,Linear Algebra,2,2025-11-02 13:55:37.168988
S0276,Probability,5,2025-09-20 13:55:37.168988
S0276,Statistics,8,2025-07-28 13:55:37.168988
S0276,ML Basics,6,2025-12-13 13:55:37.168988
S0276,Deep Learning,4,2025-09-29 13:55:37.168988
S0276,NLP,4,2025-12-19 13:55:37.168988
S0276,Computer Vision,3,2025-12-06 13:55:37.168988
S0276,Optimization,1,2025-12-05 13:55:37.168988
S0277,Linear Algebra,7,2025-12-18 13:55:37.168988
S0277,Probability,6,2026-01-14 13:55:37.168988
S0277,Statistics,3,2025-09-15 13:55:37.168988
S0277,ML Basics,4,2025-07-22 13:55:37.168988
S0277,Deep Learning,1,2025-08-13 13:55:37.168988
S0277,NLP,4,2025-09-28 13:55:37.168988
S0277,Computer Vision,3,2025-12-11 13:55:37.168988
S0277,Optimization,1,2025-09-02 13:55:37.168988
S0278,Linear Algebra,3,2025-12-29 13:55:37.168988
S0278,Probability,2,2025-08-13 13:55:37.168988
S0278,Statistics,2,2025-11-20 13:55:37.168988
S0278,ML Basics,3,2025-12-05 13:55:37.168988
S0278,Deep Learning,1,2025-12-30 13:55:37.168988
S0278,NLP,2,2025-12-26 13:55:37.168988
S0278,Computer Vision,2,2025-09-28 13:55:37.168988
S0278,Optimization,4,2025-11-27 13:55:37.168988
S0279,Linear Algebra,6,2025-08-15 13:55:37.168988
S0279,Probability,6,2026-01-10 13:55:37.168988
S0279,Statistics,3,2025-12-18 13:55:37.168988
S0279,ML Basics,9,2025-10-28 13:55:37.168988
S0279,Deep Learning,1,2025-09-24 13:55:37.168988
S0279,NLP,1,2025-10-20 13:55:37.168988
S0279,Computer Vision,7,2025-10-13 13:55:37.168988
S0279,Optimization,6,2025-12-26 13:55:37.168988
S0280,Linear Algebra,4,2025-08-05 13:55:37.168988
S0280,Probability,3,2025-12-20 13:55:37.168988
S0280,Statistics,9,2026-01-01 13:55:37.168988
S0280,ML Basics,5,2025-07-31 13:55:37.168988
S0280,Deep Learning,2,2025-11-04 13:55:37.168988
S0280,NLP,4,2025-10-28 13:55:37.168988
S0280,Computer Vision,4,2025-07-30 13:55:37.168988
S0280,Optimization,2,2025-12-01 13:55:37.168988
S0281,Linear Algebra,3,2025-07-25 13:55:37.168988
S0281,Probability,3,2025-10-27 13:55:37.168988
S0281,Statistics,6,2025-08-09 13:55:37.168988
S0281,ML Basics,4,2025-12-22 13:55:37.168988
S0281,Deep Learning,2,2025-11-23 13:55:37.168988
S0281,NLP,4,2025-07-22 13:55:37.168988
S0281,Computer Vision,3,2025-12-08 13:55:37.168988
S0281,Optimization,4,2025-11-23 13:55:37.168988
S0282,Linear Algebra,5,2025-12-05 13:55:37.168988
S0282,Probability,5,2025-09-26 13:55:37.168988
S0282,Statistics,6,2025-11-14 13:55:37.168988
S0282,ML Basics,6,2025-09-03 13:55:37.168988
S0282,Deep Learning,2,2025-08-17 13:55:37.168988
S0282,NLP,5,2026-01-03 13:55:37.168988
S0282,Computer Vision,6,2025-09-04 13:55:37.168988
S0282,Optimization,11,2026-01-08 13:55:37.168988
S0283,Linear Algebra,2,2025-12-11 13:55:37.168988
S0283,Probability,4,2026-01-07 13:55:37.168988
S0283,Statistics,4,2025-09-02 13:55:37.168988
S0283,ML Basics,4,2025-10-04 13:55:37.168988
S0283,Deep Learning,3,2025-08-03 13:55:37.168988
S0283,NLP,5,2025-12-09 13:55:37.168988
S0283,Computer Vision,5,2025-12-13 13:55:37.168988
S0283,Optimization,2,2025-11-06 13:55:37.168988
S0284,Linear Algebra,1,2025-12-15 13:55:37.168988
S0284,Probability,7,2025-12-04 13:55:37.168988
S0284,Statistics,4,2025-08-13 13:55:37.168988
S0284,ML Basics,4,2025-10-08 13:55:37.168988
S0284,Deep Learning,4,2025-09-12 13:55:37.168988
S0284,NLP,4,2025-11-29 13:55:37.168988
S0284,Computer Vision,2,2025-08-06 13:55:37.168988
S0284,Optimization,5,2025-11-14 13:55:37.168988
S0285,Linear Algebra,6,2025-07-24 13:55:37.168988
S0285,Probability,2,2025-07-27 13:55:37.168988
S0285,Statistics,4,2025-08-29 13:55:37.168988
S0285,ML Basics,6,2025-08-09 13:55:37.168988
S0285,Deep Learning,2,2025-12-24 13:55:37.168988
S0285,NLP,1,2025-11-09 13:55:37.168988
S0285,Computer Vision,4,2025-07-23 13:55:37.168988
S0285,Optimization,5,2025-11-10 13:55:37.168988
S0286,Linear Algebra,6,2025-09-06 13:55:37.168988
S0286,Probability,4,2025-10-06 13:55:37.168988
S0286,Statistics,4,2025-11-25 13:55:37.168988
S0286,ML Basics,7,2025-11-03 13:55:37.168988
S0286,Deep Learning,8,2025-09-16 13:55:37.168988
S0286,NLP,2,2025-08-17 13:55:37.168988
S0286,Computer Vision,11,2025-12-26 13:55:37.168988
S0286,Optimization,2,2025-11-06 13:55:37.168988
S0287,Linear Algebra,4,2025-09-07 13:55:37.168988
S0287,Probability,5,2025-09-24 13:55:37.168988
S0287,Statistics,10,2026-01-07 13:55:37.168988
S0287,ML Basics,6,2025-11-21 13:55:37.168988
S0287,Deep Learning,4,2025-10-04 13:55:37.168988
S0287,NLP,4,2025-12-02 13:55:37.168988
S0287,Computer Vision,4,2025-09-18 13:55:37.168988
S0287,Optimization,1,2025-10-18 13:55:37.168988
S0288,Linear Algebra,9,2025-11-18 13:55:37.168988
S0288,Probability,4,2025-12-18 13:55:37.168988
S0288,Statistics,7,2025-11-21 13:55:37.168988
S0288,ML Basics,2,2025-11-12 13:55:37.168988
S0288,Deep Learning,3,2025-09-29 13:55:37.168988
S0288,NLP,0,2026-01-16 13:55:37.168988
S0288,Computer Vision,6,2025-12-07 13:55:37.168988
S0288,Optimization,3,2025-10-31 13:55:37.168988
S0289,Linear Algebra,7,2025-11-14 13:55:37.168988
S0289,Probability,6,2025-10-23 13:55:37.168988
S0289,Statistics,5,2025-08-10 13:55:37.168988
S0289,ML Basics,3,2025-09-06 13:55:37.168988
S0289,Deep Learning,5,2025-12-23 13:55:37.168988
S0289,NLP,4,2025-12-04 13:55:37.168988
S0289,Computer Vision,2,2025-10-15 13:55:37.168988
S0289,Optimization,1,2025-08-12 13:55:37.168988
S0290,Linear Algebra,9,2025-11-03 13:55:37.168988
S0290,Probability,9,2026-01-12 13:55:37.168988
S0290,Statistics,6,2025-10-03 13:55:37.168988
S0290,ML Basics,2,2025-11-09 13:55:37.168988
S0290,Deep Learning,5,2026-01-05 13:55:37.168988
S0290,NLP,3,2025-09-22 13:55:37.168988
S0290,Computer Vision,2,2026-01-04 13:55:37.168988
S0290,Optimization,10,2026-01-07 13:55:37.168988
S0291,Linear Algebra,3,2025-10-23 13:55:37.168988
S0291,Probability,5,2025-12-16 13:55:37.168988
S0291,Statistics,4,2025-12-24 13:55:37.168988
S0291,ML Basics,4,2025-10-24 13:55:37.168988
S0291,Deep Learning,1,2025-11-27 13:55:37.168988
S0291,NLP,6,2025-07-25 13:55:37.168988
S0291,Computer Vision,3,2025-09-11 13:55:37.168988
S0291,Optimization,4,2025-11-13 13:55:37.168988
S0292,Linear Algebra,1,2025-09-30 13:55:37.168988
S0292,Probability,2,2025-10-26 13:55:37.168988
S0292,Statistics,5,2025-07-26 13:55:37.168988
S0292,ML Basics,5,2025-08-14 13:55:37.168988
S0292,Deep Learning,4,2025-08-16 13:55:37.168988
S0292,NLP,3,2025-11-28 13:55:37.168988
S0292,Computer Vision,3,2025-08-31 13:55:37.168988
S0292,Optimization,2,2025-09-03 13:55:37.168988
S0293,Linear Algebra,4,2026-01-06 13:55:37.168988
S0293,Probability,5,2025-10-27 13:55:37.168988
S0293,Statistics,6,2025-11-11 13:55:37.168988
S0293,ML Basics,8,2025-09-09 13:55:37.168988
S0293,Deep Learning,5,2025-08-21 13:55:37.168988
S0293,NLP,3,2025-08-13 13:55:37.168988
S0293,Computer Vision,3,2025-11-04 13:55:37.168988
S0293,Optimization,6,2025-12-17 13:55:37.168988
S0294,Linear Algebra,1,2026-01-03 13:55:37.168988
S0294,Probability,3,2025-10-20 13:55:37.168988
S0294,Statistics,3,2025-12-31 13:55:37.168988
S0294,ML Basics,4,2025-10-18 13:55:37.168988
S0294,Deep Learning,7,2026-01-03 13:55:37.168988
S0294,NLP,2,2025-08-24 13:55:37.168988
S0294,Computer Vision,6,2025-12-17 13:55:37.168988
S0294,Optimization,7,2025-10-23 13:55:37.168988
S0295,Linear Algebra,4,2025-12-08 13:55:37.168988
S0295,Probability,5,2025-11-18 13:55:37.168988
S0295,Statistics,4,2025-12-30 13:55:37.168988
S0295,ML Basics,3,2025-12-06 13:55:37.168988
S0295,Deep Learning,4,2025-08-12 13:55:37.168988
S0295,NLP,6,2025-10-02 13:55:37.168988
S0295,Computer Vision,5,2025-12-03 13:55:37.168988
S0295,Optimization,6,2025-12-19 13:55:37.168988
S0296,Linear Algebra,2,2025-11-12 13:55:37.168988
S0296,Probability,2,2025-08-04 13:55:37.168988
S0296,Statistics,3,2025-12-09 13:55:37.168988
S0296,ML Basics,8,2025-09-09 13:55:37.168988
S0296,Deep Learning,3,2026-01-11 13:55:37.168988
S0296,NLP,4,2025-12-06 13:55:37.168988
S0296,Computer Vision,6,2025-10-07 13:55:37.168988
S0296,Optimization,2,2025-10-03 13:55:37.168988
S0297,Linear Algebra,5,2025-10-06 13:55:37.168988
S0297,Probability,2,2025-10-22 13:55:37.168988
S0297,Statistics,4,2025-12-17 13:55:37.168988
S0297,ML Basics,3,2026-01-03 13:55:37.168988
S0297,Deep Learning,2,2025-10-27 13:55:37.168988
S0297,NLP,5,2025-11-21 13:55:37.168988
S0297,Computer Vision,6,2025-10-28 13:55:37.168988
S0297,Optimization,1,2025-08-31 13:55:37.168988
S0298,Linear Algebra,2,2025-12-22 13:55:37.168988
S0298,Probability,6,2025-10-22 13:55:37.168988
S0298,Statistics,4,2025-12-09 13:55:37.168988
S0298,ML Basics,3,2026-01-12 13:55:37.168988
S0298,Deep Learning,7,2025-12-14 13:55:37.168988
S0298,NLP,3,2025-12-07 13:55:37.168988
S0298,Computer Vision,4,2025-08-29 13:55:37.168988
S0298,Optimization,1,2025-10-29 13:55:37.168988
S0299,Linear Algebra,4,2025-10-05 13:55:37.168988
S0299,Probability,8,2025-12-25 13:55:37.168988
S0299,Statistics,5,2026-01-10 13:55:37.168988
S0299,ML Basics,7,2026-01-07 13:55:37.168988
S0299,Deep Learning,3,2025-10-30 13:55:37.168988
S0299,NLP,7,2025-08-28 13:55:37.168988
S0299,Computer Vision,3,2025-08-30 13:55:37.168988
S0299,Optimization,1,2025-10-31 13:55:37.168988
S0300,Linear Algebra,3,2026-01-05 13:55:37.168988
S0300,Probability,11,2025-09-12 13:55:37.168988
S0300,Statistics,5,2025-09-21 13:55:37.168988
S0300,ML Basics,6,2025-10-27 13:55:37.168988
S0300,Deep Learning,0,2025-11-13 13:55:37.168988
S0300,NLP,2,2025-11-28 13:55:37.168988
S0300,Computer Vision,2,2025-07-23 13:55:37.168988
S0300,Optimization,6,2025-12-14 13:55:37.168988
S0301,Linear Algebra,2,2025-11-15 13:55:37.168988
S0301,Probability,8,2025-12-20 13:55:37.168988
S0301,Statistics,6,2026-01-11 13:55:37.168988
S0301,ML Basics,2,2025-09-28 13:55:37.168988
S0301,Deep Learning,7,2025-12-19 13:55:37.168988
S0301,NLP,4,2025-08-27 13:55:37.168988
S0301,Computer Vision,4,2025-08-30 13:55:37.168988
S0301,Optimization,10,2025-09-03 13:55:37.168988
S0302,Linear Algebra,5,2025-12-20 13:55:37.168988
S0302,Probability,6,2025-09-13 13:55:37.168988
S0302,Statistics,3,2025-12-22 13:55:37.168988
S0302,ML Basics,2,2025-08-31 13:55:37.168988
S0302,Deep Learning,4,2025-11-30 13:55:37.168988
S0302,NLP,4,2025-12-04 13:55:37.168988
S0302,Computer Vision,2,2025-08-22 13:55:37.168988
S0302,Optimization,3,2025-09-29 13:55:37.168988
S0303,Linear Algebra,6,2025-09-06 13:55:37.168988
S0303,Probability,4,2025-11-29 13:55:37.168988
S0303,Statistics,4,2025-11-14 13:55:37.168988
S0303,ML Basics,3,2025-08-10 13:55:37.168988
S0303,Deep Learning,7,2025-10-27 13:55:37.168988
S0303,NLP,0,2025-11-18 13:55:37.168988
S0303,Computer Vision,2,2025-09-09 13:55:37.168988
S0303,Optimization,2,2026-01-06 13:55:37.168988
S0304,Linear Algebra,5,2025-11-08 13:55:37.168988
S0304,Probability,5,2025-11-27 13:55:37.168988
S0304,Statistics,1,2025-08-17 13:55:37.168988
S0304,ML Basics,5,2025-11-21 13:55:37.168988
S0304,Deep Learning,6,2025-09-09 13:55:37.168988
S0304,NLP,6,2025-11-05 13:55:37.168988
S0304,Computer Vision,2,2025-08-25 13:55:37.168988
S0304,Optimization,3,2025-12-28 13:55:37.168988
S0305,Linear Algebra,4,2025-11-27 13:55:37.168988
S0305,Probability,4,2025-10-24 13:55:37.168988
S0305,Statistics,4,2025-09-10 13:55:37.168988
S0305,ML Basics,5,2025-09-28 13:55:37.168988
S0305,Deep Learning,5,2026-01-04 13:55:37.168988
S0305,NLP,4,2025-09-06 13:55:37.168988
S0305,Computer Vision,2,2025-12-19 13:55:37.168988
S0305,Optimization,4,2025-10-19 13:55:37.168988
S0306,Linear Algebra,2,2025-09-14 13:55:37.168988
S0306,Probability,5,2026-01-06 13:55:37.168988
S0306,Statistics,5,2025-12-23 13:55:37.168988
S0306,ML Basics,4,2025-07-31 13:55:37.168988
S0306,Deep Learning,3,2025-11-08 13:55:37.168988
S0306,NLP,2,2025-08-16 13:55:37.168988
S0306,Computer Vision,3,2025-07-25 13:55:37.168988
S0306,Optimization,3,2025-12-02 13:55:37.168988
S0307,Linear Algebra,4,2025-09-25 13:55:37.168988
S0307,Probability,4,2026-01-15 13:55:37.168988
S0307,Statistics,4,2025-08-11 13:55:37.168988
S0307,ML Basics,7,2025-11-13 13:55:37.168988
S0307,Deep Learning,6,2025-11-08 13:55:37.168988
S0307,NLP,2,2025-10-03 13:55:37.168988
S0307,Computer Vision,4,2025-08-29 13:55:37.168988
S0307,Optimization,2,2025-10-30 13:55:37.168988
S0308,Linear Algebra,2,2025-11-07 13:55:37.168988
S0308,Probability,8,2025-08-20 13:55:37.168988
S0308,Statistics,2,2025-08-02 13:55:37.168988
S0308,ML Basics,5,2025-12-02 13:55:37.168988
S0308,Deep Learning,4,2025-09-18 13:55:37.168988
S0308,NLP,2,2025-09-18 13:55:37.168988
S0308,Computer Vision,5,2025-12-18 13:55:37.168988
S0308,Optimization,5,2025-07-22 13:55:37.168988
S0309,Linear Algebra,1,2026-01-05 13:55:37.168988
S0309,Probability,5,2025-07-29 13:55:37.168988
S0309,Statistics,5,2025-10-17 13:55:37.168988
S0309,ML Basics,2,2025-08-15 13:55:37.168988
S0309,Deep Learning,4,2025-09-29 13:55:37.168988
S0309,NLP,3,2025-10-06 13:55:37.168988
S0309,Computer Vision,6,2025-09-16 13:55:37.168988
S0309,Optimization,6,2025-12-30 13:55:37.168988
S0310,Linear Algebra,2,2025-09-13 13:55:37.168988
S0310,Probability,2,2025-10-21 13:55:37.168988
S0310,Statistics,1,2025-07-27 13:55:37.168988
S0310,ML Basics,4,2025-08-09 13:55:37.168988
S0310,Deep Learning,3,2025-07-24 13:55:37.168988
S0310,NLP,3,2025-08-01 13:55:37.168988
S0310,Computer Vision,1,2025-09-22 13:55:37.168988
S0310,Optimization,2,2025-10-08 13:55:37.168988
S0311,Linear Algebra,3,2025-10-20 13:55:37.168988
S0311,Probability,6,2025-08-25 13:55:37.168988
S0311,Statistics,6,2025-09-28 13:55:37.168988
S0311,ML Basics,2,2026-01-16 13:55:37.168988
S0311,Deep Learning,0,2025-10-27 13:55:37.168988
S0311,NLP,6,2025-11-29 13:55:37.168988
S0311,Computer Vision,1,2025-11-15 13:55:37.168988
S0311,Optimization,7,2025-11-17 13:55:37.168988
S0312,Linear Algebra,2,2025-10-09 13:55:37.168988
S0312,Probability,7,2025-10-29 13:55:37.168988
S0312,Statistics,5,2026-01-06 13:55:37.168988
S0312,ML Basics,4,2025-11-10 13:55:37.168988
S0312,Deep Learning,8,2025-11-10 13:55:37.168988
S0312,NLP,3,2025-10-23 13:55:37.168988
S0312,Computer Vision,0,2025-11-20 13:55:37.168988
S0312,Optimization,9,2025-08-13 13:55:37.168988
S0313,Linear Algebra,5,2025-10-25 13:55:37.168988
S0313,Probability,3,2025-12-28 13:55:37.168988
S0313,Statistics,5,2025-11-10 13:55:37.168988
S0313,ML Basics,3,2025-08-24 13:55:37.168988
S0313,Deep Learning,4,2025-09-18 13:55:37.168988
S0313,NLP,4,2025-11-21 13:55:37.168988
S0313,Computer Vision,7,2025-10-11 13:55:37.168988
S0313,Optimization,6,2025-10-31 13:55:37.168988
S0314,Linear Algebra,1,2025-08-27 13:55:37.168988
S0314,Probability,2,2025-07-24 13:55:37.168988
S0314,Statistics,2,2025-10-16 13:55:37.168988
S0314,ML Basics,1,2025-12-06 13:55:37.168988
S0314,Deep Learning,0,2025-08-17 13:55:37.168988
S0314,NLP,5,2025-11-06 13:55:37.168988
S0314,Computer Vision,4,2025-07-25 13:55:37.168988
S0314,Optimization,4,2025-12-02 13:55:37.168988
S0315,Linear Algebra,3,2025-09-21 13:55:37.168988
S0315,Probability,2,2025-08-25 13:55:37.168988
S0315,Statistics,1,2025-12-17 13:55:37.168988
S0315,ML Basics,2,2025-10-15 13:55:37.168988
S0315,Deep Learning,2,2025-10-30 13:55:37.168988
S0315,NLP,7,2025-11-05 13:55:37.168988
S0315,Computer Vision,2,2025-07-31 13:55:37.168988
S0315,Optimization,3,2025-07-26 13:55:37.168988
S0316,Linear Algebra,3,2025-09-06 13:55:37.168988
S0316,Probability,1,2025-12-30 13:55:37.168988
S0316,Statistics,2,2025-09-20 13:55:37.168988
S0316,ML Basics,1,2025-12-27 13:55:37.168988
S0316,Deep Learning,4,2025-10-12 13:55:37.168988
S0316,NLP,2,2025-08-31 13:55:37.168988
S0316,Computer Vision,6,2026-01-16 13:55:37.168988
S0316,Optimization,3,2025-08-03 13:55:37.168988
S0317,Linear Algebra,1,2025-11-02 13:55:37.168988
S0317,Probability,2,2025-07-24 13:55:37.168988
S0317,Statistics,5,2025-08-15 13:55:37.168988
S0317,ML Basics,2,2025-09-25 13:55:37.168988
S0317,Deep Learning,6,2025-10-23 13:55:37.168988
S0317,NLP,8,2026-01-05 13:55:37.168988
S0317,Computer Vision,4,2025-12-23 13:55:37.168988
S0317,Optimization,1,2025-12-04 13:55:37.168988
S0318,Linear Algebra,4,2026-01-04 13:55:37.168988
S0318,Probability,5,2025-11-08 13:55:37.168988
S0318,Statistics,4,2025-10-20 13:55:37.168988
S0318,ML Basics,3,2025-12-23 13:55:37.168988
S0318,Deep Learning,4,2025-11-21 13:55:37.168988
S0318,NLP,3,2025-08-23 13:55:37.168988
S0318,Computer Vision,4,2025-09-22 13:55:37.168988
S0318,Optimization,2,2025-09-08 13:55:37.168988
S0319,Linear Algebra,4,2025-12-15 13:55:37.168988
S0319,Probability,1,2025-07-25 13:55:37.168988
S0319,Statistics,3,2025-09-20 13:55:37.168988
S0319,ML Basics,5,2026-01-03 13:55:37.168988
S0319,Deep Learning,2,2025-08-09 13:55:37.168988
S0319,NLP,4,2025-10-26 13:55:37.168988
S0319,Computer Vision,6,2026-01-16 13:55:37.168988
S0319,Optimization,5,2025-12-30 13:55:37.168988
S0320,Linear Algebra,1,2025-12-02 13:55:37.168988
S0320,Probability,5,2025-09-19 13:55:37.168988
S0320,Statistics,7,2026-01-03 13:55:37.168988
S0320,ML Basics,6,2025-12-10 13:55:37.168988
S0320,Deep Learning,6,2025-10-27 13:55:37.168988
S0320,NLP,6,2025-09-16 13:55:37.168988
S0320,Computer Vision,5,2025-08-02 13:55:37.168988
S0320,Optimization,4,2026-01-03 13:55:37.168988
S0321,Linear Algebra,4,2025-11-04 13:55:37.168988
S0321,Probability,5,2025-11-27 13:55:37.168988
S0321,Statistics,2,2025-10-30 13:55:37.168988
S0321,ML Basics,3,2025-11-06 13:55:37.168988
S0321,Deep Learning,4,2025-12-05 13:55:37.168988
S0321,NLP,4,2025-09-13 13:55:37.168988
S0321,Computer Vision,3,2025-12-08 13:55:37.168988
S0321,Optimization,4,2025-09-18 13:55:37.168988
S0322,Linear Algebra,6,2026-01-05 13:55:37.168988
S0322,Probability,2,2025-09-25 13:55:37.168988
S0322,Statistics,3,2025-07-21 13:55:37.168988
S0322,ML Basics,2,2026-01-08 13:55:37.168988
S0322,Deep Learning,4,2025-10-22 13:55:37.168988
S0322,NLP,5,2025-11-07 13:55:37.168988
S0322,Computer Vision,6,2025-11-06 13:55:37.168988
S0322,Optimization,6,2025-12-08 13:55:37.168988
S0323,Linear Algebra,3,2025-10-23 13:55:37.168988
S0323,Probability,2,2025-09-03 13:55:37.168988
S0323,Statistics,3,2025-08-02 13:55:37.168988
S0323,ML Basics,5,2026-01-12 13:55:37.168988
S0323,Deep Learning,4,2025-09-09 13:55:37.168988
S0323,NLP,2,2025-11-11 13:55:37.168988
S0323,Computer Vision,2,2025-08-31 13:55:37.168988
S0323,Optimization,6,2025-09-17 13:55:37.168988
S0324,Linear Algebra,5,2025-12-27 13:55:37.168988
S0324,Probability,2,2025-11-18 13:55:37.168988
S0324,Statistics,5,2025-09-20 13:55:37.168988
S0324,ML Basics,4,2025-11-02 13:55:37.168988
S0324,Deep Learning,6,2026-01-07 13:55:37.168988
S0324,NLP,3,2025-08-13 13:55:37.168988
S0324,Computer Vision,6,2025-08-19 13:55:37.168988
S0324,Optimization,5,2025-08-07 13:55:37.168988
S0325,Linear Algebra,6,2025-11-11 13:55:37.168988
S0325,Probability,4,2025-10-14 13:55:37.168988
S0325,Statistics,3,2025-12-10 13:55:37.168988
S0325,ML Basics,6,2025-09-27 13:55:37.168988
S0325,Deep Learning,5,2025-08-30 13:55:37.168988
S0325,NLP,3,2025-07-23 13:55:37.168988
S0325,Computer Vision,4,2025-10-16 13:55:37.168988
S0325,Optimization,7,2025-10-15 13:55:37.168988
S0326,Linear Algebra,1,2025-07-21 13:55:37.168988
S0326,Probability,9,2025-12-18 13:55:37.168988
S0326,Statistics,3,2025-07-28 13:55:37.168988
S0326,ML Basics,2,2025-08-05 13:55:37.168988
S0326,Deep Learning,4,2026-01-13 13:55:37.168988
S0326,NLP,4,2025-08-25 13:55:37.168988
S0326,Computer Vision,3,2025-08-23 13:55:37.168988
S0326,Optimization,9,2026-01-04 13:55:37.168988
S0327,Linear Algebra,7,2025-10-09 13:55:37.168988
S0327,Probability,3,2025-10-06 13:55:37.168988
S0327,Statistics,3,2025-09-13 13:55:37.168988
S0327,ML Basics,5,2025-12-28 13:55:37.168988
S0327,Deep Learning,0,2025-12-13 13:55:37.168988
S0327,NLP,5,2025-08-27 13:55:37.168988
S0327,Computer Vision,1,2025-12-17 13:55:37.168988
S0327,Optimization,6,2025-09-18 13:55:37.168988
S0328,Linear Algebra,1,2025-11-02 13:55:37.168988
S0328,Probability,2,2025-12-06 13:55:37.168988
S0328,Statistics,7,2025-11-18 13:55:37.168988
S0328,ML Basics,2,2025-08-15 13:55:37.168988
S0328,Deep Learning,2,2025-10-21 13:55:37.168988
S0328,NLP,3,2025-12-13 13:55:37.168988
S0328,Computer Vision,6,2025-08-22 13:55:37.168988
S0328,Optimization,3,2025-11-14 13:55:37.168988
S0329,Linear Algebra,6,2025-08-22 13:55:37.168988
S0329,Probability,6,2025-08-22 13:55:37.168988
S0329,Statistics,6,2025-11-19 13:55:37.168988
S0329,ML Basics,6,2025-10-14 13:55:37.168988
S0329,Deep Learning,2,2025-12-07 13:55:37.168988
S0329,NLP,4,2025-12-29 13:55:37.168988
S0329,Computer Vision,3,2025-09-17 13:55:37.168988
S0329,Optimization,4,2025-08-13 13:55:37.168988
S0330,Linear Algebra,2,2025-08-08 13:55:37.168988
S0330,Probability,5,2025-11-01 13:55:37.168988
S0330,Statistics,9,2025-09-01 13:55:37.168988
S0330,ML Basics,3,2025-08-11 13:55:37.168988
S0330,Deep Learning,5,2026-01-01 13:55:37.168988
S0330,NLP,4,2026-01-06 13:55:37.168988
S0330,Computer Vision,2,2025-12-01 13:55:37.168988
S0330,Optimization,2,2025-11-11 13:55:37.168988
S0331,Linear Algebra,3,2025-08-20 13:55:37.168988
S0331,Probability,8,2025-10-06 13:55:37.168988
S0331,Statistics,3,2025-11-16 13:55:37.168988
S0331,ML Basics,3,2025-12-17 13:55:37.168988
S0331,Deep Learning,5,2025-12-04 13:55:37.168988
S0331,NLP,7,2025-10-28 13:55:37.168988
S0331,Computer Vision,3,2025-12-02 13:55:37.168988
S0331,Optimization,5,2025-10-24 13:55:37.168988
S0332,Linear Algebra,1,2025-08-14 13:55:37.168988
S0332,Probability,8,2025-09-21 13:55:37.168988
S0332,Statistics,5,2025-09-09 13:55:37.168988
S0332,ML Basics,3,2025-09-17 13:55:37.168988
S0332,Deep Learning,5,2025-11-17 13:55:37.168988
S0332,NLP,2,2025-10-05 13:55:37.168988
S0332,Computer Vision,6,2025-08-16 13:55:37.168988
S0332,Optimization,1,2025-08-01 13:55:37.168988
S0333,Linear Algebra,4,2025-11-28 13:55:37.168988
S0333,Probability,5,2025-12-21 13:55:37.168988
S0333,Statistics,2,2026-01-04 13:55:37.168988
S0333,ML Basics,4,2025-11-29 13:55:37.168988
S0333,Deep Learning,6,2026-01-16 13:55:37.168988
S0333,NLP,3,2025-08-23 13:55:37.168988
S0333,Computer Vision,6,2025-11-12 13:55:37.168988
S0333,Optimization,3,2025-11-27 13:55:37.168988
S0334,Linear Algebra,5,2025-07-31 13:55:37.168988
S0334,Probability,2,2025-12-22 13:55:37.168988
S0334,Statistics,4,2025-08-06 13:55:37.168988
S0334,ML Basics,7,2025-12-08 13:55:37.168988
S0334,Deep Learning,3,2025-09-26 13:55:37.168988
S0334,NLP,4,2025-11-16 13:55:37.168988
S0334,Computer Vision,3,2025-08-26 13:55:37.168988
S0334,Optimization,5,2025-10-12 13:55:37.168988
S0335,Linear Algebra,5,2025-11-15 13:55:37.168988
S0335,Probability,7,2025-12-07 13:55:37.168988
S0335,Statistics,6,2025-12-12 13:55:37.168988
S0335,ML Basics,2,2025-09-29 13:55:37.168988
S0335,Deep Learning,1,2025-08-06 13:55:37.168988
S0335,NLP,7,2025-08-04 13:55:37.168988
S0335,Computer Vision,3,2025-08-12 13:55:37.168988
S0335,Optimization,5,2025-08-07 13:55:37.168988
S0336,Linear Algebra,7,2025-09-25 13:55:37.168988
S0336,Probability,7,2025-11-02 13:55:37.168988
S0336,Statistics,1,2025-11-12 13:55:37.168988
S0336,ML Basics,1,2025-12-11 13:55:37.168988
S0336,Deep Learning,2,2025-08-13 13:55:37.168988
S0336,NLP,5,2025-11-24 13:55:37.168988
S0336,Computer Vision,6,2025-10-06 13:55:37.168988
S0336,Optimization,6,2025-09-08 13:55:37.168988
S0337,Linear Algebra,3,2026-01-05 13:55:37.168988
S0337,Probability,6,2025-12-18 13:55:37.168988
S0337,Statistics,2,2025-10-01 13:55:37.168988
S0337,ML Basics,3,2025-08-07 13:55:37.168988
S0337,Deep Learning,0,2025-09-07 13:55:37.168988
S0337,NLP,4,2026-01-04 13:55:37.168988
S0337,Computer Vision,3,2025-09-06 13:55:37.168988
S0337,Optimization,6,2025-11-18 13:55:37.168988
S0338,Linear Algebra,4,2025-11-04 13:55:37.168988
S0338,Probability,4,2025-12-29 13:55:37.168988
S0338,Statistics,2,2025-10-24 13:55:37.168988
S0338,ML Basics,7,2025-11-28 13:55:37.168988
S0338,Deep Learning,6,2025-11-06 13:55:37.168988
S0338,NLP,3,2025-09-06 13:55:37.168988
S0338,Computer Vision,5,2025-09-04 13:55:37.168988
S0338,Optimization,3,2025-07-31 13:55:37.168988
S0339,Linear Algebra,3,2025-12-29 13:55:37.168988
S0339,Probability,5,2025-07-21 13:55:37.168988
S0339,Statistics,5,2025-10-18 13:55:37.168988
S0339,ML Basics,7,2025-11-18 13:55:37.168988
S0339,Deep Learning,2,2025-08-02 13:55:37.168988
S0339,NLP,7,2025-09-06 13:55:37.168988
S0339,Computer Vision,1,2025-11-14 13:55:37.168988
S0339,Optimization,4,2025-12-04 13:55:37.168988
S0340,Linear Algebra,5,2025-10-03 13:55:37.168988
S0340,Probability,3,2025-09-29 13:55:37.168988
S0340,Statistics,4,2025-07-22 13:55:37.168988
S0340,ML Basics,1,2025-09-08 13:55:37.168988
S0340,Deep Learning,5,2026-01-05 13:55:37.168988
S0340,NLP,3,2025-11-02 13:55:37.168988
S0340,Computer Vision,4,2025-12-20 13:55:37.168988
S0340,Optimization,8,2025-10-14 13:55:37.168988
S0341,Linear Algebra,6,2025-08-07 13:55:37.168988
S0341,Probability,5,2025-09-19 13:55:37.168988
S0341,Statistics,5,2025-12-12 13:55:37.168988
S0341,ML Basics,3,2025-09-26 13:55:37.168988
S0341,Deep Learning,1,2025-09-26 13:55:37.168988
S0341,NLP,7,2025-11-04 13:55:37.168988
S0341,Computer Vision,3,2025-12-08 13:55:37.168988
S0341,Optimization,4,2025-10-05 13:55:37.168988
S0342,Linear Algebra,6,2025-07-25 13:55:37.168988
S0342,Probability,4,2025-11-26 13:55:37.168988
S0342,Statistics,5,2025-08-31 13:55:37.168988
S0342,ML Basics,4,2025-09-25 13:55:37.168988
S0342,Deep Learning,6,2025-12-05 13:55:37.168988
S0342,NLP,3,2025-12-04 13:55:37.168988
S0342,Computer Vision,2,2025-07-24 13:55:37.168988
S0342,Optimization,5,2025-10-24 13:55:37.168988
S0343,Linear Algebra,7,2025-08-21 13:55:37.168988
S0343,Probability,4,2026-01-03 13:55:37.168988
S0343,Statistics,4,2025-10-09 13:55:37.168988
S0343,ML Basics,1,2025-07-25 13:55:37.168988
S0343,Deep Learning,2,2025-12-15 13:55:37.168988
S0343,NLP,4,2025-09-15 13:55:37.168988
S0343,Computer Vision,4,2025-11-30 13:55:37.168988
S0343,Optimization,4,2025-08-06 13:55:37.168988
S0344,Linear Algebra,3,2025-08-25 13:55:37.168988
S0344,Probability,5,2025-10-12 13:55:37.168988
S0344,Statistics,3,2025-09-20 13:55:37.168988
S0344,ML Basics,3,2026-01-15 13:55:37.168988
S0344,Deep Learning,2,2025-10-27 13:55:37.168988
S0344,NLP,5,2026-01-12 13:55:37.168988
S0344,Computer Vision,3,2025-12-15 13:55:37.168988
S0344,Optimization,3,2025-08-06 13:55:37.168988
S0345,Linear Algebra,4,2025-08-11 13:55:37.168988
S0345,Probability,1,2025-12-01 13:55:37.168988
S0345,Statistics,3,2025-09-14 13:55:37.168988
S0345,ML Basics,5,2025-11-07 13:55:37.168988
S0345,Deep Learning,5,2025-08-15 13:55:37.168988
S0345,NLP,3,2025-10-14 13:55:37.168988
S0345,Computer Vision,4,2025-10-28 13:55:37.168988
S0345,Optimization,5,2025-08-01 13:55:37.168988
S0346,Linear Algebra,4,2025-08-26 13:55:37.168988
S0346,Probability,4,2025-09-18 13:55:37.168988
S0346,Statistics,4,2025-08-21 13:55:37.168988
S0346,ML Basics,2,2025-08-30 13:55:37.168988
S0346,Deep Learning,6,2025-08-08 13:55:37.168988
S0346,NLP,4,2025-09-11 13:55:37.168988
S0346,Computer Vision,6,2025-12-30 13:55:37.168988
S0346,Optimization,2,2025-11-01 13:55:37.168988
S0347,Linear Algebra,3,2025-09-09 13:55:37.168988
S0347,Probability,4,2025-08-09 13:55:37.168988
S0347,Statistics,4,2025-10-24 13:55:37.168988
S0347,ML Basics,2,2025-10-19 13:55:37.168988
S0347,Deep Learning,7,2025-09-08 13:55:37.168988
S0347,NLP,2,2025-12-27 13:55:37.168988
S0347,Computer Vision,5,2025-11-19 13:55:37.168988
S0347,Optimization,5,2025-08-21 13:55:37.168988
S0348,Linear Algebra,4,2025-08-05 13:55:37.168988
S0348,Probability,2,2025-08-04 13:55:37.168988
S0348,Statistics,5,2025-11-26 13:55:37.168988
S0348,ML Basics,3,2025-10-15 13:55:37.168988
S0348,Deep Learning,6,2026-01-05 13:55:37.168988
S0348,NLP,5,2025-11-06 13:55:37.168988
S0348,Computer Vision,6,2025-11-18 13:55:37.168988
S0348,Optimization,4,2025-10-21 13:55:37.168988
S0349,Linear Algebra,5,2025-08-29 13:55:37.168988
S0349,Probability,3,2025-12-05 13:55:37.168988
S0349,Statistics,5,2025-12-09 13:55:37.168988
S0349,ML Basics,5,2026-01-03 13:55:37.168988
S0349,Deep Learning,7,2025-09-01 13:55:37.168988
S0349,NLP,1,2025-10-12 13:55:37.168988
S0349,Computer Vision,3,2026-01-02 13:55:37.168988
S0349,Optimization,3,2025-12-16 13:55:37.168988
S0350,Linear Algebra,5,2025-09-20 13:55:37.168988
S0350,Probability,5,2025-10-08 13:55:37.168988
S0350,Statistics,3,2025-10-29 13:55:37.168988
S0350,ML Basics,2,2025-11-21 13:55:37.168988
S0350,Deep Learning,8,2025-11-01 13:55:37.168988
S0350,NLP,4,2025-07-21 13:55:37.168988
S0350,Computer Vision,4,2025-11-15 13:55:37.168988
S0350,Optimization,3,2025-10-06 13:55:37.168988
S0351,Linear Algebra,5,2025-09-22 13:55:37.168988
S0351,Probability,2,2025-08-25 13:55:37.168988
S0351,Statistics,5,2025-09-29 13:55:37.168988
S0351,ML Basics,2,2025-09-30 13:55:37.168988
S0351,Deep Learning,10,2025-11-25 13:55:37.168988
S0351,NLP,4,2025-08-16 13:55:37.168988
S0351,Computer Vision,5,2025-10-23 13:55:37.168988
S0351,Optimization,5,2026-01-11 13:55:37.168988
S0352,Linear Algebra,2,2025-11-13 13:55:37.168988
S0352,Probability,2,2025-10-01 13:55:37.168988
S0352,Statistics,6,2025-12-18 13:55:37.168988
S0352,ML Basics,5,2025-10-10 13:55:37.168988
S0352,Deep Learning,3,2025-12-21 13:55:37.168988
S0352,NLP,2,2025-10-06 13:55:37.168988
S0352,Computer Vision,3,2025-11-26 13:55:37.168988
S0352,Optimization,4,2025-10-19 13:55:37.168988
S0353,Linear Algebra,4,2025-12-27 13:55:37.168988
S0353,Probability,5,2025-08-30 13:55:37.168988
S0353,Statistics,4,2025-12-18 13:55:37.168988
S0353,ML Basics,7,2025-08-22 13:55:37.168988
S0353,Deep Learning,4,2025-10-16 13:55:37.168988
S0353,NLP,2,2025-09-11 13:55:37.168988
S0353,Computer Vision,3,2025-12-06 13:55:37.168988
S0353,Optimization,4,2025-12-06 13:55:37.168988
S0354,Linear Algebra,9,2026-01-08 13:55:37.168988
S0354,Probability,3,2025-08-02 13:55:37.168988
S0354,Statistics,5,2025-08-25 13:55:37.168988
S0354,ML Basics,3,2026-01-10 13:55:37.168988
S0354,Deep Learning,9,2025-08-11 13:55:37.168988
S0354,NLP,4,2025-10-18 13:55:37.168988
S0354,Computer Vision,1,2025-09-10 13:55:37.168988
S0354,Optimization,6,2025-12-25 13:55:37.168988
S0355,Linear Algebra,4,2025-09-15 13:55:37.168988
S0355,Probability,4,2025-08-18 13:55:37.168988
S0355,Statistics,4,2025-07-23 13:55:37.168988
S0355,ML Basics,5,2025-10-07 13:55:37.168988
S0355,Deep Learning,6,2026-01-13 13:55:37.168988
S0355,NLP,4,2025-09-26 13:55:37.168988
S0355,Computer Vision,2,2025-10-24 13:55:37.168988
S0355,Optimization,3,2025-10-20 13:55:37.168988
S0356,Linear Algebra,3,2025-11-03 13:55:37.168988
S0356,Probability,1,2025-09-01 13:55:37.168988
S0356,Statistics,3,2025-11-04 13:55:37.168988
S0356,ML Basics,5,2025-12-04 13:55:37.168988
S0356,Deep Learning,6,2026-01-13 13:55:37.168988
S0356,NLP,6,2025-09-04 13:55:37.168988
S0356,Computer Vision,6,2025-11-18 13:55:37.168988
S0356,Optimization,5,2025-09-11 13:55:37.168988
S0357,Linear Algebra,4,2025-11-26 13:55:37.168988
S0357,Probability,2,2025-11-11 13:55:37.168988
S0357,Statistics,2,2025-07-21 13:55:37.168988
S0357,ML Basics,3,2025-07-31 13:55:37.168988
S0357,Deep Learning,2,2025-12-17 13:55:37.168988
S0357,NLP,3,2025-11-27 13:55:37.168988
S0357,Computer Vision,5,2026-01-10 13:55:37.168988
S0357,Optimization,7,2026-01-06 13:55:37.168988
S0358,Linear Algebra,2,2025-10-31 13:55:37.168988
S0358,Probability,7,2026-01-01 13:55:37.168988
S0358,Statistics,3,2025-09-07 13:55:37.168988
S0358,ML Basics,3,2025-08-06 13:55:37.168988
S0358,Deep Learning,5,2025-12-30 13:55:37.168988
S0358,NLP,5,2025-12-21 13:55:37.168988
S0358,Computer Vision,6,2025-08-16 13:55:37.168988
S0358,Optimization,2,2025-10-30 13:55:37.168988
S0359,Linear Algebra,4,2025-11-29 13:55:37.168988
S0359,Probability,3,2025-11-19 13:55:37.168988
S0359,Statistics,3,2025-10-19 13:55:37.168988
S0359,ML Basics,7,2025-12-21 13:55:37.168988
S0359,Deep Learning,4,2025-08-27 13:55:37.168988
S0359,NLP,4,2025-09-06 13:55:37.168988
S0359,Computer Vision,3,2025-11-21 13:55:37.168988
S0359,Optimization,2,2025-12-07 13:55:37.168988
S0360,Linear Algebra,2,2025-09-11 13:55:37.168988
S0360,Probability,3,2025-11-11 13:55:37.168988
S0360,Statistics,4,2025-10-28 13:55:37.168988
S0360,ML Basics,5,2025-08-08 13:55:37.168988
S0360,Deep Learning,5,2025-10-21 13:55:37.168988
S0360,NLP,8,2025-10-13 13:55:37.168988
S0360,Computer Vision,2,2025-09-19 13:55:37.168988
S0360,Optimization,4,2025-10-25 13:55:37.168988
S0361,Linear Algebra,1,2025-09-02 13:55:37.168988
S0361,Probability,2,2025-08-28 13:55:37.168988
S0361,Statistics,2,2025-10-08 13:55:37.168988
S0361,ML Basics,7,2025-12-19 13:55:37.168988
S0361,Deep Learning,3,2025-09-23 13:55:37.168988
S0361,NLP,5,2025-10-24 13:55:37.168988
S0361,Computer Vision,6,2025-12-20 13:55:37.168988
S0361,Optimization,3,2026-01-10 13:55:37.168988
S0362,Linear Algebra,3,2025-10-07 13:55:37.168988
S0362,Probability,5,2025-08-19 13:55:37.168988
S0362,Statistics,1,2025-08-10 13:55:37.168988
S0362,ML Basics,1,2026-01-11 13:55:37.168988
S0362,Deep Learning,5,2025-11-28 13:55:37.168988
S0362,NLP,5,2025-08-04 13:55:37.168988
S0362,Computer Vision,2,2025-09-09 13:55:37.168988
S0362,Optimization,2,2025-08-03 13:55:37.168988
S0363,Linear Algebra,4,2025-08-24 13:55:37.168988
S0363,Probability,1,2025-09-06 13:55:37.168988
S0363,Statistics,4,2025-12-18 13:55:37.168988
S0363,ML Basics,7,2025-10-05 13:55:37.168988
S0363,Deep Learning,3,2025-12-29 13:55:37.168988
S0363,NLP,3,2025-11-04 13:55:37.168988
S0363,Computer Vision,2,2025-08-18 13:55:37.168988
S0363,Optimization,3,2025-08-28 13:55:37.168988
S0364,Linear Algebra,3,2025-07-30 13:55:37.168988
S0364,Probability,5,2025-09-24 13:55:37.168988
S0364,Statistics,3,2025-10-26 13:55:37.168988
S0364,ML Basics,4,2025-09-11 13:55:37.168988
S0364,Deep Learning,6,2025-09-24 13:55:37.168988
S0364,NLP,5,2025-08-01 13:55:37.168988
S0364,Computer Vision,4,2025-11-14 13:55:37.168988
S0364,Optimization,3,2025-10-21 13:55:37.168988
S0365,Linear Algebra,5,2025-08-28 13:55:37.168988
S0365,Probability,7,2025-12-18 13:55:37.168988
S0365,Statistics,8,2026-01-09 13:55:37.168988
S0365,ML Basics,1,2025-08-24 13:55:37.168988
S0365,Deep Learning,4,2026-01-14 13:55:37.168988
S0365,NLP,3,2025-08-09 13:55:37.168988
S0365,Computer Vision,5,2025-12-19 13:55:37.168988
S0365,Optimization,7,2025-10-11 13:55:37.168988
S0366,Linear Algebra,3,2025-09-19 13:55:37.168988
S0366,Probability,4,2025-12-29 13:55:37.168988
S0366,Statistics,5,2025-10-09 13:55:37.168988
S0366,ML Basics,6,2025-12-08 13:55:37.168988
S0366,Deep Learning,6,2025-12-15 13:55:37.168988
S0366,NLP,6,2026-01-09 13:55:37.168988
S0366,Computer Vision,5,2025-11-05 13:55:37.168988
S0366,Optimization,4,2025-08-23 13:55:37.168988
S0367,Linear Algebra,3,2025-08-12 13:55:37.168988
S0367,Probability,2,2025-10-24 13:55:37.168988
S0367,Statistics,4,2025-12-05 13:55:37.168988
S0367,ML Basics,6,2025-12-29 13:55:37.168988
S0367,Deep Learning,5,2025-11-30 13:55:37.168988
S0367,NLP,4,2025-12-26 13:55:37.168988
S0367,Computer Vision,4,2025-11-08 13:55:37.168988
S0367,Optimization,5,2025-10-28 13:55:37.168988
S0368,Linear Algebra,5,2025-10-09 13:55:37.168988
S0368,Probability,2,2026-01-07 13:55:37.168988
S0368,Statistics,1,2026-01-16 13:55:37.168988
S0368,ML Basics,2,2025-11-03 13:55:37.168988
S0368,Deep Learning,4,2025-08-20 13:55:37.168988
S0368,NLP,5,2025-08-01 13:55:37.168988
S0368,Computer Vision,3,2025-07-27 13:55:37.168988
S0368,Optimization,3,2025-10-06 13:55:37.168988
S0369,Linear Algebra,2,2025-11-22 13:55:37.168988
S0369,Probability,2,2025-10-22 13:55:37.168988
S0369,Statistics,2,2025-10-13 13:55:37.168988
S0369,ML Basics,1,2025-11-04 13:55:37.168988
S0369,Deep Learning,6,2025-12-09 13:55:37.168988
S0369,NLP,4,2025-08-25 13:55:37.168988
S0369,Computer Vision,3,2025-12-16 13:55:37.168988
S0369,Optimization,4,2026-01-04 13:55:37.168988
S0370,Linear Algebra,8,2025-08-17 13:55:37.168988
S0370,Probability,3,2026-01-01 13:55:37.168988
S0370,Statistics,5,2025-11-17 13:55:37.168988
S0370,ML Basics,2,2025-12-18 13:55:37.168988
S0370,Deep Learning,1,2025-12-08 13:55:37.168988
S0370,NLP,3,2025-09-25 13:55:37.168988
S0370,Computer Vision,5,2025-12-26 13:55:37.168988
S0370,Optimization,4,2025-08-03 13:55:37.168988
S0371,Linear Algebra,3,2025-08-30 13:55:37.168988
S0371,Probability,2,2025-11-15 13:55:37.168988
S0371,Statistics,3,2025-10-06 13:55:37.168988
S0371,ML Basics,5,2026-01-13 13:55:37.168988
S0371,Deep Learning,4,2025-09-26 13:55:37.168988
S0371,NLP,3,2025-08-07 13:55:37.168988
S0371,Computer Vision,6,2025-08-25 13:55:37.168988
S0371,Optimization,2,2025-07-23 13:55:37.168988
S0372,Linear Algebra,3,2025-08-04 13:55:37.168988
S0372,Probability,3,2025-09-10 13:55:37.168988
S0372,Statistics,6,2025-12-31 13:55:37.168988
S0372,ML Basics,3,2025-10-16 13:55:37.168988
S0372,Deep Learning,4,2026-01-13 13:55:37.168988
S0372,NLP,4,2025-07-31 13:55:37.168988
S0372,Computer Vision,4,2025-08-03 13:55:37.168988
S0372,Optimization,6,2025-10-19 13:55:37.168988
S0373,Linear Algebra,4,2026-01-05 13:55:37.168988
S0373,Probability,5,2026-01-11 13:55:37.168988
S0373,Statistics,6,2025-07-21 13:55:37.168988
S0373,ML Basics,5,2025-09-04 13:55:37.168988
S0373,Deep Learning,8,2025-10-05 13:55:37.168988
S0373,NLP,5,2026-01-04 13:55:37.168988
S0373,Computer Vision,6,2025-09-02 13:55:37.168988
S0373,Optimization,6,2025-10-29 13:55:37.168988
S0374,Linear Algebra,4,2025-12-05 13:55:37.168988
S0374,Probability,1,2025-10-17 13:55:37.168988
S0374,Statistics,6,2025-09-23 13:55:37.168988
S0374,ML Basics,5,2025-11-07 13:55:37.168988
S0374,Deep Learning,7,2025-12-12 13:55:37.168988
S0374,NLP,7,2026-01-03 13:55:37.168988
S0374,Computer Vision,3,2025-10-25 13:55:37.168988
S0374,Optimization,3,2025-11-21 13:55:37.168988
S0375,Linear Algebra,6,2025-08-28 13:55:37.168988
S0375,Probability,0,2025-09-18 13:55:37.168988
S0375,Statistics,5,2025-08-21 13:55:37.168988
S0375,ML Basics,6,2026-01-08 13:55:37.168988
S0375,Deep Learning,2,2026-01-01 13:55:37.168988
S0375,NLP,2,2025-09-26 13:55:37.168988
S0375,Computer Vision,1,2025-08-11 13:55:37.168988
S0375,Optimization,2,2025-12-26 13:55:37.168988
S0376,Linear Algebra,8,2025-09-18 13:55:37.168988
S0376,Probability,3,2025-09-03 13:55:37.168988
S0376,Statistics,6,2025-11-27 13:55:37.168988
S0376,ML Basics,3,2025-11-08 13:55:37.168988
S0376,Deep Learning,4,2025-11-20 13:55:37.168988
S0376,NLP,9,2025-10-24 13:55:37.168988
S0376,Computer Vision,3,2025-11-07 13:55:37.168988
S0376,Optimization,8,2026-01-11 13:55:37.168988
S0377,Linear Algebra,4,2025-10-08 13:55:37.168988
S0377,Probability,5,2025-10-04 13:55:37.168988
S0377,Statistics,3,2025-09-21 13:55:37.168988
S0377,ML Basics,6,2026-01-03 13:55:37.168988
S0377,Deep Learning,3,2025-08-11 13:55:37.168988
S0377,NLP,2,2025-12-13 13:55:37.168988
S0377,Computer Vision,3,2025-09-17 13:55:37.168988
S0377,Optimization,5,2025-07-31 13:55:37.168988
S0378,Linear Algebra,3,2025-09-10 13:55:37.168988
S0378,Probability,4,2025-12-15 13:55:37.168988
S0378,Statistics,4,2025-07-31 13:55:37.168988
S0378,ML Basics,5,2025-09-17 13:55:37.168988
S0378,Deep Learning,2,2025-09-19 13:55:37.168988
S0378,NLP,3,2025-09-18 13:55:37.168988
S0378,Computer Vision,4,2025-10-03 13:55:37.168988
S0378,Optimization,4,2025-10-25 13:55:37.168988
S0379,Linear Algebra,5,2025-08-03 13:55:37.168988
S0379,Probability,5,2025-12-28 13:55:37.168988
S0379,Statistics,6,2025-12-03 13:55:37.168988
S0379,ML Basics,6,2025-09-16 13:55:37.168988
S0379,Deep Learning,2,2025-11-07 13:55:37.168988
S0379,NLP,4,2026-01-04 13:55:37.168988
S0379,Computer Vision,0,2025-12-05 13:55:37.168988
S0379,Optimization,2,2025-12-29 13:55:37.168988
S0380,Linear Algebra,7,2025-12-26 13:55:37.168988
S0380,Probability,2,2025-09-28 13:55:37.168988
S0380,Statistics,5,2025-07-31 13:55:37.168988
S0380,ML Basics,3,2025-07-22 13:55:37.168988
S0380,Deep Learning,2,2026-01-04 13:55:37.168988
S0380,NLP,5,2025-11-17 13:55:37.168988
S0380,Computer Vision,5,2025-08-19 13:55:37.168988
S0380,Optimization,2,2025-09-14 13:55:37.168988
S0381,Linear Algebra,5,2025-11-12 13:55:37.168988
S0381,Probability,5,2025-09-17 13:55:37.168988
S0381,Statistics,2,2025-10-12 13:55:37.168988
S0381,ML Basics,3,2025-08-27 13:55:37.168988
S0381,Deep Learning,7,2025-09-12 13:55:37.168988
S0381,NLP,5,2025-10-10 13:55:37.168988
S0381,Computer Vision,2,2026-01-02 13:55:37.168988
S0381,Optimization,7,2025-12-25 13:55:37.168988
S0382,Linear Algebra,1,2025-07-29 13:55:37.168988
S0382,Probability,2,2025-08-15 13:55:37.168988
S0382,Statistics,3,2025-12-22 13:55:37.168988
S0382,ML Basics,5,2025-08-06 13:55:37.168988
S0382,Deep Learning,8,2025-08-12 13:55:37.168988
S0382,NLP,3,2025-12-25 13:55:37.168988
S0382,Computer Vision,3,2025-10-03 13:55:37.168988
S0382,Optimization,3,2025-09-20 13:55:37.168988
S0383,Linear Algebra,7,2025-09-11 13:55:37.168988
S0383,Probability,3,2026-01-09 13:55:37.168988
S0383,Statistics,3,2025-12-19 13:55:37.168988
S0383,ML Basics,2,2025-12-31 13:55:37.168988
S0383,Deep Learning,3,2025-12-13 13:55:37.168988
S0383,NLP,3,2025-12-11 13:55:37.168988
S0383,Computer Vision,5,2025-12-02 13:55:37.168988
S0383,Optimization,6,2025-10-30 13:55:37.168988
S0384,Linear Algebra,3,2025-12-19 13:55:37.168988
S0384,Probability,5,2025-08-27 13:55:37.168988
S0384,Statistics,4,2025-10-24 13:55:37.168988
S0384,ML Basics,5,2025-07-27 13:55:37.168988
S0384,Deep Learning,6,2025-09-02 13:55:37.168988
S0384,NLP,4,2025-08-15 13:55:37.168988
S0384,Computer Vision,8,2025-12-28 13:55:37.168988
S0384,Optimization,8,2026-01-15 13:55:37.168988
S0385,Linear Algebra,4,2025-10-29 13:55:37.168988
S0385,Probability,5,2025-09-18 13:55:37.168988
S0385,Statistics,4,2025-08-11 13:55:37.168988
S0385,ML Basics,4,2025-10-02 13:55:37.168988
S0385,Deep Learning,5,2025-09-27 13:55:37.168988
S0385,NLP,9,2025-12-08 13:55:37.168988
S0385,Computer Vision,7,2025-12-19 13:55:37.168988
S0385,Optimization,5,2025-10-15 13:55:37.168988
S0386,Linear Algebra,3,2025-08-27 13:55:37.168988
S0386,Probability,10,2025-09-11 13:55:37.168988
S0386,Statistics,4,2025-08-20 13:55:37.168988
S0386,ML Basics,10,2025-10-28 13:55:37.168988
S0386,Deep Learning,4,2025-09-11 13:55:37.168988
S0386,NLP,4,2025-07-31 13:55:37.168988
S0386,Computer Vision,3,2025-08-17 13:55:37.168988
S0386,Optimization,5,2026-01-01 13:55:37.168988
S0387,Linear Algebra,5,2025-08-16 13:55:37.168988
S0387,Probability,2,2025-12-02 13:55:37.168988
S0387,Statistics,2,2025-11-22 13:55:37.168988
S0387,ML Basics,2,2025-09-04 13:55:37.168988
S0387,Deep Learning,5,2026-01-01 13:55:37.168988
S0387,NLP,4,2025-11-09 13:55:37.168988
S0387,Computer Vision,1,2025-10-26 13:55:37.168988
S0387,Optimization,6,2025-12-30 13:55:37.168988
S0388,Linear Algebra,9,2025-12-21 13:55:37.168988
S0388,Probability,8,2025-12-04 13:55:37.168988
S0388,Statistics,1,2025-07-21 13:55:37.168988
S0388,ML Basics,4,2026-01-07 13:55:37.168988
S0388,Deep Learning,3,2026-01-15 13:55:37.168988
S0388,NLP,4,2025-08-03 13:55:37.168988
S0388,Computer Vision,4,2025-12-30 13:55:37.168988
S0388,Optimization,4,2025-09-19 13:55:37.168988
S0389,Linear Algebra,4,2025-08-25 13:55:37.168988
S0389,Probability,4,2025-12-27 13:55:37.168988
S0389,Statistics,3,2025-11-16 13:55:37.168988
S0389,ML Basics,4,2025-10-03 13:55:37.168988
S0389,Deep Learning,5,2025-08-20 13:55:37.168988
S0389,NLP,5,2025-08-25 13:55:37.168988
S0389,Computer Vision,3,2025-11-10 13:55:37.168988
S0389,Optimization,3,2025-07-26 13:55:37.168988
S0390,Linear Algebra,2,2025-08-12 13:55:37.168988
S0390,Probability,2,2025-10-30 13:55:37.168988
S0390,Statistics,2,2025-11-03 13:55:37.168988
S0390,ML Basics,9,2025-12-08 13:55:37.168988
S0390,Deep Learning,3,2025-08-25 13:55:37.168988
S0390,NLP,4,2025-08-28 13:55:37.168988
S0390,Computer Vision,9,2025-12-19 13:55:37.168988
S0390,Optimization,1,2026-01-12 13:55:37.168988
S0391,Linear Algebra,0,2025-09-16 13:55:37.168988
S0391,Probability,4,2025-11-04 13:55:37.168988
S0391,Statistics,1,2025-12-09 13:55:37.168988
S0391,ML Basics,2,2026-01-03 13:55:37.168988
S0391,Deep Learning,5,2025-08-26 13:55:37.168988
S0391,NLP,7,2025-11-23 13:55:37.168988
S0391,Computer Vision,5,2025-10-25 13:55:37.168988
S0391,Optimization,5,2025-09-26 13:55:37.168988
S0392,Linear Algebra,2,2025-11-05 13:55:37.168988
S0392,Probability,4,2025-07-23 13:55:37.168988
S0392,Statistics,5,2025-09-04 13:55:37.168988
S0392,ML Basics,3,2025-09-21 13:55:37.168988
S0392,Deep Learning,6,2025-10-30 13:55:37.168988
S0392,NLP,2,2025-12-07 13:55:37.168988
S0392,Computer Vision,7,2025-10-27 13:55:37.168988
S0392,Optimization,0,2025-09-19 13:55:37.168988
S0393,Linear Algebra,4,2025-11-12 13:55:37.168988
S0393,Probability,5,2025-11-12 13:55:37.168988
S0393,Statistics,4,2025-11-26 13:55:37.168988
S0393,ML Basics,3,2026-01-06 13:55:37.168988
S0393,Deep Learning,5,2025-12-04 13:55:37.168988
S0393,NLP,4,2025-10-17 13:55:37.168988
S0393,Computer Vision,3,2025-08-27 13:55:37.168988
S0393,Optimization,4,2025-09-20 13:55:37.168988
S0394,Linear Algebra,5,2025-07-23 13:55:37.168988
S0394,Probability,2,2025-09-06 13:55:37.168988
S0394,Statistics,5,2026-01-10 13:55:37.168988
S0394,ML Basics,5,2025-08-12 13:55:37.168988
S0394,Deep Learning,4,2025-08-07 13:55:37.168988
S0394,NLP,5,2025-11-09 13:55:37.168988
S0394,Computer Vision,4,2025-09-20 13:55:37.168988
S0394,Optimization,4,2026-01-16 13:55:37.168988
S0395,Linear Algebra,2,2025-09-06 13:55:37.168988
S0395,Probability,8,2025-11-28 13:55:37.168988
S0395,Statistics,6,2025-11-09 13:55:37.168988
S0395,ML Basics,3,2025-07-25 13:55:37.168988
S0395,Deep Learning,5,2026-01-15 13:55:37.168988
S0395,NLP,2,2025-12-04 13:55:37.168988
S0395,Computer Vision,3,2025-10-01 13:55:37.168988
S0395,Optimization,4,2025-09-19 13:55:37.168988
S0396,Linear Algebra,7,2025-11-13 13:55:37.168988
S0396,Probability,3,2025-12-18 13:55:37.168988
S0396,Statistics,8,2025-09-23 13:55:37.168988
S0396,ML Basics,7,2026-01-04 13:55:37.168988
S0396,Deep Learning,8,2025-08-08 13:55:37.168988
S0396,NLP,8,2025-08-30 13:55:37.168988
S0396,Computer Vision,5,2025-10-09 13:55:37.168988
S0396,Optimization,5,2025-10-10 13:55:37.168988
S0397,Linear Algebra,3,2025-07-29 13:55:37.168988
S0397,Probability,2,2025-10-25 13:55:37.168988
S0397,Statistics,4,2025-08-28 13:55:37.168988
S0397,ML Basics,2,2025-10-27 13:55:37.168988
S0397,Deep Learning,4,2025-10-12 13:55:37.168988
S0397,NLP,1,2025-12-20 13:55:37.168988
S0397,Computer Vision,1,2025-09-17 13:55:37.168988
S0397,Optimization,2,2025-11-04 13:55:37.168988
S0398,Linear Algebra,1,2025-09-09 13:55:37.168988
S0398,Probability,3,2025-09-23 13:55:37.168988
S0398,Statistics,6,2025-11-19 13:55:37.168988
S0398,ML Basics,2,2025-12-02 13:55:37.168988
S0398,Deep Learning,2,2025-12-18 13:55:37.168988
S0398,NLP,3,2026-01-01 13:55:37.168988
S0398,Computer Vision,4,2025-09-07 13:55:37.168988
S0398,Optimization,0,2025-11-21 13:55:37.168988
S0399,Linear Algebra,2,2025-08-30 13:55:37.168988
S0399,Probability,6,2025-08-09 13:55:37.168988
S0399,Statistics,4,2025-12-16 13:55:37.168988
S0399,ML Basics,4,2025-08-03 13:55:37.168988
S0399,Deep Learning,5,2025-08-14 13:55:37.168988
S0399,NLP,3,2025-12-08 13:55:37.168988
S0399,Computer Vision,3,2025-07-29 13:55:37.168988
S0399,Optimization,4,2025-09-26 13:55:37.168988
S0400,Linear Algebra,3,2025-09-20 13:55:37.168988
S0400,Probability,5,2025-10-07 13:55:37.168988
S0400,Statistics,6,2025-08-20 13:55:37.168988
S0400,ML Basics,7,2025-09-18 13:55:37.168988
S0400,Deep Learning,3,2025-11-09 13:55:37.168988
S0400,NLP,3,2025-08-04 13:55:37.168988
S0400,Computer Vision,2,2025-09-19 13:55:37.168988
S0400,Optimization,4,2025-12-20 13:55:37.168988
S0401,Linear Algebra,3,2025-08-05 13:55:37.168988
S0401,Probability,3,2025-12-17 13:55:37.168988
S0401,Statistics,6,2025-12-16 13:55:37.168988
S0401,ML Basics,5,2025-09-24 13:55:37.168988
S0401,Deep Learning,3,2025-09-30 13:55:37.168988
S0401,NLP,2,2025-09-18 13:55:37.168988
S0401,Computer Vision,3,2025-12-16 13:55:37.168988
S0401,Optimization,5,2025-08-18 13:55:37.168988
S0402,Linear Algebra,8,2025-09-26 13:55:37.168988
S0402,Probability,6,2025-12-01 13:55:37.168988
S0402,Statistics,3,2025-11-15 13:55:37.168988
S0402,ML Basics,4,2026-01-08 13:55:37.168988
S0402,Deep Learning,3,2025-10-24 13:55:37.168988
S0402,NLP,2,2025-12-03 13:55:37.168988
S0402,Computer Vision,5,2025-08-30 13:55:37.168988
S0402,Optimization,0,2025-12-27 13:55:37.168988
S0403,Linear Algebra,5,2025-08-17 13:55:37.168988
S0403,Probability,3,2025-09-30 13:55:37.168988
S0403,Statistics,2,2025-10-18 13:55:37.168988
S0403,ML Basics,2,2025-12-15 13:55:37.168988
S0403,Deep Learning,4,2025-11-19 13:55:37.168988
S0403,NLP,5,2025-11-12 13:55:37.168988
S0403,Computer Vision,3,2025-11-12 13:55:37.168988
S0403,Optimization,2,2025-10-20 13:55:37.168988
S0404,Linear Algebra,1,2025-08-29 13:55:37.168988
S0404,Probability,6,2025-11-21 13:55:37.168988
S0404,Statistics,2,2025-10-01 13:55:37.168988
S0404,ML Basics,4,2025-10-14 13:55:37.168988
S0404,Deep Learning,6,2025-12-19 13:55:37.168988
S0404,NLP,1,2025-11-03 13:55:37.168988
S0404,Computer Vision,7,2025-08-28 13:55:37.168988
S0404,Optimization,2,2025-08-26 13:55:37.168988
S0405,Linear Algebra,4,2025-09-10 13:55:37.168988
S0405,Probability,5,2025-10-08 13:55:37.168988
S0405,Statistics,5,2025-09-29 13:55:37.168988
S0405,ML Basics,1,2025-11-06 13:55:37.168988
S0405,Deep Learning,6,2025-12-30 13:55:37.168988
S0405,NLP,5,2025-09-12 13:55:37.168988
S0405,Computer Vision,4,2025-07-25 13:55:37.168988
S0405,Optimization,1,2025-07-28 13:55:37.168988
S0406,Linear Algebra,5,2025-10-12 13:55:37.168988
S0406,Probability,4,2025-08-12 13:55:37.168988
S0406,Statistics,3,2025-11-09 13:55:37.168988
S0406,ML Basics,4,2025-09-11 13:55:37.168988
S0406,Deep Learning,2,2025-10-06 13:55:37.168988
S0406,NLP,2,2025-08-05 13:55:37.168988
S0406,Computer Vision,7,2025-12-28 13:55:37.168988
S0406,Optimization,9,2025-09-10 13:55:37.168988
S0407,Linear Algebra,2,2025-10-10 13:55:37.168988
S0407,Probability,6,2025-11-09 13:55:37.168988
S0407,Statistics,6,2025-10-15 13:55:37.168988
S0407,ML Basics,4,2025-08-11 13:55:37.168988
S0407,Deep Learning,3,2025-12-04 13:55:37.168988
S0407,NLP,5,2025-10-08 13:55:37.168988
S0407,Computer Vision,2,2025-08-25 13:55:37.168988
S0407,Optimization,2,2025-09-04 13:55:37.168988
S0408,Linear Algebra,5,2025-11-05 13:55:37.168988
S0408,Probability,3,2025-08-12 13:55:37.168988
S0408,Statistics,6,2025-12-19 13:55:37.168988
S0408,ML Basics,5,2025-07-27 13:55:37.168988
S0408,Deep Learning,3,2025-08-14 13:55:37.168988
S0408,NLP,0,2025-09-08 13:55:37.168988
S0408,Computer Vision,3,2025-10-23 13:55:37.168988
S0408,Optimization,3,2025-10-17 13:55:37.168988
S0409,Linear Algebra,4,2026-01-12 13:55:37.168988
S0409,Probability,6,2025-12-31 13:55:37.168988
S0409,Statistics,1,2025-07-24 13:55:37.168988
S0409,ML Basics,4,2025-11-17 13:55:37.168988
S0409,Deep Learning,2,2025-12-27 13:55:37.168988
S0409,NLP,4,2025-11-09 13:55:37.168988
S0409,Computer Vision,4,2026-01-15 13:55:37.168988
S0409,Optimization,2,2025-09-07 13:55:37.168988
S0410,Linear Algebra,7,2025-09-27 13:55:37.168988
S0410,Probability,3,2025-11-03 13:55:37.168988
S0410,Statistics,2,2025-08-04 13:55:37.168988
S0410,ML Basics,6,2025-11-04 13:55:37.168988
S0410,Deep Learning,2,2025-08-30 13:55:37.168988
S0410,NLP,2,2025-07-22 13:55:37.168988
S0410,Computer Vision,2,2025-11-15 13:55:37.168988
S0410,Optimization,4,2025-09-10 13:55:37.168988
S0411,Linear Algebra,2,2025-09-16 13:55:37.168988
S0411,Probability,5,2026-01-06 13:55:37.168988
S0411,Statistics,6,2025-07-26 13:55:37.168988
S0411,ML Basics,2,2025-09-18 13:55:37.168988
S0411,Deep Learning,2,2025-12-15 13:55:37.168988
S0411,NLP,2,2025-10-29 13:55:37.168988
S0411,Computer Vision,3,2026-01-09 13:55:37.168988
S0411,Optimization,5,2025-10-04 13:55:37.168988
S0412,Linear Algebra,1,2025-09-30 13:55:37.168988
S0412,Probability,1,2025-09-13 13:55:37.168988
S0412,Statistics,3,2025-11-23 13:55:37.168988
S0412,ML Basics,5,2025-10-15 13:55:37.168988
S0412,Deep Learning,4,2026-01-02 13:55:37.168988
S0412,NLP,4,2025-08-28 13:55:37.168988
S0412,Computer Vision,3,2025-12-27 13:55:37.168988
S0412,Optimization,5,2025-10-18 13:55:37.168988
S0413,Linear Algebra,5,2025-09-10 13:55:37.168988
S0413,Probability,4,2025-12-12 13:55:37.168988
S0413,Statistics,4,2025-11-01 13:55:37.168988
S0413,ML Basics,1,2025-12-31 13:55:37.168988
S0413,Deep Learning,3,2025-09-09 13:55:37.168988
S0413,NLP,4,2025-09-08 13:55:37.168988
S0413,Computer Vision,2,2025-08-09 13:55:37.168988
S0413,Optimization,2,2025-10-26 13:55:37.168988
S0414,Linear Algebra,2,2025-11-19 13:55:37.168988
S0414,Probability,4,2026-01-15 13:55:37.168988
S0414,Statistics,4,2025-12-11 13:55:37.168988
S0414,ML Basics,4,2026-01-06 13:55:37.168988
S0414,Deep Learning,8,2025-08-07 13:55:37.168988
S0414,NLP,6,2025-07-22 13:55:37.168988
S0414,Computer Vision,4,2025-10-31 13:55:37.168988
S0414,Optimization,0,2026-01-09 13:55:37.168988
S0415,Linear Algebra,2,2025-07-27 13:55:37.168988
S0415,Probability,3,2025-09-30 13:55:37.168988
S0415,Statistics,1,2025-08-14 13:55:37.168988
S0415,ML Basics,4,2025-10-29 13:55:37.168988
S0415,Deep Learning,0,2025-08-13 13:55:37.168988
S0415,NLP,2,2025-08-16 13:55:37.168988
S0415,Computer Vision,2,2025-08-09 13:55:37.168988
S0415,Optimization,6,2025-07-24 13:55:37.168988
S0416,Linear Algebra,2,2025-12-24 13:55:37.168988
S0416,Probability,7,2025-12-12 13:55:37.168988
S0416,Statistics,2,2025-10-07 13:55:37.168988
S0416,ML Basics,6,2025-08-28 13:55:37.168988
S0416,Deep Learning,5,2025-10-05 13:55:37.168988
S0416,NLP,6,2025-10-25 13:55:37.168988
S0416,Computer Vision,3,2025-11-05 13:55:37.168988
S0416,Optimization,3,2025-11-28 13:55:37.168988
S0417,Linear Algebra,5,2025-12-10 13:55:37.168988
S0417,Probability,2,2025-08-23 13:55:37.168988
S0417,Statistics,4,2025-09-03 13:55:37.168988
S0417,ML Basics,3,2025-11-05 13:55:37.168988
S0417,Deep Learning,6,2025-11-17 13:55:37.168988
S0417,NLP,7,2025-10-24 13:55:37.168988
S0417,Computer Vision,2,2025-12-23 13:55:37.168988
S0417,Optimization,4,2025-12-23 13:55:37.168988
S0418,Linear Algebra,4,2025-12-03 13:55:37.168988
S0418,Probability,9,2025-09-20 13:55:37.168988
S0418,Statistics,8,2025-09-03 13:55:37.168988
S0418,ML Basics,5,2025-12-11 13:55:37.168988
S0418,Deep Learning,8,2025-09-24 13:55:37.168988
S0418,NLP,6,2025-09-26 13:55:37.168988
S0418,Computer Vision,6,2025-11-14 13:55:37.168988
S0418,Optimization,4,2025-08-27 13:55:37.168988
S0419,Linear Algebra,6,2025-09-04 13:55:37.168988
S0419,Probability,2,2025-07-28 13:55:37.168988
S0419,Statistics,3,2025-09-12 13:55:37.168988
S0419,ML Basics,5,2025-08-07 13:55:37.168988
S0419,Deep Learning,3,2025-09-29 13:55:37.168988
S0419,NLP,5,2025-08-26 13:55:37.168988
S0419,Computer Vision,5,2025-09-07 13:55:37.168988
S0419,Optimization,2,2025-08-16 13:55:37.168988
S0420,Linear Algebra,4,2025-12-18 13:55:37.168988
S0420,Probability,4,2025-09-09 13:55:37.168988
S0420,Statistics,1,2025-11-23 13:55:37.168988
S0420,ML Basics,7,2025-11-26 13:55:37.168988
S0420,Deep Learning,4,2025-11-16 13:55:37.168988
S0420,NLP,5,2025-12-04 13:55:37.168988
S0420,Computer Vision,6,2025-11-16 13:55:37.168988
S0420,Optimization,5,2025-08-25 13:55:37.168988
S0421,Linear Algebra,1,2025-08-22 13:55:37.168988
S0421,Probability,3,2025-11-17 13:55:37.168988
S0421,Statistics,2,2025-09-01 13:55:37.168988
S0421,ML Basics,3,2025-08-20 13:55:37.168988
S0421,Deep Learning,6,2025-11-07 13:55:37.168988
S0421,NLP,4,2025-11-10 13:55:37.168988
S0421,Computer Vision,5,2025-10-03 13:55:37.168988
S0421,Optimization,8,2025-08-09 13:55:37.168988
S0422,Linear Algebra,1,2025-12-01 13:55:37.168988
S0422,Probability,4,2025-08-22 13:55:37.168988
S0422,Statistics,4,2025-08-07 13:55:37.168988
S0422,ML Basics,2,2025-11-22 13:55:37.168988
S0422,Deep Learning,3,2025-12-24 13:55:37.168988
S0422,NLP,6,2025-08-29 13:55:37.168988
S0422,Computer Vision,3,2025-08-05 13:55:37.168988
S0422,Optimization,4,2025-10-14 13:55:37.168988
S0423,Linear Algebra,2,2025-12-10 13:55:37.168988
S0423,Probability,4,2025-09-08 13:55:37.168988
S0423,Statistics,2,2025-08-21 13:55:37.168988
S0423,ML Basics,6,2025-09-10 13:55:37.168988
S0423,Deep Learning,3,2025-12-12 13:55:37.168988
S0423,NLP,6,2025-11-24 13:55:37.168988
S0423,Computer Vision,6,2025-12-16 13:55:37.168988
S0423,Optimization,1,2025-09-20 13:55:37.168988
S0424,Linear Algebra,2,2025-12-12 13:55:37.168988
S0424,Probability,5,2025-10-15 13:55:37.168988
S0424,Statistics,2,2025-12-24 13:55:37.168988
S0424,ML Basics,7,2025-09-17 13:55:37.168988
S0424,Deep Learning,0,2025-12-18 13:55:37.168988
S0424,NLP,3,2025-11-11 13:55:37.168988
S0424,Computer Vision,2,2025-08-16 13:55:37.168988
S0424,Optimization,4,2025-07-27 13:55:37.168988
S0425,Linear Algebra,3,2025-08-14 13:55:37.168988
S0425,Probability,5,2025-11-29 13:55:37.168988
S0425,Statistics,3,2025-10-29 13:55:37.168988
S0425,ML Basics,4,2025-11-25 13:55:37.168988
S0425,Deep Learning,1,2025-07-31 13:55:37.168988
S0425,NLP,3,2025-12-06 13:55:37.168988
S0425,Computer Vision,4,2025-09-04 13:55:37.168988
S0425,Optimization,7,2025-08-22 13:55:37.168988
S0426,Linear Algebra,4,2026-01-07 13:55:37.168988
S0426,Probability,6,2025-12-20 13:55:37.168988
S0426,Statistics,1,2025-12-02 13:55:37.168988
S0426,ML Basics,1,2025-07-29 13:55:37.168988
S0426,Deep Learning,3,2025-10-24 13:55:37.168988
S0426,NLP,4,2025-11-03 13:55:37.168988
S0426,Computer Vision,4,2025-10-18 13:55:37.168988
S0426,Optimization,4,2026-01-03 13:55:37.168988
S0427,Linear Algebra,3,2025-11-19 13:55:37.168988
S0427,Probability,4,2025-08-13 13:55:37.168988
S0427,Statistics,6,2025-10-29 13:55:37.168988
S0427,ML Basics,0,2025-09-25 13:55:37.168988
S0427,Deep Learning,3,2025-09-29 13:55:37.168988
S0427,NLP,1,2025-07-29 13:55:37.168988
S0427,Computer Vision,6,2025-10-31 13:55:37.168988
S0427,Optimization,5,2025-11-14 13:55:37.168988
S0428,Linear Algebra,4,2025-07-31 13:55:37.168988
S0428,Probability,8,2025-09-04 13:55:37.168988
S0428,Statistics,3,2025-10-28 13:55:37.168988
S0428,ML Basics,6,2025-11-05 13:55:37.168988
S0428,Deep Learning,7,2025-09-06 13:55:37.168988
S0428,NLP,4,2025-08-18 13:55:37.168988
S0428,Computer Vision,4,2025-11-13 13:55:37.168988
S0428,Optimization,5,2026-01-14 13:55:37.168988
S0429,Linear Algebra,2,2025-09-01 13:55:37.168988
S0429,Probability,6,2025-12-23 13:55:37.168988
S0429,Statistics,6,2025-10-04 13:55:37.168988
S0429,ML Basics,2,2025-08-09 13:55:37.168988
S0429,Deep Learning,7,2025-07-31 13:55:37.168988
S0429,NLP,5,2025-09-02 13:55:37.168988
S0429,Computer Vision,5,2025-11-11 13:55:37.168988
S0429,Optimization,5,2025-11-28 13:55:37.168988
S0430,Linear Algebra,4,2026-01-09 13:55:37.168988
S0430,Probability,5,2025-12-12 13:55:37.168988
S0430,Statistics,4,2025-10-26 13:55:37.168988
S0430,ML Basics,4,2025-07-21 13:55:37.168988
S0430,Deep Learning,4,2025-08-25 13:55:37.168988
S0430,NLP,3,2025-09-22 13:55:37.168988
S0430,Computer Vision,6,2025-10-24 13:55:37.168988
S0430,Optimization,5,2025-07-23 13:55:37.168988
S0431,Linear Algebra,4,2025-11-10 13:55:37.168988
S0431,Probability,8,2025-11-01 13:55:37.168988
S0431,Statistics,2,2025-12-14 13:55:37.168988
S0431,ML Basics,7,2025-09-19 13:55:37.168988
S0431,Deep Learning,3,2025-09-09 13:55:37.168988
S0431,NLP,2,2025-08-29 13:55:37.168988
S0431,Computer Vision,3,2025-12-20 13:55:37.168988
S0431,Optimization,1,2026-01-02 13:55:37.168988
S0432,Linear Algebra,5,2025-09-07 13:55:37.168988
S0432,Probability,7,2026-01-03 13:55:37.168988
S0432,Statistics,2,2025-08-06 13:55:37.168988
S0432,ML Basics,3,2025-09-01 13:55:37.168988
S0432,Deep Learning,2,2025-11-06 13:55:37.168988
S0432,NLP,7,2025-09-16 13:55:37.168988
S0432,Computer Vision,3,2025-11-19 13:55:37.168988
S0432,Optimization,6,2025-12-24 13:55:37.168988
S0433,Linear Algebra,3,2025-09-21 13:55:37.168988
S0433,Probability,3,2025-08-05 13:55:37.168988
S0433,Statistics,6,2025-11-26 13:55:37.168988
S0433,ML Basics,2,2025-08-16 13:55:37.168988
S0433,Deep Learning,7,2025-08-31 13:55:37.168988
S0433,NLP,1,2025-07-21 13:55:37.168988
S0433,Computer Vision,4,2025-08-12 13:55:37.168988
S0433,Optimization,0,2025-11-18 13:55:37.168988
S0434,Linear Algebra,2,2025-08-19 13:55:37.168988
S0434,Probability,4,2025-09-30 13:55:37.168988
S0434,Statistics,2,2025-07-29 13:55:37.168988
S0434,ML Basics,2,2025-10-02 13:55:37.168988
S0434,Deep Learning,5,2025-08-21 13:55:37.168988
S0434,NLP,4,2025-12-11 13:55:37.168988
S0434,Computer Vision,0,2026-01-15 13:55:37.168988
S0434,Optimization,2,2025-08-25 13:55:37.168988
S0435,Linear Algebra,0,2025-08-27 13:55:37.168988
S0435,Probability,4,2025-09-27 13:55:37.168988
S0435,Statistics,6,2025-10-27 13:55:37.168988
S0435,ML Basics,2,2025-07-21 13:55:37.168988
S0435,Deep Learning,7,2025-09-12 13:55:37.168988
S0435,NLP,5,2025-08-07 13:55:37.168988
S0435,Computer Vision,5,2025-11-18 13:55:37.168988
S0435,Optimization,1,2025-08-21 13:55:37.168988
S0436,Linear Algebra,5,2026-01-11 13:55:37.168988
S0436,Probability,1,2025-09-09 13:55:37.168988
S0436,Statistics,2,2025-07-31 13:55:37.168988
S0436,ML Basics,0,2025-10-19 13:55:37.168988
S0436,Deep Learning,2,2025-08-18 13:55:37.168988
S0436,NLP,6,2025-12-31 13:55:37.168988
S0436,Computer Vision,8,2025-12-01 13:55:37.168988
S0436,Optimization,3,2025-10-23 13:55:37.168988
S0437,Linear Algebra,6,2025-08-04 13:55:37.168988
S0437,Probability,3,2025-09-10 13:55:37.168988
S0437,Statistics,6,2025-11-14 13:55:37.168988
S0437,ML Basics,3,2026-01-03 13:55:37.168988
S0437,Deep Learning,6,2025-10-15 13:55:37.168988
S0437,NLP,9,2025-11-16 13:55:37.168988
S0437,Computer Vision,5,2025-10-06 13:55:37.168988
S0437,Optimization,7,2025-12-14 13:55:37.168988
S0438,Linear Algebra,6,2025-12-16 13:55:37.168988
S0438,Probability,2,2025-09-06 13:55:37.168988
S0438,Statistics,3,2026-01-07 13:55:37.168988
S0438,ML Basics,4,2025-08-24 13:55:37.168988
S0438,Deep Learning,1,2025-08-14 13:55:37.168988
S0438,NLP,1,2025-12-21 13:55:37.168988
S0438,Computer Vision,3,2026-01-16 13:55:37.168988
S0438,Optimization,7,2025-11-26 13:55:37.168988
S0439,Linear Algebra,4,2025-10-17 13:55:37.168988
S0439,Probability,4,2025-10-07 13:55:37.168988
S0439,Statistics,5,2025-10-03 13:55:37.168988
S0439,ML Basics,3,2025-10-27 13:55:37.168988
S0439,Deep Learning,2,2025-07-22 13:55:37.168988
S0439,NLP,3,2025-12-31 13:55:37.168988
S0439,Computer Vision,6,2025-11-01 13:55:37.168988
S0439,Optimization,2,2025-09-23 13:55:37.168988
S0440,Linear Algebra,5,2025-10-16 13:55:37.168988
S0440,Probability,3,2025-12-25 13:55:37.168988
S0440,Statistics,3,2025-11-22 13:55:37.168988
S0440,ML Basics,5,2025-12-16 13:55:37.168988
S0440,Deep Learning,4,2025-12-03 13:55:37.168988
S0440,NLP,1,2025-10-01 13:55:37.168988
S0440,Computer Vision,1,2025-08-07 13:55:37.168988
S0440,Optimization,14,2025-07-29 13:55:37.168988
S0441,Linear Algebra,2,2025-08-21 13:55:37.168988
S0441,Probability,6,2025-10-04 13:55:37.168988
S0441,Statistics,5,2025-09-26 13:55:37.168988
S0441,ML Basics,5,2025-11-11 13:55:37.168988
S0441,Deep Learning,6,2025-12-21 13:55:37.168988
S0441,NLP,4,2025-11-10 13:55:37.168988
S0441,Computer Vision,6,2025-10-12 13:55:37.168988
S0441,Optimization,2,2026-01-16 13:55:37.168988
S0442,Linear Algebra,2,2025-11-15 13:55:37.168988
S0442,Probability,4,2026-01-14 13:55:37.168988
S0442,Statistics,2,2025-12-27 13:55:37.168988
S0442,ML Basics,2,2026-01-04 13:55:37.168988
S0442,Deep Learning,3,2025-09-25 13:55:37.168988
S0442,NLP,8,2025-08-06 13:55:37.168988
S0442,Computer Vision,3,2025-12-26 13:55:37.168988
S0442,Optimization,2,2025-07-24 13:55:37.168988
S0443,Linear Algebra,4,2025-09-02 13:55:37.168988
S0443,Probability,5,2025-10-07 13:55:37.168988
S0443,Statistics,2,2025-08-26 13:55:37.168988
S0443,ML Basics,1,2025-08-04 13:55:37.168988
S0443,Deep Learning,0,2025-09-09 13:55:37.168988
S0443,NLP,5,2025-11-20 13:55:37.168988
S0443,Computer Vision,3,2025-10-05 13:55:37.168988
S0443,Optimization,6,2025-11-21 13:55:37.168988
S0444,Linear Algebra,6,2025-10-23 13:55:37.168988
S0444,Probability,4,2025-11-20 13:55:37.168988
S0444,Statistics,3,2025-11-27 13:55:37.168988
S0444,ML Basics,5,2025-11-29 13:55:37.168988
S0444,Deep Learning,4,2025-12-08 13:55:37.168988
S0444,NLP,4,2025-12-12 13:55:37.168988
S0444,Computer Vision,7,2025-11-28 13:55:37.168988
S0444,Optimization,6,2025-12-03 13:55:37.168988
S0445,Linear Algebra,5,2025-10-29 13:55:37.168988
S0445,Probability,1,2025-11-24 13:55:37.168988
S0445,Statistics,2,2026-01-08 13:55:37.168988
S0445,ML Basics,4,2026-01-14 13:55:37.168988
S0445,Deep Learning,3,2025-11-10 13:55:37.168988
S0445,NLP,2,2025-08-16 13:55:37.168988
S0445,Computer Vision,3,2025-12-10 13:55:37.168988
S0445,Optimization,6,2025-11-15 13:55:37.168988
S0446,Linear Algebra,4,2025-10-10 13:55:37.168988
S0446,Probability,2,2025-10-08 13:55:37.168988
S0446,Statistics,5,2025-10-31 13:55:37.168988
S0446,ML Basics,3,2025-09-19 13:55:37.168988
S0446,Deep Learning,4,2025-10-29 13:55:37.168988
S0446,NLP,2,2025-11-13 13:55:37.168988
S0446,Computer Vision,2,2025-10-07 13:55:37.168988
S0446,Optimization,6,2025-11-18 13:55:37.168988
S0447,Linear Algebra,7,2025-09-04 13:55:37.168988
S0447,Probability,1,2025-11-03 13:55:37.168988
S0447,Statistics,4,2025-10-24 13:55:37.168988
S0447,ML Basics,3,2025-07-22 13:55:37.168988
S0447,Deep Learning,2,2025-12-26 13:55:37.168988
S0447,NLP,5,2025-09-12 13:55:37.168988
S0447,Computer Vision,7,2025-08-28 13:55:37.168988
S0447,Optimization,5,2025-09-06 13:55:37.168988
S0448,Linear Algebra,3,2026-01-15 13:55:37.168988
S0448,Probability,2,2025-08-22 13:55:37.168988
S0448,Statistics,4,2025-09-20 13:55:37.168988
S0448,ML Basics,4,2025-09-09 13:55:37.168988
S0448,Deep Learning,3,2025-11-12 13:55:37.168988
S0448,NLP,2,2025-11-10 13:55:37.168988
S0448,Computer Vision,5,2025-10-26 13:55:37.168988
S0448,Optimization,7,2025-10-17 13:55:37.168988
S0449,Linear Algebra,10,2025-12-08 13:55:37.168988
S0449,Probability,8,2025-07-27 13:55:37.168988
S0449,Statistics,2,2025-11-25 13:55:37.168988
S0449,ML Basics,4,2026-01-02 13:55:37.168988
S0449,Deep Learning,8,2025-09-25 13:55:37.168988
S0449,NLP,0,2025-08-28 13:55:37.168988
S0449,Computer Vision,3,2025-10-28 13:55:37.168988
S0449,Optimization,5,2025-12-13 13:55:37.168988
S0450,Linear Algebra,2,2025-08-02 13:55:37.168988
S0450,Probability,4,2025-10-23 13:55:37.168988
S0450,Statistics,7,2025-10-13 13:55:37.168988
S0450,ML Basics,3,2025-09-22 13:55:37.168988
S0450,Deep Learning,6,2025-11-04 13:55:37.168988
S0450,NLP,3,2025-12-02 13:55:37.168988
S0450,Computer Vision,2,2025-12-11 13:55:37.168988
S0450,Optimization,2,2025-07-23 13:55:37.168988
S0451,Linear Algebra,3,2025-12-02 13:55:37.168988
S0451,Probability,5,2025-12-10 13:55:37.168988
S0451,Statistics,4,2025-11-08 13:55:37.168988
S0451,ML Basics,5,2026-01-06 13:55:37.168988
S0451,Deep Learning,5,2025-12-23 13:55:37.168988
S0451,NLP,5,2025-09-17 13:55:37.168988
S0451,Computer Vision,1,2025-08-07 13:55:37.168988
S0451,Optimization,5,2025-09-29 13:55:37.168988
S0452,Linear Algebra,4,2025-10-04 13:55:37.168988
S0452,Probability,2,2025-09-13 13:55:37.168988
S0452,Statistics,3,2025-10-31 13:55:37.168988
S0452,ML Basics,4,2025-11-12 13:55:37.168988
S0452,Deep Learning,4,2026-01-01 13:55:37.168988
S0452,NLP,6,2025-11-06 13:55:37.168988
S0452,Computer Vision,6,2026-01-14 13:55:37.168988
S0452,Optimization,2,2025-07-30 13:55:37.168988
S0453,Linear Algebra,1,2025-10-22 13:55:37.168988
S0453,Probability,3,2025-10-13 13:55:37.168988
S0453,Statistics,1,2025-09-01 13:55:37.168988
S0453,ML Basics,4,2025-09-29 13:55:37.168988
S0453,Deep Learning,2,2025-11-02 13:55:37.168988
S0453,NLP,1,2025-09-27 13:55:37.168988
S0453,Computer Vision,4,2025-12-29 13:55:37.168988
S0453,Optimization,5,2025-07-21 13:55:37.168988
S0454,Linear Algebra,5,2025-12-14 13:55:37.168988
S0454,Probability,0,2025-09-03 13:55:37.168988
S0454,Statistics,3,2025-11-03 13:55:37.168988
S0454,ML Basics,2,2025-09-15 13:55:37.168988
S0454,Deep Learning,4,2026-01-15 13:55:37.168988
S0454,NLP,6,2025-12-06 13:55:37.168988
S0454,Computer Vision,2,2025-11-23 13:55:37.168988
S0454,Optimization,2,2025-10-27 13:55:37.168988
S0455,Linear Algebra,4,2025-10-26 13:55:37.168988
S0455,Probability,4,2025-10-05 13:55:37.168988
S0455,Statistics,3,2026-01-01 13:55:37.168988
S0455,ML Basics,2,2025-11-15 13:55:37.168988
S0455,Deep Learning,4,2025-07-23 13:55:37.168988
S0455,NLP,4,2026-01-04 13:55:37.168988
S0455,Computer Vision,3,2025-12-10 13:55:37.168988
S0455,Optimization,6,2025-09-10 13:55:37.168988
S0456,Linear Algebra,3,2025-10-18 13:55:37.168988
S0456,Probability,5,2025-09-22 13:55:37.168988
S0456,Statistics,3,2025-08-08 13:55:37.168988
S0456,ML Basics,5,2026-01-05 13:55:37.168988
S0456,Deep Learning,3,2025-10-13 13:55:37.168988
S0456,NLP,2,2025-12-14 13:55:37.168988
S0456,Computer Vision,2,2025-08-03 13:55:37.168988
S0456,Optimization,1,2025-12-30 13:55:37.168988
S0457,Linear Algebra,5,2025-08-04 13:55:37.168988
S0457,Probability,3,2025-09-08 13:55:37.168988
S0457,Statistics,3,2025-11-29 13:55:37.168988
S0457,ML Basics,5,2025-10-14 13:55:37.168988
S0457,Deep Learning,6,2025-09-25 13:55:37.168988
S0457,NLP,3,2025-07-23 13:55:37.168988
S0457,Computer Vision,1,2025-08-09 13:55:37.168988
S0457,Optimization,4,2025-09-18 13:55:37.168988
S0458,Linear Algebra,5,2025-10-15 13:55:37.168988
S0458,Probability,2,2025-12-14 13:55:37.168988
S0458,Statistics,4,2025-09-04 13:55:37.168988
S0458,ML Basics,5,2025-10-19 13:55:37.168988
S0458,Deep Learning,5,2025-11-09 13:55:37.168988
S0458,NLP,3,2025-08-25 13:55:37.168988
S0458,Computer Vision,5,2025-10-15 13:55:37.168988
S0458,Optimization,2,2025-11-29 13:55:37.168988
S0459,Linear Algebra,5,2025-11-24 13:55:37.168988
S0459,Probability,4,2025-11-22 13:55:37.168988
S0459,Statistics,8,2025-08-21 13:55:37.168988
S0459,ML Basics,2,2025-10-19 13:55:37.168988
S0459,Deep Learning,6,2025-12-30 13:55:37.168988
S0459,NLP,3,2025-12-13 13:55:37.168988
S0459,Computer Vision,3,2025-11-28 13:55:37.168988
S0459,Optimization,3,2025-12-25 13:55:37.168988
S0460,Linear Algebra,3,2025-10-09 13:55:37.168988
S0460,Probability,4,2025-09-22 13:55:37.168988
S0460,Statistics,5,2026-01-15 13:55:37.168988
S0460,ML Basics,6,2025-08-08 13:55:37.168988
S0460,Deep Learning,3,2025-11-22 13:55:37.168988
S0460,NLP,4,2025-09-12 13:55:37.168988
S0460,Computer Vision,0,2026-01-05 13:55:37.168988
S0460,Optimization,3,2025-08-16 13:55:37.168988
S0461,Linear Algebra,3,2025-09-01 13:55:37.168988
S0461,Probability,5,2025-07-27 13:55:37.168988
S0461,Statistics,5,2025-11-09 13:55:37.168988
S0461,ML Basics,5,2025-09-30 13:55:37.168988
S0461,Deep Learning,3,2026-01-02 13:55:37.168988
S0461,NLP,7,2025-11-21 13:55:37.168988
S0461,Computer Vision,1,2025-09-20 13:55:37.168988
S0461,Optimization,5,2025-12-18 13:55:37.168988
S0462,Linear Algebra,6,2025-10-15 13:55:37.168988
S0462,Probability,4,2025-07-25 13:55:37.168988
S0462,Statistics,2,2025-11-24 13:55:37.168988
S0462,ML Basics,2,2025-08-06 13:55:37.168988
S0462,Deep Learning,2,2025-12-01 13:55:37.168988
S0462,NLP,8,2025-09-10 13:55:37.168988
S0462,Computer Vision,7,2025-08-21 13:55:37.168988
S0462,Optimization,7,2025-11-20 13:55:37.168988
S0463,Linear Algebra,8,2026-01-03 13:55:37.168988
S0463,Probability,4,2025-08-25 13:55:37.168988
S0463,Statistics,2,2025-11-30 13:55:37.168988
S0463,ML Basics,3,2025-08-27 13:55:37.168988
S0463,Deep Learning,1,2026-01-06 13:55:37.168988
S0463,NLP,5,2025-08-20 13:55:37.168988
S0463,Computer Vision,7,2025-08-02 13:55:37.168988
S0463,Optimization,0,2025-11-13 13:55:37.168988
S0464,Linear Algebra,4,2025-10-16 13:55:37.168988
S0464,Probability,3,2025-10-12 13:55:37.168988
S0464,Statistics,1,2025-12-27 13:55:37.168988
S0464,ML Basics,3,2025-09-09 13:55:37.168988
S0464,Deep Learning,3,2025-09-26 13:55:37.168988
S0464,NLP,4,2025-11-23 13:55:37.168988
S0464,Computer Vision,1,2025-11-04 13:55:37.168988
S0464,Optimization,5,2025-12-03 13:55:37.168988
S0465,Linear Algebra,4,2025-12-15 13:55:37.168988
S0465,Probability,1,2025-09-16 13:55:37.168988
S0465,Statistics,6,2025-12-23 13:55:37.168988
S0465,ML Basics,2,2025-11-14 13:55:37.168988
S0465,Deep Learning,4,2025-08-22 13:55:37.168988
S0465,NLP,4,2025-10-07 13:55:37.168988
S0465,Computer Vision,2,2025-09-29 13:55:37.168988
S0465,Optimization,7,2025-08-18 13:55:37.168988
S0466,Linear Algebra,5,2025-11-14 13:55:37.168988
S0466,Probability,3,2025-08-17 13:55:37.168988
S0466,Statistics,2,2025-12-19 13:55:37.168988
S0466,ML Basics,4,2025-11-27 13:55:37.168988
S0466,Deep Learning,3,2025-12-05 13:55:37.168988
S0466,NLP,4,2026-01-13 13:55:37.168988
S0466,Computer Vision,4,2025-08-22 13:55:37.168988
S0466,Optimization,0,2025-09-25 13:55:37.168988
S0467,Linear Algebra,9,2025-10-22 13:55:37.168988
S0467,Probability,5,2025-11-26 13:55:37.168988
S0467,Statistics,4,2025-12-10 13:55:37.168988
S0467,ML Basics,4,2025-09-25 13:55:37.168988
S0467,Deep Learning,1,2025-08-05 13:55:37.168988
S0467,NLP,2,2025-08-31 13:55:37.168988
S0467,Computer Vision,4,2025-08-10 13:55:37.168988
S0467,Optimization,4,2025-12-02 13:55:37.168988
S0468,Linear Algebra,3,2025-12-10 13:55:37.168988
S0468,Probability,3,2025-12-24 13:55:37.168988
S0468,Statistics,3,2025-08-30 13:55:37.168988
S0468,ML Basics,3,2025-08-25 13:55:37.168988
S0468,Deep Learning,6,2025-12-03 13:55:37.168988
S0468,NLP,2,2026-01-16 13:55:37.168988
S0468,Computer Vision,3,2025-10-31 13:55:37.168988
S0468,Optimization,3,2025-10-26 13:55:37.168988
S0469,Linear Algebra,6,2025-11-06 13:55:37.168988
S0469,Probability,3,2025-07-23 13:55:37.168988
S0469,Statistics,3,2025-12-12 13:55:37.168988
S0469,ML Basics,3,2026-01-01 13:55:37.168988
S0469,Deep Learning,6,2025-12-12 13:55:37.168988
S0469,NLP,3,2025-08-26 13:55:37.168988
S0469,Computer Vision,5,2025-08-07 13:55:37.168988
S0469,Optimization,5,2025-12-24 13:55:37.168988
S0470,Linear Algebra,0,2025-09-22 13:55:37.168988
S0470,Probability,3,2025-10-25 13:55:37.168988
S0470,Statistics,10,2025-12-19 13:55:37.168988
S0470,ML Basics,4,2025-10-21 13:55:37.168988
S0470,Deep Learning,2,2025-10-18 13:55:37.168988
S0470,NLP,3,2026-01-03 13:55:37.168988
S0470,Computer Vision,8,2026-01-09 13:55:37.168988
S0470,Optimization,5,2025-08-27 13:55:37.168988
S0471,Linear Algebra,7,2025-08-17 13:55:37.168988
S0471,Probability,2,2025-08-24 13:55:37.168988
S0471,Statistics,1,2025-12-15 13:55:37.168988
S0471,ML Basics,5,2025-11-15 13:55:37.168988
S0471,Deep Learning,4,2025-09-20 13:55:37.168988
S0471,NLP,3,2025-12-12 13:55:37.168988
S0471,Computer Vision,2,2025-11-18 13:55:37.168988
S0471,Optimization,3,2025-12-28 13:55:37.168988
S0472,Linear Algebra,5,2026-01-16 13:55:37.168988
S0472,Probability,5,2025-08-25 13:55:37.168988
S0472,Statistics,4,2025-10-29 13:55:37.168988
S0472,ML Basics,4,2026-01-01 13:55:37.168988
S0472,Deep Learning,3,2025-07-24 13:55:37.168988
S0472,NLP,5,2025-08-30 13:55:37.168988
S0472,Computer Vision,4,2025-10-12 13:55:37.168988
S0472,Optimization,5,2025-10-31 13:55:37.168988
S0473,Linear Algebra,2,2025-10-15 13:55:37.168988
S0473,Probability,1,2025-10-04 13:55:37.168988
S0473,Statistics,3,2025-09-07 13:55:37.168988
S0473,ML Basics,4,2025-10-21 13:55:37.168988
S0473,Deep Learning,3,2025-12-24 13:55:37.168988
S0473,NLP,1,2025-12-09 13:55:37.168988
S0473,Computer Vision,6,2025-09-25 13:55:37.168988
S0473,Optimization,5,2025-10-17 13:55:37.168988
S0474,Linear Algebra,4,2025-08-24 13:55:37.168988
S0474,Probability,5,2025-12-13 13:55:37.168988
S0474,Statistics,4,2025-09-19 13:55:37.168988
S0474,ML Basics,3,2025-08-20 13:55:37.168988
S0474,Deep Learning,3,2025-12-23 13:55:37.168988
S0474,NLP,2,2025-07-31 13:55:37.168988
S0474,Computer Vision,3,2025-08-28 13:55:37.168988
S0474,Optimization,5,2025-07-30 13:55:37.168988
S0475,Linear Algebra,2,2025-09-06 13:55:37.168988
S0475,Probability,2,2025-08-27 13:55:37.168988
S0475,Statistics,3,2025-09-20 13:55:37.168988
S0475,ML Basics,2,2025-10-21 13:55:37.168988
S0475,Deep Learning,7,2025-10-21 13:55:37.168988
S0475,NLP,3,2026-01-13 13:55:37.168988
S0475,Computer Vision,2,2025-12-01 13:55:37.168988
S0475,Optimization,3,2025-07-28 13:55:37.168988
S0476,Linear Algebra,1,2025-11-19 13:55:37.168988
S0476,Probability,3,2025-09-23 13:55:37.168988
S0476,Statistics,6,2025-09-16 13:55:37.168988
S0476,ML Basics,3,2025-10-27 13:55:37.168988
S0476,Deep Learning,3,2025-10-15 13:55:37.168988
S0476,NLP,4,2026-01-05 13:55:37.168988
S0476,Computer Vision,5,2025-09-06 13:55:37.168988
S0476,Optimization,7,2026-01-02 13:55:37.168988
S0477,Linear Algebra,7,2025-12-14 13:55:37.168988
S0477,Probability,4,2025-10-26 13:55:37.168988
S0477,Statistics,4,2025-11-26 13:55:37.168988
S0477,ML Basics,6,2026-01-07 13:55:37.168988
S0477,Deep Learning,8,2026-01-07 13:55:37.168988
S0477,NLP,7,2025-12-08 13:55:37.168988
S0477,Computer Vision,2,2025-09-14 13:55:37.168988
S0477,Optimization,4,2025-09-07 13:55:37.168988
S0478,Linear Algebra,3,2025-11-27 13:55:37.168988
S0478,Probability,7,2026-01-09 13:55:37.168988
S0478,Statistics,5,2025-07-29 13:55:37.168988
S0478,ML Basics,5,2025-09-25 13:55:37.168988
S0478,Deep Learning,4,2025-12-12 13:55:37.168988
S0478,NLP,3,2025-09-08 13:55:37.168988
S0478,Computer Vision,3,2025-11-08 13:55:37.168988
S0478,Optimization,5,2026-01-05 13:55:37.168988
S0479,Linear Algebra,2,2025-10-29 13:55:37.168988
S0479,Probability,2,2025-12-09 13:55:37.168988
S0479,Statistics,1,2025-12-09 13:55:37.168988
S0479,ML Basics,6,2025-08-16 13:55:37.168988
S0479,Deep Learning,5,2025-10-06 13:55:37.168988
S0479,NLP,2,2025-12-31 13:55:37.168988
S0479,Computer Vision,3,2025-11-15 13:55:37.168988
S0479,Optimization,6,2025-08-04 13:55:37.168988
S0480,Linear Algebra,5,2025-12-10 13:55:37.168988
S0480,Probability,2,2025-11-18 13:55:37.168988
S0480,Statistics,6,2025-10-29 13:55:37.168988
S0480,ML Basics,1,2025-09-20 13:55:37.168988
S0480,Deep Learning,2,2025-11-01 13:55:37.168988
S0480,NLP,3,2025-11-11 13:55:37.168988
S0480,Computer Vision,3,2025-09-20 13:55:37.168988
S0480,Optimization,5,2025-11-19 13:55:37.168988
S0481,Linear Algebra,2,2025-11-11 13:55:37.168988
S0481,Probability,1,2025-09-17 13:55:37.168988
S0481,Statistics,3,2025-08-07 13:55:37.168988
S0481,ML Basics,4,2025-07-23 13:55:37.168988
S0481,Deep Learning,6,2025-12-17 13:55:37.168988
S0481,NLP,6,2025-08-15 13:55:37.168988
S0481,Computer Vision,2,2025-10-05 13:55:37.168988
S0481,Optimization,4,2026-01-08 13:55:37.168988
S0482,Linear Algebra,4,2025-12-15 13:55:37.168988
S0482,Probability,5,2025-11-08 13:55:37.168988
S0482,Statistics,7,2025-12-03 13:55:37.168988
S0482,ML Basics,2,2025-08-12 13:55:37.168988
S0482,Deep Learning,4,2025-09-28 13:55:37.168988
S0482,NLP,4,2025-10-06 13:55:37.168988
S0482,Computer Vision,3,2025-08-17 13:55:37.168988
S0482,Optimization,1,2025-12-05 13:55:37.168988
S0483,Linear Algebra,3,2025-10-01 13:55:37.168988
S0483,Probability,1,2025-12-26 13:55:37.168988
S0483,Statistics,6,2026-01-08 13:55:37.168988
S0483,ML Basics,5,2025-10-17 13:55:37.168988
S0483,Deep Learning,6,2026-01-04 13:55:37.168988
S0483,NLP,2,2026-01-02 13:55:37.168988
S0483,Computer Vision,7,2025-11-12 13:55:37.168988
S0483,Optimization,4,2025-10-15 13:55:37.168988
S0484,Linear Algebra,2,2025-10-25 13:55:37.168988
S0484,Probability,7,2025-07-22 13:55:37.168988
S0484,Statistics,1,2025-10-27 13:55:37.168988
S0484,ML Basics,5,2025-08-29 13:55:37.168988
S0484,Deep Learning,4,2025-12-02 13:55:37.168988
S0484,NLP,8,2025-12-22 13:55:37.168988
S0484,Computer Vision,7,2026-01-12 13:55:37.168988
S0484,Optimization,2,2025-10-07 13:55:37.168988
S0485,Linear Algebra,5,2025-08-09 13:55:37.168988
S0485,Probability,5,2025-08-10 13:55:37.168988
S0485,Statistics,5,2025-11-07 13:55:37.168988
S0485,ML Basics,3,2025-11-28 13:55:37.168988
S0485,Deep Learning,5,2026-01-11 13:55:37.168988
S0485,NLP,5,2025-12-09 13:55:37.168988
S0485,Computer Vision,6,2025-12-30 13:55:37.168988
S0485,Optimization,4,2025-09-17 13:55:37.168988
S0486,Linear Algebra,8,2025-08-19 13:55:37.168988
S0486,Probability,6,2025-07-26 13:55:37.168988
S0486,Statistics,2,2025-08-15 13:55:37.168988
S0486,ML Basics,5,2025-07-24 13:55:37.168988
S0486,Deep Learning,7,2025-10-07 13:55:37.168988
S0486,NLP,5,2025-09-25 13:55:37.168988
S0486,Computer Vision,7,2025-12-31 13:55:37.168988
S0486,Optimization,6,2025-09-22 13:55:37.168988
S0487,Linear Algebra,6,2025-11-15 13:55:37.168988
S0487,Probability,7,2025-12-31 13:55:37.168988
S0487,Statistics,5,2025-09-10 13:55:37.168988
S0487,ML Basics,3,2025-11-29 13:55:37.168988
S0487,Deep Learning,5,2025-08-22 13:55:37.168988
S0487,NLP,8,2025-10-31 13:55:37.168988
S0487,Computer Vision,1,2025-11-09 13:55:37.168988
S0487,Optimization,6,2025-11-26 13:55:37.168988
S0488,Linear Algebra,4,2025-08-22 13:55:37.168988
S0488,Probability,0,2025-11-10 13:55:37.168988
S0488,Statistics,2,2025-09-14 13:55:37.168988
S0488,ML Basics,2,2025-11-02 13:55:37.168988
S0488,Deep Learning,4,2025-12-01 13:55:37.168988
S0488,NLP,4,2025-09-06 13:55:37.168988
S0488,Computer Vision,7,2026-01-14 13:55:37.168988
S0488,Optimization,6,2025-12-09 13:55:37.168988
S0489,Linear Algebra,3,2025-12-09 13:55:37.168988
S0489,Probability,4,2025-08-05 13:55:37.168988
S0489,Statistics,1,2025-08-01 13:55:37.168988
S0489,ML Basics,5,2025-12-23 13:55:37.168988
S0489,Deep Learning,7,2025-08-06 13:55:37.168988
S0489,NLP,0,2025-08-26 13:55:37.168988
S0489,Computer Vision,8,2025-12-21 13:55:37.168988
S0489,Optimization,5,2025-08-18 13:55:37.168988
S0490,Linear Algebra,1,2025-09-15 13:55:37.168988
S0490,Probability,1,2025-10-12 13:55:37.168988
S0490,Statistics,2,2025-08-12 13:55:37.168988
S0490,ML Basics,1,2025-10-23 13:55:37.168988
S0490,Deep Learning,6,2025-11-06 13:55:37.168988
S0490,NLP,2,2025-08-21 13:55:37.168988
S0490,Computer Vision,3,2025-08-16 13:55:37.168988
S0490,Optimization,3,2025-09-12 13:55:37.168988
S0491,Linear Algebra,2,2025-08-12 13:55:37.168988
S0491,Probability,3,2025-10-24 13:55:37.168988
S0491,Statistics,1,2025-12-16 13:55:37.168988
S0491,ML Basics,3,2025-07-29 13:55:37.168988
S0491,Deep Learning,5,2025-07-31 13:55:37.168988
S0491,NLP,3,2025-07-23 13:55:37.168988
S0491,Computer Vision,1,2025-11-26 13:55:37.168988
S0491,Optimization,6,2025-11-24 13:55:37.168988
S0492,Linear Algebra,2,2025-12-17 13:55:37.168988
S0492,Probability,3,2025-09-09 13:55:37.168988
S0492,Statistics,5,2025-09-19 13:55:37.168988
S0492,ML Basics,4,2025-12-14 13:55:37.168988
S0492,Deep Learning,4,2025-07-22 13:55:37.168988
S0492,NLP,6,2025-11-20 13:55:37.168988
S0492,Computer Vision,3,2025-10-18 13:55:37.168988
S0492,Optimization,7,2025-12-18 13:55:37.168988
S0493,Linear Algebra,0,2025-08-27 13:55:37.168988
S0493,Probability,3,2025-11-30 13:55:37.168988
S0493,Statistics,0,2025-10-04 13:55:37.168988
S0493,ML Basics,4,2026-01-12 13:55:37.168988
S0493,Deep Learning,2,2025-10-08 13:55:37.168988
S0493,NLP,2,2025-07-31 13:55:37.168988
S0493,Computer Vision,4,2025-12-19 13:55:37.168988
S0493,Optimization,4,2025-07-30 13:55:37.168988
S0494,Linear Algebra,4,2025-11-05 13:55:37.168988
S0494,Probability,2,2025-12-28 13:55:37.168988
S0494,Statistics,3,2025-09-21 13:55:37.168988
S0494,ML Basics,2,2025-11-26 13:55:37.168988
S0494,Deep Learning,4,2025-10-08 13:55:37.168988
S0494,NLP,2,2025-12-20 13:55:37.168988
S0494,Computer Vision,2,2025-10-03 13:55:37.168988
S0494,Optimization,1,2025-08-18 13:55:37.168988
S0495,Linear Algebra,2,2025-11-06 13:55:37.168988
S0495,Probability,7,2025-08-26 13:55:37.168988
S0495,Statistics,8,2025-07-23 13:55:37.168988
S0495,ML Basics,5,2025-12-04 13:55:37.168988
S0495,Deep Learning,5,2026-01-10 13:55:37.168988
S0495,NLP,5,2025-09-01 13:55:37.168988
S0495,Computer Vision,8,2025-12-18 13:55:37.168988
S0495,Optimization,4,2025-11-07 13:55:37.168988
S0496,Linear Algebra,6,2025-12-26 13:55:37.168988
S0496,Probability,3,2025-09-12 13:55:37.168988
S0496,Statistics,4,2025-10-09 13:55:37.168988
S0496,ML Basics,5,2025-09-02 13:55:37.168988
S0496,Deep Learning,3,2025-09-08 13:55:37.168988
S0496,NLP,8,2025-09-10 13:55:37.168988
S0496,Computer Vision,2,2026-01-01 13:55:37.168988
S0496,Optimization,8,2025-12-10 13:55:37.168988
S0497,Linear Algebra,3,2025-12-28 13:55:37.168988
S0497,Probability,3,2025-09-03 13:55:37.168988
S0497,Statistics,1,2025-10-23 13:55:37.168988
S0497,ML Basics,2,2025-08-24 13:55:37.168988
S0497,Deep Learning,5,2025-12-13 13:55:37.168988
S0497,NLP,3,2026-01-07 13:55:37.168988
S0497,Computer Vision,6,2025-08-19 13:55:37.168988
S0497,Optimization,2,2025-12-03 13:55:37.168988
S0498,Linear Algebra,7,2025-11-29 13:55:37.168988
S0498,Probability,7,2025-12-12 13:55:37.168988
S0498,Statistics,2,2025-12-28 13:55:37.168988
S0498,ML Basics,3,2025-12-25 13:55:37.168988
S0498,Deep Learning,4,2025-09-04 13:55:37.168988
S0498,NLP,3,2025-08-28 13:55:37.168988
S0498,Computer Vision,8,2025-12-19 13:55:37.168988
S0498,Optimization,5,2025-11-21 13:55:37.168988
S0499,Linear Algebra,3,2025-12-10 13:55:37.168988
S0499,Probability,4,2025-08-23 13:55:37.168988
S0499,Statistics,6,2025-09-24 13:55:37.168988
S0499,ML Basics,4,2025-08-07 13:55:37.168988
S0499,Deep Learning,6,2025-12-17 13:55:37.168988
S0499,NLP,7,2025-11-21 13:55:37.168988
S0499,Computer Vision,6,2025-08-26 13:55:37.168988
S0499,Optimization,5,2025-07-27 13:55:37.168988
S0500,Linear Algebra,7,2025-08-06 13:55:37.168988
S0500,Probability,3,2025-11-07 13:55:37.168988
S0500,Statistics,4,2025-09-11 13:55:37.168988
S0500,ML Basics,3,2025-09-25 13:55:37.168988
S0500,Deep Learning,4,2026-01-11 13:55:37.168988
S0500,NLP,3,2025-10-31 13:55:37.168988
S0500,Computer Vision,1,2025-12-20 13:55:37.168988
S0500,Optimization,5,2025-09-12 13:55:37.168988
