student_id,quiz_id,topic,score,max_score,date
S0001,QZ_LIN,Linear Algebra,62,100,2025-07-27 13:55:37.168988
S0001,QZ_LIN,Linear Algebra,83,100,2025-10-10 13:55:37.168988
S0001,QZ_LIN,Linear Algebra,72,100,2025-09-20 13:55:37.168988
S0001,QZ_LIN,Linear Algebra,44,100,2025-09-21 13:55:37.168988
S0001,QZ_PRO,Probability,34,100,2025-10-21 13:55:37.168988
S0001,QZ_PRO,Probability,99,100,2025-09-24 13:55:37.168988
S0001,QZ_STA,Statistics,98,100,2025-12-07 13:55:37.168988
S0001,QZ_STA,Statistics,76,100,2025-08-17 13:55:37.168988
S0001,QZ_STA,Statistics,60,100,2025-12-30 13:55:37.168988
S0001,QZ_ML ,ML Basics,67,100,2025-10-16 13:55:37.168988
S0001,QZ_ML ,ML Basics,52,100,2025-07-31 13:55:37.168988
S0001,QZ_DEE,Deep Learning,76,100,2026-01-10 13:55:37.168988
S0001,QZ_DEE,Deep Learning,84,100,2025-08-29 13:55:37.168988
S0001,QZ_DEE,Deep Learning,41,100,2025-11-11 13:55:37.168988
S0001,QZ_NLP,NLP,34,100,2025-10-01 13:55:37.168988
S0001,QZ_NLP,NLP,67,100,2025-09-22 13:55:37.168988
S0001,QZ_NLP,NLP,94,100,2025-10-26 13:55:37.168988
S0001,QZ_COM,Computer Vision,89,100,2025-10-15 13:55:37.168988
S0001,QZ_COM,Computer Vision,42,100,2025-09-04 13:55:37.168988
S0001,QZ_COM,Computer Vision,41,100,2025-08-12 13:55:37.168988
S0001,QZ_COM,Computer Vision,65,100,2025-11-13 13:55:37.168988
S0001,QZ_OPT,Optimization,58,100,2025-09-24 13:55:37.168988
S0001,QZ_OPT,Optimization,42,100,2025-10-11 13:55:37.168988
S0002,QZ_LIN,Linear Algebra,92,100,2025-11-24 13:55:37.168988
S0002,QZ_LIN,Linear Algebra,46,100,2025-11-14 13:55:37.168988
S0002,QZ_PRO,Probability,34,100,2025-07-27 13:55:37.168988
S0002,QZ_PRO,Probability,51,100,2025-08-31 13:55:37.168988
S0002,QZ_PRO,Probability,75,100,2025-08-25 13:55:37.168988
S0002,QZ_STA,Statistics,69,100,2025-09-20 13:55:37.168988
S0002,QZ_STA,Statistics,65,100,2025-09-24 13:55:37.168988
S0002,QZ_STA,Statistics,59,100,2025-10-16 13:55:37.168988
S0002,QZ_ML ,ML Basics,89,100,2025-11-12 13:55:37.168988
S0002,QZ_ML ,ML Basics,87,100,2025-12-12 13:55:37.168988
S0002,QZ_ML ,ML Basics,47,100,2026-01-10 13:55:37.168988
S0002,QZ_DEE,Deep Learning,37,100,2025-08-31 13:55:37.168988
S0002,QZ_DEE,Deep Learning,51,100,2025-11-23 13:55:37.168988
S0002,QZ_DEE,Deep Learning,79,100,2025-08-22 13:55:37.168988
S0002,QZ_DEE,Deep Learning,95,100,2025-09-05 13:55:37.168988
S0002,QZ_NLP,NLP,98,100,2025-10-07 13:55:37.168988
S0002,QZ_NLP,NLP,51,100,2025-12-30 13:55:37.168988
S0002,QZ_NLP,NLP,77,100,2025-11-02 13:55:37.168988
S0002,QZ_COM,Computer Vision,26,100,2025-12-16 13:55:37.168988
S0002,QZ_COM,Computer Vision,48,100,2025-12-12 13:55:37.168988
S0002,QZ_COM,Computer Vision,51,100,2025-11-17 13:55:37.168988
S0002,QZ_OPT,Optimization,73,100,2025-08-17 13:55:37.168988
S0002,QZ_OPT,Optimization,51,100,2026-01-15 13:55:37.168988
S0003,QZ_LIN,Linear Algebra,93,100,2025-08-20 13:55:37.168988
S0003,QZ_LIN,Linear Algebra,34,100,2025-07-28 13:55:37.168988
S0003,QZ_LIN,Linear Algebra,73,100,2025-09-18 13:55:37.168988
S0003,QZ_PRO,Probability,53,100,2025-11-02 13:55:37.168988
S0003,QZ_PRO,Probability,79,100,2025-12-21 13:55:37.168988
S0003,QZ_PRO,Probability,99,100,2025-08-22 13:55:37.168988
S0003,QZ_PRO,Probability,87,100,2025-07-24 13:55:37.168988
S0003,QZ_STA,Statistics,72,100,2025-09-16 13:55:37.168988
S0003,QZ_STA,Statistics,25,100,2025-10-11 13:55:37.168988
S0003,QZ_ML ,ML Basics,89,100,2026-01-10 13:55:37.168988
S0003,QZ_ML ,ML Basics,82,100,2025-08-21 13:55:37.168988
S0003,QZ_ML ,ML Basics,44,100,2026-01-03 13:55:37.168988
S0003,QZ_ML ,ML Basics,89,100,2026-01-10 13:55:37.168988
S0003,QZ_DEE,Deep Learning,82,100,2025-11-05 13:55:37.168988
S0003,QZ_DEE,Deep Learning,90,100,2025-09-15 13:55:37.168988
S0003,QZ_DEE,Deep Learning,64,100,2025-09-13 13:55:37.168988
S0003,QZ_DEE,Deep Learning,61,100,2025-12-15 13:55:37.168988
S0003,QZ_NLP,NLP,54,100,2025-08-07 13:55:37.168988
S0003,QZ_NLP,NLP,45,100,2025-12-10 13:55:37.168988
S0003,QZ_COM,Computer Vision,26,100,2025-11-01 13:55:37.168988
S0003,QZ_COM,Computer Vision,44,100,2025-09-04 13:55:37.168988
S0003,QZ_COM,Computer Vision,39,100,2025-10-19 13:55:37.168988
S0003,QZ_OPT,Optimization,64,100,2025-11-19 13:55:37.168988
S0003,QZ_OPT,Optimization,73,100,2025-08-21 13:55:37.168988
S0003,QZ_OPT,Optimization,53,100,2025-10-03 13:55:37.168988
S0003,QZ_OPT,Optimization,40,100,2025-09-08 13:55:37.168988
S0004,QZ_LIN,Linear Algebra,75,100,2025-10-04 13:55:37.168988
S0004,QZ_LIN,Linear Algebra,63,100,2025-10-29 13:55:37.168988
S0004,QZ_LIN,Linear Algebra,97,100,2025-11-27 13:55:37.168988
S0004,QZ_LIN,Linear Algebra,50,100,2025-10-02 13:55:37.168988
S0004,QZ_PRO,Probability,53,100,2025-12-08 13:55:37.168988
S0004,QZ_PRO,Probability,61,100,2025-11-14 13:55:37.168988
S0004,QZ_STA,Statistics,64,100,2025-07-23 13:55:37.168988
S0004,QZ_STA,Statistics,66,100,2025-07-25 13:55:37.168988
S0004,QZ_ML ,ML Basics,44,100,2025-11-01 13:55:37.168988
S0004,QZ_ML ,ML Basics,64,100,2025-09-14 13:55:37.168988
S0004,QZ_ML ,ML Basics,43,100,2025-08-30 13:55:37.168988
S0004,QZ_DEE,Deep Learning,52,100,2025-08-06 13:55:37.168988
S0004,QZ_DEE,Deep Learning,30,100,2025-10-29 13:55:37.168988
S0004,QZ_NLP,NLP,86,100,2025-08-29 13:55:37.168988
S0004,QZ_NLP,NLP,93,100,2025-08-14 13:55:37.168988
S0004,QZ_NLP,NLP,94,100,2025-12-24 13:55:37.168988
S0004,QZ_COM,Computer Vision,57,100,2025-07-22 13:55:37.168988
S0004,QZ_COM,Computer Vision,50,100,2025-08-31 13:55:37.168988
S0004,QZ_COM,Computer Vision,85,100,2025-11-04 13:55:37.168988
S0004,QZ_COM,Computer Vision,59,100,2025-12-21 13:55:37.168988
S0004,QZ_OPT,Optimization,98,100,2025-12-14 13:55:37.168988
S0004,QZ_OPT,Optimization,27,100,2025-08-02 13:55:37.168988
S0004,QZ_OPT,Optimization,50,100,2026-01-12 13:55:37.168988
S0004,QZ_OPT,Optimization,53,100,2025-09-17 13:55:37.168988
S0005,QZ_LIN,Linear Algebra,25,100,2025-09-16 13:55:37.168988
S0005,QZ_LIN,Linear Algebra,68,100,2025-11-16 13:55:37.168988
S0005,QZ_PRO,Probability,65,100,2025-08-05 13:55:37.168988
S0005,QZ_PRO,Probability,91,100,2025-12-03 13:55:37.168988
S0005,QZ_STA,Statistics,26,100,2025-10-11 13:55:37.168988
S0005,QZ_STA,Statistics,26,100,2025-11-23 13:55:37.168988
S0005,QZ_STA,Statistics,52,100,2025-11-10 13:55:37.168988
S0005,QZ_ML ,ML Basics,86,100,2025-09-08 13:55:37.168988
S0005,QZ_ML ,ML Basics,32,100,2025-07-30 13:55:37.168988
S0005,QZ_ML ,ML Basics,94,100,2025-09-17 13:55:37.168988
S0005,QZ_DEE,Deep Learning,82,100,2026-01-05 13:55:37.168988
S0005,QZ_DEE,Deep Learning,34,100,2025-11-05 13:55:37.168988
S0005,QZ_DEE,Deep Learning,47,100,2025-11-20 13:55:37.168988
S0005,QZ_NLP,NLP,75,100,2025-07-28 13:55:37.168988
S0005,QZ_NLP,NLP,60,100,2025-12-07 13:55:37.168988
S0005,QZ_NLP,NLP,37,100,2025-08-21 13:55:37.168988
S0005,QZ_COM,Computer Vision,25,100,2025-12-08 13:55:37.168988
S0005,QZ_COM,Computer Vision,39,100,2026-01-06 13:55:37.168988
S0005,QZ_COM,Computer Vision,40,100,2025-08-06 13:55:37.168988
S0005,QZ_COM,Computer Vision,30,100,2025-10-13 13:55:37.168988
S0005,QZ_OPT,Optimization,48,100,2025-11-25 13:55:37.168988
S0005,QZ_OPT,Optimization,99,100,2025-12-06 13:55:37.168988
S0005,QZ_OPT,Optimization,56,100,2025-08-31 13:55:37.168988
S0005,QZ_OPT,Optimization,57,100,2025-12-26 13:55:37.168988
S0006,QZ_LIN,Linear Algebra,68,100,2025-09-26 13:55:37.168988
S0006,QZ_LIN,Linear Algebra,78,100,2025-12-16 13:55:37.168988
S0006,QZ_LIN,Linear Algebra,95,100,2025-12-04 13:55:37.168988
S0006,QZ_LIN,Linear Algebra,53,100,2025-10-01 13:55:37.168988
S0006,QZ_PRO,Probability,53,100,2026-01-10 13:55:37.168988
S0006,QZ_PRO,Probability,64,100,2025-12-15 13:55:37.168988
S0006,QZ_PRO,Probability,34,100,2025-09-13 13:55:37.168988
S0006,QZ_PRO,Probability,26,100,2026-01-10 13:55:37.168988
S0006,QZ_STA,Statistics,26,100,2025-12-26 13:55:37.168988
S0006,QZ_STA,Statistics,44,100,2025-08-24 13:55:37.168988
S0006,QZ_ML ,ML Basics,86,100,2025-09-23 13:55:37.168988
S0006,QZ_ML ,ML Basics,71,100,2025-07-27 13:55:37.168988
S0006,QZ_ML ,ML Basics,72,100,2025-07-31 13:55:37.168988
S0006,QZ_DEE,Deep Learning,59,100,2025-12-11 13:55:37.168988
S0006,QZ_DEE,Deep Learning,77,100,2025-09-09 13:55:37.168988
S0006,QZ_DEE,Deep Learning,62,100,2025-10-03 13:55:37.168988
S0006,QZ_DEE,Deep Learning,50,100,2025-12-07 13:55:37.168988
S0006,QZ_NLP,NLP,68,100,2025-11-23 13:55:37.168988
S0006,QZ_NLP,NLP,44,100,2025-11-21 13:55:37.168988
S0006,QZ_COM,Computer Vision,69,100,2025-10-10 13:55:37.168988
S0006,QZ_COM,Computer Vision,65,100,2025-11-06 13:55:37.168988
S0006,QZ_COM,Computer Vision,58,100,2025-11-25 13:55:37.168988
S0006,QZ_OPT,Optimization,48,100,2025-12-13 13:55:37.168988
S0006,QZ_OPT,Optimization,66,100,2025-08-17 13:55:37.168988
S0006,QZ_OPT,Optimization,39,100,2025-10-22 13:55:37.168988
S0007,QZ_LIN,Linear Algebra,49,100,2025-09-27 13:55:37.168988
S0007,QZ_LIN,Linear Algebra,51,100,2025-08-26 13:55:37.168988
S0007,QZ_PRO,Probability,52,100,2025-11-29 13:55:37.168988
S0007,QZ_PRO,Probability,26,100,2025-08-05 13:55:37.168988
S0007,QZ_PRO,Probability,62,100,2025-08-11 13:55:37.168988
S0007,QZ_STA,Statistics,48,100,2025-11-16 13:55:37.168988
S0007,QZ_STA,Statistics,34,100,2025-12-20 13:55:37.168988
S0007,QZ_ML ,ML Basics,68,100,2025-07-24 13:55:37.168988
S0007,QZ_ML ,ML Basics,53,100,2025-11-17 13:55:37.168988
S0007,QZ_DEE,Deep Learning,26,100,2025-08-10 13:55:37.168988
S0007,QZ_DEE,Deep Learning,33,100,2025-09-09 13:55:37.168988
S0007,QZ_NLP,NLP,44,100,2025-11-22 13:55:37.168988
S0007,QZ_NLP,NLP,44,100,2025-10-14 13:55:37.168988
S0007,QZ_NLP,NLP,81,100,2025-11-29 13:55:37.168988
S0007,QZ_NLP,NLP,98,100,2025-10-28 13:55:37.168988
S0007,QZ_COM,Computer Vision,51,100,2025-10-17 13:55:37.168988
S0007,QZ_COM,Computer Vision,54,100,2025-09-07 13:55:37.168988
S0007,QZ_OPT,Optimization,74,100,2025-11-13 13:55:37.168988
S0007,QZ_OPT,Optimization,35,100,2025-09-05 13:55:37.168988
S0008,QZ_LIN,Linear Algebra,56,100,2025-12-04 13:55:37.168988
S0008,QZ_LIN,Linear Algebra,40,100,2025-10-03 13:55:37.168988
S0008,QZ_LIN,Linear Algebra,50,100,2025-09-11 13:55:37.168988
S0008,QZ_PRO,Probability,61,100,2025-08-03 13:55:37.168988
S0008,QZ_PRO,Probability,63,100,2025-11-17 13:55:37.168988
S0008,QZ_PRO,Probability,99,100,2025-10-18 13:55:37.168988
S0008,QZ_STA,Statistics,83,100,2025-10-09 13:55:37.168988
S0008,QZ_STA,Statistics,68,100,2025-07-23 13:55:37.168988
S0008,QZ_ML ,ML Basics,70,100,2025-09-12 13:55:37.168988
S0008,QZ_ML ,ML Basics,26,100,2025-09-24 13:55:37.168988
S0008,QZ_ML ,ML Basics,43,100,2025-11-30 13:55:37.168988
S0008,QZ_ML ,ML Basics,30,100,2025-12-04 13:55:37.168988
S0008,QZ_DEE,Deep Learning,83,100,2025-11-26 13:55:37.168988
S0008,QZ_DEE,Deep Learning,25,100,2025-11-19 13:55:37.168988
S0008,QZ_NLP,NLP,76,100,2025-11-24 13:55:37.168988
S0008,QZ_NLP,NLP,39,100,2026-01-13 13:55:37.168988
S0008,QZ_NLP,NLP,27,100,2025-08-12 13:55:37.168988
S0008,QZ_NLP,NLP,44,100,2025-08-11 13:55:37.168988
S0008,QZ_COM,Computer Vision,46,100,2026-01-03 13:55:37.168988
S0008,QZ_COM,Computer Vision,76,100,2025-08-15 13:55:37.168988
S0008,QZ_COM,Computer Vision,30,100,2025-11-25 13:55:37.168988
S0008,QZ_OPT,Optimization,60,100,2025-10-11 13:55:37.168988
S0008,QZ_OPT,Optimization,95,100,2025-09-08 13:55:37.168988
S0009,QZ_LIN,Linear Algebra,47,100,2025-10-05 13:55:37.168988
S0009,QZ_LIN,Linear Algebra,89,100,2025-09-10 13:55:37.168988
S0009,QZ_PRO,Probability,64,100,2025-10-10 13:55:37.168988
S0009,QZ_PRO,Probability,30,100,2025-12-01 13:55:37.168988
S0009,QZ_PRO,Probability,35,100,2025-11-25 13:55:37.168988
S0009,QZ_STA,Statistics,38,100,2025-07-25 13:55:37.168988
S0009,QZ_STA,Statistics,95,100,2025-10-07 13:55:37.168988
S0009,QZ_ML ,ML Basics,94,100,2025-10-09 13:55:37.168988
S0009,QZ_ML ,ML Basics,52,100,2025-12-15 13:55:37.168988
S0009,QZ_ML ,ML Basics,61,100,2025-07-28 13:55:37.168988
S0009,QZ_ML ,ML Basics,34,100,2025-10-18 13:55:37.168988
S0009,QZ_DEE,Deep Learning,63,100,2025-11-20 13:55:37.168988
S0009,QZ_DEE,Deep Learning,65,100,2025-07-21 13:55:37.168988
S0009,QZ_DEE,Deep Learning,42,100,2025-09-27 13:55:37.168988
S0009,QZ_NLP,NLP,58,100,2025-10-07 13:55:37.168988
S0009,QZ_NLP,NLP,88,100,2025-08-14 13:55:37.168988
S0009,QZ_COM,Computer Vision,42,100,2025-08-13 13:55:37.168988
S0009,QZ_COM,Computer Vision,62,100,2025-10-09 13:55:37.168988
S0009,QZ_COM,Computer Vision,32,100,2025-10-17 13:55:37.168988
S0009,QZ_OPT,Optimization,76,100,2025-10-03 13:55:37.168988
S0009,QZ_OPT,Optimization,27,100,2025-11-02 13:55:37.168988
S0009,QZ_OPT,Optimization,32,100,2025-10-09 13:55:37.168988
S0009,QZ_OPT,Optimization,93,100,2025-12-17 13:55:37.168988
S0010,QZ_LIN,Linear Algebra,76,100,2025-07-22 13:55:37.168988
S0010,QZ_LIN,Linear Algebra,61,100,2025-09-14 13:55:37.168988
S0010,QZ_PRO,Probability,48,100,2025-11-25 13:55:37.168988
S0010,QZ_PRO,Probability,54,100,2025-07-25 13:55:37.168988
S0010,QZ_PRO,Probability,79,100,2025-08-04 13:55:37.168988
S0010,QZ_STA,Statistics,64,100,2026-01-08 13:55:37.168988
S0010,QZ_STA,Statistics,61,100,2025-12-23 13:55:37.168988
S0010,QZ_ML ,ML Basics,54,100,2025-08-09 13:55:37.168988
S0010,QZ_ML ,ML Basics,93,100,2026-01-08 13:55:37.168988
S0010,QZ_DEE,Deep Learning,56,100,2025-10-28 13:55:37.168988
S0010,QZ_DEE,Deep Learning,73,100,2025-12-26 13:55:37.168988
S0010,QZ_DEE,Deep Learning,45,100,2025-11-14 13:55:37.168988
S0010,QZ_DEE,Deep Learning,53,100,2025-12-17 13:55:37.168988
S0010,QZ_NLP,NLP,50,100,2025-08-26 13:55:37.168988
S0010,QZ_NLP,NLP,60,100,2025-09-01 13:55:37.168988
S0010,QZ_NLP,NLP,32,100,2025-12-03 13:55:37.168988
S0010,QZ_NLP,NLP,26,100,2025-08-20 13:55:37.168988
S0010,QZ_COM,Computer Vision,49,100,2025-10-30 13:55:37.168988
S0010,QZ_COM,Computer Vision,25,100,2026-01-14 13:55:37.168988
S0010,QZ_OPT,Optimization,34,100,2025-10-09 13:55:37.168988
S0010,QZ_OPT,Optimization,80,100,2025-10-17 13:55:37.168988
S0010,QZ_OPT,Optimization,75,100,2025-12-16 13:55:37.168988
S0011,QZ_LIN,Linear Algebra,94,100,2025-08-28 13:55:37.168988
S0011,QZ_LIN,Linear Algebra,32,100,2025-09-08 13:55:37.168988
S0011,QZ_LIN,Linear Algebra,77,100,2025-08-09 13:55:37.168988
S0011,QZ_LIN,Linear Algebra,41,100,2025-12-30 13:55:37.168988
S0011,QZ_PRO,Probability,53,100,2025-10-09 13:55:37.168988
S0011,QZ_PRO,Probability,48,100,2025-11-22 13:55:37.168988
S0011,QZ_PRO,Probability,93,100,2025-12-09 13:55:37.168988
S0011,QZ_PRO,Probability,28,100,2025-09-17 13:55:37.168988
S0011,QZ_STA,Statistics,93,100,2025-11-01 13:55:37.168988
S0011,QZ_STA,Statistics,34,100,2025-07-29 13:55:37.168988
S0011,QZ_STA,Statistics,51,100,2025-11-21 13:55:37.168988
S0011,QZ_ML ,ML Basics,27,100,2025-10-27 13:55:37.168988
S0011,QZ_ML ,ML Basics,35,100,2025-12-19 13:55:37.168988
S0011,QZ_ML ,ML Basics,77,100,2025-12-13 13:55:37.168988
S0011,QZ_DEE,Deep Learning,71,100,2025-10-13 13:55:37.168988
S0011,QZ_DEE,Deep Learning,34,100,2025-10-22 13:55:37.168988
S0011,QZ_DEE,Deep Learning,60,100,2025-09-03 13:55:37.168988
S0011,QZ_NLP,NLP,51,100,2025-11-13 13:55:37.168988
S0011,QZ_NLP,NLP,61,100,2025-08-15 13:55:37.168988
S0011,QZ_COM,Computer Vision,46,100,2025-09-14 13:55:37.168988
S0011,QZ_COM,Computer Vision,96,100,2025-10-31 13:55:37.168988
S0011,QZ_COM,Computer Vision,65,100,2025-11-04 13:55:37.168988
S0011,QZ_COM,Computer Vision,36,100,2025-09-16 13:55:37.168988
S0011,QZ_OPT,Optimization,61,100,2025-08-18 13:55:37.168988
S0011,QZ_OPT,Optimization,32,100,2025-12-16 13:55:37.168988
S0011,QZ_OPT,Optimization,65,100,2025-10-19 13:55:37.168988
S0012,QZ_LIN,Linear Algebra,59,100,2025-09-01 13:55:37.168988
S0012,QZ_LIN,Linear Algebra,36,100,2025-10-28 13:55:37.168988
S0012,QZ_LIN,Linear Algebra,67,100,2025-07-27 13:55:37.168988
S0012,QZ_LIN,Linear Algebra,88,100,2026-01-11 13:55:37.168988
S0012,QZ_PRO,Probability,51,100,2025-11-03 13:55:37.168988
S0012,QZ_PRO,Probability,42,100,2026-01-07 13:55:37.168988
S0012,QZ_STA,Statistics,83,100,2026-01-13 13:55:37.168988
S0012,QZ_STA,Statistics,72,100,2025-12-25 13:55:37.168988
S0012,QZ_STA,Statistics,62,100,2025-08-06 13:55:37.168988
S0012,QZ_STA,Statistics,80,100,2025-10-30 13:55:37.168988
S0012,QZ_ML ,ML Basics,77,100,2025-08-11 13:55:37.168988
S0012,QZ_ML ,ML Basics,36,100,2025-09-26 13:55:37.168988
S0012,QZ_ML ,ML Basics,39,100,2025-12-13 13:55:37.168988
S0012,QZ_ML ,ML Basics,64,100,2025-11-04 13:55:37.168988
S0012,QZ_DEE,Deep Learning,88,100,2025-11-24 13:55:37.168988
S0012,QZ_DEE,Deep Learning,46,100,2025-10-23 13:55:37.168988
S0012,QZ_NLP,NLP,86,100,2025-10-08 13:55:37.168988
S0012,QZ_NLP,NLP,37,100,2025-07-30 13:55:37.168988
S0012,QZ_NLP,NLP,44,100,2026-01-01 13:55:37.168988
S0012,QZ_NLP,NLP,72,100,2025-08-30 13:55:37.168988
S0012,QZ_COM,Computer Vision,77,100,2025-08-23 13:55:37.168988
S0012,QZ_COM,Computer Vision,88,100,2025-12-28 13:55:37.168988
S0012,QZ_OPT,Optimization,68,100,2025-09-19 13:55:37.168988
S0012,QZ_OPT,Optimization,70,100,2025-08-24 13:55:37.168988
S0012,QZ_OPT,Optimization,73,100,2025-11-10 13:55:37.168988
S0013,QZ_LIN,Linear Algebra,29,100,2025-08-24 13:55:37.168988
S0013,QZ_LIN,Linear Algebra,35,100,2025-09-01 13:55:37.168988
S0013,QZ_LIN,Linear Algebra,74,100,2025-12-03 13:55:37.168988
S0013,QZ_LIN,Linear Algebra,46,100,2025-12-07 13:55:37.168988
S0013,QZ_PRO,Probability,80,100,2025-10-09 13:55:37.168988
S0013,QZ_PRO,Probability,30,100,2025-11-13 13:55:37.168988
S0013,QZ_STA,Statistics,99,100,2025-09-16 13:55:37.168988
S0013,QZ_STA,Statistics,50,100,2025-10-28 13:55:37.168988
S0013,QZ_ML ,ML Basics,82,100,2026-01-10 13:55:37.168988
S0013,QZ_ML ,ML Basics,32,100,2025-12-13 13:55:37.168988
S0013,QZ_DEE,Deep Learning,55,100,2025-12-30 13:55:37.168988
S0013,QZ_DEE,Deep Learning,34,100,2025-08-15 13:55:37.168988
S0013,QZ_DEE,Deep Learning,88,100,2025-09-18 13:55:37.168988
S0013,QZ_NLP,NLP,49,100,2025-09-20 13:55:37.168988
S0013,QZ_NLP,NLP,61,100,2025-07-25 13:55:37.168988
S0013,QZ_NLP,NLP,65,100,2025-12-25 13:55:37.168988
S0013,QZ_COM,Computer Vision,62,100,2025-08-19 13:55:37.168988
S0013,QZ_COM,Computer Vision,38,100,2025-08-07 13:55:37.168988
S0013,QZ_COM,Computer Vision,51,100,2025-07-26 13:55:37.168988
S0013,QZ_OPT,Optimization,91,100,2025-07-31 13:55:37.168988
S0013,QZ_OPT,Optimization,92,100,2025-10-17 13:55:37.168988
S0014,QZ_LIN,Linear Algebra,92,100,2025-10-13 13:55:37.168988
S0014,QZ_LIN,Linear Algebra,40,100,2025-09-22 13:55:37.168988
S0014,QZ_PRO,Probability,38,100,2025-09-12 13:55:37.168988
S0014,QZ_PRO,Probability,60,100,2025-10-23 13:55:37.168988
S0014,QZ_STA,Statistics,73,100,2025-11-15 13:55:37.168988
S0014,QZ_STA,Statistics,55,100,2025-10-11 13:55:37.168988
S0014,QZ_STA,Statistics,89,100,2026-01-05 13:55:37.168988
S0014,QZ_STA,Statistics,68,100,2025-11-01 13:55:37.168988
S0014,QZ_ML ,ML Basics,63,100,2025-12-12 13:55:37.168988
S0014,QZ_ML ,ML Basics,91,100,2025-09-17 13:55:37.168988
S0014,QZ_ML ,ML Basics,91,100,2025-08-11 13:55:37.168988
S0014,QZ_ML ,ML Basics,39,100,2025-09-24 13:55:37.168988
S0014,QZ_DEE,Deep Learning,25,100,2025-09-19 13:55:37.168988
S0014,QZ_DEE,Deep Learning,73,100,2025-11-29 13:55:37.168988
S0014,QZ_DEE,Deep Learning,93,100,2026-01-01 13:55:37.168988
S0014,QZ_NLP,NLP,37,100,2025-08-08 13:55:37.168988
S0014,QZ_NLP,NLP,42,100,2025-11-18 13:55:37.168988
S0014,QZ_NLP,NLP,92,100,2025-11-22 13:55:37.168988
S0014,QZ_NLP,NLP,45,100,2025-11-22 13:55:37.168988
S0014,QZ_COM,Computer Vision,65,100,2025-10-09 13:55:37.168988
S0014,QZ_COM,Computer Vision,75,100,2025-09-21 13:55:37.168988
S0014,QZ_COM,Computer Vision,73,100,2025-08-02 13:55:37.168988
S0014,QZ_COM,Computer Vision,28,100,2025-08-20 13:55:37.168988
S0014,QZ_OPT,Optimization,27,100,2025-12-12 13:55:37.168988
S0014,QZ_OPT,Optimization,47,100,2025-11-27 13:55:37.168988
S0015,QZ_LIN,Linear Algebra,38,100,2025-11-30 13:55:37.168988
S0015,QZ_LIN,Linear Algebra,63,100,2025-09-20 13:55:37.168988
S0015,QZ_LIN,Linear Algebra,70,100,2025-07-25 13:55:37.168988
S0015,QZ_LIN,Linear Algebra,85,100,2025-10-19 13:55:37.168988
S0015,QZ_PRO,Probability,83,100,2025-09-24 13:55:37.168988
S0015,QZ_PRO,Probability,79,100,2025-07-25 13:55:37.168988
S0015,QZ_STA,Statistics,53,100,2025-09-29 13:55:37.168988
S0015,QZ_STA,Statistics,27,100,2025-09-15 13:55:37.168988
S0015,QZ_ML ,ML Basics,59,100,2025-08-09 13:55:37.168988
S0015,QZ_ML ,ML Basics,63,100,2025-09-23 13:55:37.168988
S0015,QZ_ML ,ML Basics,64,100,2025-07-29 13:55:37.168988
S0015,QZ_ML ,ML Basics,49,100,2025-09-02 13:55:37.168988
S0015,QZ_DEE,Deep Learning,29,100,2025-08-04 13:55:37.168988
S0015,QZ_DEE,Deep Learning,27,100,2025-09-15 13:55:37.168988
S0015,QZ_DEE,Deep Learning,68,100,2025-11-02 13:55:37.168988
S0015,QZ_NLP,NLP,54,100,2025-10-24 13:55:37.168988
S0015,QZ_NLP,NLP,88,100,2025-09-17 13:55:37.168988
S0015,QZ_NLP,NLP,70,100,2025-08-01 13:55:37.168988
S0015,QZ_COM,Computer Vision,52,100,2025-11-15 13:55:37.168988
S0015,QZ_COM,Computer Vision,33,100,2025-07-30 13:55:37.168988
S0015,QZ_COM,Computer Vision,69,100,2025-07-29 13:55:37.168988
S0015,QZ_COM,Computer Vision,52,100,2025-10-15 13:55:37.168988
S0015,QZ_OPT,Optimization,52,100,2026-01-03 13:55:37.168988
S0015,QZ_OPT,Optimization,67,100,2025-09-23 13:55:37.168988
S0016,QZ_LIN,Linear Algebra,41,100,2025-11-20 13:55:37.168988
S0016,QZ_LIN,Linear Algebra,50,100,2025-08-10 13:55:37.168988
S0016,QZ_LIN,Linear Algebra,87,100,2025-08-08 13:55:37.168988
S0016,QZ_PRO,Probability,80,100,2025-11-23 13:55:37.168988
S0016,QZ_PRO,Probability,60,100,2025-11-26 13:55:37.168988
S0016,QZ_PRO,Probability,30,100,2025-09-07 13:55:37.168988
S0016,QZ_STA,Statistics,91,100,2025-09-01 13:55:37.168988
S0016,QZ_STA,Statistics,27,100,2025-09-01 13:55:37.168988
S0016,QZ_ML ,ML Basics,98,100,2025-09-19 13:55:37.168988
S0016,QZ_ML ,ML Basics,49,100,2025-07-21 13:55:37.168988
S0016,QZ_ML ,ML Basics,60,100,2025-07-21 13:55:37.168988
S0016,QZ_DEE,Deep Learning,72,100,2026-01-08 13:55:37.168988
S0016,QZ_DEE,Deep Learning,80,100,2025-12-28 13:55:37.168988
S0016,QZ_DEE,Deep Learning,71,100,2025-09-10 13:55:37.168988
S0016,QZ_NLP,NLP,44,100,2025-07-29 13:55:37.168988
S0016,QZ_NLP,NLP,99,100,2025-10-23 13:55:37.168988
S0016,QZ_NLP,NLP,45,100,2025-10-06 13:55:37.168988
S0016,QZ_COM,Computer Vision,39,100,2025-08-30 13:55:37.168988
S0016,QZ_COM,Computer Vision,94,100,2025-09-23 13:55:37.168988
S0016,QZ_OPT,Optimization,35,100,2025-07-21 13:55:37.168988
S0016,QZ_OPT,Optimization,46,100,2025-08-03 13:55:37.168988
S0017,QZ_LIN,Linear Algebra,43,100,2025-10-11 13:55:37.168988
S0017,QZ_LIN,Linear Algebra,44,100,2025-11-07 13:55:37.168988
S0017,QZ_LIN,Linear Algebra,81,100,2025-12-31 13:55:37.168988
S0017,QZ_PRO,Probability,90,100,2025-12-01 13:55:37.168988
S0017,QZ_PRO,Probability,98,100,2025-11-23 13:55:37.168988
S0017,QZ_PRO,Probability,92,100,2025-08-31 13:55:37.168988
S0017,QZ_PRO,Probability,83,100,2025-12-12 13:55:37.168988
S0017,QZ_STA,Statistics,26,100,2025-08-13 13:55:37.168988
S0017,QZ_STA,Statistics,86,100,2025-10-06 13:55:37.168988
S0017,QZ_ML ,ML Basics,72,100,2025-12-15 13:55:37.168988
S0017,QZ_ML ,ML Basics,25,100,2025-08-03 13:55:37.168988
S0017,QZ_ML ,ML Basics,98,100,2025-08-24 13:55:37.168988
S0017,QZ_ML ,ML Basics,70,100,2025-09-20 13:55:37.168988
S0017,QZ_DEE,Deep Learning,94,100,2025-08-08 13:55:37.168988
S0017,QZ_DEE,Deep Learning,46,100,2025-10-30 13:55:37.168988
S0017,QZ_DEE,Deep Learning,79,100,2025-10-06 13:55:37.168988
S0017,QZ_NLP,NLP,58,100,2025-12-28 13:55:37.168988
S0017,QZ_NLP,NLP,85,100,2025-09-13 13:55:37.168988
S0017,QZ_NLP,NLP,93,100,2025-12-16 13:55:37.168988
S0017,QZ_NLP,NLP,30,100,2025-08-10 13:55:37.168988
S0017,QZ_COM,Computer Vision,58,100,2025-10-28 13:55:37.168988
S0017,QZ_COM,Computer Vision,39,100,2025-12-11 13:55:37.168988
S0017,QZ_OPT,Optimization,79,100,2026-01-11 13:55:37.168988
S0017,QZ_OPT,Optimization,98,100,2025-09-08 13:55:37.168988
S0018,QZ_LIN,Linear Algebra,68,100,2025-10-22 13:55:37.168988
S0018,QZ_LIN,Linear Algebra,34,100,2025-12-28 13:55:37.168988
S0018,QZ_LIN,Linear Algebra,58,100,2025-07-25 13:55:37.168988
S0018,QZ_PRO,Probability,63,100,2025-09-25 13:55:37.168988
S0018,QZ_PRO,Probability,85,100,2025-07-23 13:55:37.168988
S0018,QZ_PRO,Probability,70,100,2025-08-20 13:55:37.168988
S0018,QZ_PRO,Probability,53,100,2025-08-03 13:55:37.168988
S0018,QZ_STA,Statistics,48,100,2025-10-22 13:55:37.168988
S0018,QZ_STA,Statistics,91,100,2025-10-20 13:55:37.168988
S0018,QZ_STA,Statistics,73,100,2025-08-20 13:55:37.168988
S0018,QZ_ML ,ML Basics,76,100,2025-09-13 13:55:37.168988
S0018,QZ_ML ,ML Basics,95,100,2025-08-21 13:55:37.168988
S0018,QZ_DEE,Deep Learning,57,100,2025-08-22 13:55:37.168988
S0018,QZ_DEE,Deep Learning,95,100,2025-12-23 13:55:37.168988
S0018,QZ_DEE,Deep Learning,93,100,2025-11-05 13:55:37.168988
S0018,QZ_NLP,NLP,37,100,2026-01-06 13:55:37.168988
S0018,QZ_NLP,NLP,31,100,2025-09-16 13:55:37.168988
S0018,QZ_NLP,NLP,66,100,2025-07-28 13:55:37.168988
S0018,QZ_COM,Computer Vision,38,100,2025-09-19 13:55:37.168988
S0018,QZ_COM,Computer Vision,97,100,2026-01-01 13:55:37.168988
S0018,QZ_COM,Computer Vision,76,100,2025-11-22 13:55:37.168988
S0018,QZ_COM,Computer Vision,63,100,2025-11-22 13:55:37.168988
S0018,QZ_OPT,Optimization,99,100,2025-11-16 13:55:37.168988
S0018,QZ_OPT,Optimization,67,100,2025-09-09 13:55:37.168988
S0018,QZ_OPT,Optimization,54,100,2026-01-02 13:55:37.168988
S0018,QZ_OPT,Optimization,92,100,2025-08-25 13:55:37.168988
S0019,QZ_LIN,Linear Algebra,47,100,2025-08-15 13:55:37.168988
S0019,QZ_LIN,Linear Algebra,83,100,2025-09-13 13:55:37.168988
S0019,QZ_LIN,Linear Algebra,58,100,2025-08-20 13:55:37.168988
S0019,QZ_PRO,Probability,42,100,2025-12-18 13:55:37.168988
S0019,QZ_PRO,Probability,81,100,2026-01-16 13:55:37.168988
S0019,QZ_PRO,Probability,94,100,2025-09-28 13:55:37.168988
S0019,QZ_STA,Statistics,26,100,2025-09-24 13:55:37.168988
S0019,QZ_STA,Statistics,53,100,2025-12-15 13:55:37.168988
S0019,QZ_ML ,ML Basics,33,100,2025-08-05 13:55:37.168988
S0019,QZ_ML ,ML Basics,67,100,2025-10-18 13:55:37.168988
S0019,QZ_DEE,Deep Learning,82,100,2025-11-03 13:55:37.168988
S0019,QZ_DEE,Deep Learning,92,100,2025-11-23 13:55:37.168988
S0019,QZ_DEE,Deep Learning,66,100,2025-09-30 13:55:37.168988
S0019,QZ_NLP,NLP,44,100,2025-09-06 13:55:37.168988
S0019,QZ_NLP,NLP,25,100,2025-10-28 13:55:37.168988
S0019,QZ_NLP,NLP,92,100,2025-09-30 13:55:37.168988
S0019,QZ_COM,Computer Vision,25,100,2025-12-25 13:55:37.168988
S0019,QZ_COM,Computer Vision,27,100,2025-08-16 13:55:37.168988
S0019,QZ_COM,Computer Vision,87,100,2026-01-15 13:55:37.168988
S0019,QZ_OPT,Optimization,55,100,2025-12-10 13:55:37.168988
S0019,QZ_OPT,Optimization,66,100,2025-12-08 13:55:37.168988
S0019,QZ_OPT,Optimization,38,100,2025-08-15 13:55:37.168988
S0020,QZ_LIN,Linear Algebra,84,100,2025-09-21 13:55:37.168988
S0020,QZ_LIN,Linear Algebra,38,100,2025-07-25 13:55:37.168988
S0020,QZ_LIN,Linear Algebra,57,100,2026-01-14 13:55:37.168988
S0020,QZ_LIN,Linear Algebra,88,100,2025-09-03 13:55:37.168988
S0020,QZ_PRO,Probability,52,100,2025-11-30 13:55:37.168988
S0020,QZ_PRO,Probability,58,100,2025-09-27 13:55:37.168988
S0020,QZ_PRO,Probability,83,100,2025-08-11 13:55:37.168988
S0020,QZ_STA,Statistics,65,100,2025-12-12 13:55:37.168988
S0020,QZ_STA,Statistics,94,100,2025-07-21 13:55:37.168988
S0020,QZ_STA,Statistics,65,100,2026-01-09 13:55:37.168988
S0020,QZ_ML ,ML Basics,43,100,2025-07-24 13:55:37.168988
S0020,QZ_ML ,ML Basics,93,100,2025-09-18 13:55:37.168988
S0020,QZ_ML ,ML Basics,41,100,2025-11-27 13:55:37.168988
S0020,QZ_DEE,Deep Learning,35,100,2025-08-16 13:55:37.168988
S0020,QZ_DEE,Deep Learning,52,100,2025-09-02 13:55:37.168988
S0020,QZ_NLP,NLP,31,100,2025-11-13 13:55:37.168988
S0020,QZ_NLP,NLP,76,100,2025-11-10 13:55:37.168988
S0020,QZ_NLP,NLP,28,100,2025-09-09 13:55:37.168988
S0020,QZ_COM,Computer Vision,73,100,2025-11-13 13:55:37.168988
S0020,QZ_COM,Computer Vision,40,100,2025-12-17 13:55:37.168988
S0020,QZ_OPT,Optimization,57,100,2025-11-28 13:55:37.168988
S0020,QZ_OPT,Optimization,53,100,2025-09-11 13:55:37.168988
S0021,QZ_LIN,Linear Algebra,58,100,2026-01-11 13:55:37.168988
S0021,QZ_LIN,Linear Algebra,55,100,2025-09-02 13:55:37.168988
S0021,QZ_LIN,Linear Algebra,37,100,2025-10-08 13:55:37.168988
S0021,QZ_PRO,Probability,39,100,2025-11-06 13:55:37.168988
S0021,QZ_PRO,Probability,66,100,2025-11-15 13:55:37.168988
S0021,QZ_PRO,Probability,47,100,2025-08-22 13:55:37.168988
S0021,QZ_STA,Statistics,29,100,2025-12-05 13:55:37.168988
S0021,QZ_STA,Statistics,58,100,2025-12-10 13:55:37.168988
S0021,QZ_ML ,ML Basics,48,100,2025-08-02 13:55:37.168988
S0021,QZ_ML ,ML Basics,72,100,2025-08-13 13:55:37.168988
S0021,QZ_ML ,ML Basics,52,100,2025-09-01 13:55:37.168988
S0021,QZ_DEE,Deep Learning,48,100,2025-11-24 13:55:37.168988
S0021,QZ_DEE,Deep Learning,79,100,2026-01-12 13:55:37.168988
S0021,QZ_DEE,Deep Learning,28,100,2025-09-17 13:55:37.168988
S0021,QZ_DEE,Deep Learning,87,100,2025-08-16 13:55:37.168988
S0021,QZ_NLP,NLP,40,100,2025-11-08 13:55:37.168988
S0021,QZ_NLP,NLP,65,100,2025-10-12 13:55:37.168988
S0021,QZ_NLP,NLP,62,100,2025-07-25 13:55:37.168988
S0021,QZ_COM,Computer Vision,74,100,2025-12-01 13:55:37.168988
S0021,QZ_COM,Computer Vision,50,100,2025-12-07 13:55:37.168988
S0021,QZ_OPT,Optimization,31,100,2025-08-31 13:55:37.168988
S0021,QZ_OPT,Optimization,48,100,2026-01-11 13:55:37.168988
S0021,QZ_OPT,Optimization,82,100,2025-08-23 13:55:37.168988
S0021,QZ_OPT,Optimization,40,100,2025-08-03 13:55:37.168988
S0022,QZ_LIN,Linear Algebra,54,100,2025-11-19 13:55:37.168988
S0022,QZ_LIN,Linear Algebra,70,100,2025-12-24 13:55:37.168988
S0022,QZ_LIN,Linear Algebra,62,100,2025-10-15 13:55:37.168988
S0022,QZ_LIN,Linear Algebra,67,100,2025-08-23 13:55:37.168988
S0022,QZ_PRO,Probability,94,100,2025-09-18 13:55:37.168988
S0022,QZ_PRO,Probability,31,100,2025-12-15 13:55:37.168988
S0022,QZ_PRO,Probability,60,100,2025-08-04 13:55:37.168988
S0022,QZ_PRO,Probability,50,100,2026-01-16 13:55:37.168988
S0022,QZ_STA,Statistics,96,100,2025-12-14 13:55:37.168988
S0022,QZ_STA,Statistics,87,100,2025-12-20 13:55:37.168988
S0022,QZ_ML ,ML Basics,34,100,2026-01-03 13:55:37.168988
S0022,QZ_ML ,ML Basics,48,100,2025-09-04 13:55:37.168988
S0022,QZ_DEE,Deep Learning,80,100,2025-11-20 13:55:37.168988
S0022,QZ_DEE,Deep Learning,83,100,2025-11-01 13:55:37.168988
S0022,QZ_NLP,NLP,85,100,2026-01-12 13:55:37.168988
S0022,QZ_NLP,NLP,59,100,2025-09-03 13:55:37.168988
S0022,QZ_COM,Computer Vision,52,100,2025-09-25 13:55:37.168988
S0022,QZ_COM,Computer Vision,35,100,2025-11-26 13:55:37.168988
S0022,QZ_COM,Computer Vision,62,100,2025-10-21 13:55:37.168988
S0022,QZ_OPT,Optimization,35,100,2026-01-05 13:55:37.168988
S0022,QZ_OPT,Optimization,33,100,2025-08-05 13:55:37.168988
S0023,QZ_LIN,Linear Algebra,54,100,2025-11-16 13:55:37.168988
S0023,QZ_LIN,Linear Algebra,55,100,2025-11-23 13:55:37.168988
S0023,QZ_LIN,Linear Algebra,53,100,2025-10-21 13:55:37.168988
S0023,QZ_LIN,Linear Algebra,37,100,2025-12-12 13:55:37.168988
S0023,QZ_PRO,Probability,73,100,2025-10-30 13:55:37.168988
S0023,QZ_PRO,Probability,79,100,2025-08-31 13:55:37.168988
S0023,QZ_PRO,Probability,72,100,2025-08-28 13:55:37.168988
S0023,QZ_PRO,Probability,52,100,2025-11-27 13:55:37.168988
S0023,QZ_STA,Statistics,81,100,2025-09-13 13:55:37.168988
S0023,QZ_STA,Statistics,61,100,2025-10-05 13:55:37.168988
S0023,QZ_ML ,ML Basics,74,100,2025-10-20 13:55:37.168988
S0023,QZ_ML ,ML Basics,46,100,2025-09-12 13:55:37.168988
S0023,QZ_ML ,ML Basics,87,100,2025-09-18 13:55:37.168988
S0023,QZ_DEE,Deep Learning,77,100,2025-11-28 13:55:37.168988
S0023,QZ_DEE,Deep Learning,88,100,2025-11-09 13:55:37.168988
S0023,QZ_NLP,NLP,78,100,2025-09-06 13:55:37.168988
S0023,QZ_NLP,NLP,92,100,2026-01-07 13:55:37.168988
S0023,QZ_COM,Computer Vision,83,100,2026-01-04 13:55:37.168988
S0023,QZ_COM,Computer Vision,38,100,2025-07-24 13:55:37.168988
S0023,QZ_COM,Computer Vision,45,100,2025-09-17 13:55:37.168988
S0023,QZ_OPT,Optimization,59,100,2026-01-02 13:55:37.168988
S0023,QZ_OPT,Optimization,36,100,2026-01-16 13:55:37.168988
S0023,QZ_OPT,Optimization,62,100,2025-12-21 13:55:37.168988
S0024,QZ_LIN,Linear Algebra,93,100,2025-11-18 13:55:37.168988
S0024,QZ_LIN,Linear Algebra,27,100,2025-12-05 13:55:37.168988
S0024,QZ_PRO,Probability,98,100,2025-09-15 13:55:37.168988
S0024,QZ_PRO,Probability,83,100,2025-09-20 13:55:37.168988
S0024,QZ_STA,Statistics,72,100,2025-09-16 13:55:37.168988
S0024,QZ_STA,Statistics,62,100,2025-12-19 13:55:37.168988
S0024,QZ_STA,Statistics,73,100,2025-10-05 13:55:37.168988
S0024,QZ_STA,Statistics,92,100,2025-12-29 13:55:37.168988
S0024,QZ_ML ,ML Basics,97,100,2025-10-31 13:55:37.168988
S0024,QZ_ML ,ML Basics,92,100,2025-09-29 13:55:37.168988
S0024,QZ_ML ,ML Basics,42,100,2025-12-21 13:55:37.168988
S0024,QZ_ML ,ML Basics,67,100,2026-01-01 13:55:37.168988
S0024,QZ_DEE,Deep Learning,45,100,2026-01-16 13:55:37.168988
S0024,QZ_DEE,Deep Learning,90,100,2025-10-22 13:55:37.168988
S0024,QZ_NLP,NLP,61,100,2025-11-07 13:55:37.168988
S0024,QZ_NLP,NLP,48,100,2025-11-04 13:55:37.168988
S0024,QZ_NLP,NLP,53,100,2025-09-10 13:55:37.168988
S0024,QZ_NLP,NLP,89,100,2025-11-29 13:55:37.168988
S0024,QZ_COM,Computer Vision,92,100,2025-10-24 13:55:37.168988
S0024,QZ_COM,Computer Vision,26,100,2025-12-18 13:55:37.168988
S0024,QZ_COM,Computer Vision,49,100,2025-08-19 13:55:37.168988
S0024,QZ_COM,Computer Vision,65,100,2025-09-29 13:55:37.168988
S0024,QZ_OPT,Optimization,97,100,2025-12-22 13:55:37.168988
S0024,QZ_OPT,Optimization,90,100,2025-09-07 13:55:37.168988
S0024,QZ_OPT,Optimization,73,100,2025-12-13 13:55:37.168988
S0024,QZ_OPT,Optimization,50,100,2026-01-08 13:55:37.168988
S0025,QZ_LIN,Linear Algebra,50,100,2025-12-01 13:55:37.168988
S0025,QZ_LIN,Linear Algebra,86,100,2025-08-22 13:55:37.168988
S0025,QZ_LIN,Linear Algebra,85,100,2025-12-10 13:55:37.168988
S0025,QZ_LIN,Linear Algebra,66,100,2025-10-20 13:55:37.168988
S0025,QZ_PRO,Probability,97,100,2025-10-28 13:55:37.168988
S0025,QZ_PRO,Probability,60,100,2025-08-12 13:55:37.168988
S0025,QZ_PRO,Probability,58,100,2025-08-24 13:55:37.168988
S0025,QZ_STA,Statistics,93,100,2025-07-25 13:55:37.168988
S0025,QZ_STA,Statistics,62,100,2026-01-06 13:55:37.168988
S0025,QZ_STA,Statistics,65,100,2025-09-03 13:55:37.168988
S0025,QZ_ML ,ML Basics,58,100,2025-12-07 13:55:37.168988
S0025,QZ_ML ,ML Basics,52,100,2025-09-03 13:55:37.168988
S0025,QZ_ML ,ML Basics,43,100,2025-10-28 13:55:37.168988
S0025,QZ_ML ,ML Basics,83,100,2025-07-22 13:55:37.168988
S0025,QZ_DEE,Deep Learning,83,100,2025-11-08 13:55:37.168988
S0025,QZ_DEE,Deep Learning,79,100,2025-11-24 13:55:37.168988
S0025,QZ_NLP,NLP,35,100,2025-12-05 13:55:37.168988
S0025,QZ_NLP,NLP,60,100,2025-11-06 13:55:37.168988
S0025,QZ_NLP,NLP,96,100,2026-01-07 13:55:37.168988
S0025,QZ_COM,Computer Vision,54,100,2025-12-28 13:55:37.168988
S0025,QZ_COM,Computer Vision,82,100,2025-11-10 13:55:37.168988
S0025,QZ_OPT,Optimization,59,100,2025-12-27 13:55:37.168988
S0025,QZ_OPT,Optimization,67,100,2025-08-09 13:55:37.168988
S0026,QZ_LIN,Linear Algebra,77,100,2025-12-23 13:55:37.168988
S0026,QZ_LIN,Linear Algebra,51,100,2025-12-07 13:55:37.168988
S0026,QZ_LIN,Linear Algebra,80,100,2025-11-23 13:55:37.168988
S0026,QZ_PRO,Probability,67,100,2025-10-09 13:55:37.168988
S0026,QZ_PRO,Probability,87,100,2025-11-17 13:55:37.168988
S0026,QZ_STA,Statistics,71,100,2025-12-11 13:55:37.168988
S0026,QZ_STA,Statistics,81,100,2025-12-10 13:55:37.168988
S0026,QZ_STA,Statistics,93,100,2025-09-01 13:55:37.168988
S0026,QZ_STA,Statistics,80,100,2026-01-07 13:55:37.168988
S0026,QZ_ML ,ML Basics,29,100,2025-11-14 13:55:37.168988
S0026,QZ_ML ,ML Basics,49,100,2025-11-06 13:55:37.168988
S0026,QZ_ML ,ML Basics,64,100,2026-01-07 13:55:37.168988
S0026,QZ_DEE,Deep Learning,44,100,2025-08-23 13:55:37.168988
S0026,QZ_DEE,Deep Learning,42,100,2025-11-24 13:55:37.168988
S0026,QZ_DEE,Deep Learning,49,100,2025-11-03 13:55:37.168988
S0026,QZ_DEE,Deep Learning,53,100,2025-09-14 13:55:37.168988
S0026,QZ_NLP,NLP,42,100,2025-10-21 13:55:37.168988
S0026,QZ_NLP,NLP,74,100,2026-01-14 13:55:37.168988
S0026,QZ_COM,Computer Vision,35,100,2025-09-13 13:55:37.168988
S0026,QZ_COM,Computer Vision,77,100,2025-08-12 13:55:37.168988
S0026,QZ_OPT,Optimization,51,100,2025-11-18 13:55:37.168988
S0026,QZ_OPT,Optimization,66,100,2025-11-13 13:55:37.168988
S0026,QZ_OPT,Optimization,41,100,2025-10-27 13:55:37.168988
S0027,QZ_LIN,Linear Algebra,82,100,2025-11-11 13:55:37.168988
S0027,QZ_LIN,Linear Algebra,80,100,2025-09-25 13:55:37.168988
S0027,QZ_LIN,Linear Algebra,38,100,2025-08-18 13:55:37.168988
S0027,QZ_PRO,Probability,96,100,2026-01-14 13:55:37.168988
S0027,QZ_PRO,Probability,61,100,2026-01-03 13:55:37.168988
S0027,QZ_PRO,Probability,77,100,2025-08-30 13:55:37.168988
S0027,QZ_PRO,Probability,49,100,2025-12-31 13:55:37.168988
S0027,QZ_STA,Statistics,96,100,2025-12-04 13:55:37.168988
S0027,QZ_STA,Statistics,43,100,2025-09-29 13:55:37.168988
S0027,QZ_STA,Statistics,55,100,2025-08-20 13:55:37.168988
S0027,QZ_STA,Statistics,98,100,2025-11-14 13:55:37.168988
S0027,QZ_ML ,ML Basics,42,100,2025-08-24 13:55:37.168988
S0027,QZ_ML ,ML Basics,99,100,2025-11-21 13:55:37.168988
S0027,QZ_ML ,ML Basics,63,100,2026-01-16 13:55:37.168988
S0027,QZ_DEE,Deep Learning,40,100,2025-10-11 13:55:37.168988
S0027,QZ_DEE,Deep Learning,49,100,2025-10-03 13:55:37.168988
S0027,QZ_NLP,NLP,87,100,2025-07-25 13:55:37.168988
S0027,QZ_NLP,NLP,87,100,2025-09-04 13:55:37.168988
S0027,QZ_COM,Computer Vision,98,100,2025-10-26 13:55:37.168988
S0027,QZ_COM,Computer Vision,50,100,2025-11-06 13:55:37.168988
S0027,QZ_COM,Computer Vision,50,100,2025-08-28 13:55:37.168988
S0027,QZ_COM,Computer Vision,44,100,2025-09-04 13:55:37.168988
S0027,QZ_OPT,Optimization,59,100,2025-11-26 13:55:37.168988
S0027,QZ_OPT,Optimization,52,100,2025-09-03 13:55:37.168988
S0027,QZ_OPT,Optimization,97,100,2025-07-24 13:55:37.168988
S0028,QZ_LIN,Linear Algebra,34,100,2025-08-07 13:55:37.168988
S0028,QZ_LIN,Linear Algebra,41,100,2025-09-29 13:55:37.168988
S0028,QZ_LIN,Linear Algebra,66,100,2025-11-16 13:55:37.168988
S0028,QZ_PRO,Probability,67,100,2025-11-26 13:55:37.168988
S0028,QZ_PRO,Probability,81,100,2026-01-16 13:55:37.168988
S0028,QZ_STA,Statistics,44,100,2025-09-03 13:55:37.168988
S0028,QZ_STA,Statistics,51,100,2025-10-20 13:55:37.168988
S0028,QZ_STA,Statistics,93,100,2025-11-14 13:55:37.168988
S0028,QZ_STA,Statistics,75,100,2025-09-03 13:55:37.168988
S0028,QZ_ML ,ML Basics,42,100,2025-09-27 13:55:37.168988
S0028,QZ_ML ,ML Basics,79,100,2025-08-27 13:55:37.168988
S0028,QZ_ML ,ML Basics,41,100,2025-11-30 13:55:37.168988
S0028,QZ_DEE,Deep Learning,78,100,2025-11-12 13:55:37.168988
S0028,QZ_DEE,Deep Learning,85,100,2025-12-03 13:55:37.168988
S0028,QZ_DEE,Deep Learning,50,100,2025-11-23 13:55:37.168988
S0028,QZ_DEE,Deep Learning,93,100,2025-09-24 13:55:37.168988
S0028,QZ_NLP,NLP,60,100,2026-01-14 13:55:37.168988
S0028,QZ_NLP,NLP,95,100,2025-10-06 13:55:37.168988
S0028,QZ_NLP,NLP,58,100,2025-09-13 13:55:37.168988
S0028,QZ_COM,Computer Vision,52,100,2025-10-03 13:55:37.168988
S0028,QZ_COM,Computer Vision,76,100,2025-08-18 13:55:37.168988
S0028,QZ_COM,Computer Vision,56,100,2025-08-25 13:55:37.168988
S0028,QZ_OPT,Optimization,66,100,2025-08-08 13:55:37.168988
S0028,QZ_OPT,Optimization,36,100,2025-09-23 13:55:37.168988
S0028,QZ_OPT,Optimization,74,100,2025-12-30 13:55:37.168988
S0028,QZ_OPT,Optimization,46,100,2025-12-20 13:55:37.168988
S0029,QZ_LIN,Linear Algebra,74,100,2025-11-14 13:55:37.168988
S0029,QZ_LIN,Linear Algebra,88,100,2025-11-09 13:55:37.168988
S0029,QZ_LIN,Linear Algebra,46,100,2025-12-31 13:55:37.168988
S0029,QZ_PRO,Probability,67,100,2025-12-07 13:55:37.168988
S0029,QZ_PRO,Probability,51,100,2025-10-28 13:55:37.168988
S0029,QZ_PRO,Probability,65,100,2025-11-07 13:55:37.168988
S0029,QZ_PRO,Probability,57,100,2025-08-24 13:55:37.168988
S0029,QZ_STA,Statistics,49,100,2025-10-22 13:55:37.168988
S0029,QZ_STA,Statistics,46,100,2025-08-22 13:55:37.168988
S0029,QZ_STA,Statistics,58,100,2025-08-03 13:55:37.168988
S0029,QZ_ML ,ML Basics,59,100,2025-10-10 13:55:37.168988
S0029,QZ_ML ,ML Basics,99,100,2025-12-29 13:55:37.168988
S0029,QZ_ML ,ML Basics,42,100,2026-01-02 13:55:37.168988
S0029,QZ_DEE,Deep Learning,69,100,2025-08-25 13:55:37.168988
S0029,QZ_DEE,Deep Learning,33,100,2025-10-31 13:55:37.168988
S0029,QZ_DEE,Deep Learning,62,100,2025-11-09 13:55:37.168988
S0029,QZ_DEE,Deep Learning,72,100,2025-10-24 13:55:37.168988
S0029,QZ_NLP,NLP,38,100,2025-12-17 13:55:37.168988
S0029,QZ_NLP,NLP,45,100,2025-10-01 13:55:37.168988
S0029,QZ_NLP,NLP,25,100,2025-09-23 13:55:37.168988
S0029,QZ_NLP,NLP,80,100,2025-10-26 13:55:37.168988
S0029,QZ_COM,Computer Vision,55,100,2025-09-23 13:55:37.168988
S0029,QZ_COM,Computer Vision,32,100,2025-10-03 13:55:37.168988
S0029,QZ_COM,Computer Vision,72,100,2025-09-15 13:55:37.168988
S0029,QZ_COM,Computer Vision,41,100,2025-12-21 13:55:37.168988
S0029,QZ_OPT,Optimization,94,100,2025-09-02 13:55:37.168988
S0029,QZ_OPT,Optimization,93,100,2025-12-21 13:55:37.168988
S0030,QZ_LIN,Linear Algebra,41,100,2025-12-05 13:55:37.168988
S0030,QZ_LIN,Linear Algebra,64,100,2025-09-12 13:55:37.168988
S0030,QZ_LIN,Linear Algebra,81,100,2025-08-18 13:55:37.168988
S0030,QZ_LIN,Linear Algebra,91,100,2025-07-22 13:55:37.168988
S0030,QZ_PRO,Probability,93,100,2025-11-13 13:55:37.168988
S0030,QZ_PRO,Probability,80,100,2025-09-27 13:55:37.168988
S0030,QZ_STA,Statistics,89,100,2025-08-03 13:55:37.168988
S0030,QZ_STA,Statistics,56,100,2026-01-12 13:55:37.168988
S0030,QZ_STA,Statistics,36,100,2025-07-22 13:55:37.168988
S0030,QZ_STA,Statistics,66,100,2025-12-05 13:55:37.168988
S0030,QZ_ML ,ML Basics,94,100,2025-12-19 13:55:37.168988
S0030,QZ_ML ,ML Basics,73,100,2025-07-29 13:55:37.168988
S0030,QZ_ML ,ML Basics,25,100,2025-10-08 13:55:37.168988
S0030,QZ_ML ,ML Basics,76,100,2025-08-14 13:55:37.168988
S0030,QZ_DEE,Deep Learning,81,100,2025-11-03 13:55:37.168988
S0030,QZ_DEE,Deep Learning,92,100,2025-09-01 13:55:37.168988
S0030,QZ_NLP,NLP,74,100,2025-08-14 13:55:37.168988
S0030,QZ_NLP,NLP,37,100,2025-11-24 13:55:37.168988
S0030,QZ_COM,Computer Vision,89,100,2025-08-16 13:55:37.168988
S0030,QZ_COM,Computer Vision,94,100,2025-09-28 13:55:37.168988
S0030,QZ_COM,Computer Vision,57,100,2025-09-15 13:55:37.168988
S0030,QZ_COM,Computer Vision,27,100,2025-09-29 13:55:37.168988
S0030,QZ_OPT,Optimization,32,100,2025-12-27 13:55:37.168988
S0030,QZ_OPT,Optimization,38,100,2025-08-01 13:55:37.168988
S0030,QZ_OPT,Optimization,36,100,2025-11-20 13:55:37.168988
S0030,QZ_OPT,Optimization,33,100,2025-12-21 13:55:37.168988
S0031,QZ_LIN,Linear Algebra,73,100,2025-09-20 13:55:37.168988
S0031,QZ_LIN,Linear Algebra,91,100,2025-11-17 13:55:37.168988
S0031,QZ_LIN,Linear Algebra,46,100,2025-10-02 13:55:37.168988
S0031,QZ_PRO,Probability,47,100,2025-11-20 13:55:37.168988
S0031,QZ_PRO,Probability,81,100,2025-09-24 13:55:37.168988
S0031,QZ_PRO,Probability,30,100,2025-11-11 13:55:37.168988
S0031,QZ_PRO,Probability,70,100,2025-10-30 13:55:37.168988
S0031,QZ_STA,Statistics,39,100,2025-10-30 13:55:37.168988
S0031,QZ_STA,Statistics,40,100,2025-09-02 13:55:37.168988
S0031,QZ_STA,Statistics,31,100,2026-01-05 13:55:37.168988
S0031,QZ_ML ,ML Basics,40,100,2025-09-17 13:55:37.168988
S0031,QZ_ML ,ML Basics,44,100,2025-07-27 13:55:37.168988
S0031,QZ_ML ,ML Basics,99,100,2025-10-29 13:55:37.168988
S0031,QZ_ML ,ML Basics,65,100,2025-11-22 13:55:37.168988
S0031,QZ_DEE,Deep Learning,39,100,2025-11-28 13:55:37.168988
S0031,QZ_DEE,Deep Learning,75,100,2026-01-16 13:55:37.168988
S0031,QZ_DEE,Deep Learning,74,100,2025-10-10 13:55:37.168988
S0031,QZ_DEE,Deep Learning,34,100,2026-01-04 13:55:37.168988
S0031,QZ_NLP,NLP,72,100,2025-08-17 13:55:37.168988
S0031,QZ_NLP,NLP,64,100,2025-12-10 13:55:37.168988
S0031,QZ_COM,Computer Vision,61,100,2025-11-01 13:55:37.168988
S0031,QZ_COM,Computer Vision,83,100,2025-08-27 13:55:37.168988
S0031,QZ_OPT,Optimization,31,100,2025-07-31 13:55:37.168988
S0031,QZ_OPT,Optimization,60,100,2025-09-18 13:55:37.168988
S0031,QZ_OPT,Optimization,50,100,2025-12-10 13:55:37.168988
S0032,QZ_LIN,Linear Algebra,99,100,2025-11-08 13:55:37.168988
S0032,QZ_LIN,Linear Algebra,35,100,2025-09-04 13:55:37.168988
S0032,QZ_LIN,Linear Algebra,40,100,2025-09-14 13:55:37.168988
S0032,QZ_PRO,Probability,66,100,2026-01-03 13:55:37.168988
S0032,QZ_PRO,Probability,78,100,2026-01-13 13:55:37.168988
S0032,QZ_PRO,Probability,34,100,2025-11-17 13:55:37.168988
S0032,QZ_STA,Statistics,73,100,2025-10-15 13:55:37.168988
S0032,QZ_STA,Statistics,27,100,2025-07-30 13:55:37.168988
S0032,QZ_STA,Statistics,69,100,2025-08-24 13:55:37.168988
S0032,QZ_ML ,ML Basics,57,100,2025-11-02 13:55:37.168988
S0032,QZ_ML ,ML Basics,48,100,2025-11-21 13:55:37.168988
S0032,QZ_DEE,Deep Learning,75,100,2025-09-23 13:55:37.168988
S0032,QZ_DEE,Deep Learning,28,100,2025-11-26 13:55:37.168988
S0032,QZ_NLP,NLP,53,100,2025-10-13 13:55:37.168988
S0032,QZ_NLP,NLP,73,100,2026-01-15 13:55:37.168988
S0032,QZ_NLP,NLP,87,100,2025-08-28 13:55:37.168988
S0032,QZ_COM,Computer Vision,86,100,2025-11-20 13:55:37.168988
S0032,QZ_COM,Computer Vision,29,100,2026-01-05 13:55:37.168988
S0032,QZ_COM,Computer Vision,62,100,2026-01-15 13:55:37.168988
S0032,QZ_OPT,Optimization,77,100,2025-09-09 13:55:37.168988
S0032,QZ_OPT,Optimization,62,100,2026-01-12 13:55:37.168988
S0032,QZ_OPT,Optimization,39,100,2025-10-31 13:55:37.168988
S0033,QZ_LIN,Linear Algebra,89,100,2025-11-07 13:55:37.168988
S0033,QZ_LIN,Linear Algebra,53,100,2025-08-17 13:55:37.168988
S0033,QZ_PRO,Probability,60,100,2025-08-08 13:55:37.168988
S0033,QZ_PRO,Probability,87,100,2025-11-06 13:55:37.168988
S0033,QZ_PRO,Probability,72,100,2025-11-17 13:55:37.168988
S0033,QZ_STA,Statistics,76,100,2025-11-13 13:55:37.168988
S0033,QZ_STA,Statistics,84,100,2026-01-02 13:55:37.168988
S0033,QZ_ML ,ML Basics,77,100,2025-11-20 13:55:37.168988
S0033,QZ_ML ,ML Basics,76,100,2025-10-18 13:55:37.168988
S0033,QZ_DEE,Deep Learning,31,100,2025-12-05 13:55:37.168988
S0033,QZ_DEE,Deep Learning,63,100,2025-10-06 13:55:37.168988
S0033,QZ_DEE,Deep Learning,94,100,2025-12-16 13:55:37.168988
S0033,QZ_DEE,Deep Learning,33,100,2025-12-20 13:55:37.168988
S0033,QZ_NLP,NLP,88,100,2025-08-08 13:55:37.168988
S0033,QZ_NLP,NLP,53,100,2025-10-12 13:55:37.168988
S0033,QZ_COM,Computer Vision,92,100,2025-10-03 13:55:37.168988
S0033,QZ_COM,Computer Vision,84,100,2025-09-10 13:55:37.168988
S0033,QZ_COM,Computer Vision,41,100,2025-11-20 13:55:37.168988
S0033,QZ_OPT,Optimization,62,100,2025-08-04 13:55:37.168988
S0033,QZ_OPT,Optimization,46,100,2025-11-10 13:55:37.168988
S0034,QZ_LIN,Linear Algebra,54,100,2025-07-21 13:55:37.168988
S0034,QZ_LIN,Linear Algebra,35,100,2026-01-01 13:55:37.168988
S0034,QZ_LIN,Linear Algebra,98,100,2026-01-04 13:55:37.168988
S0034,QZ_LIN,Linear Algebra,27,100,2025-09-09 13:55:37.168988
S0034,QZ_PRO,Probability,93,100,2025-07-21 13:55:37.168988
S0034,QZ_PRO,Probability,41,100,2025-09-13 13:55:37.168988
S0034,QZ_PRO,Probability,30,100,2025-12-11 13:55:37.168988
S0034,QZ_STA,Statistics,80,100,2025-08-08 13:55:37.168988
S0034,QZ_STA,Statistics,85,100,2025-08-31 13:55:37.168988
S0034,QZ_ML ,ML Basics,64,100,2025-07-23 13:55:37.168988
S0034,QZ_ML ,ML Basics,59,100,2025-12-10 13:55:37.168988
S0034,QZ_ML ,ML Basics,80,100,2025-12-20 13:55:37.168988
S0034,QZ_ML ,ML Basics,52,100,2026-01-10 13:55:37.168988
S0034,QZ_DEE,Deep Learning,95,100,2025-08-25 13:55:37.168988
S0034,QZ_DEE,Deep Learning,29,100,2025-11-10 13:55:37.168988
S0034,QZ_DEE,Deep Learning,79,100,2025-10-05 13:55:37.168988
S0034,QZ_DEE,Deep Learning,51,100,2025-11-20 13:55:37.168988
S0034,QZ_NLP,NLP,61,100,2025-11-14 13:55:37.168988
S0034,QZ_NLP,NLP,54,100,2025-07-27 13:55:37.168988
S0034,QZ_COM,Computer Vision,66,100,2025-12-11 13:55:37.168988
S0034,QZ_COM,Computer Vision,51,100,2026-01-13 13:55:37.168988
S0034,QZ_OPT,Optimization,56,100,2025-11-05 13:55:37.168988
S0034,QZ_OPT,Optimization,49,100,2025-07-23 13:55:37.168988
S0034,QZ_OPT,Optimization,67,100,2025-11-26 13:55:37.168988
S0035,QZ_LIN,Linear Algebra,36,100,2025-09-14 13:55:37.168988
S0035,QZ_LIN,Linear Algebra,78,100,2025-08-04 13:55:37.168988
S0035,QZ_LIN,Linear Algebra,27,100,2025-12-25 13:55:37.168988
S0035,QZ_LIN,Linear Algebra,95,100,2025-08-22 13:55:37.168988
S0035,QZ_PRO,Probability,95,100,2025-12-24 13:55:37.168988
S0035,QZ_PRO,Probability,88,100,2025-07-22 13:55:37.168988
S0035,QZ_STA,Statistics,99,100,2026-01-09 13:55:37.168988
S0035,QZ_STA,Statistics,82,100,2025-10-31 13:55:37.168988
S0035,QZ_STA,Statistics,47,100,2025-08-16 13:55:37.168988
S0035,QZ_ML ,ML Basics,51,100,2025-12-08 13:55:37.168988
S0035,QZ_ML ,ML Basics,81,100,2025-11-03 13:55:37.168988
S0035,QZ_ML ,ML Basics,30,100,2025-08-15 13:55:37.168988
S0035,QZ_ML ,ML Basics,29,100,2025-08-20 13:55:37.168988
S0035,QZ_DEE,Deep Learning,35,100,2025-10-24 13:55:37.168988
S0035,QZ_DEE,Deep Learning,27,100,2025-08-14 13:55:37.168988
S0035,QZ_DEE,Deep Learning,48,100,2025-08-09 13:55:37.168988
S0035,QZ_NLP,NLP,35,100,2025-08-23 13:55:37.168988
S0035,QZ_NLP,NLP,88,100,2025-11-10 13:55:37.168988
S0035,QZ_NLP,NLP,69,100,2025-08-20 13:55:37.168988
S0035,QZ_NLP,NLP,27,100,2025-12-29 13:55:37.168988
S0035,QZ_COM,Computer Vision,96,100,2025-12-26 13:55:37.168988
S0035,QZ_COM,Computer Vision,79,100,2025-07-29 13:55:37.168988
S0035,QZ_COM,Computer Vision,69,100,2025-09-22 13:55:37.168988
S0035,QZ_OPT,Optimization,57,100,2025-09-27 13:55:37.168988
S0035,QZ_OPT,Optimization,43,100,2026-01-15 13:55:37.168988
S0035,QZ_OPT,Optimization,63,100,2026-01-09 13:55:37.168988
S0036,QZ_LIN,Linear Algebra,63,100,2025-08-01 13:55:37.168988
S0036,QZ_LIN,Linear Algebra,91,100,2025-10-24 13:55:37.168988
S0036,QZ_LIN,Linear Algebra,52,100,2025-08-30 13:55:37.168988
S0036,QZ_PRO,Probability,41,100,2025-07-25 13:55:37.168988
S0036,QZ_PRO,Probability,48,100,2025-09-28 13:55:37.168988
S0036,QZ_STA,Statistics,40,100,2025-08-27 13:55:37.168988
S0036,QZ_STA,Statistics,48,100,2025-09-30 13:55:37.168988
S0036,QZ_STA,Statistics,52,100,2025-12-06 13:55:37.168988
S0036,QZ_STA,Statistics,95,100,2025-08-21 13:55:37.168988
S0036,QZ_ML ,ML Basics,77,100,2025-12-22 13:55:37.168988
S0036,QZ_ML ,ML Basics,69,100,2025-08-21 13:55:37.168988
S0036,QZ_ML ,ML Basics,88,100,2025-08-22 13:55:37.168988
S0036,QZ_ML ,ML Basics,66,100,2025-08-21 13:55:37.168988
S0036,QZ_DEE,Deep Learning,74,100,2025-09-28 13:55:37.168988
S0036,QZ_DEE,Deep Learning,63,100,2025-08-10 13:55:37.168988
S0036,QZ_DEE,Deep Learning,33,100,2025-08-23 13:55:37.168988
S0036,QZ_DEE,Deep Learning,63,100,2026-01-09 13:55:37.168988
S0036,QZ_NLP,NLP,41,100,2025-08-30 13:55:37.168988
S0036,QZ_NLP,NLP,94,100,2025-12-04 13:55:37.168988
S0036,QZ_NLP,NLP,69,100,2026-01-04 13:55:37.168988
S0036,QZ_COM,Computer Vision,64,100,2025-08-12 13:55:37.168988
S0036,QZ_COM,Computer Vision,63,100,2025-08-25 13:55:37.168988
S0036,QZ_COM,Computer Vision,33,100,2025-08-31 13:55:37.168988
S0036,QZ_OPT,Optimization,49,100,2025-09-26 13:55:37.168988
S0036,QZ_OPT,Optimization,49,100,2025-08-16 13:55:37.168988
S0037,QZ_LIN,Linear Algebra,42,100,2025-12-24 13:55:37.168988
S0037,QZ_LIN,Linear Algebra,72,100,2026-01-15 13:55:37.168988
S0037,QZ_LIN,Linear Algebra,36,100,2025-12-22 13:55:37.168988
S0037,QZ_LIN,Linear Algebra,97,100,2025-12-10 13:55:37.168988
S0037,QZ_PRO,Probability,79,100,2026-01-16 13:55:37.168988
S0037,QZ_PRO,Probability,34,100,2025-07-28 13:55:37.168988
S0037,QZ_PRO,Probability,82,100,2025-07-31 13:55:37.168988
S0037,QZ_PRO,Probability,52,100,2025-10-11 13:55:37.168988
S0037,QZ_STA,Statistics,79,100,2025-10-28 13:55:37.168988
S0037,QZ_STA,Statistics,33,100,2025-10-01 13:55:37.168988
S0037,QZ_STA,Statistics,37,100,2025-09-01 13:55:37.168988
S0037,QZ_ML ,ML Basics,49,100,2025-08-20 13:55:37.168988
S0037,QZ_ML ,ML Basics,84,100,2025-10-06 13:55:37.168988
S0037,QZ_DEE,Deep Learning,71,100,2025-12-20 13:55:37.168988
S0037,QZ_DEE,Deep Learning,83,100,2025-08-10 13:55:37.168988
S0037,QZ_NLP,NLP,42,100,2025-12-07 13:55:37.168988
S0037,QZ_NLP,NLP,72,100,2025-12-01 13:55:37.168988
S0037,QZ_NLP,NLP,65,100,2025-12-22 13:55:37.168988
S0037,QZ_COM,Computer Vision,26,100,2025-11-07 13:55:37.168988
S0037,QZ_COM,Computer Vision,60,100,2025-12-11 13:55:37.168988
S0037,QZ_OPT,Optimization,94,100,2025-10-26 13:55:37.168988
S0037,QZ_OPT,Optimization,29,100,2025-10-01 13:55:37.168988
S0037,QZ_OPT,Optimization,43,100,2026-01-05 13:55:37.168988
S0038,QZ_LIN,Linear Algebra,86,100,2025-11-03 13:55:37.168988
S0038,QZ_LIN,Linear Algebra,97,100,2025-08-21 13:55:37.168988
S0038,QZ_LIN,Linear Algebra,46,100,2025-11-28 13:55:37.168988
S0038,QZ_PRO,Probability,66,100,2025-08-08 13:55:37.168988
S0038,QZ_PRO,Probability,70,100,2025-08-19 13:55:37.168988
S0038,QZ_PRO,Probability,88,100,2025-08-30 13:55:37.168988
S0038,QZ_STA,Statistics,68,100,2026-01-02 13:55:37.168988
S0038,QZ_STA,Statistics,71,100,2025-08-03 13:55:37.168988
S0038,QZ_STA,Statistics,59,100,2025-10-13 13:55:37.168988
S0038,QZ_STA,Statistics,60,100,2025-08-18 13:55:37.168988
S0038,QZ_ML ,ML Basics,59,100,2025-09-18 13:55:37.168988
S0038,QZ_ML ,ML Basics,67,100,2025-11-21 13:55:37.168988
S0038,QZ_ML ,ML Basics,59,100,2025-10-05 13:55:37.168988
S0038,QZ_DEE,Deep Learning,91,100,2026-01-11 13:55:37.168988
S0038,QZ_DEE,Deep Learning,67,100,2025-08-20 13:55:37.168988
S0038,QZ_DEE,Deep Learning,96,100,2025-09-09 13:55:37.168988
S0038,QZ_NLP,NLP,60,100,2025-12-27 13:55:37.168988
S0038,QZ_NLP,NLP,86,100,2025-12-29 13:55:37.168988
S0038,QZ_NLP,NLP,69,100,2025-11-15 13:55:37.168988
S0038,QZ_NLP,NLP,95,100,2026-01-15 13:55:37.168988
S0038,QZ_COM,Computer Vision,82,100,2025-10-31 13:55:37.168988
S0038,QZ_COM,Computer Vision,96,100,2025-07-31 13:55:37.168988
S0038,QZ_OPT,Optimization,80,100,2026-01-07 13:55:37.168988
S0038,QZ_OPT,Optimization,79,100,2025-11-30 13:55:37.168988
S0038,QZ_OPT,Optimization,40,100,2025-08-14 13:55:37.168988
S0039,QZ_LIN,Linear Algebra,85,100,2025-10-27 13:55:37.168988
S0039,QZ_LIN,Linear Algebra,69,100,2025-10-27 13:55:37.168988
S0039,QZ_LIN,Linear Algebra,80,100,2025-12-10 13:55:37.168988
S0039,QZ_PRO,Probability,73,100,2025-11-21 13:55:37.168988
S0039,QZ_PRO,Probability,97,100,2025-11-28 13:55:37.168988
S0039,QZ_PRO,Probability,62,100,2025-11-20 13:55:37.168988
S0039,QZ_STA,Statistics,92,100,2025-11-25 13:55:37.168988
S0039,QZ_STA,Statistics,43,100,2025-09-15 13:55:37.168988
S0039,QZ_ML ,ML Basics,51,100,2025-11-25 13:55:37.168988
S0039,QZ_ML ,ML Basics,77,100,2026-01-04 13:55:37.168988
S0039,QZ_ML ,ML Basics,63,100,2025-09-02 13:55:37.168988
S0039,QZ_ML ,ML Basics,59,100,2026-01-05 13:55:37.168988
S0039,QZ_DEE,Deep Learning,73,100,2025-11-22 13:55:37.168988
S0039,QZ_DEE,Deep Learning,42,100,2025-08-06 13:55:37.168988
S0039,QZ_DEE,Deep Learning,34,100,2025-10-15 13:55:37.168988
S0039,QZ_NLP,NLP,70,100,2025-12-04 13:55:37.168988
S0039,QZ_NLP,NLP,44,100,2025-08-26 13:55:37.168988
S0039,QZ_NLP,NLP,74,100,2025-11-28 13:55:37.168988
S0039,QZ_COM,Computer Vision,48,100,2025-10-23 13:55:37.168988
S0039,QZ_COM,Computer Vision,91,100,2025-11-10 13:55:37.168988
S0039,QZ_COM,Computer Vision,89,100,2025-10-26 13:55:37.168988
S0039,QZ_OPT,Optimization,95,100,2025-11-03 13:55:37.168988
S0039,QZ_OPT,Optimization,53,100,2025-09-07 13:55:37.168988
S0040,QZ_LIN,Linear Algebra,64,100,2025-07-31 13:55:37.168988
S0040,QZ_LIN,Linear Algebra,43,100,2025-08-19 13:55:37.168988
S0040,QZ_LIN,Linear Algebra,99,100,2025-12-02 13:55:37.168988
S0040,QZ_LIN,Linear Algebra,95,100,2025-11-21 13:55:37.168988
S0040,QZ_PRO,Probability,90,100,2025-10-02 13:55:37.168988
S0040,QZ_PRO,Probability,44,100,2025-10-25 13:55:37.168988
S0040,QZ_STA,Statistics,89,100,2025-08-23 13:55:37.168988
S0040,QZ_STA,Statistics,91,100,2025-09-27 13:55:37.168988
S0040,QZ_STA,Statistics,73,100,2025-11-10 13:55:37.168988
S0040,QZ_ML ,ML Basics,28,100,2025-08-23 13:55:37.168988
S0040,QZ_ML ,ML Basics,26,100,2025-08-23 13:55:37.168988
S0040,QZ_ML ,ML Basics,47,100,2025-08-05 13:55:37.168988
S0040,QZ_DEE,Deep Learning,26,100,2025-08-04 13:55:37.168988
S0040,QZ_DEE,Deep Learning,34,100,2025-09-04 13:55:37.168988
S0040,QZ_NLP,NLP,84,100,2025-08-31 13:55:37.168988
S0040,QZ_NLP,NLP,54,100,2025-07-27 13:55:37.168988
S0040,QZ_COM,Computer Vision,86,100,2025-09-15 13:55:37.168988
S0040,QZ_COM,Computer Vision,30,100,2025-09-07 13:55:37.168988
S0040,QZ_COM,Computer Vision,80,100,2025-09-15 13:55:37.168988
S0040,QZ_OPT,Optimization,50,100,2025-09-04 13:55:37.168988
S0040,QZ_OPT,Optimization,71,100,2025-12-27 13:55:37.168988
S0040,QZ_OPT,Optimization,74,100,2025-12-12 13:55:37.168988
S0040,QZ_OPT,Optimization,49,100,2025-12-24 13:55:37.168988
S0041,QZ_LIN,Linear Algebra,85,100,2025-07-21 13:55:37.168988
S0041,QZ_LIN,Linear Algebra,59,100,2026-01-12 13:55:37.168988
S0041,QZ_PRO,Probability,48,100,2025-08-08 13:55:37.168988
S0041,QZ_PRO,Probability,46,100,2025-07-27 13:55:37.168988
S0041,QZ_PRO,Probability,75,100,2025-10-12 13:55:37.168988
S0041,QZ_STA,Statistics,98,100,2025-08-27 13:55:37.168988
S0041,QZ_STA,Statistics,93,100,2025-08-16 13:55:37.168988
S0041,QZ_ML ,ML Basics,63,100,2025-09-24 13:55:37.168988
S0041,QZ_ML ,ML Basics,97,100,2025-08-17 13:55:37.168988
S0041,QZ_DEE,Deep Learning,91,100,2025-11-23 13:55:37.168988
S0041,QZ_DEE,Deep Learning,44,100,2025-12-12 13:55:37.168988
S0041,QZ_DEE,Deep Learning,57,100,2025-12-11 13:55:37.168988
S0041,QZ_DEE,Deep Learning,82,100,2025-08-23 13:55:37.168988
S0041,QZ_NLP,NLP,76,100,2025-10-17 13:55:37.168988
S0041,QZ_NLP,NLP,77,100,2025-08-19 13:55:37.168988
S0041,QZ_NLP,NLP,42,100,2025-08-01 13:55:37.168988
S0041,QZ_NLP,NLP,76,100,2026-01-13 13:55:37.168988
S0041,QZ_COM,Computer Vision,60,100,2025-09-06 13:55:37.168988
S0041,QZ_COM,Computer Vision,78,100,2025-07-31 13:55:37.168988
S0041,QZ_COM,Computer Vision,77,100,2025-12-08 13:55:37.168988
S0041,QZ_COM,Computer Vision,65,100,2025-11-21 13:55:37.168988
S0041,QZ_OPT,Optimization,44,100,2025-10-14 13:55:37.168988
S0041,QZ_OPT,Optimization,83,100,2025-11-09 13:55:37.168988
S0041,QZ_OPT,Optimization,92,100,2025-08-23 13:55:37.168988
S0041,QZ_OPT,Optimization,34,100,2025-08-07 13:55:37.168988
S0042,QZ_LIN,Linear Algebra,81,100,2025-10-23 13:55:37.168988
S0042,QZ_LIN,Linear Algebra,63,100,2025-09-06 13:55:37.168988
S0042,QZ_LIN,Linear Algebra,89,100,2025-12-08 13:55:37.168988
S0042,QZ_LIN,Linear Algebra,73,100,2025-12-22 13:55:37.168988
S0042,QZ_PRO,Probability,39,100,2025-12-27 13:55:37.168988
S0042,QZ_PRO,Probability,42,100,2025-12-19 13:55:37.168988
S0042,QZ_PRO,Probability,50,100,2025-10-28 13:55:37.168988
S0042,QZ_PRO,Probability,79,100,2025-11-21 13:55:37.168988
S0042,QZ_STA,Statistics,94,100,2025-07-22 13:55:37.168988
S0042,QZ_STA,Statistics,41,100,2025-09-11 13:55:37.168988
S0042,QZ_STA,Statistics,48,100,2025-10-29 13:55:37.168988
S0042,QZ_ML ,ML Basics,77,100,2025-10-18 13:55:37.168988
S0042,QZ_ML ,ML Basics,86,100,2025-11-10 13:55:37.168988
S0042,QZ_DEE,Deep Learning,92,100,2025-09-19 13:55:37.168988
S0042,QZ_DEE,Deep Learning,99,100,2026-01-13 13:55:37.168988
S0042,QZ_DEE,Deep Learning,49,100,2025-12-24 13:55:37.168988
S0042,QZ_NLP,NLP,82,100,2025-10-21 13:55:37.168988
S0042,QZ_NLP,NLP,40,100,2025-10-08 13:55:37.168988
S0042,QZ_NLP,NLP,60,100,2025-12-29 13:55:37.168988
S0042,QZ_NLP,NLP,71,100,2025-12-18 13:55:37.168988
S0042,QZ_COM,Computer Vision,49,100,2025-11-15 13:55:37.168988
S0042,QZ_COM,Computer Vision,99,100,2025-08-05 13:55:37.168988
S0042,QZ_OPT,Optimization,78,100,2026-01-06 13:55:37.168988
S0042,QZ_OPT,Optimization,60,100,2025-09-13 13:55:37.168988
S0043,QZ_LIN,Linear Algebra,51,100,2025-09-10 13:55:37.168988
S0043,QZ_LIN,Linear Algebra,26,100,2025-10-29 13:55:37.168988
S0043,QZ_LIN,Linear Algebra,25,100,2025-11-12 13:55:37.168988
S0043,QZ_PRO,Probability,64,100,2025-12-20 13:55:37.168988
S0043,QZ_PRO,Probability,71,100,2025-07-26 13:55:37.168988
S0043,QZ_PRO,Probability,59,100,2025-11-14 13:55:37.168988
S0043,QZ_STA,Statistics,62,100,2026-01-08 13:55:37.168988
S0043,QZ_STA,Statistics,91,100,2025-10-07 13:55:37.168988
S0043,QZ_STA,Statistics,69,100,2026-01-16 13:55:37.168988
S0043,QZ_STA,Statistics,45,100,2025-08-03 13:55:37.168988
S0043,QZ_ML ,ML Basics,81,100,2025-12-25 13:55:37.168988
S0043,QZ_ML ,ML Basics,82,100,2025-07-22 13:55:37.168988
S0043,QZ_ML ,ML Basics,70,100,2025-09-27 13:55:37.168988
S0043,QZ_DEE,Deep Learning,40,100,2025-12-16 13:55:37.168988
S0043,QZ_DEE,Deep Learning,40,100,2025-11-18 13:55:37.168988
S0043,QZ_DEE,Deep Learning,61,100,2025-11-08 13:55:37.168988
S0043,QZ_DEE,Deep Learning,65,100,2025-10-29 13:55:37.168988
S0043,QZ_NLP,NLP,32,100,2025-12-03 13:55:37.168988
S0043,QZ_NLP,NLP,79,100,2025-09-23 13:55:37.168988
S0043,QZ_NLP,NLP,92,100,2025-11-26 13:55:37.168988
S0043,QZ_NLP,NLP,26,100,2025-12-17 13:55:37.168988
S0043,QZ_COM,Computer Vision,68,100,2025-12-24 13:55:37.168988
S0043,QZ_COM,Computer Vision,28,100,2025-08-30 13:55:37.168988
S0043,QZ_COM,Computer Vision,92,100,2025-12-21 13:55:37.168988
S0043,QZ_OPT,Optimization,96,100,2025-08-28 13:55:37.168988
S0043,QZ_OPT,Optimization,62,100,2025-12-31 13:55:37.168988
S0043,QZ_OPT,Optimization,29,100,2025-09-22 13:55:37.168988
S0044,QZ_LIN,Linear Algebra,89,100,2025-11-10 13:55:37.168988
S0044,QZ_LIN,Linear Algebra,78,100,2025-09-15 13:55:37.168988
S0044,QZ_PRO,Probability,80,100,2025-08-31 13:55:37.168988
S0044,QZ_PRO,Probability,48,100,2025-09-09 13:55:37.168988
S0044,QZ_PRO,Probability,44,100,2025-11-20 13:55:37.168988
S0044,QZ_PRO,Probability,53,100,2025-10-09 13:55:37.168988
S0044,QZ_STA,Statistics,32,100,2025-08-04 13:55:37.168988
S0044,QZ_STA,Statistics,29,100,2025-08-20 13:55:37.168988
S0044,QZ_ML ,ML Basics,98,100,2025-08-13 13:55:37.168988
S0044,QZ_ML ,ML Basics,63,100,2026-01-13 13:55:37.168988
S0044,QZ_ML ,ML Basics,32,100,2025-10-22 13:55:37.168988
S0044,QZ_DEE,Deep Learning,55,100,2026-01-09 13:55:37.168988
S0044,QZ_DEE,Deep Learning,87,100,2025-10-11 13:55:37.168988
S0044,QZ_NLP,NLP,68,100,2025-11-17 13:55:37.168988
S0044,QZ_NLP,NLP,55,100,2025-11-08 13:55:37.168988
S0044,QZ_COM,Computer Vision,96,100,2025-10-05 13:55:37.168988
S0044,QZ_COM,Computer Vision,50,100,2025-07-25 13:55:37.168988
S0044,QZ_COM,Computer Vision,30,100,2025-10-14 13:55:37.168988
S0044,QZ_OPT,Optimization,76,100,2025-10-06 13:55:37.168988
S0044,QZ_OPT,Optimization,56,100,2026-01-05 13:55:37.168988
S0045,QZ_LIN,Linear Algebra,61,100,2026-01-15 13:55:37.168988
S0045,QZ_LIN,Linear Algebra,33,100,2025-08-06 13:55:37.168988
S0045,QZ_PRO,Probability,72,100,2025-08-04 13:55:37.168988
S0045,QZ_PRO,Probability,74,100,2026-01-09 13:55:37.168988
S0045,QZ_STA,Statistics,97,100,2025-12-16 13:55:37.168988
S0045,QZ_STA,Statistics,35,100,2025-10-12 13:55:37.168988
S0045,QZ_STA,Statistics,70,100,2025-12-24 13:55:37.168988
S0045,QZ_ML ,ML Basics,85,100,2025-08-30 13:55:37.168988
S0045,QZ_ML ,ML Basics,35,100,2026-01-06 13:55:37.168988
S0045,QZ_ML ,ML Basics,42,100,2025-12-06 13:55:37.168988
S0045,QZ_DEE,Deep Learning,55,100,2026-01-10 13:55:37.168988
S0045,QZ_DEE,Deep Learning,39,100,2025-10-03 13:55:37.168988
S0045,QZ_DEE,Deep Learning,25,100,2025-08-15 13:55:37.168988
S0045,QZ_DEE,Deep Learning,92,100,2025-09-09 13:55:37.168988
S0045,QZ_NLP,NLP,99,100,2025-10-22 13:55:37.168988
S0045,QZ_NLP,NLP,99,100,2025-11-08 13:55:37.168988
S0045,QZ_NLP,NLP,85,100,2025-09-08 13:55:37.168988
S0045,QZ_COM,Computer Vision,52,100,2025-12-04 13:55:37.168988
S0045,QZ_COM,Computer Vision,55,100,2026-01-14 13:55:37.168988
S0045,QZ_OPT,Optimization,33,100,2025-12-15 13:55:37.168988
S0045,QZ_OPT,Optimization,81,100,2025-09-11 13:55:37.168988
S0045,QZ_OPT,Optimization,78,100,2025-12-24 13:55:37.168988
S0046,QZ_LIN,Linear Algebra,60,100,2025-12-20 13:55:37.168988
S0046,QZ_LIN,Linear Algebra,73,100,2026-01-14 13:55:37.168988
S0046,QZ_LIN,Linear Algebra,43,100,2025-08-11 13:55:37.168988
S0046,QZ_LIN,Linear Algebra,59,100,2025-09-09 13:55:37.168988
S0046,QZ_PRO,Probability,85,100,2025-12-30 13:55:37.168988
S0046,QZ_PRO,Probability,32,100,2025-10-26 13:55:37.168988
S0046,QZ_STA,Statistics,83,100,2025-07-27 13:55:37.168988
S0046,QZ_STA,Statistics,45,100,2025-09-30 13:55:37.168988
S0046,QZ_STA,Statistics,88,100,2025-08-18 13:55:37.168988
S0046,QZ_ML ,ML Basics,79,100,2025-08-13 13:55:37.168988
S0046,QZ_ML ,ML Basics,87,100,2025-12-20 13:55:37.168988
S0046,QZ_ML ,ML Basics,34,100,2025-12-26 13:55:37.168988
S0046,QZ_DEE,Deep Learning,43,100,2026-01-04 13:55:37.168988
S0046,QZ_DEE,Deep Learning,58,100,2025-10-26 13:55:37.168988
S0046,QZ_DEE,Deep Learning,34,100,2025-11-19 13:55:37.168988
S0046,QZ_DEE,Deep Learning,69,100,2025-08-03 13:55:37.168988
S0046,QZ_NLP,NLP,38,100,2025-10-13 13:55:37.168988
S0046,QZ_NLP,NLP,84,100,2025-11-29 13:55:37.168988
S0046,QZ_COM,Computer Vision,72,100,2025-09-10 13:55:37.168988
S0046,QZ_COM,Computer Vision,77,100,2025-07-21 13:55:37.168988
S0046,QZ_COM,Computer Vision,62,100,2025-10-20 13:55:37.168988
S0046,QZ_COM,Computer Vision,86,100,2025-10-04 13:55:37.168988
S0046,QZ_OPT,Optimization,58,100,2025-12-27 13:55:37.168988
S0046,QZ_OPT,Optimization,44,100,2025-09-03 13:55:37.168988
S0046,QZ_OPT,Optimization,31,100,2025-12-28 13:55:37.168988
S0046,QZ_OPT,Optimization,85,100,2025-11-22 13:55:37.168988
S0047,QZ_LIN,Linear Algebra,64,100,2025-11-10 13:55:37.168988
S0047,QZ_LIN,Linear Algebra,31,100,2025-10-10 13:55:37.168988
S0047,QZ_LIN,Linear Algebra,37,100,2025-09-14 13:55:37.168988
S0047,QZ_PRO,Probability,79,100,2025-09-03 13:55:37.168988
S0047,QZ_PRO,Probability,92,100,2025-11-29 13:55:37.168988
S0047,QZ_PRO,Probability,62,100,2025-08-03 13:55:37.168988
S0047,QZ_STA,Statistics,32,100,2025-12-08 13:55:37.168988
S0047,QZ_STA,Statistics,27,100,2025-09-29 13:55:37.168988
S0047,QZ_ML ,ML Basics,38,100,2025-08-04 13:55:37.168988
S0047,QZ_ML ,ML Basics,34,100,2025-12-05 13:55:37.168988
S0047,QZ_ML ,ML Basics,58,100,2026-01-02 13:55:37.168988
S0047,QZ_ML ,ML Basics,31,100,2025-08-16 13:55:37.168988
S0047,QZ_DEE,Deep Learning,35,100,2025-09-08 13:55:37.168988
S0047,QZ_DEE,Deep Learning,31,100,2025-10-27 13:55:37.168988
S0047,QZ_DEE,Deep Learning,52,100,2025-12-04 13:55:37.168988
S0047,QZ_NLP,NLP,35,100,2025-12-15 13:55:37.168988
S0047,QZ_NLP,NLP,44,100,2025-09-07 13:55:37.168988
S0047,QZ_NLP,NLP,43,100,2025-10-02 13:55:37.168988
S0047,QZ_NLP,NLP,78,100,2026-01-12 13:55:37.168988
S0047,QZ_COM,Computer Vision,92,100,2025-10-07 13:55:37.168988
S0047,QZ_COM,Computer Vision,98,100,2026-01-06 13:55:37.168988
S0047,QZ_COM,Computer Vision,45,100,2025-08-17 13:55:37.168988
S0047,QZ_OPT,Optimization,91,100,2026-01-03 13:55:37.168988
S0047,QZ_OPT,Optimization,92,100,2025-09-20 13:55:37.168988
S0048,QZ_LIN,Linear Algebra,59,100,2025-09-11 13:55:37.168988
S0048,QZ_LIN,Linear Algebra,38,100,2025-09-10 13:55:37.168988
S0048,QZ_LIN,Linear Algebra,61,100,2025-10-21 13:55:37.168988
S0048,QZ_PRO,Probability,41,100,2025-09-10 13:55:37.168988
S0048,QZ_PRO,Probability,57,100,2025-10-18 13:55:37.168988
S0048,QZ_PRO,Probability,57,100,2025-09-15 13:55:37.168988
S0048,QZ_STA,Statistics,69,100,2025-07-25 13:55:37.168988
S0048,QZ_STA,Statistics,64,100,2025-08-14 13:55:37.168988
S0048,QZ_STA,Statistics,75,100,2025-10-08 13:55:37.168988
S0048,QZ_ML ,ML Basics,86,100,2025-09-29 13:55:37.168988
S0048,QZ_ML ,ML Basics,70,100,2025-12-15 13:55:37.168988
S0048,QZ_ML ,ML Basics,41,100,2026-01-09 13:55:37.168988
S0048,QZ_ML ,ML Basics,80,100,2025-11-10 13:55:37.168988
S0048,QZ_DEE,Deep Learning,55,100,2025-11-07 13:55:37.168988
S0048,QZ_DEE,Deep Learning,74,100,2025-12-22 13:55:37.168988
S0048,QZ_NLP,NLP,39,100,2025-10-18 13:55:37.168988
S0048,QZ_NLP,NLP,64,100,2025-08-23 13:55:37.168988
S0048,QZ_NLP,NLP,39,100,2025-12-12 13:55:37.168988
S0048,QZ_NLP,NLP,52,100,2025-08-10 13:55:37.168988
S0048,QZ_COM,Computer Vision,68,100,2025-11-27 13:55:37.168988
S0048,QZ_COM,Computer Vision,33,100,2025-12-06 13:55:37.168988
S0048,QZ_COM,Computer Vision,60,100,2025-12-22 13:55:37.168988
S0048,QZ_OPT,Optimization,75,100,2025-07-25 13:55:37.168988
S0048,QZ_OPT,Optimization,87,100,2025-09-28 13:55:37.168988
S0049,QZ_LIN,Linear Algebra,29,100,2025-12-04 13:55:37.168988
S0049,QZ_LIN,Linear Algebra,53,100,2025-07-28 13:55:37.168988
S0049,QZ_LIN,Linear Algebra,84,100,2026-01-05 13:55:37.168988
S0049,QZ_LIN,Linear Algebra,65,100,2025-08-29 13:55:37.168988
S0049,QZ_PRO,Probability,34,100,2025-12-01 13:55:37.168988
S0049,QZ_PRO,Probability,78,100,2025-08-11 13:55:37.168988
S0049,QZ_PRO,Probability,41,100,2026-01-07 13:55:37.168988
S0049,QZ_PRO,Probability,61,100,2025-07-30 13:55:37.168988
S0049,QZ_STA,Statistics,67,100,2025-09-17 13:55:37.168988
S0049,QZ_STA,Statistics,83,100,2025-08-25 13:55:37.168988
S0049,QZ_STA,Statistics,30,100,2025-09-14 13:55:37.168988
S0049,QZ_STA,Statistics,35,100,2025-12-02 13:55:37.168988
S0049,QZ_ML ,ML Basics,45,100,2025-10-02 13:55:37.168988
S0049,QZ_ML ,ML Basics,54,100,2025-12-30 13:55:37.168988
S0049,QZ_ML ,ML Basics,28,100,2025-08-14 13:55:37.168988
S0049,QZ_ML ,ML Basics,30,100,2025-08-12 13:55:37.168988
S0049,QZ_DEE,Deep Learning,53,100,2026-01-04 13:55:37.168988
S0049,QZ_DEE,Deep Learning,86,100,2025-09-01 13:55:37.168988
S0049,QZ_NLP,NLP,61,100,2025-12-09 13:55:37.168988
S0049,QZ_NLP,NLP,29,100,2025-09-16 13:55:37.168988
S0049,QZ_NLP,NLP,70,100,2025-11-04 13:55:37.168988
S0049,QZ_NLP,NLP,72,100,2025-09-05 13:55:37.168988
S0049,QZ_COM,Computer Vision,62,100,2025-09-18 13:55:37.168988
S0049,QZ_COM,Computer Vision,82,100,2026-01-05 13:55:37.168988
S0049,QZ_COM,Computer Vision,27,100,2025-12-06 13:55:37.168988
S0049,QZ_COM,Computer Vision,30,100,2025-10-16 13:55:37.168988
S0049,QZ_OPT,Optimization,81,100,2025-07-22 13:55:37.168988
S0049,QZ_OPT,Optimization,55,100,2025-10-03 13:55:37.168988
S0049,QZ_OPT,Optimization,50,100,2025-08-10 13:55:37.168988
S0050,QZ_LIN,Linear Algebra,29,100,2025-11-19 13:55:37.168988
S0050,QZ_LIN,Linear Algebra,91,100,2025-09-29 13:55:37.168988
S0050,QZ_LIN,Linear Algebra,33,100,2025-12-04 13:55:37.168988
S0050,QZ_PRO,Probability,41,100,2025-12-06 13:55:37.168988
S0050,QZ_PRO,Probability,93,100,2025-10-24 13:55:37.168988
S0050,QZ_PRO,Probability,89,100,2025-10-03 13:55:37.168988
S0050,QZ_PRO,Probability,37,100,2025-11-04 13:55:37.168988
S0050,QZ_STA,Statistics,72,100,2025-11-03 13:55:37.168988
S0050,QZ_STA,Statistics,67,100,2025-08-21 13:55:37.168988
S0050,QZ_ML ,ML Basics,92,100,2025-10-23 13:55:37.168988
S0050,QZ_ML ,ML Basics,92,100,2025-11-19 13:55:37.168988
S0050,QZ_ML ,ML Basics,56,100,2025-08-15 13:55:37.168988
S0050,QZ_DEE,Deep Learning,25,100,2025-08-08 13:55:37.168988
S0050,QZ_DEE,Deep Learning,26,100,2025-09-22 13:55:37.168988
S0050,QZ_NLP,NLP,99,100,2025-12-06 13:55:37.168988
S0050,QZ_NLP,NLP,74,100,2025-09-02 13:55:37.168988
S0050,QZ_COM,Computer Vision,83,100,2025-09-12 13:55:37.168988
S0050,QZ_COM,Computer Vision,79,100,2025-10-09 13:55:37.168988
S0050,QZ_COM,Computer Vision,72,100,2025-09-21 13:55:37.168988
S0050,QZ_COM,Computer Vision,81,100,2025-08-26 13:55:37.168988
S0050,QZ_OPT,Optimization,36,100,2025-09-29 13:55:37.168988
S0050,QZ_OPT,Optimization,78,100,2025-11-30 13:55:37.168988
S0050,QZ_OPT,Optimization,69,100,2025-10-12 13:55:37.168988
S0050,QZ_OPT,Optimization,85,100,2025-08-01 13:55:37.168988
S0051,QZ_LIN,Linear Algebra,60,100,2025-11-12 13:55:37.168988
S0051,QZ_LIN,Linear Algebra,41,100,2025-08-31 13:55:37.168988
S0051,QZ_LIN,Linear Algebra,57,100,2025-11-29 13:55:37.168988
S0051,QZ_PRO,Probability,70,100,2026-01-14 13:55:37.168988
S0051,QZ_PRO,Probability,96,100,2025-08-20 13:55:37.168988
S0051,QZ_STA,Statistics,62,100,2025-08-27 13:55:37.168988
S0051,QZ_STA,Statistics,49,100,2025-10-09 13:55:37.168988
S0051,QZ_STA,Statistics,55,100,2025-09-27 13:55:37.168988
S0051,QZ_ML ,ML Basics,51,100,2025-11-21 13:55:37.168988
S0051,QZ_ML ,ML Basics,76,100,2025-08-11 13:55:37.168988
S0051,QZ_ML ,ML Basics,88,100,2025-08-13 13:55:37.168988
S0051,QZ_ML ,ML Basics,50,100,2025-11-02 13:55:37.168988
S0051,QZ_DEE,Deep Learning,41,100,2026-01-15 13:55:37.168988
S0051,QZ_DEE,Deep Learning,77,100,2025-09-03 13:55:37.168988
S0051,QZ_NLP,NLP,60,100,2025-11-24 13:55:37.168988
S0051,QZ_NLP,NLP,85,100,2025-12-11 13:55:37.168988
S0051,QZ_NLP,NLP,52,100,2025-10-08 13:55:37.168988
S0051,QZ_COM,Computer Vision,80,100,2026-01-02 13:55:37.168988
S0051,QZ_COM,Computer Vision,86,100,2025-10-13 13:55:37.168988
S0051,QZ_COM,Computer Vision,92,100,2026-01-16 13:55:37.168988
S0051,QZ_OPT,Optimization,90,100,2025-10-14 13:55:37.168988
S0051,QZ_OPT,Optimization,54,100,2025-09-05 13:55:37.168988
S0051,QZ_OPT,Optimization,45,100,2026-01-08 13:55:37.168988
S0052,QZ_LIN,Linear Algebra,78,100,2025-11-13 13:55:37.168988
S0052,QZ_LIN,Linear Algebra,93,100,2025-08-14 13:55:37.168988
S0052,QZ_LIN,Linear Algebra,89,100,2025-12-29 13:55:37.168988
S0052,QZ_LIN,Linear Algebra,96,100,2025-12-25 13:55:37.168988
S0052,QZ_PRO,Probability,64,100,2025-10-04 13:55:37.168988
S0052,QZ_PRO,Probability,72,100,2025-12-31 13:55:37.168988
S0052,QZ_PRO,Probability,75,100,2025-09-12 13:55:37.168988
S0052,QZ_STA,Statistics,68,100,2025-11-12 13:55:37.168988
S0052,QZ_STA,Statistics,40,100,2025-11-22 13:55:37.168988
S0052,QZ_STA,Statistics,56,100,2026-01-12 13:55:37.168988
S0052,QZ_STA,Statistics,54,100,2026-01-09 13:55:37.168988
S0052,QZ_ML ,ML Basics,61,100,2025-09-04 13:55:37.168988
S0052,QZ_ML ,ML Basics,95,100,2025-10-14 13:55:37.168988
S0052,QZ_DEE,Deep Learning,34,100,2025-10-14 13:55:37.168988
S0052,QZ_DEE,Deep Learning,80,100,2026-01-06 13:55:37.168988
S0052,QZ_NLP,NLP,25,100,2025-11-07 13:55:37.168988
S0052,QZ_NLP,NLP,98,100,2025-07-28 13:55:37.168988
S0052,QZ_COM,Computer Vision,36,100,2025-11-04 13:55:37.168988
S0052,QZ_COM,Computer Vision,84,100,2025-10-08 13:55:37.168988
S0052,QZ_COM,Computer Vision,46,100,2025-11-17 13:55:37.168988
S0052,QZ_COM,Computer Vision,46,100,2025-07-26 13:55:37.168988
S0052,QZ_OPT,Optimization,36,100,2025-09-14 13:55:37.168988
S0052,QZ_OPT,Optimization,79,100,2025-12-11 13:55:37.168988
S0053,QZ_LIN,Linear Algebra,64,100,2025-11-15 13:55:37.168988
S0053,QZ_LIN,Linear Algebra,90,100,2025-08-01 13:55:37.168988
S0053,QZ_LIN,Linear Algebra,43,100,2025-10-06 13:55:37.168988
S0053,QZ_PRO,Probability,77,100,2025-10-03 13:55:37.168988
S0053,QZ_PRO,Probability,56,100,2025-12-06 13:55:37.168988
S0053,QZ_PRO,Probability,92,100,2025-08-04 13:55:37.168988
S0053,QZ_STA,Statistics,73,100,2025-10-09 13:55:37.168988
S0053,QZ_STA,Statistics,76,100,2025-11-13 13:55:37.168988
S0053,QZ_ML ,ML Basics,72,100,2025-10-26 13:55:37.168988
S0053,QZ_ML ,ML Basics,86,100,2025-10-17 13:55:37.168988
S0053,QZ_DEE,Deep Learning,73,100,2025-09-20 13:55:37.168988
S0053,QZ_DEE,Deep Learning,73,100,2025-10-28 13:55:37.168988
S0053,QZ_DEE,Deep Learning,42,100,2025-11-09 13:55:37.168988
S0053,QZ_DEE,Deep Learning,97,100,2025-11-30 13:55:37.168988
S0053,QZ_NLP,NLP,34,100,2025-11-12 13:55:37.168988
S0053,QZ_NLP,NLP,53,100,2025-12-18 13:55:37.168988
S0053,QZ_NLP,NLP,49,100,2025-07-27 13:55:37.168988
S0053,QZ_COM,Computer Vision,78,100,2025-08-09 13:55:37.168988
S0053,QZ_COM,Computer Vision,78,100,2025-07-27 13:55:37.168988
S0053,QZ_COM,Computer Vision,78,100,2026-01-04 13:55:37.168988
S0053,QZ_COM,Computer Vision,76,100,2025-12-02 13:55:37.168988
S0053,QZ_OPT,Optimization,43,100,2025-10-18 13:55:37.168988
S0053,QZ_OPT,Optimization,34,100,2025-11-28 13:55:37.168988
S0053,QZ_OPT,Optimization,88,100,2025-09-04 13:55:37.168988
S0053,QZ_OPT,Optimization,53,100,2025-12-08 13:55:37.168988
S0054,QZ_LIN,Linear Algebra,98,100,2025-08-09 13:55:37.168988
S0054,QZ_LIN,Linear Algebra,68,100,2025-11-22 13:55:37.168988
S0054,QZ_LIN,Linear Algebra,27,100,2025-12-17 13:55:37.168988
S0054,QZ_PRO,Probability,42,100,2025-11-21 13:55:37.168988
S0054,QZ_PRO,Probability,67,100,2025-12-07 13:55:37.168988
S0054,QZ_STA,Statistics,83,100,2025-08-05 13:55:37.168988
S0054,QZ_STA,Statistics,83,100,2025-11-07 13:55:37.168988
S0054,QZ_ML ,ML Basics,52,100,2025-12-31 13:55:37.168988
S0054,QZ_ML ,ML Basics,28,100,2025-10-09 13:55:37.168988
S0054,QZ_ML ,ML Basics,40,100,2025-07-22 13:55:37.168988
S0054,QZ_ML ,ML Basics,35,100,2025-11-13 13:55:37.168988
S0054,QZ_DEE,Deep Learning,44,100,2025-08-09 13:55:37.168988
S0054,QZ_DEE,Deep Learning,33,100,2025-08-25 13:55:37.168988
S0054,QZ_NLP,NLP,52,100,2025-11-14 13:55:37.168988
S0054,QZ_NLP,NLP,94,100,2025-10-29 13:55:37.168988
S0054,QZ_COM,Computer Vision,61,100,2025-12-08 13:55:37.168988
S0054,QZ_COM,Computer Vision,84,100,2025-11-16 13:55:37.168988
S0054,QZ_OPT,Optimization,87,100,2025-08-19 13:55:37.168988
S0054,QZ_OPT,Optimization,81,100,2025-12-07 13:55:37.168988
S0054,QZ_OPT,Optimization,53,100,2026-01-03 13:55:37.168988
S0055,QZ_LIN,Linear Algebra,66,100,2025-09-14 13:55:37.168988
S0055,QZ_LIN,Linear Algebra,62,100,2025-09-04 13:55:37.168988
S0055,QZ_PRO,Probability,63,100,2025-10-02 13:55:37.168988
S0055,QZ_PRO,Probability,70,100,2025-09-29 13:55:37.168988
S0055,QZ_PRO,Probability,27,100,2025-10-16 13:55:37.168988
S0055,QZ_STA,Statistics,41,100,2025-11-20 13:55:37.168988
S0055,QZ_STA,Statistics,50,100,2025-10-30 13:55:37.168988
S0055,QZ_STA,Statistics,77,100,2025-09-02 13:55:37.168988
S0055,QZ_STA,Statistics,93,100,2025-07-26 13:55:37.168988
S0055,QZ_ML ,ML Basics,71,100,2025-11-13 13:55:37.168988
S0055,QZ_ML ,ML Basics,27,100,2025-08-21 13:55:37.168988
S0055,QZ_ML ,ML Basics,40,100,2025-09-22 13:55:37.168988
S0055,QZ_ML ,ML Basics,92,100,2025-12-30 13:55:37.168988
S0055,QZ_DEE,Deep Learning,85,100,2025-09-29 13:55:37.168988
S0055,QZ_DEE,Deep Learning,86,100,2025-12-04 13:55:37.168988
S0055,QZ_DEE,Deep Learning,53,100,2025-12-22 13:55:37.168988
S0055,QZ_NLP,NLP,76,100,2026-01-16 13:55:37.168988
S0055,QZ_NLP,NLP,84,100,2025-08-15 13:55:37.168988
S0055,QZ_NLP,NLP,96,100,2025-10-06 13:55:37.168988
S0055,QZ_NLP,NLP,75,100,2025-08-20 13:55:37.168988
S0055,QZ_COM,Computer Vision,58,100,2025-08-26 13:55:37.168988
S0055,QZ_COM,Computer Vision,34,100,2026-01-15 13:55:37.168988
S0055,QZ_OPT,Optimization,43,100,2025-10-18 13:55:37.168988
S0055,QZ_OPT,Optimization,91,100,2025-09-05 13:55:37.168988
S0056,QZ_LIN,Linear Algebra,64,100,2025-10-05 13:55:37.168988
S0056,QZ_LIN,Linear Algebra,99,100,2025-08-23 13:55:37.168988
S0056,QZ_LIN,Linear Algebra,62,100,2025-08-14 13:55:37.168988
S0056,QZ_LIN,Linear Algebra,60,100,2025-07-30 13:55:37.168988
S0056,QZ_PRO,Probability,81,100,2025-10-30 13:55:37.168988
S0056,QZ_PRO,Probability,25,100,2026-01-11 13:55:37.168988
S0056,QZ_PRO,Probability,34,100,2025-12-16 13:55:37.168988
S0056,QZ_STA,Statistics,76,100,2025-07-23 13:55:37.168988
S0056,QZ_STA,Statistics,57,100,2025-09-19 13:55:37.168988
S0056,QZ_STA,Statistics,63,100,2025-09-01 13:55:37.168988
S0056,QZ_ML ,ML Basics,44,100,2026-01-14 13:55:37.168988
S0056,QZ_ML ,ML Basics,45,100,2025-10-24 13:55:37.168988
S0056,QZ_ML ,ML Basics,48,100,2025-08-04 13:55:37.168988
S0056,QZ_DEE,Deep Learning,86,100,2025-09-14 13:55:37.168988
S0056,QZ_DEE,Deep Learning,81,100,2025-10-04 13:55:37.168988
S0056,QZ_DEE,Deep Learning,51,100,2025-11-11 13:55:37.168988
S0056,QZ_DEE,Deep Learning,40,100,2025-09-27 13:55:37.168988
S0056,QZ_NLP,NLP,93,100,2025-09-16 13:55:37.168988
S0056,QZ_NLP,NLP,37,100,2025-11-13 13:55:37.168988
S0056,QZ_COM,Computer Vision,37,100,2025-09-21 13:55:37.168988
S0056,QZ_COM,Computer Vision,65,100,2025-07-22 13:55:37.168988
S0056,QZ_OPT,Optimization,32,100,2025-09-13 13:55:37.168988
S0056,QZ_OPT,Optimization,64,100,2025-12-23 13:55:37.168988
S0056,QZ_OPT,Optimization,91,100,2025-12-06 13:55:37.168988
S0057,QZ_LIN,Linear Algebra,53,100,2025-08-10 13:55:37.168988
S0057,QZ_LIN,Linear Algebra,58,100,2025-09-10 13:55:37.168988
S0057,QZ_PRO,Probability,98,100,2025-12-08 13:55:37.168988
S0057,QZ_PRO,Probability,93,100,2025-07-31 13:55:37.168988
S0057,QZ_STA,Statistics,44,100,2025-08-02 13:55:37.168988
S0057,QZ_STA,Statistics,48,100,2025-08-03 13:55:37.168988
S0057,QZ_ML ,ML Basics,73,100,2025-12-22 13:55:37.168988
S0057,QZ_ML ,ML Basics,30,100,2025-11-16 13:55:37.168988
S0057,QZ_ML ,ML Basics,85,100,2025-08-21 13:55:37.168988
S0057,QZ_DEE,Deep Learning,34,100,2025-07-23 13:55:37.168988
S0057,QZ_DEE,Deep Learning,99,100,2025-08-29 13:55:37.168988
S0057,QZ_NLP,NLP,38,100,2025-07-27 13:55:37.168988
S0057,QZ_NLP,NLP,48,100,2025-12-03 13:55:37.168988
S0057,QZ_NLP,NLP,99,100,2026-01-16 13:55:37.168988
S0057,QZ_NLP,NLP,32,100,2025-12-15 13:55:37.168988
S0057,QZ_COM,Computer Vision,60,100,2025-09-21 13:55:37.168988
S0057,QZ_COM,Computer Vision,69,100,2025-10-10 13:55:37.168988
S0057,QZ_COM,Computer Vision,53,100,2025-10-09 13:55:37.168988
S0057,QZ_OPT,Optimization,82,100,2025-12-19 13:55:37.168988
S0057,QZ_OPT,Optimization,71,100,2025-12-28 13:55:37.168988
S0057,QZ_OPT,Optimization,61,100,2025-07-22 13:55:37.168988
S0058,QZ_LIN,Linear Algebra,42,100,2025-08-22 13:55:37.168988
S0058,QZ_LIN,Linear Algebra,28,100,2025-11-09 13:55:37.168988
S0058,QZ_PRO,Probability,96,100,2025-10-21 13:55:37.168988
S0058,QZ_PRO,Probability,45,100,2025-08-20 13:55:37.168988
S0058,QZ_STA,Statistics,60,100,2025-12-28 13:55:37.168988
S0058,QZ_STA,Statistics,39,100,2025-08-25 13:55:37.168988
S0058,QZ_STA,Statistics,89,100,2025-12-26 13:55:37.168988
S0058,QZ_STA,Statistics,94,100,2026-01-03 13:55:37.168988
S0058,QZ_ML ,ML Basics,71,100,2025-08-09 13:55:37.168988
S0058,QZ_ML ,ML Basics,32,100,2025-08-10 13:55:37.168988
S0058,QZ_ML ,ML Basics,28,100,2025-08-13 13:55:37.168988
S0058,QZ_DEE,Deep Learning,26,100,2025-12-16 13:55:37.168988
S0058,QZ_DEE,Deep Learning,77,100,2025-08-11 13:55:37.168988
S0058,QZ_DEE,Deep Learning,81,100,2025-08-18 13:55:37.168988
S0058,QZ_NLP,NLP,40,100,2025-11-22 13:55:37.168988
S0058,QZ_NLP,NLP,89,100,2025-12-13 13:55:37.168988
S0058,QZ_NLP,NLP,67,100,2025-09-22 13:55:37.168988
S0058,QZ_COM,Computer Vision,86,100,2025-07-29 13:55:37.168988
S0058,QZ_COM,Computer Vision,89,100,2025-12-29 13:55:37.168988
S0058,QZ_OPT,Optimization,42,100,2026-01-02 13:55:37.168988
S0058,QZ_OPT,Optimization,82,100,2025-10-04 13:55:37.168988
S0058,QZ_OPT,Optimization,74,100,2025-11-17 13:55:37.168988
S0058,QZ_OPT,Optimization,34,100,2025-11-17 13:55:37.168988
S0059,QZ_LIN,Linear Algebra,83,100,2025-09-11 13:55:37.168988
S0059,QZ_LIN,Linear Algebra,63,100,2025-08-22 13:55:37.168988
S0059,QZ_LIN,Linear Algebra,74,100,2025-11-19 13:55:37.168988
S0059,QZ_PRO,Probability,29,100,2025-12-15 13:55:37.168988
S0059,QZ_PRO,Probability,77,100,2025-11-17 13:55:37.168988
S0059,QZ_PRO,Probability,38,100,2025-12-14 13:55:37.168988
S0059,QZ_STA,Statistics,56,100,2025-09-03 13:55:37.168988
S0059,QZ_STA,Statistics,48,100,2025-09-25 13:55:37.168988
S0059,QZ_STA,Statistics,53,100,2026-01-06 13:55:37.168988
S0059,QZ_STA,Statistics,57,100,2025-11-22 13:55:37.168988
S0059,QZ_ML ,ML Basics,36,100,2026-01-15 13:55:37.168988
S0059,QZ_ML ,ML Basics,61,100,2025-09-24 13:55:37.168988
S0059,QZ_DEE,Deep Learning,97,100,2025-09-29 13:55:37.168988
S0059,QZ_DEE,Deep Learning,69,100,2025-10-22 13:55:37.168988
S0059,QZ_NLP,NLP,45,100,2025-12-10 13:55:37.168988
S0059,QZ_NLP,NLP,54,100,2026-01-04 13:55:37.168988
S0059,QZ_COM,Computer Vision,28,100,2025-12-24 13:55:37.168988
S0059,QZ_COM,Computer Vision,55,100,2025-12-23 13:55:37.168988
S0059,QZ_COM,Computer Vision,68,100,2026-01-03 13:55:37.168988
S0059,QZ_OPT,Optimization,92,100,2025-11-22 13:55:37.168988
S0059,QZ_OPT,Optimization,62,100,2026-01-06 13:55:37.168988
S0059,QZ_OPT,Optimization,93,100,2025-08-27 13:55:37.168988
S0059,QZ_OPT,Optimization,27,100,2025-08-13 13:55:37.168988
S0060,QZ_LIN,Linear Algebra,29,100,2025-11-25 13:55:37.168988
S0060,QZ_LIN,Linear Algebra,76,100,2025-12-05 13:55:37.168988
S0060,QZ_PRO,Probability,33,100,2025-11-08 13:55:37.168988
S0060,QZ_PRO,Probability,95,100,2025-09-29 13:55:37.168988
S0060,QZ_STA,Statistics,95,100,2026-01-15 13:55:37.168988
S0060,QZ_STA,Statistics,67,100,2025-11-05 13:55:37.168988
S0060,QZ_ML ,ML Basics,42,100,2026-01-02 13:55:37.168988
S0060,QZ_ML ,ML Basics,43,100,2025-12-28 13:55:37.168988
S0060,QZ_ML ,ML Basics,97,100,2025-08-29 13:55:37.168988
S0060,QZ_ML ,ML Basics,57,100,2025-11-21 13:55:37.168988
S0060,QZ_DEE,Deep Learning,69,100,2025-11-06 13:55:37.168988
S0060,QZ_DEE,Deep Learning,56,100,2025-11-12 13:55:37.168988
S0060,QZ_NLP,NLP,73,100,2025-09-03 13:55:37.168988
S0060,QZ_NLP,NLP,27,100,2025-11-27 13:55:37.168988
S0060,QZ_COM,Computer Vision,55,100,2025-11-30 13:55:37.168988
S0060,QZ_COM,Computer Vision,85,100,2026-01-10 13:55:37.168988
S0060,QZ_COM,Computer Vision,70,100,2025-07-27 13:55:37.168988
S0060,QZ_COM,Computer Vision,87,100,2025-12-26 13:55:37.168988
S0060,QZ_OPT,Optimization,58,100,2025-12-28 13:55:37.168988
S0060,QZ_OPT,Optimization,29,100,2025-10-09 13:55:37.168988
S0060,QZ_OPT,Optimization,54,100,2025-09-25 13:55:37.168988
S0060,QZ_OPT,Optimization,96,100,2025-12-07 13:55:37.168988
S0061,QZ_LIN,Linear Algebra,71,100,2025-07-28 13:55:37.168988
S0061,QZ_LIN,Linear Algebra,51,100,2025-10-06 13:55:37.168988
S0061,QZ_PRO,Probability,34,100,2025-12-31 13:55:37.168988
S0061,QZ_PRO,Probability,46,100,2025-08-05 13:55:37.168988
S0061,QZ_PRO,Probability,82,100,2025-10-13 13:55:37.168988
S0061,QZ_STA,Statistics,59,100,2025-10-17 13:55:37.168988
S0061,QZ_STA,Statistics,83,100,2026-01-03 13:55:37.168988
S0061,QZ_STA,Statistics,30,100,2025-10-29 13:55:37.168988
S0061,QZ_STA,Statistics,88,100,2025-09-19 13:55:37.168988
S0061,QZ_ML ,ML Basics,95,100,2025-08-12 13:55:37.168988
S0061,QZ_ML ,ML Basics,53,100,2025-12-23 13:55:37.168988
S0061,QZ_DEE,Deep Learning,74,100,2025-11-13 13:55:37.168988
S0061,QZ_DEE,Deep Learning,68,100,2025-11-14 13:55:37.168988
S0061,QZ_DEE,Deep Learning,61,100,2025-11-13 13:55:37.168988
S0061,QZ_NLP,NLP,81,100,2025-12-29 13:55:37.168988
S0061,QZ_NLP,NLP,94,100,2025-11-18 13:55:37.168988
S0061,QZ_COM,Computer Vision,45,100,2025-10-24 13:55:37.168988
S0061,QZ_COM,Computer Vision,39,100,2025-08-22 13:55:37.168988
S0061,QZ_COM,Computer Vision,27,100,2025-08-19 13:55:37.168988
S0061,QZ_OPT,Optimization,31,100,2025-11-19 13:55:37.168988
S0061,QZ_OPT,Optimization,91,100,2025-08-02 13:55:37.168988
S0061,QZ_OPT,Optimization,53,100,2025-07-23 13:55:37.168988
S0062,QZ_LIN,Linear Algebra,78,100,2025-11-19 13:55:37.168988
S0062,QZ_LIN,Linear Algebra,31,100,2025-10-04 13:55:37.168988
S0062,QZ_PRO,Probability,35,100,2025-12-25 13:55:37.168988
S0062,QZ_PRO,Probability,93,100,2025-10-25 13:55:37.168988
S0062,QZ_PRO,Probability,73,100,2025-09-25 13:55:37.168988
S0062,QZ_STA,Statistics,65,100,2025-08-29 13:55:37.168988
S0062,QZ_STA,Statistics,47,100,2025-10-16 13:55:37.168988
S0062,QZ_ML ,ML Basics,54,100,2025-09-05 13:55:37.168988
S0062,QZ_ML ,ML Basics,94,100,2025-10-01 13:55:37.168988
S0062,QZ_ML ,ML Basics,88,100,2025-11-05 13:55:37.168988
S0062,QZ_ML ,ML Basics,37,100,2025-10-02 13:55:37.168988
S0062,QZ_DEE,Deep Learning,49,100,2025-07-22 13:55:37.168988
S0062,QZ_DEE,Deep Learning,43,100,2025-11-28 13:55:37.168988
S0062,QZ_DEE,Deep Learning,28,100,2026-01-04 13:55:37.168988
S0062,QZ_DEE,Deep Learning,85,100,2025-10-16 13:55:37.168988
S0062,QZ_NLP,NLP,55,100,2025-09-20 13:55:37.168988
S0062,QZ_NLP,NLP,77,100,2025-10-07 13:55:37.168988
S0062,QZ_COM,Computer Vision,91,100,2025-09-01 13:55:37.168988
S0062,QZ_COM,Computer Vision,27,100,2025-11-19 13:55:37.168988
S0062,QZ_COM,Computer Vision,55,100,2026-01-10 13:55:37.168988
S0062,QZ_COM,Computer Vision,81,100,2025-12-31 13:55:37.168988
S0062,QZ_OPT,Optimization,73,100,2025-11-29 13:55:37.168988
S0062,QZ_OPT,Optimization,72,100,2025-10-12 13:55:37.168988
S0062,QZ_OPT,Optimization,39,100,2025-10-08 13:55:37.168988
S0063,QZ_LIN,Linear Algebra,62,100,2025-11-16 13:55:37.168988
S0063,QZ_LIN,Linear Algebra,32,100,2025-09-16 13:55:37.168988
S0063,QZ_LIN,Linear Algebra,57,100,2025-11-27 13:55:37.168988
S0063,QZ_PRO,Probability,93,100,2025-08-20 13:55:37.168988
S0063,QZ_PRO,Probability,26,100,2025-12-01 13:55:37.168988
S0063,QZ_PRO,Probability,49,100,2026-01-01 13:55:37.168988
S0063,QZ_PRO,Probability,70,100,2025-07-26 13:55:37.168988
S0063,QZ_STA,Statistics,75,100,2025-08-15 13:55:37.168988
S0063,QZ_STA,Statistics,99,100,2025-10-09 13:55:37.168988
S0063,QZ_STA,Statistics,62,100,2025-11-06 13:55:37.168988
S0063,QZ_ML ,ML Basics,82,100,2025-10-07 13:55:37.168988
S0063,QZ_ML ,ML Basics,45,100,2025-12-20 13:55:37.168988
S0063,QZ_ML ,ML Basics,75,100,2025-10-30 13:55:37.168988
S0063,QZ_DEE,Deep Learning,49,100,2025-11-21 13:55:37.168988
S0063,QZ_DEE,Deep Learning,93,100,2025-09-08 13:55:37.168988
S0063,QZ_DEE,Deep Learning,80,100,2025-12-25 13:55:37.168988
S0063,QZ_DEE,Deep Learning,89,100,2025-08-02 13:55:37.168988
S0063,QZ_NLP,NLP,54,100,2025-10-05 13:55:37.168988
S0063,QZ_NLP,NLP,26,100,2025-11-27 13:55:37.168988
S0063,QZ_COM,Computer Vision,83,100,2025-12-09 13:55:37.168988
S0063,QZ_COM,Computer Vision,58,100,2025-10-29 13:55:37.168988
S0063,QZ_OPT,Optimization,38,100,2025-12-18 13:55:37.168988
S0063,QZ_OPT,Optimization,97,100,2025-09-04 13:55:37.168988
S0063,QZ_OPT,Optimization,64,100,2025-11-13 13:55:37.168988
S0063,QZ_OPT,Optimization,61,100,2025-09-30 13:55:37.168988
S0064,QZ_LIN,Linear Algebra,90,100,2026-01-08 13:55:37.168988
S0064,QZ_LIN,Linear Algebra,82,100,2025-09-22 13:55:37.168988
S0064,QZ_LIN,Linear Algebra,69,100,2025-12-12 13:55:37.168988
S0064,QZ_LIN,Linear Algebra,45,100,2025-10-24 13:55:37.168988
S0064,QZ_PRO,Probability,92,100,2025-09-03 13:55:37.168988
S0064,QZ_PRO,Probability,57,100,2025-08-30 13:55:37.168988
S0064,QZ_PRO,Probability,43,100,2025-10-22 13:55:37.168988
S0064,QZ_PRO,Probability,56,100,2026-01-10 13:55:37.168988
S0064,QZ_STA,Statistics,32,100,2025-09-12 13:55:37.168988
S0064,QZ_STA,Statistics,47,100,2025-11-11 13:55:37.168988
S0064,QZ_STA,Statistics,97,100,2025-11-12 13:55:37.168988
S0064,QZ_STA,Statistics,55,100,2025-12-11 13:55:37.168988
S0064,QZ_ML ,ML Basics,72,100,2026-01-15 13:55:37.168988
S0064,QZ_ML ,ML Basics,90,100,2025-09-02 13:55:37.168988
S0064,QZ_ML ,ML Basics,75,100,2025-09-08 13:55:37.168988
S0064,QZ_DEE,Deep Learning,25,100,2025-12-20 13:55:37.168988
S0064,QZ_DEE,Deep Learning,49,100,2025-12-10 13:55:37.168988
S0064,QZ_DEE,Deep Learning,43,100,2025-10-28 13:55:37.168988
S0064,QZ_NLP,NLP,42,100,2025-12-31 13:55:37.168988
S0064,QZ_NLP,NLP,42,100,2025-11-16 13:55:37.168988
S0064,QZ_NLP,NLP,76,100,2025-12-24 13:55:37.168988
S0064,QZ_COM,Computer Vision,40,100,2025-11-20 13:55:37.168988
S0064,QZ_COM,Computer Vision,98,100,2025-12-08 13:55:37.168988
S0064,QZ_OPT,Optimization,94,100,2026-01-16 13:55:37.168988
S0064,QZ_OPT,Optimization,60,100,2025-09-13 13:55:37.168988
S0064,QZ_OPT,Optimization,47,100,2025-09-27 13:55:37.168988
S0065,QZ_LIN,Linear Algebra,62,100,2025-12-26 13:55:37.168988
S0065,QZ_LIN,Linear Algebra,63,100,2025-10-27 13:55:37.168988
S0065,QZ_LIN,Linear Algebra,63,100,2025-09-10 13:55:37.168988
S0065,QZ_PRO,Probability,84,100,2025-10-01 13:55:37.168988
S0065,QZ_PRO,Probability,89,100,2025-10-17 13:55:37.168988
S0065,QZ_PRO,Probability,86,100,2025-07-23 13:55:37.168988
S0065,QZ_PRO,Probability,67,100,2025-09-23 13:55:37.168988
S0065,QZ_STA,Statistics,96,100,2025-07-23 13:55:37.168988
S0065,QZ_STA,Statistics,89,100,2025-08-31 13:55:37.168988
S0065,QZ_ML ,ML Basics,29,100,2025-09-15 13:55:37.168988
S0065,QZ_ML ,ML Basics,61,100,2025-08-19 13:55:37.168988
S0065,QZ_ML ,ML Basics,51,100,2025-09-12 13:55:37.168988
S0065,QZ_DEE,Deep Learning,33,100,2025-11-25 13:55:37.168988
S0065,QZ_DEE,Deep Learning,85,100,2026-01-11 13:55:37.168988
S0065,QZ_NLP,NLP,52,100,2025-12-19 13:55:37.168988
S0065,QZ_NLP,NLP,82,100,2025-10-13 13:55:37.168988
S0065,QZ_NLP,NLP,26,100,2025-12-30 13:55:37.168988
S0065,QZ_COM,Computer Vision,83,100,2025-11-20 13:55:37.168988
S0065,QZ_COM,Computer Vision,72,100,2025-09-13 13:55:37.168988
S0065,QZ_COM,Computer Vision,36,100,2025-08-15 13:55:37.168988
S0065,QZ_OPT,Optimization,93,100,2025-10-14 13:55:37.168988
S0065,QZ_OPT,Optimization,82,100,2025-10-15 13:55:37.168988
S0065,QZ_OPT,Optimization,69,100,2025-09-12 13:55:37.168988
S0066,QZ_LIN,Linear Algebra,77,100,2025-08-20 13:55:37.168988
S0066,QZ_LIN,Linear Algebra,28,100,2025-12-25 13:55:37.168988
S0066,QZ_LIN,Linear Algebra,45,100,2025-11-20 13:55:37.168988
S0066,QZ_PRO,Probability,50,100,2025-09-27 13:55:37.168988
S0066,QZ_PRO,Probability,57,100,2025-11-09 13:55:37.168988
S0066,QZ_STA,Statistics,96,100,2025-09-03 13:55:37.168988
S0066,QZ_STA,Statistics,25,100,2025-10-24 13:55:37.168988
S0066,QZ_STA,Statistics,30,100,2025-10-03 13:55:37.168988
S0066,QZ_ML ,ML Basics,87,100,2025-11-25 13:55:37.168988
S0066,QZ_ML ,ML Basics,95,100,2025-11-07 13:55:37.168988
S0066,QZ_ML ,ML Basics,54,100,2025-09-21 13:55:37.168988
S0066,QZ_ML ,ML Basics,80,100,2025-11-23 13:55:37.168988
S0066,QZ_DEE,Deep Learning,59,100,2025-08-01 13:55:37.168988
S0066,QZ_DEE,Deep Learning,93,100,2025-11-27 13:55:37.168988
S0066,QZ_NLP,NLP,46,100,2025-12-10 13:55:37.168988
S0066,QZ_NLP,NLP,32,100,2025-12-05 13:55:37.168988
S0066,QZ_NLP,NLP,61,100,2025-10-28 13:55:37.168988
S0066,QZ_COM,Computer Vision,37,100,2025-09-06 13:55:37.168988
S0066,QZ_COM,Computer Vision,38,100,2025-09-16 13:55:37.168988
S0066,QZ_COM,Computer Vision,30,100,2025-08-24 13:55:37.168988
S0066,QZ_COM,Computer Vision,43,100,2025-08-06 13:55:37.168988
S0066,QZ_OPT,Optimization,35,100,2025-12-23 13:55:37.168988
S0066,QZ_OPT,Optimization,57,100,2025-10-07 13:55:37.168988
S0066,QZ_OPT,Optimization,89,100,2025-08-28 13:55:37.168988
S0066,QZ_OPT,Optimization,48,100,2025-09-28 13:55:37.168988
S0067,QZ_LIN,Linear Algebra,83,100,2026-01-11 13:55:37.168988
S0067,QZ_LIN,Linear Algebra,88,100,2025-11-20 13:55:37.168988
S0067,QZ_PRO,Probability,70,100,2025-09-02 13:55:37.168988
S0067,QZ_PRO,Probability,54,100,2025-12-21 13:55:37.168988
S0067,QZ_STA,Statistics,26,100,2025-10-01 13:55:37.168988
S0067,QZ_STA,Statistics,55,100,2025-11-23 13:55:37.168988
S0067,QZ_STA,Statistics,59,100,2025-09-13 13:55:37.168988
S0067,QZ_STA,Statistics,81,100,2025-10-11 13:55:37.168988
S0067,QZ_ML ,ML Basics,58,100,2025-11-09 13:55:37.168988
S0067,QZ_ML ,ML Basics,51,100,2026-01-15 13:55:37.168988
S0067,QZ_DEE,Deep Learning,81,100,2025-12-02 13:55:37.168988
S0067,QZ_DEE,Deep Learning,54,100,2025-09-28 13:55:37.168988
S0067,QZ_NLP,NLP,59,100,2025-12-02 13:55:37.168988
S0067,QZ_NLP,NLP,98,100,2026-01-02 13:55:37.168988
S0067,QZ_NLP,NLP,38,100,2025-11-07 13:55:37.168988
S0067,QZ_COM,Computer Vision,66,100,2025-12-23 13:55:37.168988
S0067,QZ_COM,Computer Vision,68,100,2025-10-30 13:55:37.168988
S0067,QZ_COM,Computer Vision,80,100,2025-10-21 13:55:37.168988
S0067,QZ_OPT,Optimization,64,100,2025-12-03 13:55:37.168988
S0067,QZ_OPT,Optimization,36,100,2025-08-16 13:55:37.168988
S0067,QZ_OPT,Optimization,57,100,2025-09-30 13:55:37.168988
S0068,QZ_LIN,Linear Algebra,81,100,2025-08-16 13:55:37.168988
S0068,QZ_LIN,Linear Algebra,60,100,2025-10-19 13:55:37.168988
S0068,QZ_PRO,Probability,30,100,2025-08-13 13:55:37.168988
S0068,QZ_PRO,Probability,91,100,2025-12-23 13:55:37.168988
S0068,QZ_PRO,Probability,56,100,2025-12-24 13:55:37.168988
S0068,QZ_PRO,Probability,89,100,2025-09-14 13:55:37.168988
S0068,QZ_STA,Statistics,76,100,2025-12-04 13:55:37.168988
S0068,QZ_STA,Statistics,30,100,2025-11-27 13:55:37.168988
S0068,QZ_ML ,ML Basics,94,100,2025-10-03 13:55:37.168988
S0068,QZ_ML ,ML Basics,42,100,2025-12-12 13:55:37.168988
S0068,QZ_DEE,Deep Learning,95,100,2025-10-26 13:55:37.168988
S0068,QZ_DEE,Deep Learning,65,100,2026-01-06 13:55:37.168988
S0068,QZ_DEE,Deep Learning,91,100,2025-11-27 13:55:37.168988
S0068,QZ_DEE,Deep Learning,57,100,2026-01-12 13:55:37.168988
S0068,QZ_NLP,NLP,25,100,2026-01-12 13:55:37.168988
S0068,QZ_NLP,NLP,62,100,2025-11-30 13:55:37.168988
S0068,QZ_COM,Computer Vision,56,100,2025-08-09 13:55:37.168988
S0068,QZ_COM,Computer Vision,56,100,2026-01-09 13:55:37.168988
S0068,QZ_COM,Computer Vision,49,100,2025-11-02 13:55:37.168988
S0068,QZ_OPT,Optimization,50,100,2025-11-05 13:55:37.168988
S0068,QZ_OPT,Optimization,73,100,2025-10-16 13:55:37.168988
S0068,QZ_OPT,Optimization,59,100,2025-11-24 13:55:37.168988
S0068,QZ_OPT,Optimization,76,100,2025-12-14 13:55:37.168988
S0069,QZ_LIN,Linear Algebra,53,100,2025-08-30 13:55:37.168988
S0069,QZ_LIN,Linear Algebra,28,100,2025-07-30 13:55:37.168988
S0069,QZ_PRO,Probability,55,100,2025-09-25 13:55:37.168988
S0069,QZ_PRO,Probability,71,100,2025-10-22 13:55:37.168988
S0069,QZ_PRO,Probability,32,100,2025-08-06 13:55:37.168988
S0069,QZ_STA,Statistics,89,100,2025-12-25 13:55:37.168988
S0069,QZ_STA,Statistics,55,100,2026-01-04 13:55:37.168988
S0069,QZ_STA,Statistics,46,100,2025-07-25 13:55:37.168988
S0069,QZ_ML ,ML Basics,51,100,2025-12-17 13:55:37.168988
S0069,QZ_ML ,ML Basics,26,100,2025-12-09 13:55:37.168988
S0069,QZ_ML ,ML Basics,27,100,2025-09-21 13:55:37.168988
S0069,QZ_DEE,Deep Learning,43,100,2025-08-14 13:55:37.168988
S0069,QZ_DEE,Deep Learning,66,100,2026-01-05 13:55:37.168988
S0069,QZ_NLP,NLP,42,100,2025-09-15 13:55:37.168988
S0069,QZ_NLP,NLP,27,100,2025-12-05 13:55:37.168988
S0069,QZ_COM,Computer Vision,73,100,2025-09-01 13:55:37.168988
S0069,QZ_COM,Computer Vision,46,100,2025-09-20 13:55:37.168988
S0069,QZ_OPT,Optimization,74,100,2025-11-28 13:55:37.168988
S0069,QZ_OPT,Optimization,92,100,2025-11-27 13:55:37.168988
S0070,QZ_LIN,Linear Algebra,90,100,2025-07-22 13:55:37.168988
S0070,QZ_LIN,Linear Algebra,45,100,2025-10-25 13:55:37.168988
S0070,QZ_LIN,Linear Algebra,30,100,2025-09-06 13:55:37.168988
S0070,QZ_PRO,Probability,49,100,2025-10-26 13:55:37.168988
S0070,QZ_PRO,Probability,71,100,2025-09-14 13:55:37.168988
S0070,QZ_STA,Statistics,26,100,2025-10-13 13:55:37.168988
S0070,QZ_STA,Statistics,84,100,2025-11-24 13:55:37.168988
S0070,QZ_ML ,ML Basics,82,100,2026-01-16 13:55:37.168988
S0070,QZ_ML ,ML Basics,61,100,2025-09-08 13:55:37.168988
S0070,QZ_ML ,ML Basics,45,100,2025-08-11 13:55:37.168988
S0070,QZ_DEE,Deep Learning,90,100,2025-08-12 13:55:37.168988
S0070,QZ_DEE,Deep Learning,32,100,2025-10-29 13:55:37.168988
S0070,QZ_NLP,NLP,44,100,2025-12-09 13:55:37.168988
S0070,QZ_NLP,NLP,86,100,2025-09-07 13:55:37.168988
S0070,QZ_COM,Computer Vision,85,100,2025-09-19 13:55:37.168988
S0070,QZ_COM,Computer Vision,69,100,2025-12-23 13:55:37.168988
S0070,QZ_OPT,Optimization,44,100,2025-11-19 13:55:37.168988
S0070,QZ_OPT,Optimization,31,100,2025-12-01 13:55:37.168988
S0070,QZ_OPT,Optimization,57,100,2025-10-12 13:55:37.168988
S0070,QZ_OPT,Optimization,40,100,2026-01-13 13:55:37.168988
S0071,QZ_LIN,Linear Algebra,93,100,2025-12-24 13:55:37.168988
S0071,QZ_LIN,Linear Algebra,74,100,2025-11-13 13:55:37.168988
S0071,QZ_LIN,Linear Algebra,91,100,2026-01-02 13:55:37.168988
S0071,QZ_PRO,Probability,70,100,2025-12-16 13:55:37.168988
S0071,QZ_PRO,Probability,85,100,2025-12-01 13:55:37.168988
S0071,QZ_PRO,Probability,60,100,2025-09-27 13:55:37.168988
S0071,QZ_STA,Statistics,34,100,2025-09-08 13:55:37.168988
S0071,QZ_STA,Statistics,52,100,2026-01-11 13:55:37.168988
S0071,QZ_STA,Statistics,48,100,2025-11-27 13:55:37.168988
S0071,QZ_ML ,ML Basics,60,100,2025-09-05 13:55:37.168988
S0071,QZ_ML ,ML Basics,32,100,2025-09-11 13:55:37.168988
S0071,QZ_ML ,ML Basics,61,100,2025-09-18 13:55:37.168988
S0071,QZ_ML ,ML Basics,26,100,2025-10-19 13:55:37.168988
S0071,QZ_DEE,Deep Learning,76,100,2025-08-05 13:55:37.168988
S0071,QZ_DEE,Deep Learning,89,100,2025-10-19 13:55:37.168988
S0071,QZ_DEE,Deep Learning,57,100,2025-12-13 13:55:37.168988
S0071,QZ_DEE,Deep Learning,27,100,2025-09-04 13:55:37.168988
S0071,QZ_NLP,NLP,86,100,2025-11-25 13:55:37.168988
S0071,QZ_NLP,NLP,89,100,2025-11-09 13:55:37.168988
S0071,QZ_NLP,NLP,61,100,2025-10-17 13:55:37.168988
S0071,QZ_COM,Computer Vision,57,100,2025-10-15 13:55:37.168988
S0071,QZ_COM,Computer Vision,51,100,2025-10-23 13:55:37.168988
S0071,QZ_OPT,Optimization,30,100,2025-10-30 13:55:37.168988
S0071,QZ_OPT,Optimization,86,100,2025-08-31 13:55:37.168988
S0071,QZ_OPT,Optimization,49,100,2025-11-14 13:55:37.168988
S0072,QZ_LIN,Linear Algebra,34,100,2025-12-09 13:55:37.168988
S0072,QZ_LIN,Linear Algebra,58,100,2025-11-08 13:55:37.168988
S0072,QZ_LIN,Linear Algebra,63,100,2025-12-05 13:55:37.168988
S0072,QZ_LIN,Linear Algebra,89,100,2025-08-13 13:55:37.168988
S0072,QZ_PRO,Probability,52,100,2025-12-24 13:55:37.168988
S0072,QZ_PRO,Probability,44,100,2025-12-22 13:55:37.168988
S0072,QZ_PRO,Probability,95,100,2025-08-06 13:55:37.168988
S0072,QZ_PRO,Probability,33,100,2025-11-04 13:55:37.168988
S0072,QZ_STA,Statistics,75,100,2026-01-09 13:55:37.168988
S0072,QZ_STA,Statistics,47,100,2025-09-20 13:55:37.168988
S0072,QZ_STA,Statistics,94,100,2026-01-16 13:55:37.168988
S0072,QZ_STA,Statistics,44,100,2025-11-01 13:55:37.168988
S0072,QZ_ML ,ML Basics,50,100,2025-08-21 13:55:37.168988
S0072,QZ_ML ,ML Basics,91,100,2026-01-08 13:55:37.168988
S0072,QZ_ML ,ML Basics,25,100,2025-11-26 13:55:37.168988
S0072,QZ_ML ,ML Basics,51,100,2025-12-30 13:55:37.168988
S0072,QZ_DEE,Deep Learning,55,100,2025-07-21 13:55:37.168988
S0072,QZ_DEE,Deep Learning,79,100,2025-12-18 13:55:37.168988
S0072,QZ_DEE,Deep Learning,57,100,2025-09-03 13:55:37.168988
S0072,QZ_NLP,NLP,92,100,2025-09-25 13:55:37.168988
S0072,QZ_NLP,NLP,51,100,2025-12-08 13:55:37.168988
S0072,QZ_NLP,NLP,42,100,2025-08-14 13:55:37.168988
S0072,QZ_NLP,NLP,98,100,2025-11-11 13:55:37.168988
S0072,QZ_COM,Computer Vision,29,100,2025-09-16 13:55:37.168988
S0072,QZ_COM,Computer Vision,89,100,2025-11-20 13:55:37.168988
S0072,QZ_COM,Computer Vision,45,100,2025-11-22 13:55:37.168988
S0072,QZ_OPT,Optimization,98,100,2025-08-23 13:55:37.168988
S0072,QZ_OPT,Optimization,26,100,2025-09-13 13:55:37.168988
S0072,QZ_OPT,Optimization,86,100,2025-11-29 13:55:37.168988
S0073,QZ_LIN,Linear Algebra,59,100,2025-09-12 13:55:37.168988
S0073,QZ_LIN,Linear Algebra,72,100,2025-09-12 13:55:37.168988
S0073,QZ_LIN,Linear Algebra,96,100,2025-10-06 13:55:37.168988
S0073,QZ_PRO,Probability,67,100,2025-10-22 13:55:37.168988
S0073,QZ_PRO,Probability,98,100,2025-09-19 13:55:37.168988
S0073,QZ_PRO,Probability,62,100,2025-08-11 13:55:37.168988
S0073,QZ_PRO,Probability,53,100,2025-10-24 13:55:37.168988
S0073,QZ_STA,Statistics,88,100,2025-11-06 13:55:37.168988
S0073,QZ_STA,Statistics,81,100,2025-08-24 13:55:37.168988
S0073,QZ_STA,Statistics,56,100,2025-09-24 13:55:37.168988
S0073,QZ_ML ,ML Basics,25,100,2025-12-17 13:55:37.168988
S0073,QZ_ML ,ML Basics,62,100,2025-11-18 13:55:37.168988
S0073,QZ_DEE,Deep Learning,84,100,2025-11-14 13:55:37.168988
S0073,QZ_DEE,Deep Learning,66,100,2025-09-13 13:55:37.168988
S0073,QZ_NLP,NLP,34,100,2025-10-19 13:55:37.168988
S0073,QZ_NLP,NLP,68,100,2025-10-28 13:55:37.168988
S0073,QZ_NLP,NLP,85,100,2025-10-14 13:55:37.168988
S0073,QZ_COM,Computer Vision,49,100,2026-01-14 13:55:37.168988
S0073,QZ_COM,Computer Vision,31,100,2025-11-20 13:55:37.168988
S0073,QZ_COM,Computer Vision,65,100,2025-11-12 13:55:37.168988
S0073,QZ_COM,Computer Vision,95,100,2025-10-14 13:55:37.168988
S0073,QZ_OPT,Optimization,54,100,2025-09-27 13:55:37.168988
S0073,QZ_OPT,Optimization,37,100,2025-08-11 13:55:37.168988
S0073,QZ_OPT,Optimization,48,100,2025-08-08 13:55:37.168988
S0074,QZ_LIN,Linear Algebra,55,100,2025-08-22 13:55:37.168988
S0074,QZ_LIN,Linear Algebra,36,100,2025-07-29 13:55:37.168988
S0074,QZ_PRO,Probability,89,100,2025-09-26 13:55:37.168988
S0074,QZ_PRO,Probability,63,100,2025-12-10 13:55:37.168988
S0074,QZ_PRO,Probability,37,100,2025-08-24 13:55:37.168988
S0074,QZ_PRO,Probability,99,100,2025-09-05 13:55:37.168988
S0074,QZ_STA,Statistics,57,100,2025-12-26 13:55:37.168988
S0074,QZ_STA,Statistics,99,100,2025-07-28 13:55:37.168988
S0074,QZ_STA,Statistics,27,100,2025-12-26 13:55:37.168988
S0074,QZ_ML ,ML Basics,47,100,2025-11-06 13:55:37.168988
S0074,QZ_ML ,ML Basics,67,100,2025-12-26 13:55:37.168988
S0074,QZ_DEE,Deep Learning,99,100,2025-12-17 13:55:37.168988
S0074,QZ_DEE,Deep Learning,27,100,2025-12-20 13:55:37.168988
S0074,QZ_NLP,NLP,27,100,2025-08-24 13:55:37.168988
S0074,QZ_NLP,NLP,71,100,2025-12-08 13:55:37.168988
S0074,QZ_NLP,NLP,76,100,2026-01-16 13:55:37.168988
S0074,QZ_NLP,NLP,63,100,2025-10-20 13:55:37.168988
S0074,QZ_COM,Computer Vision,38,100,2025-09-16 13:55:37.168988
S0074,QZ_COM,Computer Vision,75,100,2025-10-20 13:55:37.168988
S0074,QZ_COM,Computer Vision,83,100,2026-01-08 13:55:37.168988
S0074,QZ_OPT,Optimization,95,100,2025-10-09 13:55:37.168988
S0074,QZ_OPT,Optimization,33,100,2025-12-02 13:55:37.168988
S0074,QZ_OPT,Optimization,25,100,2025-12-13 13:55:37.168988
S0074,QZ_OPT,Optimization,82,100,2025-11-13 13:55:37.168988
S0075,QZ_LIN,Linear Algebra,97,100,2025-11-01 13:55:37.168988
S0075,QZ_LIN,Linear Algebra,63,100,2025-09-16 13:55:37.168988
S0075,QZ_PRO,Probability,96,100,2025-12-04 13:55:37.168988
S0075,QZ_PRO,Probability,68,100,2025-11-26 13:55:37.168988
S0075,QZ_PRO,Probability,41,100,2025-08-14 13:55:37.168988
S0075,QZ_STA,Statistics,87,100,2025-12-23 13:55:37.168988
S0075,QZ_STA,Statistics,50,100,2026-01-02 13:55:37.168988
S0075,QZ_ML ,ML Basics,62,100,2025-08-21 13:55:37.168988
S0075,QZ_ML ,ML Basics,73,100,2025-08-06 13:55:37.168988
S0075,QZ_ML ,ML Basics,35,100,2025-12-06 13:55:37.168988
S0075,QZ_ML ,ML Basics,49,100,2025-09-11 13:55:37.168988
S0075,QZ_DEE,Deep Learning,34,100,2025-12-18 13:55:37.168988
S0075,QZ_DEE,Deep Learning,59,100,2025-07-24 13:55:37.168988
S0075,QZ_DEE,Deep Learning,90,100,2026-01-01 13:55:37.168988
S0075,QZ_NLP,NLP,48,100,2025-12-07 13:55:37.168988
S0075,QZ_NLP,NLP,41,100,2025-11-03 13:55:37.168988
S0075,QZ_NLP,NLP,62,100,2026-01-12 13:55:37.168988
S0075,QZ_NLP,NLP,42,100,2025-12-31 13:55:37.168988
S0075,QZ_COM,Computer Vision,94,100,2025-10-26 13:55:37.168988
S0075,QZ_COM,Computer Vision,38,100,2025-09-17 13:55:37.168988
S0075,QZ_OPT,Optimization,95,100,2025-11-16 13:55:37.168988
S0075,QZ_OPT,Optimization,98,100,2025-10-26 13:55:37.168988
S0075,QZ_OPT,Optimization,89,100,2025-09-13 13:55:37.168988
S0076,QZ_LIN,Linear Algebra,63,100,2025-09-19 13:55:37.168988
S0076,QZ_LIN,Linear Algebra,93,100,2025-11-08 13:55:37.168988
S0076,QZ_LIN,Linear Algebra,60,100,2025-11-13 13:55:37.168988
S0076,QZ_LIN,Linear Algebra,74,100,2025-09-09 13:55:37.168988
S0076,QZ_PRO,Probability,48,100,2025-11-15 13:55:37.168988
S0076,QZ_PRO,Probability,54,100,2025-11-29 13:55:37.168988
S0076,QZ_PRO,Probability,95,100,2025-10-01 13:55:37.168988
S0076,QZ_STA,Statistics,75,100,2025-09-17 13:55:37.168988
S0076,QZ_STA,Statistics,89,100,2025-10-09 13:55:37.168988
S0076,QZ_STA,Statistics,85,100,2025-12-08 13:55:37.168988
S0076,QZ_ML ,ML Basics,62,100,2025-12-18 13:55:37.168988
S0076,QZ_ML ,ML Basics,29,100,2025-08-20 13:55:37.168988
S0076,QZ_ML ,ML Basics,33,100,2025-09-21 13:55:37.168988
S0076,QZ_ML ,ML Basics,35,100,2026-01-13 13:55:37.168988
S0076,QZ_DEE,Deep Learning,77,100,2025-12-10 13:55:37.168988
S0076,QZ_DEE,Deep Learning,37,100,2025-11-04 13:55:37.168988
S0076,QZ_NLP,NLP,53,100,2026-01-02 13:55:37.168988
S0076,QZ_NLP,NLP,53,100,2025-08-26 13:55:37.168988
S0076,QZ_COM,Computer Vision,48,100,2025-10-24 13:55:37.168988
S0076,QZ_COM,Computer Vision,36,100,2025-11-19 13:55:37.168988
S0076,QZ_COM,Computer Vision,80,100,2025-10-05 13:55:37.168988
S0076,QZ_COM,Computer Vision,44,100,2025-12-15 13:55:37.168988
S0076,QZ_OPT,Optimization,73,100,2026-01-09 13:55:37.168988
S0076,QZ_OPT,Optimization,53,100,2025-11-12 13:55:37.168988
S0076,QZ_OPT,Optimization,91,100,2025-11-28 13:55:37.168988
S0077,QZ_LIN,Linear Algebra,93,100,2025-11-30 13:55:37.168988
S0077,QZ_LIN,Linear Algebra,27,100,2025-08-30 13:55:37.168988
S0077,QZ_LIN,Linear Algebra,61,100,2025-07-23 13:55:37.168988
S0077,QZ_LIN,Linear Algebra,44,100,2025-11-10 13:55:37.168988
S0077,QZ_PRO,Probability,47,100,2025-08-23 13:55:37.168988
S0077,QZ_PRO,Probability,62,100,2025-12-14 13:55:37.168988
S0077,QZ_STA,Statistics,85,100,2025-09-03 13:55:37.168988
S0077,QZ_STA,Statistics,60,100,2025-11-29 13:55:37.168988
S0077,QZ_STA,Statistics,81,100,2025-09-27 13:55:37.168988
S0077,QZ_STA,Statistics,94,100,2025-09-08 13:55:37.168988
S0077,QZ_ML ,ML Basics,44,100,2025-10-05 13:55:37.168988
S0077,QZ_ML ,ML Basics,37,100,2025-08-31 13:55:37.168988
S0077,QZ_ML ,ML Basics,46,100,2025-07-21 13:55:37.168988
S0077,QZ_DEE,Deep Learning,87,100,2025-10-11 13:55:37.168988
S0077,QZ_DEE,Deep Learning,33,100,2025-12-08 13:55:37.168988
S0077,QZ_DEE,Deep Learning,95,100,2025-11-22 13:55:37.168988
S0077,QZ_NLP,NLP,29,100,2025-10-19 13:55:37.168988
S0077,QZ_NLP,NLP,35,100,2025-11-13 13:55:37.168988
S0077,QZ_NLP,NLP,76,100,2025-12-02 13:55:37.168988
S0077,QZ_NLP,NLP,58,100,2025-07-25 13:55:37.168988
S0077,QZ_COM,Computer Vision,76,100,2025-08-24 13:55:37.168988
S0077,QZ_COM,Computer Vision,44,100,2025-10-01 13:55:37.168988
S0077,QZ_OPT,Optimization,26,100,2025-10-20 13:55:37.168988
S0077,QZ_OPT,Optimization,25,100,2025-08-06 13:55:37.168988
S0077,QZ_OPT,Optimization,60,100,2025-11-07 13:55:37.168988
S0077,QZ_OPT,Optimization,55,100,2025-10-20 13:55:37.168988
S0078,QZ_LIN,Linear Algebra,35,100,2025-12-21 13:55:37.168988
S0078,QZ_LIN,Linear Algebra,92,100,2025-11-12 13:55:37.168988
S0078,QZ_LIN,Linear Algebra,36,100,2025-10-23 13:55:37.168988
S0078,QZ_LIN,Linear Algebra,96,100,2025-10-10 13:55:37.168988
S0078,QZ_PRO,Probability,81,100,2025-12-26 13:55:37.168988
S0078,QZ_PRO,Probability,99,100,2025-11-08 13:55:37.168988
S0078,QZ_PRO,Probability,32,100,2025-11-23 13:55:37.168988
S0078,QZ_PRO,Probability,55,100,2025-07-25 13:55:37.168988
S0078,QZ_STA,Statistics,83,100,2025-12-18 13:55:37.168988
S0078,QZ_STA,Statistics,40,100,2025-11-27 13:55:37.168988
S0078,QZ_STA,Statistics,58,100,2025-12-21 13:55:37.168988
S0078,QZ_ML ,ML Basics,39,100,2025-12-16 13:55:37.168988
S0078,QZ_ML ,ML Basics,66,100,2025-10-02 13:55:37.168988
S0078,QZ_ML ,ML Basics,89,100,2025-11-02 13:55:37.168988
S0078,QZ_DEE,Deep Learning,81,100,2025-12-16 13:55:37.168988
S0078,QZ_DEE,Deep Learning,72,100,2025-12-05 13:55:37.168988
S0078,QZ_DEE,Deep Learning,25,100,2026-01-06 13:55:37.168988
S0078,QZ_NLP,NLP,65,100,2025-11-05 13:55:37.168988
S0078,QZ_NLP,NLP,85,100,2026-01-12 13:55:37.168988
S0078,QZ_NLP,NLP,52,100,2025-11-07 13:55:37.168988
S0078,QZ_NLP,NLP,74,100,2026-01-06 13:55:37.168988
S0078,QZ_COM,Computer Vision,82,100,2025-11-06 13:55:37.168988
S0078,QZ_COM,Computer Vision,73,100,2025-09-15 13:55:37.168988
S0078,QZ_OPT,Optimization,85,100,2025-12-30 13:55:37.168988
S0078,QZ_OPT,Optimization,33,100,2025-11-01 13:55:37.168988
S0078,QZ_OPT,Optimization,26,100,2025-08-08 13:55:37.168988
S0079,QZ_LIN,Linear Algebra,45,100,2025-08-22 13:55:37.168988
S0079,QZ_LIN,Linear Algebra,78,100,2025-09-13 13:55:37.168988
S0079,QZ_LIN,Linear Algebra,70,100,2025-10-05 13:55:37.168988
S0079,QZ_LIN,Linear Algebra,71,100,2025-12-03 13:55:37.168988
S0079,QZ_PRO,Probability,99,100,2025-07-28 13:55:37.168988
S0079,QZ_PRO,Probability,34,100,2025-11-05 13:55:37.168988
S0079,QZ_PRO,Probability,91,100,2025-08-23 13:55:37.168988
S0079,QZ_STA,Statistics,25,100,2025-08-02 13:55:37.168988
S0079,QZ_STA,Statistics,50,100,2025-09-22 13:55:37.168988
S0079,QZ_STA,Statistics,75,100,2025-08-21 13:55:37.168988
S0079,QZ_STA,Statistics,25,100,2025-12-18 13:55:37.168988
S0079,QZ_ML ,ML Basics,58,100,2025-12-26 13:55:37.168988
S0079,QZ_ML ,ML Basics,25,100,2025-12-14 13:55:37.168988
S0079,QZ_ML ,ML Basics,69,100,2025-11-03 13:55:37.168988
S0079,QZ_ML ,ML Basics,95,100,2025-08-22 13:55:37.168988
S0079,QZ_DEE,Deep Learning,87,100,2025-08-04 13:55:37.168988
S0079,QZ_DEE,Deep Learning,57,100,2025-08-08 13:55:37.168988
S0079,QZ_DEE,Deep Learning,38,100,2025-08-09 13:55:37.168988
S0079,QZ_NLP,NLP,63,100,2025-10-18 13:55:37.168988
S0079,QZ_NLP,NLP,96,100,2025-12-05 13:55:37.168988
S0079,QZ_NLP,NLP,56,100,2025-11-15 13:55:37.168988
S0079,QZ_NLP,NLP,79,100,2025-09-24 13:55:37.168988
S0079,QZ_COM,Computer Vision,98,100,2025-09-19 13:55:37.168988
S0079,QZ_COM,Computer Vision,67,100,2025-09-15 13:55:37.168988
S0079,QZ_COM,Computer Vision,43,100,2025-09-29 13:55:37.168988
S0079,QZ_OPT,Optimization,87,100,2025-09-04 13:55:37.168988
S0079,QZ_OPT,Optimization,73,100,2025-10-26 13:55:37.168988
S0079,QZ_OPT,Optimization,77,100,2025-08-27 13:55:37.168988
S0079,QZ_OPT,Optimization,98,100,2025-11-19 13:55:37.168988
S0080,QZ_LIN,Linear Algebra,84,100,2025-11-20 13:55:37.168988
S0080,QZ_LIN,Linear Algebra,36,100,2025-11-26 13:55:37.168988
S0080,QZ_LIN,Linear Algebra,32,100,2025-09-18 13:55:37.168988
S0080,QZ_PRO,Probability,42,100,2026-01-09 13:55:37.168988
S0080,QZ_PRO,Probability,56,100,2025-11-16 13:55:37.168988
S0080,QZ_PRO,Probability,71,100,2025-09-18 13:55:37.168988
S0080,QZ_STA,Statistics,38,100,2025-10-22 13:55:37.168988
S0080,QZ_STA,Statistics,29,100,2025-10-11 13:55:37.168988
S0080,QZ_ML ,ML Basics,99,100,2025-10-15 13:55:37.168988
S0080,QZ_ML ,ML Basics,75,100,2025-09-06 13:55:37.168988
S0080,QZ_ML ,ML Basics,95,100,2025-08-23 13:55:37.168988
S0080,QZ_DEE,Deep Learning,30,100,2025-12-31 13:55:37.168988
S0080,QZ_DEE,Deep Learning,46,100,2025-11-22 13:55:37.168988
S0080,QZ_DEE,Deep Learning,99,100,2025-10-24 13:55:37.168988
S0080,QZ_DEE,Deep Learning,68,100,2025-10-16 13:55:37.168988
S0080,QZ_NLP,NLP,98,100,2025-10-03 13:55:37.168988
S0080,QZ_NLP,NLP,90,100,2025-08-30 13:55:37.168988
S0080,QZ_NLP,NLP,47,100,2025-09-23 13:55:37.168988
S0080,QZ_COM,Computer Vision,64,100,2025-08-10 13:55:37.168988
S0080,QZ_COM,Computer Vision,25,100,2025-12-26 13:55:37.168988
S0080,QZ_COM,Computer Vision,56,100,2025-11-16 13:55:37.168988
S0080,QZ_OPT,Optimization,84,100,2025-08-24 13:55:37.168988
S0080,QZ_OPT,Optimization,76,100,2025-11-13 13:55:37.168988
S0080,QZ_OPT,Optimization,55,100,2026-01-08 13:55:37.168988
S0081,QZ_LIN,Linear Algebra,96,100,2025-10-27 13:55:37.168988
S0081,QZ_LIN,Linear Algebra,91,100,2025-10-20 13:55:37.168988
S0081,QZ_LIN,Linear Algebra,95,100,2025-10-11 13:55:37.168988
S0081,QZ_LIN,Linear Algebra,25,100,2026-01-09 13:55:37.168988
S0081,QZ_PRO,Probability,47,100,2025-10-19 13:55:37.168988
S0081,QZ_PRO,Probability,99,100,2025-12-16 13:55:37.168988
S0081,QZ_PRO,Probability,59,100,2025-08-17 13:55:37.168988
S0081,QZ_PRO,Probability,88,100,2025-10-30 13:55:37.168988
S0081,QZ_STA,Statistics,78,100,2025-07-22 13:55:37.168988
S0081,QZ_STA,Statistics,31,100,2025-09-07 13:55:37.168988
S0081,QZ_ML ,ML Basics,25,100,2025-08-10 13:55:37.168988
S0081,QZ_ML ,ML Basics,91,100,2025-09-08 13:55:37.168988
S0081,QZ_DEE,Deep Learning,50,100,2025-07-23 13:55:37.168988
S0081,QZ_DEE,Deep Learning,76,100,2025-12-18 13:55:37.168988
S0081,QZ_DEE,Deep Learning,32,100,2025-11-22 13:55:37.168988
S0081,QZ_NLP,NLP,46,100,2025-10-17 13:55:37.168988
S0081,QZ_NLP,NLP,83,100,2025-07-27 13:55:37.168988
S0081,QZ_COM,Computer Vision,35,100,2025-08-19 13:55:37.168988
S0081,QZ_COM,Computer Vision,79,100,2025-07-28 13:55:37.168988
S0081,QZ_COM,Computer Vision,36,100,2025-10-04 13:55:37.168988
S0081,QZ_OPT,Optimization,38,100,2025-07-24 13:55:37.168988
S0081,QZ_OPT,Optimization,80,100,2025-12-23 13:55:37.168988
S0081,QZ_OPT,Optimization,26,100,2025-08-09 13:55:37.168988
S0082,QZ_LIN,Linear Algebra,29,100,2025-11-21 13:55:37.168988
S0082,QZ_LIN,Linear Algebra,56,100,2025-08-16 13:55:37.168988
S0082,QZ_LIN,Linear Algebra,87,100,2025-07-31 13:55:37.168988
S0082,QZ_PRO,Probability,38,100,2025-10-23 13:55:37.168988
S0082,QZ_PRO,Probability,83,100,2025-08-03 13:55:37.168988
S0082,QZ_PRO,Probability,64,100,2025-07-22 13:55:37.168988
S0082,QZ_STA,Statistics,51,100,2026-01-04 13:55:37.168988
S0082,QZ_STA,Statistics,51,100,2025-12-30 13:55:37.168988
S0082,QZ_STA,Statistics,70,100,2026-01-02 13:55:37.168988
S0082,QZ_STA,Statistics,38,100,2025-11-23 13:55:37.168988
S0082,QZ_ML ,ML Basics,75,100,2025-11-10 13:55:37.168988
S0082,QZ_ML ,ML Basics,39,100,2025-08-18 13:55:37.168988
S0082,QZ_ML ,ML Basics,27,100,2025-08-09 13:55:37.168988
S0082,QZ_DEE,Deep Learning,56,100,2025-08-31 13:55:37.168988
S0082,QZ_DEE,Deep Learning,57,100,2025-09-20 13:55:37.168988
S0082,QZ_DEE,Deep Learning,52,100,2025-12-17 13:55:37.168988
S0082,QZ_DEE,Deep Learning,35,100,2026-01-11 13:55:37.168988
S0082,QZ_NLP,NLP,56,100,2025-11-16 13:55:37.168988
S0082,QZ_NLP,NLP,58,100,2025-12-01 13:55:37.168988
S0082,QZ_NLP,NLP,69,100,2026-01-09 13:55:37.168988
S0082,QZ_NLP,NLP,98,100,2025-12-10 13:55:37.168988
S0082,QZ_COM,Computer Vision,93,100,2025-09-16 13:55:37.168988
S0082,QZ_COM,Computer Vision,74,100,2025-11-12 13:55:37.168988
S0082,QZ_OPT,Optimization,95,100,2025-11-28 13:55:37.168988
S0082,QZ_OPT,Optimization,88,100,2025-11-23 13:55:37.168988
S0082,QZ_OPT,Optimization,57,100,2025-08-18 13:55:37.168988
S0083,QZ_LIN,Linear Algebra,81,100,2025-12-21 13:55:37.168988
S0083,QZ_LIN,Linear Algebra,62,100,2025-11-28 13:55:37.168988
S0083,QZ_LIN,Linear Algebra,59,100,2025-12-07 13:55:37.168988
S0083,QZ_PRO,Probability,79,100,2025-10-03 13:55:37.168988
S0083,QZ_PRO,Probability,30,100,2025-10-30 13:55:37.168988
S0083,QZ_STA,Statistics,98,100,2025-10-17 13:55:37.168988
S0083,QZ_STA,Statistics,65,100,2025-11-04 13:55:37.168988
S0083,QZ_ML ,ML Basics,98,100,2025-08-17 13:55:37.168988
S0083,QZ_ML ,ML Basics,47,100,2025-09-26 13:55:37.168988
S0083,QZ_DEE,Deep Learning,95,100,2025-10-03 13:55:37.168988
S0083,QZ_DEE,Deep Learning,87,100,2026-01-14 13:55:37.168988
S0083,QZ_DEE,Deep Learning,62,100,2025-11-27 13:55:37.168988
S0083,QZ_DEE,Deep Learning,66,100,2025-07-21 13:55:37.168988
S0083,QZ_NLP,NLP,86,100,2025-12-18 13:55:37.168988
S0083,QZ_NLP,NLP,38,100,2025-08-02 13:55:37.168988
S0083,QZ_COM,Computer Vision,74,100,2025-11-21 13:55:37.168988
S0083,QZ_COM,Computer Vision,99,100,2025-11-12 13:55:37.168988
S0083,QZ_COM,Computer Vision,80,100,2026-01-13 13:55:37.168988
S0083,QZ_OPT,Optimization,64,100,2025-10-11 13:55:37.168988
S0083,QZ_OPT,Optimization,74,100,2025-09-15 13:55:37.168988
S0084,QZ_LIN,Linear Algebra,34,100,2025-10-28 13:55:37.168988
S0084,QZ_LIN,Linear Algebra,95,100,2025-10-05 13:55:37.168988
S0084,QZ_PRO,Probability,49,100,2025-12-04 13:55:37.168988
S0084,QZ_PRO,Probability,25,100,2025-12-21 13:55:37.168988
S0084,QZ_PRO,Probability,30,100,2025-08-25 13:55:37.168988
S0084,QZ_PRO,Probability,57,100,2025-11-19 13:55:37.168988
S0084,QZ_STA,Statistics,79,100,2026-01-11 13:55:37.168988
S0084,QZ_STA,Statistics,60,100,2025-11-02 13:55:37.168988
S0084,QZ_ML ,ML Basics,72,100,2025-09-29 13:55:37.168988
S0084,QZ_ML ,ML Basics,30,100,2025-08-03 13:55:37.168988
S0084,QZ_ML ,ML Basics,92,100,2025-10-07 13:55:37.168988
S0084,QZ_ML ,ML Basics,97,100,2025-12-12 13:55:37.168988
S0084,QZ_DEE,Deep Learning,36,100,2025-08-30 13:55:37.168988
S0084,QZ_DEE,Deep Learning,95,100,2025-09-28 13:55:37.168988
S0084,QZ_DEE,Deep Learning,95,100,2026-01-04 13:55:37.168988
S0084,QZ_DEE,Deep Learning,73,100,2025-08-27 13:55:37.168988
S0084,QZ_NLP,NLP,68,100,2025-09-29 13:55:37.168988
S0084,QZ_NLP,NLP,94,100,2025-11-21 13:55:37.168988
S0084,QZ_NLP,NLP,83,100,2025-10-04 13:55:37.168988
S0084,QZ_COM,Computer Vision,28,100,2025-08-14 13:55:37.168988
S0084,QZ_COM,Computer Vision,93,100,2025-12-06 13:55:37.168988
S0084,QZ_OPT,Optimization,76,100,2025-10-22 13:55:37.168988
S0084,QZ_OPT,Optimization,96,100,2025-11-22 13:55:37.168988
S0084,QZ_OPT,Optimization,57,100,2025-08-31 13:55:37.168988
S0085,QZ_LIN,Linear Algebra,55,100,2025-11-16 13:55:37.168988
S0085,QZ_LIN,Linear Algebra,32,100,2025-11-29 13:55:37.168988
S0085,QZ_LIN,Linear Algebra,43,100,2025-10-22 13:55:37.168988
S0085,QZ_PRO,Probability,71,100,2025-10-19 13:55:37.168988
S0085,QZ_PRO,Probability,43,100,2025-10-26 13:55:37.168988
S0085,QZ_PRO,Probability,94,100,2025-12-02 13:55:37.168988
S0085,QZ_PRO,Probability,95,100,2025-07-31 13:55:37.168988
S0085,QZ_STA,Statistics,91,100,2025-09-30 13:55:37.168988
S0085,QZ_STA,Statistics,65,100,2025-11-04 13:55:37.168988
S0085,QZ_ML ,ML Basics,34,100,2025-12-05 13:55:37.168988
S0085,QZ_ML ,ML Basics,29,100,2025-10-11 13:55:37.168988
S0085,QZ_ML ,ML Basics,45,100,2025-07-25 13:55:37.168988
S0085,QZ_ML ,ML Basics,36,100,2025-11-17 13:55:37.168988
S0085,QZ_DEE,Deep Learning,68,100,2025-09-26 13:55:37.168988
S0085,QZ_DEE,Deep Learning,68,100,2026-01-07 13:55:37.168988
S0085,QZ_DEE,Deep Learning,61,100,2025-09-29 13:55:37.168988
S0085,QZ_DEE,Deep Learning,58,100,2025-08-27 13:55:37.168988
S0085,QZ_NLP,NLP,93,100,2025-12-19 13:55:37.168988
S0085,QZ_NLP,NLP,67,100,2025-09-22 13:55:37.168988
S0085,QZ_COM,Computer Vision,37,100,2025-09-16 13:55:37.168988
S0085,QZ_COM,Computer Vision,56,100,2025-12-27 13:55:37.168988
S0085,QZ_OPT,Optimization,96,100,2025-08-05 13:55:37.168988
S0085,QZ_OPT,Optimization,91,100,2025-11-14 13:55:37.168988
S0085,QZ_OPT,Optimization,54,100,2025-09-20 13:55:37.168988
S0085,QZ_OPT,Optimization,27,100,2026-01-05 13:55:37.168988
S0086,QZ_LIN,Linear Algebra,86,100,2025-12-18 13:55:37.168988
S0086,QZ_LIN,Linear Algebra,58,100,2025-12-20 13:55:37.168988
S0086,QZ_LIN,Linear Algebra,56,100,2025-09-12 13:55:37.168988
S0086,QZ_LIN,Linear Algebra,78,100,2025-12-19 13:55:37.168988
S0086,QZ_PRO,Probability,63,100,2025-08-02 13:55:37.168988
S0086,QZ_PRO,Probability,66,100,2025-09-07 13:55:37.168988
S0086,QZ_STA,Statistics,69,100,2025-08-31 13:55:37.168988
S0086,QZ_STA,Statistics,93,100,2026-01-04 13:55:37.168988
S0086,QZ_STA,Statistics,87,100,2026-01-01 13:55:37.168988
S0086,QZ_ML ,ML Basics,62,100,2025-08-05 13:55:37.168988
S0086,QZ_ML ,ML Basics,95,100,2025-11-08 13:55:37.168988
S0086,QZ_ML ,ML Basics,49,100,2025-11-16 13:55:37.168988
S0086,QZ_ML ,ML Basics,93,100,2025-12-17 13:55:37.168988
S0086,QZ_DEE,Deep Learning,54,100,2025-09-18 13:55:37.168988
S0086,QZ_DEE,Deep Learning,76,100,2025-09-05 13:55:37.168988
S0086,QZ_DEE,Deep Learning,81,100,2026-01-09 13:55:37.168988
S0086,QZ_DEE,Deep Learning,76,100,2025-09-20 13:55:37.168988
S0086,QZ_NLP,NLP,87,100,2025-12-31 13:55:37.168988
S0086,QZ_NLP,NLP,96,100,2025-09-05 13:55:37.168988
S0086,QZ_NLP,NLP,35,100,2025-08-13 13:55:37.168988
S0086,QZ_NLP,NLP,30,100,2025-12-14 13:55:37.168988
S0086,QZ_COM,Computer Vision,58,100,2025-12-21 13:55:37.168988
S0086,QZ_COM,Computer Vision,51,100,2025-12-01 13:55:37.168988
S0086,QZ_COM,Computer Vision,82,100,2025-09-05 13:55:37.168988
S0086,QZ_OPT,Optimization,41,100,2025-11-15 13:55:37.168988
S0086,QZ_OPT,Optimization,92,100,2025-08-30 13:55:37.168988
S0086,QZ_OPT,Optimization,40,100,2025-08-17 13:55:37.168988
S0086,QZ_OPT,Optimization,55,100,2025-09-09 13:55:37.168988
S0087,QZ_LIN,Linear Algebra,60,100,2025-09-03 13:55:37.168988
S0087,QZ_LIN,Linear Algebra,31,100,2025-10-27 13:55:37.168988
S0087,QZ_LIN,Linear Algebra,79,100,2025-10-03 13:55:37.168988
S0087,QZ_PRO,Probability,42,100,2025-12-07 13:55:37.168988
S0087,QZ_PRO,Probability,34,100,2025-11-03 13:55:37.168988
S0087,QZ_PRO,Probability,80,100,2025-10-31 13:55:37.168988
S0087,QZ_STA,Statistics,53,100,2026-01-09 13:55:37.168988
S0087,QZ_STA,Statistics,38,100,2026-01-06 13:55:37.168988
S0087,QZ_STA,Statistics,57,100,2025-12-18 13:55:37.168988
S0087,QZ_STA,Statistics,41,100,2025-07-27 13:55:37.168988
S0087,QZ_ML ,ML Basics,25,100,2025-09-18 13:55:37.168988
S0087,QZ_ML ,ML Basics,48,100,2025-09-01 13:55:37.168988
S0087,QZ_ML ,ML Basics,62,100,2025-07-24 13:55:37.168988
S0087,QZ_ML ,ML Basics,74,100,2025-10-06 13:55:37.168988
S0087,QZ_DEE,Deep Learning,80,100,2025-08-30 13:55:37.168988
S0087,QZ_DEE,Deep Learning,31,100,2025-11-28 13:55:37.168988
S0087,QZ_DEE,Deep Learning,79,100,2025-11-30 13:55:37.168988
S0087,QZ_NLP,NLP,47,100,2025-08-31 13:55:37.168988
S0087,QZ_NLP,NLP,55,100,2025-10-17 13:55:37.168988
S0087,QZ_NLP,NLP,53,100,2025-09-13 13:55:37.168988
S0087,QZ_COM,Computer Vision,67,100,2025-11-17 13:55:37.168988
S0087,QZ_COM,Computer Vision,70,100,2025-09-19 13:55:37.168988
S0087,QZ_COM,Computer Vision,44,100,2026-01-06 13:55:37.168988
S0087,QZ_OPT,Optimization,61,100,2025-12-28 13:55:37.168988
S0087,QZ_OPT,Optimization,52,100,2025-12-14 13:55:37.168988
S0087,QZ_OPT,Optimization,72,100,2025-10-09 13:55:37.168988
S0087,QZ_OPT,Optimization,99,100,2025-08-13 13:55:37.168988
S0088,QZ_LIN,Linear Algebra,46,100,2025-11-04 13:55:37.168988
S0088,QZ_LIN,Linear Algebra,68,100,2025-11-13 13:55:37.168988
S0088,QZ_LIN,Linear Algebra,75,100,2025-10-08 13:55:37.168988
S0088,QZ_PRO,Probability,53,100,2025-08-16 13:55:37.168988
S0088,QZ_PRO,Probability,79,100,2025-08-26 13:55:37.168988
S0088,QZ_STA,Statistics,93,100,2025-09-14 13:55:37.168988
S0088,QZ_STA,Statistics,31,100,2025-12-10 13:55:37.168988
S0088,QZ_STA,Statistics,80,100,2026-01-06 13:55:37.168988
S0088,QZ_ML ,ML Basics,90,100,2025-11-07 13:55:37.168988
S0088,QZ_ML ,ML Basics,85,100,2026-01-08 13:55:37.168988
S0088,QZ_ML ,ML Basics,72,100,2025-08-02 13:55:37.168988
S0088,QZ_DEE,Deep Learning,80,100,2025-08-08 13:55:37.168988
S0088,QZ_DEE,Deep Learning,84,100,2025-07-26 13:55:37.168988
S0088,QZ_NLP,NLP,86,100,2025-07-27 13:55:37.168988
S0088,QZ_NLP,NLP,55,100,2025-07-24 13:55:37.168988
S0088,QZ_NLP,NLP,51,100,2025-08-19 13:55:37.168988
S0088,QZ_NLP,NLP,34,100,2025-10-03 13:55:37.168988
S0088,QZ_COM,Computer Vision,32,100,2025-12-18 13:55:37.168988
S0088,QZ_COM,Computer Vision,44,100,2025-10-31 13:55:37.168988
S0088,QZ_OPT,Optimization,31,100,2025-08-02 13:55:37.168988
S0088,QZ_OPT,Optimization,49,100,2025-12-15 13:55:37.168988
S0088,QZ_OPT,Optimization,37,100,2026-01-15 13:55:37.168988
S0089,QZ_LIN,Linear Algebra,67,100,2025-08-14 13:55:37.168988
S0089,QZ_LIN,Linear Algebra,75,100,2026-01-11 13:55:37.168988
S0089,QZ_PRO,Probability,49,100,2025-12-05 13:55:37.168988
S0089,QZ_PRO,Probability,94,100,2025-08-02 13:55:37.168988
S0089,QZ_PRO,Probability,38,100,2025-12-24 13:55:37.168988
S0089,QZ_PRO,Probability,98,100,2025-07-21 13:55:37.168988
S0089,QZ_STA,Statistics,86,100,2025-12-09 13:55:37.168988
S0089,QZ_STA,Statistics,26,100,2025-07-24 13:55:37.168988
S0089,QZ_ML ,ML Basics,97,100,2025-11-04 13:55:37.168988
S0089,QZ_ML ,ML Basics,64,100,2025-11-27 13:55:37.168988
S0089,QZ_ML ,ML Basics,72,100,2025-10-25 13:55:37.168988
S0089,QZ_DEE,Deep Learning,80,100,2025-08-20 13:55:37.168988
S0089,QZ_DEE,Deep Learning,37,100,2025-12-21 13:55:37.168988
S0089,QZ_NLP,NLP,55,100,2025-07-22 13:55:37.168988
S0089,QZ_NLP,NLP,62,100,2025-11-15 13:55:37.168988
S0089,QZ_NLP,NLP,89,100,2025-10-04 13:55:37.168988
S0089,QZ_NLP,NLP,54,100,2025-08-24 13:55:37.168988
S0089,QZ_COM,Computer Vision,63,100,2025-08-26 13:55:37.168988
S0089,QZ_COM,Computer Vision,27,100,2025-09-24 13:55:37.168988
S0089,QZ_OPT,Optimization,84,100,2025-09-02 13:55:37.168988
S0089,QZ_OPT,Optimization,96,100,2025-08-11 13:55:37.168988
S0089,QZ_OPT,Optimization,93,100,2025-08-25 13:55:37.168988
S0090,QZ_LIN,Linear Algebra,96,100,2025-08-02 13:55:37.168988
S0090,QZ_LIN,Linear Algebra,68,100,2025-10-05 13:55:37.168988
S0090,QZ_LIN,Linear Algebra,75,100,2025-12-21 13:55:37.168988
S0090,QZ_PRO,Probability,76,100,2025-08-21 13:55:37.168988
S0090,QZ_PRO,Probability,46,100,2025-09-11 13:55:37.168988
S0090,QZ_PRO,Probability,92,100,2025-11-07 13:55:37.168988
S0090,QZ_STA,Statistics,71,100,2025-10-30 13:55:37.168988
S0090,QZ_STA,Statistics,25,100,2025-09-15 13:55:37.168988
S0090,QZ_STA,Statistics,91,100,2025-08-23 13:55:37.168988
S0090,QZ_STA,Statistics,35,100,2025-12-01 13:55:37.168988
S0090,QZ_ML ,ML Basics,30,100,2025-12-05 13:55:37.168988
S0090,QZ_ML ,ML Basics,98,100,2025-09-14 13:55:37.168988
S0090,QZ_DEE,Deep Learning,34,100,2025-12-28 13:55:37.168988
S0090,QZ_DEE,Deep Learning,71,100,2025-11-27 13:55:37.168988
S0090,QZ_DEE,Deep Learning,43,100,2025-10-10 13:55:37.168988
S0090,QZ_NLP,NLP,51,100,2025-09-13 13:55:37.168988
S0090,QZ_NLP,NLP,61,100,2025-12-03 13:55:37.168988
S0090,QZ_COM,Computer Vision,85,100,2025-08-04 13:55:37.168988
S0090,QZ_COM,Computer Vision,95,100,2025-08-12 13:55:37.168988
S0090,QZ_COM,Computer Vision,53,100,2025-11-17 13:55:37.168988
S0090,QZ_OPT,Optimization,38,100,2025-08-03 13:55:37.168988
S0090,QZ_OPT,Optimization,52,100,2025-07-30 13:55:37.168988
S0090,QZ_OPT,Optimization,97,100,2025-11-27 13:55:37.168988
S0090,QZ_OPT,Optimization,43,100,2025-08-04 13:55:37.168988
S0091,QZ_LIN,Linear Algebra,57,100,2025-08-17 13:55:37.168988
S0091,QZ_LIN,Linear Algebra,99,100,2025-08-07 13:55:37.168988
S0091,QZ_LIN,Linear Algebra,42,100,2025-12-09 13:55:37.168988
S0091,QZ_PRO,Probability,48,100,2025-10-25 13:55:37.168988
S0091,QZ_PRO,Probability,70,100,2025-12-08 13:55:37.168988
S0091,QZ_STA,Statistics,40,100,2025-10-12 13:55:37.168988
S0091,QZ_STA,Statistics,95,100,2025-10-31 13:55:37.168988
S0091,QZ_ML ,ML Basics,66,100,2025-08-10 13:55:37.168988
S0091,QZ_ML ,ML Basics,84,100,2025-11-09 13:55:37.168988
S0091,QZ_ML ,ML Basics,52,100,2025-07-30 13:55:37.168988
S0091,QZ_ML ,ML Basics,34,100,2025-09-21 13:55:37.168988
S0091,QZ_DEE,Deep Learning,52,100,2025-12-07 13:55:37.168988
S0091,QZ_DEE,Deep Learning,91,100,2025-08-28 13:55:37.168988
S0091,QZ_NLP,NLP,25,100,2025-12-25 13:55:37.168988
S0091,QZ_NLP,NLP,84,100,2025-12-07 13:55:37.168988
S0091,QZ_COM,Computer Vision,45,100,2025-12-18 13:55:37.168988
S0091,QZ_COM,Computer Vision,86,100,2025-08-19 13:55:37.168988
S0091,QZ_COM,Computer Vision,86,100,2025-08-19 13:55:37.168988
S0091,QZ_COM,Computer Vision,79,100,2025-07-25 13:55:37.168988
S0091,QZ_OPT,Optimization,94,100,2025-11-30 13:55:37.168988
S0091,QZ_OPT,Optimization,42,100,2025-11-24 13:55:37.168988
S0092,QZ_LIN,Linear Algebra,99,100,2025-10-13 13:55:37.168988
S0092,QZ_LIN,Linear Algebra,43,100,2025-10-20 13:55:37.168988
S0092,QZ_LIN,Linear Algebra,60,100,2025-12-23 13:55:37.168988
S0092,QZ_LIN,Linear Algebra,94,100,2026-01-07 13:55:37.168988
S0092,QZ_PRO,Probability,59,100,2025-10-21 13:55:37.168988
S0092,QZ_PRO,Probability,52,100,2025-09-04 13:55:37.168988
S0092,QZ_PRO,Probability,25,100,2025-08-26 13:55:37.168988
S0092,QZ_STA,Statistics,66,100,2025-09-26 13:55:37.168988
S0092,QZ_STA,Statistics,52,100,2025-11-28 13:55:37.168988
S0092,QZ_ML ,ML Basics,81,100,2025-11-12 13:55:37.168988
S0092,QZ_ML ,ML Basics,66,100,2025-09-22 13:55:37.168988
S0092,QZ_ML ,ML Basics,27,100,2025-12-19 13:55:37.168988
S0092,QZ_DEE,Deep Learning,70,100,2025-12-21 13:55:37.168988
S0092,QZ_DEE,Deep Learning,61,100,2025-08-30 13:55:37.168988
S0092,QZ_DEE,Deep Learning,70,100,2025-10-11 13:55:37.168988
S0092,QZ_NLP,NLP,77,100,2025-11-07 13:55:37.168988
S0092,QZ_NLP,NLP,59,100,2025-10-27 13:55:37.168988
S0092,QZ_COM,Computer Vision,93,100,2025-10-11 13:55:37.168988
S0092,QZ_COM,Computer Vision,26,100,2025-08-15 13:55:37.168988
S0092,QZ_COM,Computer Vision,41,100,2025-08-15 13:55:37.168988
S0092,QZ_OPT,Optimization,55,100,2026-01-10 13:55:37.168988
S0092,QZ_OPT,Optimization,64,100,2025-09-03 13:55:37.168988
S0092,QZ_OPT,Optimization,84,100,2025-12-31 13:55:37.168988
S0093,QZ_LIN,Linear Algebra,63,100,2025-08-12 13:55:37.168988
S0093,QZ_LIN,Linear Algebra,62,100,2026-01-14 13:55:37.168988
S0093,QZ_LIN,Linear Algebra,45,100,2025-08-08 13:55:37.168988
S0093,QZ_PRO,Probability,99,100,2025-10-23 13:55:37.168988
S0093,QZ_PRO,Probability,39,100,2025-12-03 13:55:37.168988
S0093,QZ_PRO,Probability,71,100,2025-11-25 13:55:37.168988
S0093,QZ_PRO,Probability,99,100,2025-09-07 13:55:37.168988
S0093,QZ_STA,Statistics,30,100,2025-09-29 13:55:37.168988
S0093,QZ_STA,Statistics,84,100,2025-11-29 13:55:37.168988
S0093,QZ_STA,Statistics,88,100,2025-10-15 13:55:37.168988
S0093,QZ_ML ,ML Basics,89,100,2025-09-25 13:55:37.168988
S0093,QZ_ML ,ML Basics,78,100,2025-07-23 13:55:37.168988
S0093,QZ_ML ,ML Basics,99,100,2025-12-25 13:55:37.168988
S0093,QZ_DEE,Deep Learning,31,100,2025-09-20 13:55:37.168988
S0093,QZ_DEE,Deep Learning,60,100,2025-12-01 13:55:37.168988
S0093,QZ_NLP,NLP,73,100,2026-01-02 13:55:37.168988
S0093,QZ_NLP,NLP,92,100,2025-09-17 13:55:37.168988
S0093,QZ_COM,Computer Vision,39,100,2025-08-12 13:55:37.168988
S0093,QZ_COM,Computer Vision,34,100,2025-10-10 13:55:37.168988
S0093,QZ_OPT,Optimization,30,100,2025-08-09 13:55:37.168988
S0093,QZ_OPT,Optimization,48,100,2025-09-28 13:55:37.168988
S0094,QZ_LIN,Linear Algebra,52,100,2025-10-25 13:55:37.168988
S0094,QZ_LIN,Linear Algebra,71,100,2025-11-02 13:55:37.168988
S0094,QZ_PRO,Probability,44,100,2025-09-16 13:55:37.168988
S0094,QZ_PRO,Probability,28,100,2025-08-27 13:55:37.168988
S0094,QZ_PRO,Probability,73,100,2025-08-27 13:55:37.168988
S0094,QZ_PRO,Probability,69,100,2025-07-24 13:55:37.168988
S0094,QZ_STA,Statistics,82,100,2025-12-04 13:55:37.168988
S0094,QZ_STA,Statistics,85,100,2025-11-19 13:55:37.168988
S0094,QZ_STA,Statistics,36,100,2025-10-13 13:55:37.168988
S0094,QZ_STA,Statistics,44,100,2026-01-09 13:55:37.168988
S0094,QZ_ML ,ML Basics,97,100,2025-09-25 13:55:37.168988
S0094,QZ_ML ,ML Basics,87,100,2025-11-22 13:55:37.168988
S0094,QZ_ML ,ML Basics,44,100,2025-10-01 13:55:37.168988
S0094,QZ_ML ,ML Basics,87,100,2025-09-22 13:55:37.168988
S0094,QZ_DEE,Deep Learning,38,100,2025-11-10 13:55:37.168988
S0094,QZ_DEE,Deep Learning,62,100,2025-09-18 13:55:37.168988
S0094,QZ_NLP,NLP,75,100,2025-07-21 13:55:37.168988
S0094,QZ_NLP,NLP,35,100,2025-11-18 13:55:37.168988
S0094,QZ_NLP,NLP,95,100,2025-11-03 13:55:37.168988
S0094,QZ_COM,Computer Vision,84,100,2025-10-20 13:55:37.168988
S0094,QZ_COM,Computer Vision,90,100,2025-09-05 13:55:37.168988
S0094,QZ_COM,Computer Vision,37,100,2025-08-14 13:55:37.168988
S0094,QZ_OPT,Optimization,45,100,2025-08-02 13:55:37.168988
S0094,QZ_OPT,Optimization,29,100,2025-10-05 13:55:37.168988
S0094,QZ_OPT,Optimization,68,100,2026-01-14 13:55:37.168988
S0094,QZ_OPT,Optimization,56,100,2025-08-22 13:55:37.168988
S0095,QZ_LIN,Linear Algebra,65,100,2025-10-29 13:55:37.168988
S0095,QZ_LIN,Linear Algebra,25,100,2025-10-30 13:55:37.168988
S0095,QZ_LIN,Linear Algebra,78,100,2025-09-27 13:55:37.168988
S0095,QZ_LIN,Linear Algebra,76,100,2025-11-13 13:55:37.168988
S0095,QZ_PRO,Probability,47,100,2025-09-25 13:55:37.168988
S0095,QZ_PRO,Probability,49,100,2026-01-13 13:55:37.168988
S0095,QZ_PRO,Probability,47,100,2025-11-10 13:55:37.168988
S0095,QZ_PRO,Probability,90,100,2026-01-14 13:55:37.168988
S0095,QZ_STA,Statistics,84,100,2025-09-28 13:55:37.168988
S0095,QZ_STA,Statistics,54,100,2025-10-19 13:55:37.168988
S0095,QZ_STA,Statistics,43,100,2026-01-06 13:55:37.168988
S0095,QZ_ML ,ML Basics,70,100,2025-12-02 13:55:37.168988
S0095,QZ_ML ,ML Basics,62,100,2025-10-18 13:55:37.168988
S0095,QZ_DEE,Deep Learning,81,100,2026-01-15 13:55:37.168988
S0095,QZ_DEE,Deep Learning,68,100,2025-12-04 13:55:37.168988
S0095,QZ_DEE,Deep Learning,53,100,2025-09-24 13:55:37.168988
S0095,QZ_DEE,Deep Learning,32,100,2025-08-21 13:55:37.168988
S0095,QZ_NLP,NLP,25,100,2025-09-02 13:55:37.168988
S0095,QZ_NLP,NLP,30,100,2025-12-27 13:55:37.168988
S0095,QZ_NLP,NLP,74,100,2025-12-24 13:55:37.168988
S0095,QZ_NLP,NLP,32,100,2025-08-04 13:55:37.168988
S0095,QZ_COM,Computer Vision,74,100,2025-11-10 13:55:37.168988
S0095,QZ_COM,Computer Vision,41,100,2025-11-06 13:55:37.168988
S0095,QZ_OPT,Optimization,83,100,2026-01-15 13:55:37.168988
S0095,QZ_OPT,Optimization,89,100,2025-09-19 13:55:37.168988
S0095,QZ_OPT,Optimization,43,100,2025-10-05 13:55:37.168988
S0095,QZ_OPT,Optimization,70,100,2025-09-10 13:55:37.168988
S0096,QZ_LIN,Linear Algebra,82,100,2025-11-21 13:55:37.168988
S0096,QZ_LIN,Linear Algebra,55,100,2025-10-09 13:55:37.168988
S0096,QZ_PRO,Probability,38,100,2025-08-26 13:55:37.168988
S0096,QZ_PRO,Probability,74,100,2025-10-06 13:55:37.168988
S0096,QZ_PRO,Probability,59,100,2025-10-21 13:55:37.168988
S0096,QZ_PRO,Probability,97,100,2025-12-17 13:55:37.168988
S0096,QZ_STA,Statistics,31,100,2025-11-10 13:55:37.168988
S0096,QZ_STA,Statistics,45,100,2025-10-21 13:55:37.168988
S0096,QZ_STA,Statistics,33,100,2025-10-31 13:55:37.168988
S0096,QZ_STA,Statistics,97,100,2025-08-21 13:55:37.168988
S0096,QZ_ML ,ML Basics,33,100,2025-11-21 13:55:37.168988
S0096,QZ_ML ,ML Basics,63,100,2025-11-26 13:55:37.168988
S0096,QZ_ML ,ML Basics,47,100,2025-09-15 13:55:37.168988
S0096,QZ_DEE,Deep Learning,69,100,2025-11-02 13:55:37.168988
S0096,QZ_DEE,Deep Learning,60,100,2025-09-15 13:55:37.168988
S0096,QZ_DEE,Deep Learning,55,100,2026-01-09 13:55:37.168988
S0096,QZ_NLP,NLP,88,100,2025-12-13 13:55:37.168988
S0096,QZ_NLP,NLP,41,100,2025-08-30 13:55:37.168988
S0096,QZ_COM,Computer Vision,95,100,2025-11-29 13:55:37.168988
S0096,QZ_COM,Computer Vision,50,100,2025-07-27 13:55:37.168988
S0096,QZ_COM,Computer Vision,63,100,2025-09-16 13:55:37.168988
S0096,QZ_OPT,Optimization,65,100,2025-11-24 13:55:37.168988
S0096,QZ_OPT,Optimization,62,100,2025-10-07 13:55:37.168988
S0097,QZ_LIN,Linear Algebra,92,100,2025-09-17 13:55:37.168988
S0097,QZ_LIN,Linear Algebra,58,100,2025-09-11 13:55:37.168988
S0097,QZ_LIN,Linear Algebra,41,100,2026-01-11 13:55:37.168988
S0097,QZ_LIN,Linear Algebra,34,100,2025-08-29 13:55:37.168988
S0097,QZ_PRO,Probability,95,100,2025-11-07 13:55:37.168988
S0097,QZ_PRO,Probability,82,100,2025-12-10 13:55:37.168988
S0097,QZ_PRO,Probability,83,100,2025-11-19 13:55:37.168988
S0097,QZ_STA,Statistics,86,100,2025-12-04 13:55:37.168988
S0097,QZ_STA,Statistics,81,100,2025-11-10 13:55:37.168988
S0097,QZ_STA,Statistics,35,100,2025-12-23 13:55:37.168988
S0097,QZ_STA,Statistics,42,100,2025-09-04 13:55:37.168988
S0097,QZ_ML ,ML Basics,45,100,2025-09-12 13:55:37.168988
S0097,QZ_ML ,ML Basics,79,100,2025-08-03 13:55:37.168988
S0097,QZ_DEE,Deep Learning,83,100,2025-10-25 13:55:37.168988
S0097,QZ_DEE,Deep Learning,52,100,2025-10-11 13:55:37.168988
S0097,QZ_NLP,NLP,74,100,2026-01-10 13:55:37.168988
S0097,QZ_NLP,NLP,66,100,2025-12-19 13:55:37.168988
S0097,QZ_COM,Computer Vision,94,100,2025-09-07 13:55:37.168988
S0097,QZ_COM,Computer Vision,29,100,2025-11-28 13:55:37.168988
S0097,QZ_COM,Computer Vision,84,100,2025-09-13 13:55:37.168988
S0097,QZ_OPT,Optimization,89,100,2025-09-02 13:55:37.168988
S0097,QZ_OPT,Optimization,63,100,2025-10-03 13:55:37.168988
S0097,QZ_OPT,Optimization,41,100,2025-09-26 13:55:37.168988
S0098,QZ_LIN,Linear Algebra,81,100,2025-09-28 13:55:37.168988
S0098,QZ_LIN,Linear Algebra,56,100,2025-11-06 13:55:37.168988
S0098,QZ_LIN,Linear Algebra,55,100,2025-10-13 13:55:37.168988
S0098,QZ_LIN,Linear Algebra,57,100,2025-11-04 13:55:37.168988
S0098,QZ_PRO,Probability,73,100,2025-09-14 13:55:37.168988
S0098,QZ_PRO,Probability,96,100,2026-01-16 13:55:37.168988
S0098,QZ_PRO,Probability,50,100,2025-10-07 13:55:37.168988
S0098,QZ_STA,Statistics,70,100,2025-10-22 13:55:37.168988
S0098,QZ_STA,Statistics,88,100,2025-11-24 13:55:37.168988
S0098,QZ_STA,Statistics,51,100,2025-10-14 13:55:37.168988
S0098,QZ_STA,Statistics,79,100,2025-09-01 13:55:37.168988
S0098,QZ_ML ,ML Basics,76,100,2025-08-07 13:55:37.168988
S0098,QZ_ML ,ML Basics,61,100,2025-10-05 13:55:37.168988
S0098,QZ_DEE,Deep Learning,97,100,2026-01-08 13:55:37.168988
S0098,QZ_DEE,Deep Learning,63,100,2025-10-13 13:55:37.168988
S0098,QZ_DEE,Deep Learning,48,100,2025-12-29 13:55:37.168988
S0098,QZ_DEE,Deep Learning,72,100,2026-01-10 13:55:37.168988
S0098,QZ_NLP,NLP,73,100,2025-12-05 13:55:37.168988
S0098,QZ_NLP,NLP,93,100,2025-09-24 13:55:37.168988
S0098,QZ_NLP,NLP,99,100,2025-12-18 13:55:37.168988
S0098,QZ_NLP,NLP,36,100,2025-09-09 13:55:37.168988
S0098,QZ_COM,Computer Vision,35,100,2025-10-08 13:55:37.168988
S0098,QZ_COM,Computer Vision,90,100,2025-09-19 13:55:37.168988
S0098,QZ_COM,Computer Vision,84,100,2025-09-16 13:55:37.168988
S0098,QZ_COM,Computer Vision,35,100,2025-08-23 13:55:37.168988
S0098,QZ_OPT,Optimization,91,100,2025-10-23 13:55:37.168988
S0098,QZ_OPT,Optimization,50,100,2025-08-09 13:55:37.168988
S0098,QZ_OPT,Optimization,43,100,2025-09-16 13:55:37.168988
S0099,QZ_LIN,Linear Algebra,85,100,2025-10-27 13:55:37.168988
S0099,QZ_LIN,Linear Algebra,33,100,2025-12-26 13:55:37.168988
S0099,QZ_PRO,Probability,70,100,2025-07-26 13:55:37.168988
S0099,QZ_PRO,Probability,67,100,2025-09-11 13:55:37.168988
S0099,QZ_PRO,Probability,42,100,2026-01-16 13:55:37.168988
S0099,QZ_PRO,Probability,65,100,2025-12-24 13:55:37.168988
S0099,QZ_STA,Statistics,29,100,2025-12-25 13:55:37.168988
S0099,QZ_STA,Statistics,90,100,2026-01-14 13:55:37.168988
S0099,QZ_STA,Statistics,39,100,2025-10-05 13:55:37.168988
S0099,QZ_STA,Statistics,66,100,2025-07-26 13:55:37.168988
S0099,QZ_ML ,ML Basics,70,100,2025-09-08 13:55:37.168988
S0099,QZ_ML ,ML Basics,44,100,2025-10-31 13:55:37.168988
S0099,QZ_ML ,ML Basics,94,100,2025-12-20 13:55:37.168988
S0099,QZ_ML ,ML Basics,98,100,2025-10-15 13:55:37.168988
S0099,QZ_DEE,Deep Learning,26,100,2025-08-05 13:55:37.168988
S0099,QZ_DEE,Deep Learning,94,100,2025-09-24 13:55:37.168988
S0099,QZ_DEE,Deep Learning,85,100,2025-09-23 13:55:37.168988
S0099,QZ_DEE,Deep Learning,61,100,2025-07-31 13:55:37.168988
S0099,QZ_NLP,NLP,30,100,2025-12-23 13:55:37.168988
S0099,QZ_NLP,NLP,29,100,2025-11-01 13:55:37.168988
S0099,QZ_NLP,NLP,33,100,2025-08-15 13:55:37.168988
S0099,QZ_NLP,NLP,61,100,2025-10-30 13:55:37.168988
S0099,QZ_COM,Computer Vision,25,100,2025-08-06 13:55:37.168988
S0099,QZ_COM,Computer Vision,94,100,2025-11-06 13:55:37.168988
S0099,QZ_OPT,Optimization,43,100,2025-09-27 13:55:37.168988
S0099,QZ_OPT,Optimization,76,100,2025-10-08 13:55:37.168988
S0100,QZ_LIN,Linear Algebra,95,100,2026-01-03 13:55:37.168988
S0100,QZ_LIN,Linear Algebra,80,100,2026-01-10 13:55:37.168988
S0100,QZ_PRO,Probability,48,100,2025-10-14 13:55:37.168988
S0100,QZ_PRO,Probability,39,100,2025-12-30 13:55:37.168988
S0100,QZ_PRO,Probability,82,100,2025-12-17 13:55:37.168988
S0100,QZ_STA,Statistics,74,100,2025-12-21 13:55:37.168988
S0100,QZ_STA,Statistics,88,100,2026-01-08 13:55:37.168988
S0100,QZ_STA,Statistics,58,100,2025-09-15 13:55:37.168988
S0100,QZ_ML ,ML Basics,96,100,2025-08-12 13:55:37.168988
S0100,QZ_ML ,ML Basics,75,100,2025-09-03 13:55:37.168988
S0100,QZ_ML ,ML Basics,64,100,2025-10-06 13:55:37.168988
S0100,QZ_DEE,Deep Learning,88,100,2025-11-05 13:55:37.168988
S0100,QZ_DEE,Deep Learning,70,100,2025-08-20 13:55:37.168988
S0100,QZ_DEE,Deep Learning,42,100,2025-08-04 13:55:37.168988
S0100,QZ_NLP,NLP,79,100,2025-08-30 13:55:37.168988
S0100,QZ_NLP,NLP,72,100,2026-01-12 13:55:37.168988
S0100,QZ_NLP,NLP,79,100,2025-08-21 13:55:37.168988
S0100,QZ_NLP,NLP,94,100,2025-12-03 13:55:37.168988
S0100,QZ_COM,Computer Vision,89,100,2025-12-11 13:55:37.168988
S0100,QZ_COM,Computer Vision,65,100,2025-11-07 13:55:37.168988
S0100,QZ_COM,Computer Vision,95,100,2025-12-31 13:55:37.168988
S0100,QZ_COM,Computer Vision,54,100,2026-01-16 13:55:37.168988
S0100,QZ_OPT,Optimization,45,100,2025-12-20 13:55:37.168988
S0100,QZ_OPT,Optimization,93,100,2025-09-21 13:55:37.168988
S0100,QZ_OPT,Optimization,90,100,2026-01-11 13:55:37.168988
S0100,QZ_OPT,Optimization,84,100,2025-08-27 13:55:37.168988
S0101,QZ_LIN,Linear Algebra,95,100,2025-09-26 13:55:37.168988
S0101,QZ_LIN,Linear Algebra,89,100,2025-08-25 13:55:37.168988
S0101,QZ_LIN,Linear Algebra,69,100,2025-12-30 13:55:37.168988
S0101,QZ_LIN,Linear Algebra,69,100,2025-11-23 13:55:37.168988
S0101,QZ_PRO,Probability,52,100,2025-09-03 13:55:37.168988
S0101,QZ_PRO,Probability,39,100,2025-08-24 13:55:37.168988
S0101,QZ_STA,Statistics,40,100,2025-12-31 13:55:37.168988
S0101,QZ_STA,Statistics,44,100,2025-11-13 13:55:37.168988
S0101,QZ_ML ,ML Basics,65,100,2025-10-16 13:55:37.168988
S0101,QZ_ML ,ML Basics,25,100,2025-07-22 13:55:37.168988
S0101,QZ_DEE,Deep Learning,64,100,2025-09-17 13:55:37.168988
S0101,QZ_DEE,Deep Learning,66,100,2025-10-30 13:55:37.168988
S0101,QZ_NLP,NLP,61,100,2025-12-10 13:55:37.168988
S0101,QZ_NLP,NLP,68,100,2025-09-23 13:55:37.168988
S0101,QZ_COM,Computer Vision,31,100,2025-11-05 13:55:37.168988
S0101,QZ_COM,Computer Vision,98,100,2025-11-22 13:55:37.168988
S0101,QZ_COM,Computer Vision,37,100,2025-11-03 13:55:37.168988
S0101,QZ_COM,Computer Vision,93,100,2025-08-28 13:55:37.168988
S0101,QZ_OPT,Optimization,52,100,2025-08-29 13:55:37.168988
S0101,QZ_OPT,Optimization,81,100,2025-08-19 13:55:37.168988
S0102,QZ_LIN,Linear Algebra,93,100,2025-10-01 13:55:37.168988
S0102,QZ_LIN,Linear Algebra,27,100,2025-12-08 13:55:37.168988
S0102,QZ_LIN,Linear Algebra,41,100,2026-01-08 13:55:37.168988
S0102,QZ_LIN,Linear Algebra,71,100,2025-08-10 13:55:37.168988
S0102,QZ_PRO,Probability,76,100,2025-10-03 13:55:37.168988
S0102,QZ_PRO,Probability,82,100,2025-12-20 13:55:37.168988
S0102,QZ_STA,Statistics,60,100,2026-01-04 13:55:37.168988
S0102,QZ_STA,Statistics,57,100,2025-10-06 13:55:37.168988
S0102,QZ_ML ,ML Basics,51,100,2025-11-07 13:55:37.168988
S0102,QZ_ML ,ML Basics,37,100,2025-12-21 13:55:37.168988
S0102,QZ_DEE,Deep Learning,25,100,2025-10-06 13:55:37.168988
S0102,QZ_DEE,Deep Learning,85,100,2025-11-15 13:55:37.168988
S0102,QZ_DEE,Deep Learning,92,100,2025-12-11 13:55:37.168988
S0102,QZ_DEE,Deep Learning,42,100,2025-11-27 13:55:37.168988
S0102,QZ_NLP,NLP,76,100,2026-01-05 13:55:37.168988
S0102,QZ_NLP,NLP,88,100,2025-09-12 13:55:37.168988
S0102,QZ_COM,Computer Vision,56,100,2025-12-19 13:55:37.168988
S0102,QZ_COM,Computer Vision,40,100,2025-09-15 13:55:37.168988
S0102,QZ_COM,Computer Vision,36,100,2025-10-08 13:55:37.168988
S0102,QZ_OPT,Optimization,34,100,2025-09-28 13:55:37.168988
S0102,QZ_OPT,Optimization,49,100,2025-08-01 13:55:37.168988
S0102,QZ_OPT,Optimization,50,100,2025-11-07 13:55:37.168988
S0103,QZ_LIN,Linear Algebra,67,100,2025-09-10 13:55:37.168988
S0103,QZ_LIN,Linear Algebra,45,100,2025-12-22 13:55:37.168988
S0103,QZ_LIN,Linear Algebra,92,100,2025-10-08 13:55:37.168988
S0103,QZ_LIN,Linear Algebra,84,100,2025-11-02 13:55:37.168988
S0103,QZ_PRO,Probability,66,100,2026-01-07 13:55:37.168988
S0103,QZ_PRO,Probability,88,100,2025-11-25 13:55:37.168988
S0103,QZ_PRO,Probability,32,100,2025-11-05 13:55:37.168988
S0103,QZ_PRO,Probability,67,100,2025-12-29 13:55:37.168988
S0103,QZ_STA,Statistics,26,100,2025-11-21 13:55:37.168988
S0103,QZ_STA,Statistics,86,100,2025-09-15 13:55:37.168988
S0103,QZ_ML ,ML Basics,30,100,2025-09-09 13:55:37.168988
S0103,QZ_ML ,ML Basics,42,100,2025-11-21 13:55:37.168988
S0103,QZ_ML ,ML Basics,47,100,2025-12-30 13:55:37.168988
S0103,QZ_ML ,ML Basics,44,100,2025-09-05 13:55:37.168988
S0103,QZ_DEE,Deep Learning,99,100,2025-10-05 13:55:37.168988
S0103,QZ_DEE,Deep Learning,50,100,2025-11-24 13:55:37.168988
S0103,QZ_DEE,Deep Learning,32,100,2025-07-28 13:55:37.168988
S0103,QZ_NLP,NLP,70,100,2025-10-16 13:55:37.168988
S0103,QZ_NLP,NLP,64,100,2025-11-21 13:55:37.168988
S0103,QZ_NLP,NLP,81,100,2025-10-20 13:55:37.168988
S0103,QZ_NLP,NLP,44,100,2026-01-01 13:55:37.168988
S0103,QZ_COM,Computer Vision,90,100,2025-10-29 13:55:37.168988
S0103,QZ_COM,Computer Vision,89,100,2025-07-29 13:55:37.168988
S0103,QZ_OPT,Optimization,63,100,2025-08-29 13:55:37.168988
S0103,QZ_OPT,Optimization,68,100,2026-01-07 13:55:37.168988
S0103,QZ_OPT,Optimization,27,100,2025-08-12 13:55:37.168988
S0103,QZ_OPT,Optimization,68,100,2025-09-01 13:55:37.168988
S0104,QZ_LIN,Linear Algebra,26,100,2026-01-07 13:55:37.168988
S0104,QZ_LIN,Linear Algebra,96,100,2025-10-01 13:55:37.168988
S0104,QZ_PRO,Probability,45,100,2025-11-15 13:55:37.168988
S0104,QZ_PRO,Probability,25,100,2025-12-06 13:55:37.168988
S0104,QZ_PRO,Probability,49,100,2025-12-22 13:55:37.168988
S0104,QZ_STA,Statistics,26,100,2025-11-24 13:55:37.168988
S0104,QZ_STA,Statistics,28,100,2025-09-12 13:55:37.168988
S0104,QZ_STA,Statistics,75,100,2025-09-28 13:55:37.168988
S0104,QZ_ML ,ML Basics,53,100,2025-08-22 13:55:37.168988
S0104,QZ_ML ,ML Basics,82,100,2025-09-21 13:55:37.168988
S0104,QZ_DEE,Deep Learning,31,100,2025-11-05 13:55:37.168988
S0104,QZ_DEE,Deep Learning,26,100,2025-10-13 13:55:37.168988
S0104,QZ_DEE,Deep Learning,57,100,2025-12-10 13:55:37.168988
S0104,QZ_DEE,Deep Learning,57,100,2025-11-13 13:55:37.168988
S0104,QZ_NLP,NLP,80,100,2025-09-18 13:55:37.168988
S0104,QZ_NLP,NLP,90,100,2026-01-12 13:55:37.168988
S0104,QZ_NLP,NLP,79,100,2025-12-19 13:55:37.168988
S0104,QZ_NLP,NLP,47,100,2025-10-31 13:55:37.168988
S0104,QZ_COM,Computer Vision,65,100,2025-11-08 13:55:37.168988
S0104,QZ_COM,Computer Vision,78,100,2025-11-16 13:55:37.168988
S0104,QZ_COM,Computer Vision,81,100,2025-09-01 13:55:37.168988
S0104,QZ_OPT,Optimization,84,100,2025-10-30 13:55:37.168988
S0104,QZ_OPT,Optimization,51,100,2025-08-15 13:55:37.168988
S0104,QZ_OPT,Optimization,92,100,2025-12-15 13:55:37.168988
S0105,QZ_LIN,Linear Algebra,43,100,2025-12-25 13:55:37.168988
S0105,QZ_LIN,Linear Algebra,93,100,2025-10-17 13:55:37.168988
S0105,QZ_LIN,Linear Algebra,50,100,2025-07-29 13:55:37.168988
S0105,QZ_PRO,Probability,38,100,2026-01-06 13:55:37.168988
S0105,QZ_PRO,Probability,61,100,2025-10-25 13:55:37.168988
S0105,QZ_STA,Statistics,47,100,2025-08-12 13:55:37.168988
S0105,QZ_STA,Statistics,66,100,2025-10-25 13:55:37.168988
S0105,QZ_ML ,ML Basics,46,100,2025-08-17 13:55:37.168988
S0105,QZ_ML ,ML Basics,92,100,2025-09-01 13:55:37.168988
S0105,QZ_ML ,ML Basics,61,100,2025-10-07 13:55:37.168988
S0105,QZ_DEE,Deep Learning,99,100,2025-08-13 13:55:37.168988
S0105,QZ_DEE,Deep Learning,79,100,2025-08-31 13:55:37.168988
S0105,QZ_NLP,NLP,27,100,2025-09-09 13:55:37.168988
S0105,QZ_NLP,NLP,96,100,2025-12-20 13:55:37.168988
S0105,QZ_COM,Computer Vision,43,100,2025-11-08 13:55:37.168988
S0105,QZ_COM,Computer Vision,91,100,2025-10-12 13:55:37.168988
S0105,QZ_OPT,Optimization,86,100,2025-09-17 13:55:37.168988
S0105,QZ_OPT,Optimization,31,100,2025-12-28 13:55:37.168988
S0105,QZ_OPT,Optimization,59,100,2025-12-31 13:55:37.168988
S0106,QZ_LIN,Linear Algebra,69,100,2025-10-22 13:55:37.168988
S0106,QZ_LIN,Linear Algebra,41,100,2025-11-26 13:55:37.168988
S0106,QZ_PRO,Probability,62,100,2025-09-17 13:55:37.168988
S0106,QZ_PRO,Probability,36,100,2025-12-14 13:55:37.168988
S0106,QZ_PRO,Probability,87,100,2025-07-31 13:55:37.168988
S0106,QZ_PRO,Probability,60,100,2025-08-31 13:55:37.168988
S0106,QZ_STA,Statistics,28,100,2025-10-20 13:55:37.168988
S0106,QZ_STA,Statistics,72,100,2025-08-17 13:55:37.168988
S0106,QZ_STA,Statistics,65,100,2025-07-29 13:55:37.168988
S0106,QZ_STA,Statistics,68,100,2025-11-27 13:55:37.168988
S0106,QZ_ML ,ML Basics,34,100,2025-10-01 13:55:37.168988
S0106,QZ_ML ,ML Basics,95,100,2025-12-21 13:55:37.168988
S0106,QZ_ML ,ML Basics,68,100,2025-12-09 13:55:37.168988
S0106,QZ_ML ,ML Basics,49,100,2025-12-11 13:55:37.168988
S0106,QZ_DEE,Deep Learning,93,100,2025-12-27 13:55:37.168988
S0106,QZ_DEE,Deep Learning,99,100,2025-11-17 13:55:37.168988
S0106,QZ_DEE,Deep Learning,34,100,2025-10-09 13:55:37.168988
S0106,QZ_NLP,NLP,70,100,2025-12-06 13:55:37.168988
S0106,QZ_NLP,NLP,42,100,2025-08-28 13:55:37.168988
S0106,QZ_NLP,NLP,70,100,2025-10-04 13:55:37.168988
S0106,QZ_NLP,NLP,33,100,2025-08-22 13:55:37.168988
S0106,QZ_COM,Computer Vision,31,100,2025-08-11 13:55:37.168988
S0106,QZ_COM,Computer Vision,54,100,2025-08-26 13:55:37.168988
S0106,QZ_OPT,Optimization,78,100,2026-01-04 13:55:37.168988
S0106,QZ_OPT,Optimization,40,100,2025-12-20 13:55:37.168988
S0106,QZ_OPT,Optimization,78,100,2025-11-18 13:55:37.168988
S0106,QZ_OPT,Optimization,67,100,2026-01-08 13:55:37.168988
S0107,QZ_LIN,Linear Algebra,73,100,2025-08-09 13:55:37.168988
S0107,QZ_LIN,Linear Algebra,86,100,2025-11-23 13:55:37.168988
S0107,QZ_LIN,Linear Algebra,32,100,2025-11-24 13:55:37.168988
S0107,QZ_LIN,Linear Algebra,53,100,2025-10-30 13:55:37.168988
S0107,QZ_PRO,Probability,86,100,2025-09-01 13:55:37.168988
S0107,QZ_PRO,Probability,94,100,2025-09-28 13:55:37.168988
S0107,QZ_PRO,Probability,57,100,2025-12-10 13:55:37.168988
S0107,QZ_STA,Statistics,35,100,2025-08-01 13:55:37.168988
S0107,QZ_STA,Statistics,44,100,2025-07-28 13:55:37.168988
S0107,QZ_STA,Statistics,61,100,2025-12-05 13:55:37.168988
S0107,QZ_ML ,ML Basics,52,100,2025-12-07 13:55:37.168988
S0107,QZ_ML ,ML Basics,99,100,2025-12-13 13:55:37.168988
S0107,QZ_ML ,ML Basics,49,100,2025-10-29 13:55:37.168988
S0107,QZ_ML ,ML Basics,32,100,2026-01-01 13:55:37.168988
S0107,QZ_DEE,Deep Learning,58,100,2025-12-24 13:55:37.168988
S0107,QZ_DEE,Deep Learning,25,100,2025-10-15 13:55:37.168988
S0107,QZ_DEE,Deep Learning,86,100,2025-12-01 13:55:37.168988
S0107,QZ_NLP,NLP,86,100,2025-12-27 13:55:37.168988
S0107,QZ_NLP,NLP,39,100,2025-12-12 13:55:37.168988
S0107,QZ_NLP,NLP,35,100,2025-08-15 13:55:37.168988
S0107,QZ_COM,Computer Vision,90,100,2025-11-01 13:55:37.168988
S0107,QZ_COM,Computer Vision,50,100,2025-08-10 13:55:37.168988
S0107,QZ_COM,Computer Vision,80,100,2025-11-02 13:55:37.168988
S0107,QZ_COM,Computer Vision,78,100,2025-08-16 13:55:37.168988
S0107,QZ_OPT,Optimization,51,100,2025-12-14 13:55:37.168988
S0107,QZ_OPT,Optimization,39,100,2025-09-05 13:55:37.168988
S0107,QZ_OPT,Optimization,70,100,2025-09-25 13:55:37.168988
S0107,QZ_OPT,Optimization,40,100,2025-09-04 13:55:37.168988
S0108,QZ_LIN,Linear Algebra,30,100,2025-09-11 13:55:37.168988
S0108,QZ_LIN,Linear Algebra,50,100,2025-11-24 13:55:37.168988
S0108,QZ_PRO,Probability,46,100,2025-12-21 13:55:37.168988
S0108,QZ_PRO,Probability,59,100,2025-07-24 13:55:37.168988
S0108,QZ_PRO,Probability,76,100,2025-11-14 13:55:37.168988
S0108,QZ_STA,Statistics,78,100,2025-09-10 13:55:37.168988
S0108,QZ_STA,Statistics,92,100,2025-12-24 13:55:37.168988
S0108,QZ_STA,Statistics,34,100,2025-10-24 13:55:37.168988
S0108,QZ_ML ,ML Basics,55,100,2025-07-22 13:55:37.168988
S0108,QZ_ML ,ML Basics,49,100,2025-08-10 13:55:37.168988
S0108,QZ_ML ,ML Basics,66,100,2025-09-16 13:55:37.168988
S0108,QZ_ML ,ML Basics,99,100,2025-08-20 13:55:37.168988
S0108,QZ_DEE,Deep Learning,64,100,2025-10-07 13:55:37.168988
S0108,QZ_DEE,Deep Learning,28,100,2025-10-04 13:55:37.168988
S0108,QZ_DEE,Deep Learning,77,100,2025-10-23 13:55:37.168988
S0108,QZ_NLP,NLP,34,100,2025-09-01 13:55:37.168988
S0108,QZ_NLP,NLP,25,100,2025-07-21 13:55:37.168988
S0108,QZ_NLP,NLP,87,100,2025-11-21 13:55:37.168988
S0108,QZ_COM,Computer Vision,29,100,2025-09-28 13:55:37.168988
S0108,QZ_COM,Computer Vision,47,100,2025-09-06 13:55:37.168988
S0108,QZ_OPT,Optimization,63,100,2025-11-05 13:55:37.168988
S0108,QZ_OPT,Optimization,45,100,2025-07-26 13:55:37.168988
S0108,QZ_OPT,Optimization,45,100,2025-09-24 13:55:37.168988
S0109,QZ_LIN,Linear Algebra,85,100,2025-12-12 13:55:37.168988
S0109,QZ_LIN,Linear Algebra,34,100,2025-10-07 13:55:37.168988
S0109,QZ_LIN,Linear Algebra,46,100,2025-10-07 13:55:37.168988
S0109,QZ_PRO,Probability,52,100,2025-08-01 13:55:37.168988
S0109,QZ_PRO,Probability,55,100,2025-09-11 13:55:37.168988
S0109,QZ_PRO,Probability,32,100,2025-10-23 13:55:37.168988
S0109,QZ_PRO,Probability,68,100,2025-11-27 13:55:37.168988
S0109,QZ_STA,Statistics,96,100,2025-12-17 13:55:37.168988
S0109,QZ_STA,Statistics,79,100,2025-10-05 13:55:37.168988
S0109,QZ_STA,Statistics,90,100,2025-09-13 13:55:37.168988
S0109,QZ_STA,Statistics,96,100,2025-11-19 13:55:37.168988
S0109,QZ_ML ,ML Basics,89,100,2025-09-30 13:55:37.168988
S0109,QZ_ML ,ML Basics,33,100,2025-10-27 13:55:37.168988
S0109,QZ_ML ,ML Basics,93,100,2025-12-07 13:55:37.168988
S0109,QZ_ML ,ML Basics,40,100,2025-09-18 13:55:37.168988
S0109,QZ_DEE,Deep Learning,29,100,2025-09-01 13:55:37.168988
S0109,QZ_DEE,Deep Learning,66,100,2025-08-23 13:55:37.168988
S0109,QZ_NLP,NLP,53,100,2025-10-01 13:55:37.168988
S0109,QZ_NLP,NLP,87,100,2025-12-28 13:55:37.168988
S0109,QZ_NLP,NLP,56,100,2025-12-20 13:55:37.168988
S0109,QZ_COM,Computer Vision,33,100,2025-08-08 13:55:37.168988
S0109,QZ_COM,Computer Vision,69,100,2025-10-04 13:55:37.168988
S0109,QZ_COM,Computer Vision,38,100,2025-12-19 13:55:37.168988
S0109,QZ_OPT,Optimization,42,100,2025-09-13 13:55:37.168988
S0109,QZ_OPT,Optimization,85,100,2025-10-16 13:55:37.168988
S0109,QZ_OPT,Optimization,27,100,2025-12-21 13:55:37.168988
S0110,QZ_LIN,Linear Algebra,66,100,2025-08-12 13:55:37.168988
S0110,QZ_LIN,Linear Algebra,51,100,2025-12-01 13:55:37.168988
S0110,QZ_LIN,Linear Algebra,76,100,2025-08-22 13:55:37.168988
S0110,QZ_PRO,Probability,50,100,2026-01-05 13:55:37.168988
S0110,QZ_PRO,Probability,26,100,2025-11-25 13:55:37.168988
S0110,QZ_STA,Statistics,33,100,2025-08-04 13:55:37.168988
S0110,QZ_STA,Statistics,68,100,2025-08-10 13:55:37.168988
S0110,QZ_STA,Statistics,95,100,2025-11-17 13:55:37.168988
S0110,QZ_STA,Statistics,59,100,2025-10-08 13:55:37.168988
S0110,QZ_ML ,ML Basics,31,100,2025-07-24 13:55:37.168988
S0110,QZ_ML ,ML Basics,35,100,2025-12-18 13:55:37.168988
S0110,QZ_ML ,ML Basics,87,100,2025-12-27 13:55:37.168988
S0110,QZ_ML ,ML Basics,55,100,2025-08-30 13:55:37.168988
S0110,QZ_DEE,Deep Learning,82,100,2025-10-09 13:55:37.168988
S0110,QZ_DEE,Deep Learning,78,100,2025-09-28 13:55:37.168988
S0110,QZ_DEE,Deep Learning,51,100,2025-11-27 13:55:37.168988
S0110,QZ_NLP,NLP,73,100,2025-08-21 13:55:37.168988
S0110,QZ_NLP,NLP,28,100,2025-08-03 13:55:37.168988
S0110,QZ_COM,Computer Vision,71,100,2025-10-08 13:55:37.168988
S0110,QZ_COM,Computer Vision,56,100,2025-09-17 13:55:37.168988
S0110,QZ_COM,Computer Vision,62,100,2025-10-18 13:55:37.168988
S0110,QZ_COM,Computer Vision,87,100,2025-12-12 13:55:37.168988
S0110,QZ_OPT,Optimization,53,100,2025-11-25 13:55:37.168988
S0110,QZ_OPT,Optimization,92,100,2025-12-19 13:55:37.168988
S0110,QZ_OPT,Optimization,81,100,2025-11-17 13:55:37.168988
S0111,QZ_LIN,Linear Algebra,84,100,2025-12-23 13:55:37.168988
S0111,QZ_LIN,Linear Algebra,25,100,2025-11-26 13:55:37.168988
S0111,QZ_LIN,Linear Algebra,56,100,2025-09-01 13:55:37.168988
S0111,QZ_LIN,Linear Algebra,89,100,2025-08-11 13:55:37.168988
S0111,QZ_PRO,Probability,95,100,2025-10-25 13:55:37.168988
S0111,QZ_PRO,Probability,61,100,2025-09-19 13:55:37.168988
S0111,QZ_PRO,Probability,53,100,2025-12-27 13:55:37.168988
S0111,QZ_PRO,Probability,69,100,2025-08-18 13:55:37.168988
S0111,QZ_STA,Statistics,96,100,2025-08-28 13:55:37.168988
S0111,QZ_STA,Statistics,54,100,2025-11-08 13:55:37.168988
S0111,QZ_STA,Statistics,25,100,2025-09-27 13:55:37.168988
S0111,QZ_STA,Statistics,49,100,2025-12-03 13:55:37.168988
S0111,QZ_ML ,ML Basics,59,100,2025-10-02 13:55:37.168988
S0111,QZ_ML ,ML Basics,62,100,2025-10-03 13:55:37.168988
S0111,QZ_DEE,Deep Learning,31,100,2025-10-24 13:55:37.168988
S0111,QZ_DEE,Deep Learning,47,100,2026-01-05 13:55:37.168988
S0111,QZ_NLP,NLP,61,100,2025-10-08 13:55:37.168988
S0111,QZ_NLP,NLP,73,100,2025-12-18 13:55:37.168988
S0111,QZ_NLP,NLP,63,100,2025-12-02 13:55:37.168988
S0111,QZ_COM,Computer Vision,28,100,2026-01-16 13:55:37.168988
S0111,QZ_COM,Computer Vision,62,100,2025-11-23 13:55:37.168988
S0111,QZ_COM,Computer Vision,93,100,2025-12-29 13:55:37.168988
S0111,QZ_OPT,Optimization,95,100,2025-09-15 13:55:37.168988
S0111,QZ_OPT,Optimization,96,100,2025-11-16 13:55:37.168988
S0111,QZ_OPT,Optimization,59,100,2025-11-29 13:55:37.168988
S0112,QZ_LIN,Linear Algebra,53,100,2026-01-11 13:55:37.168988
S0112,QZ_LIN,Linear Algebra,53,100,2025-10-05 13:55:37.168988
S0112,QZ_LIN,Linear Algebra,51,100,2025-09-06 13:55:37.168988
S0112,QZ_PRO,Probability,61,100,2025-08-02 13:55:37.168988
S0112,QZ_PRO,Probability,40,100,2025-10-03 13:55:37.168988
S0112,QZ_STA,Statistics,41,100,2025-08-25 13:55:37.168988
S0112,QZ_STA,Statistics,88,100,2025-11-25 13:55:37.168988
S0112,QZ_STA,Statistics,47,100,2026-01-11 13:55:37.168988
S0112,QZ_STA,Statistics,59,100,2026-01-06 13:55:37.168988
S0112,QZ_ML ,ML Basics,31,100,2026-01-10 13:55:37.168988
S0112,QZ_ML ,ML Basics,36,100,2025-12-04 13:55:37.168988
S0112,QZ_ML ,ML Basics,36,100,2025-07-27 13:55:37.168988
S0112,QZ_ML ,ML Basics,63,100,2025-09-17 13:55:37.168988
S0112,QZ_DEE,Deep Learning,51,100,2026-01-07 13:55:37.168988
S0112,QZ_DEE,Deep Learning,97,100,2025-09-17 13:55:37.168988
S0112,QZ_NLP,NLP,42,100,2025-10-10 13:55:37.168988
S0112,QZ_NLP,NLP,94,100,2025-11-15 13:55:37.168988
S0112,QZ_NLP,NLP,57,100,2025-09-03 13:55:37.168988
S0112,QZ_NLP,NLP,59,100,2025-09-03 13:55:37.168988
S0112,QZ_COM,Computer Vision,87,100,2025-09-06 13:55:37.168988
S0112,QZ_COM,Computer Vision,83,100,2025-11-27 13:55:37.168988
S0112,QZ_OPT,Optimization,48,100,2025-09-19 13:55:37.168988
S0112,QZ_OPT,Optimization,42,100,2025-11-02 13:55:37.168988
S0112,QZ_OPT,Optimization,54,100,2025-09-25 13:55:37.168988
S0112,QZ_OPT,Optimization,55,100,2026-01-03 13:55:37.168988
S0113,QZ_LIN,Linear Algebra,76,100,2026-01-11 13:55:37.168988
S0113,QZ_LIN,Linear Algebra,81,100,2025-09-24 13:55:37.168988
S0113,QZ_PRO,Probability,37,100,2025-12-23 13:55:37.168988
S0113,QZ_PRO,Probability,52,100,2025-10-20 13:55:37.168988
S0113,QZ_PRO,Probability,38,100,2025-08-27 13:55:37.168988
S0113,QZ_STA,Statistics,74,100,2026-01-11 13:55:37.168988
S0113,QZ_STA,Statistics,89,100,2025-10-30 13:55:37.168988
S0113,QZ_ML ,ML Basics,27,100,2025-08-31 13:55:37.168988
S0113,QZ_ML ,ML Basics,64,100,2025-11-22 13:55:37.168988
S0113,QZ_ML ,ML Basics,54,100,2025-10-08 13:55:37.168988
S0113,QZ_ML ,ML Basics,40,100,2025-09-14 13:55:37.168988
S0113,QZ_DEE,Deep Learning,59,100,2025-11-25 13:55:37.168988
S0113,QZ_DEE,Deep Learning,25,100,2025-12-24 13:55:37.168988
S0113,QZ_DEE,Deep Learning,81,100,2025-12-23 13:55:37.168988
S0113,QZ_NLP,NLP,36,100,2025-11-22 13:55:37.168988
S0113,QZ_NLP,NLP,97,100,2025-10-20 13:55:37.168988
S0113,QZ_COM,Computer Vision,83,100,2025-10-10 13:55:37.168988
S0113,QZ_COM,Computer Vision,60,100,2025-09-09 13:55:37.168988
S0113,QZ_COM,Computer Vision,59,100,2025-12-04 13:55:37.168988
S0113,QZ_OPT,Optimization,67,100,2025-11-21 13:55:37.168988
S0113,QZ_OPT,Optimization,45,100,2025-08-21 13:55:37.168988
S0113,QZ_OPT,Optimization,41,100,2025-12-23 13:55:37.168988
S0113,QZ_OPT,Optimization,63,100,2025-12-22 13:55:37.168988
S0114,QZ_LIN,Linear Algebra,58,100,2025-07-24 13:55:37.168988
S0114,QZ_LIN,Linear Algebra,86,100,2025-11-29 13:55:37.168988
S0114,QZ_LIN,Linear Algebra,34,100,2025-10-17 13:55:37.168988
S0114,QZ_LIN,Linear Algebra,69,100,2025-11-25 13:55:37.168988
S0114,QZ_PRO,Probability,80,100,2025-11-08 13:55:37.168988
S0114,QZ_PRO,Probability,85,100,2025-08-31 13:55:37.168988
S0114,QZ_STA,Statistics,81,100,2025-12-29 13:55:37.168988
S0114,QZ_STA,Statistics,72,100,2025-12-31 13:55:37.168988
S0114,QZ_STA,Statistics,43,100,2025-09-13 13:55:37.168988
S0114,QZ_ML ,ML Basics,73,100,2025-12-09 13:55:37.168988
S0114,QZ_ML ,ML Basics,98,100,2025-10-30 13:55:37.168988
S0114,QZ_ML ,ML Basics,96,100,2025-09-13 13:55:37.168988
S0114,QZ_DEE,Deep Learning,59,100,2025-09-08 13:55:37.168988
S0114,QZ_DEE,Deep Learning,25,100,2025-11-13 13:55:37.168988
S0114,QZ_NLP,NLP,83,100,2025-11-29 13:55:37.168988
S0114,QZ_NLP,NLP,86,100,2025-08-13 13:55:37.168988
S0114,QZ_COM,Computer Vision,91,100,2025-12-22 13:55:37.168988
S0114,QZ_COM,Computer Vision,45,100,2025-11-11 13:55:37.168988
S0114,QZ_COM,Computer Vision,56,100,2025-12-06 13:55:37.168988
S0114,QZ_COM,Computer Vision,47,100,2025-11-26 13:55:37.168988
S0114,QZ_OPT,Optimization,75,100,2025-10-10 13:55:37.168988
S0114,QZ_OPT,Optimization,84,100,2025-09-25 13:55:37.168988
S0114,QZ_OPT,Optimization,43,100,2025-11-24 13:55:37.168988
S0115,QZ_LIN,Linear Algebra,30,100,2026-01-05 13:55:37.168988
S0115,QZ_LIN,Linear Algebra,60,100,2026-01-03 13:55:37.168988
S0115,QZ_LIN,Linear Algebra,89,100,2025-08-02 13:55:37.168988
S0115,QZ_LIN,Linear Algebra,27,100,2025-10-14 13:55:37.168988
S0115,QZ_PRO,Probability,69,100,2025-07-23 13:55:37.168988
S0115,QZ_PRO,Probability,47,100,2025-09-26 13:55:37.168988
S0115,QZ_PRO,Probability,48,100,2025-12-06 13:55:37.168988
S0115,QZ_STA,Statistics,53,100,2025-10-23 13:55:37.168988
S0115,QZ_STA,Statistics,76,100,2025-11-11 13:55:37.168988
S0115,QZ_ML ,ML Basics,58,100,2025-11-09 13:55:37.168988
S0115,QZ_ML ,ML Basics,67,100,2025-12-22 13:55:37.168988
S0115,QZ_DEE,Deep Learning,94,100,2025-11-25 13:55:37.168988
S0115,QZ_DEE,Deep Learning,76,100,2025-11-21 13:55:37.168988
S0115,QZ_NLP,NLP,43,100,2025-09-02 13:55:37.168988
S0115,QZ_NLP,NLP,91,100,2025-12-25 13:55:37.168988
S0115,QZ_NLP,NLP,39,100,2025-07-21 13:55:37.168988
S0115,QZ_NLP,NLP,31,100,2026-01-06 13:55:37.168988
S0115,QZ_COM,Computer Vision,44,100,2025-10-06 13:55:37.168988
S0115,QZ_COM,Computer Vision,46,100,2025-07-25 13:55:37.168988
S0115,QZ_COM,Computer Vision,92,100,2025-11-24 13:55:37.168988
S0115,QZ_COM,Computer Vision,27,100,2025-07-31 13:55:37.168988
S0115,QZ_OPT,Optimization,64,100,2025-09-04 13:55:37.168988
S0115,QZ_OPT,Optimization,63,100,2025-09-27 13:55:37.168988
S0116,QZ_LIN,Linear Algebra,73,100,2025-08-17 13:55:37.168988
S0116,QZ_LIN,Linear Algebra,51,100,2025-10-16 13:55:37.168988
S0116,QZ_PRO,Probability,85,100,2025-11-25 13:55:37.168988
S0116,QZ_PRO,Probability,69,100,2025-08-30 13:55:37.168988
S0116,QZ_PRO,Probability,89,100,2026-01-09 13:55:37.168988
S0116,QZ_PRO,Probability,68,100,2025-09-17 13:55:37.168988
S0116,QZ_STA,Statistics,97,100,2025-11-14 13:55:37.168988
S0116,QZ_STA,Statistics,74,100,2025-10-15 13:55:37.168988
S0116,QZ_STA,Statistics,84,100,2026-01-05 13:55:37.168988
S0116,QZ_STA,Statistics,46,100,2026-01-02 13:55:37.168988
S0116,QZ_ML ,ML Basics,46,100,2025-09-25 13:55:37.168988
S0116,QZ_ML ,ML Basics,62,100,2026-01-06 13:55:37.168988
S0116,QZ_DEE,Deep Learning,48,100,2025-12-08 13:55:37.168988
S0116,QZ_DEE,Deep Learning,27,100,2025-07-25 13:55:37.168988
S0116,QZ_DEE,Deep Learning,50,100,2025-11-20 13:55:37.168988
S0116,QZ_NLP,NLP,26,100,2025-08-21 13:55:37.168988
S0116,QZ_NLP,NLP,56,100,2025-10-19 13:55:37.168988
S0116,QZ_COM,Computer Vision,55,100,2025-10-19 13:55:37.168988
S0116,QZ_COM,Computer Vision,25,100,2025-12-24 13:55:37.168988
S0116,QZ_COM,Computer Vision,42,100,2025-12-30 13:55:37.168988
S0116,QZ_OPT,Optimization,77,100,2025-08-09 13:55:37.168988
S0116,QZ_OPT,Optimization,61,100,2025-11-26 13:55:37.168988
S0116,QZ_OPT,Optimization,43,100,2025-11-19 13:55:37.168988
S0117,QZ_LIN,Linear Algebra,49,100,2025-08-14 13:55:37.168988
S0117,QZ_LIN,Linear Algebra,90,100,2025-11-15 13:55:37.168988
S0117,QZ_PRO,Probability,40,100,2025-08-16 13:55:37.168988
S0117,QZ_PRO,Probability,98,100,2025-11-15 13:55:37.168988
S0117,QZ_PRO,Probability,34,100,2025-08-08 13:55:37.168988
S0117,QZ_STA,Statistics,74,100,2025-07-22 13:55:37.168988
S0117,QZ_STA,Statistics,78,100,2025-08-25 13:55:37.168988
S0117,QZ_STA,Statistics,69,100,2026-01-11 13:55:37.168988
S0117,QZ_ML ,ML Basics,32,100,2025-10-18 13:55:37.168988
S0117,QZ_ML ,ML Basics,49,100,2025-07-25 13:55:37.168988
S0117,QZ_DEE,Deep Learning,92,100,2025-11-19 13:55:37.168988
S0117,QZ_DEE,Deep Learning,40,100,2025-11-04 13:55:37.168988
S0117,QZ_DEE,Deep Learning,55,100,2025-08-21 13:55:37.168988
S0117,QZ_NLP,NLP,63,100,2025-09-28 13:55:37.168988
S0117,QZ_NLP,NLP,26,100,2025-11-27 13:55:37.168988
S0117,QZ_NLP,NLP,80,100,2025-12-16 13:55:37.168988
S0117,QZ_COM,Computer Vision,29,100,2025-11-17 13:55:37.168988
S0117,QZ_COM,Computer Vision,81,100,2025-11-26 13:55:37.168988
S0117,QZ_COM,Computer Vision,76,100,2025-12-12 13:55:37.168988
S0117,QZ_COM,Computer Vision,44,100,2026-01-04 13:55:37.168988
S0117,QZ_OPT,Optimization,87,100,2025-11-09 13:55:37.168988
S0117,QZ_OPT,Optimization,54,100,2025-09-25 13:55:37.168988
S0117,QZ_OPT,Optimization,76,100,2025-11-14 13:55:37.168988
S0118,QZ_LIN,Linear Algebra,53,100,2025-11-17 13:55:37.168988
S0118,QZ_LIN,Linear Algebra,79,100,2025-12-02 13:55:37.168988
S0118,QZ_PRO,Probability,54,100,2025-12-05 13:55:37.168988
S0118,QZ_PRO,Probability,58,100,2025-10-10 13:55:37.168988
S0118,QZ_STA,Statistics,49,100,2025-08-01 13:55:37.168988
S0118,QZ_STA,Statistics,95,100,2025-12-03 13:55:37.168988
S0118,QZ_ML ,ML Basics,73,100,2025-11-23 13:55:37.168988
S0118,QZ_ML ,ML Basics,50,100,2025-08-05 13:55:37.168988
S0118,QZ_DEE,Deep Learning,89,100,2025-12-30 13:55:37.168988
S0118,QZ_DEE,Deep Learning,35,100,2025-11-19 13:55:37.168988
S0118,QZ_NLP,NLP,53,100,2025-09-14 13:55:37.168988
S0118,QZ_NLP,NLP,37,100,2026-01-12 13:55:37.168988
S0118,QZ_NLP,NLP,55,100,2025-11-15 13:55:37.168988
S0118,QZ_COM,Computer Vision,67,100,2025-12-06 13:55:37.168988
S0118,QZ_COM,Computer Vision,57,100,2025-10-13 13:55:37.168988
S0118,QZ_COM,Computer Vision,30,100,2025-08-08 13:55:37.168988
S0118,QZ_OPT,Optimization,76,100,2025-12-11 13:55:37.168988
S0118,QZ_OPT,Optimization,42,100,2025-10-09 13:55:37.168988
S0119,QZ_LIN,Linear Algebra,51,100,2026-01-10 13:55:37.168988
S0119,QZ_LIN,Linear Algebra,43,100,2025-10-31 13:55:37.168988
S0119,QZ_LIN,Linear Algebra,26,100,2025-11-09 13:55:37.168988
S0119,QZ_LIN,Linear Algebra,90,100,2025-09-05 13:55:37.168988
S0119,QZ_PRO,Probability,58,100,2025-09-05 13:55:37.168988
S0119,QZ_PRO,Probability,92,100,2025-10-22 13:55:37.168988
S0119,QZ_PRO,Probability,51,100,2025-12-10 13:55:37.168988
S0119,QZ_STA,Statistics,28,100,2025-12-25 13:55:37.168988
S0119,QZ_STA,Statistics,68,100,2025-09-28 13:55:37.168988
S0119,QZ_STA,Statistics,90,100,2025-07-22 13:55:37.168988
S0119,QZ_STA,Statistics,74,100,2025-12-16 13:55:37.168988
S0119,QZ_ML ,ML Basics,84,100,2025-12-01 13:55:37.168988
S0119,QZ_ML ,ML Basics,71,100,2025-07-31 13:55:37.168988
S0119,QZ_ML ,ML Basics,99,100,2025-09-03 13:55:37.168988
S0119,QZ_DEE,Deep Learning,64,100,2025-12-25 13:55:37.168988
S0119,QZ_DEE,Deep Learning,59,100,2025-10-07 13:55:37.168988
S0119,QZ_DEE,Deep Learning,88,100,2025-12-09 13:55:37.168988
S0119,QZ_NLP,NLP,65,100,2025-11-18 13:55:37.168988
S0119,QZ_NLP,NLP,62,100,2025-07-25 13:55:37.168988
S0119,QZ_COM,Computer Vision,77,100,2025-09-19 13:55:37.168988
S0119,QZ_COM,Computer Vision,73,100,2025-12-07 13:55:37.168988
S0119,QZ_COM,Computer Vision,44,100,2025-12-11 13:55:37.168988
S0119,QZ_COM,Computer Vision,82,100,2025-08-09 13:55:37.168988
S0119,QZ_OPT,Optimization,99,100,2025-12-12 13:55:37.168988
S0119,QZ_OPT,Optimization,57,100,2025-09-27 13:55:37.168988
S0119,QZ_OPT,Optimization,58,100,2025-09-17 13:55:37.168988
S0120,QZ_LIN,Linear Algebra,36,100,2025-10-27 13:55:37.168988
S0120,QZ_LIN,Linear Algebra,87,100,2025-10-02 13:55:37.168988
S0120,QZ_LIN,Linear Algebra,94,100,2025-10-14 13:55:37.168988
S0120,QZ_PRO,Probability,54,100,2025-09-10 13:55:37.168988
S0120,QZ_PRO,Probability,43,100,2025-11-19 13:55:37.168988
S0120,QZ_PRO,Probability,35,100,2025-12-19 13:55:37.168988
S0120,QZ_STA,Statistics,26,100,2025-09-13 13:55:37.168988
S0120,QZ_STA,Statistics,83,100,2025-10-20 13:55:37.168988
S0120,QZ_STA,Statistics,35,100,2025-10-17 13:55:37.168988
S0120,QZ_STA,Statistics,93,100,2025-10-19 13:55:37.168988
S0120,QZ_ML ,ML Basics,39,100,2025-08-09 13:55:37.168988
S0120,QZ_ML ,ML Basics,93,100,2025-07-27 13:55:37.168988
S0120,QZ_DEE,Deep Learning,74,100,2025-12-15 13:55:37.168988
S0120,QZ_DEE,Deep Learning,84,100,2025-08-22 13:55:37.168988
S0120,QZ_DEE,Deep Learning,42,100,2025-09-24 13:55:37.168988
S0120,QZ_DEE,Deep Learning,56,100,2025-08-09 13:55:37.168988
S0120,QZ_NLP,NLP,73,100,2025-12-18 13:55:37.168988
S0120,QZ_NLP,NLP,67,100,2025-09-06 13:55:37.168988
S0120,QZ_NLP,NLP,64,100,2025-08-11 13:55:37.168988
S0120,QZ_NLP,NLP,79,100,2025-07-25 13:55:37.168988
S0120,QZ_COM,Computer Vision,59,100,2025-09-29 13:55:37.168988
S0120,QZ_COM,Computer Vision,74,100,2025-12-18 13:55:37.168988
S0120,QZ_COM,Computer Vision,59,100,2025-10-27 13:55:37.168988
S0120,QZ_OPT,Optimization,76,100,2025-10-17 13:55:37.168988
S0120,QZ_OPT,Optimization,91,100,2026-01-04 13:55:37.168988
S0120,QZ_OPT,Optimization,39,100,2025-09-15 13:55:37.168988
S0121,QZ_LIN,Linear Algebra,81,100,2026-01-03 13:55:37.168988
S0121,QZ_LIN,Linear Algebra,76,100,2026-01-13 13:55:37.168988
S0121,QZ_LIN,Linear Algebra,56,100,2025-10-05 13:55:37.168988
S0121,QZ_PRO,Probability,88,100,2025-09-24 13:55:37.168988
S0121,QZ_PRO,Probability,73,100,2025-10-19 13:55:37.168988
S0121,QZ_STA,Statistics,85,100,2025-12-25 13:55:37.168988
S0121,QZ_STA,Statistics,47,100,2025-08-31 13:55:37.168988
S0121,QZ_STA,Statistics,39,100,2025-11-21 13:55:37.168988
S0121,QZ_ML ,ML Basics,45,100,2025-10-21 13:55:37.168988
S0121,QZ_ML ,ML Basics,43,100,2025-07-30 13:55:37.168988
S0121,QZ_ML ,ML Basics,80,100,2025-09-04 13:55:37.168988
S0121,QZ_ML ,ML Basics,44,100,2025-07-22 13:55:37.168988
S0121,QZ_DEE,Deep Learning,97,100,2025-09-23 13:55:37.168988
S0121,QZ_DEE,Deep Learning,60,100,2025-08-28 13:55:37.168988
S0121,QZ_NLP,NLP,94,100,2025-07-30 13:55:37.168988
S0121,QZ_NLP,NLP,98,100,2025-08-04 13:55:37.168988
S0121,QZ_COM,Computer Vision,92,100,2025-11-22 13:55:37.168988
S0121,QZ_COM,Computer Vision,42,100,2025-11-30 13:55:37.168988
S0121,QZ_COM,Computer Vision,27,100,2025-12-26 13:55:37.168988
S0121,QZ_OPT,Optimization,92,100,2025-09-18 13:55:37.168988
S0121,QZ_OPT,Optimization,42,100,2025-08-07 13:55:37.168988
S0121,QZ_OPT,Optimization,95,100,2025-11-26 13:55:37.168988
S0122,QZ_LIN,Linear Algebra,80,100,2025-12-06 13:55:37.168988
S0122,QZ_LIN,Linear Algebra,48,100,2025-08-19 13:55:37.168988
S0122,QZ_LIN,Linear Algebra,99,100,2025-09-03 13:55:37.168988
S0122,QZ_LIN,Linear Algebra,54,100,2026-01-16 13:55:37.168988
S0122,QZ_PRO,Probability,42,100,2025-08-23 13:55:37.168988
S0122,QZ_PRO,Probability,48,100,2025-11-06 13:55:37.168988
S0122,QZ_PRO,Probability,30,100,2025-12-21 13:55:37.168988
S0122,QZ_PRO,Probability,61,100,2025-10-22 13:55:37.168988
S0122,QZ_STA,Statistics,96,100,2025-10-23 13:55:37.168988
S0122,QZ_STA,Statistics,79,100,2025-09-22 13:55:37.168988
S0122,QZ_ML ,ML Basics,78,100,2025-11-19 13:55:37.168988
S0122,QZ_ML ,ML Basics,26,100,2025-12-29 13:55:37.168988
S0122,QZ_ML ,ML Basics,53,100,2025-11-29 13:55:37.168988
S0122,QZ_ML ,ML Basics,99,100,2025-08-01 13:55:37.168988
S0122,QZ_DEE,Deep Learning,76,100,2025-10-12 13:55:37.168988
S0122,QZ_DEE,Deep Learning,85,100,2025-12-11 13:55:37.168988
S0122,QZ_DEE,Deep Learning,50,100,2026-01-15 13:55:37.168988
S0122,QZ_NLP,NLP,32,100,2025-08-17 13:55:37.168988
S0122,QZ_NLP,NLP,99,100,2025-07-28 13:55:37.168988
S0122,QZ_NLP,NLP,74,100,2025-10-04 13:55:37.168988
S0122,QZ_COM,Computer Vision,37,100,2025-12-06 13:55:37.168988
S0122,QZ_COM,Computer Vision,51,100,2026-01-13 13:55:37.168988
S0122,QZ_COM,Computer Vision,33,100,2025-11-29 13:55:37.168988
S0122,QZ_OPT,Optimization,27,100,2025-11-27 13:55:37.168988
S0122,QZ_OPT,Optimization,69,100,2025-09-16 13:55:37.168988
S0122,QZ_OPT,Optimization,86,100,2025-10-19 13:55:37.168988
S0122,QZ_OPT,Optimization,28,100,2025-08-08 13:55:37.168988
S0123,QZ_LIN,Linear Algebra,76,100,2025-11-30 13:55:37.168988
S0123,QZ_LIN,Linear Algebra,55,100,2025-12-20 13:55:37.168988
S0123,QZ_LIN,Linear Algebra,33,100,2025-08-21 13:55:37.168988
S0123,QZ_LIN,Linear Algebra,91,100,2026-01-01 13:55:37.168988
S0123,QZ_PRO,Probability,70,100,2025-08-21 13:55:37.168988
S0123,QZ_PRO,Probability,87,100,2025-09-25 13:55:37.168988
S0123,QZ_PRO,Probability,67,100,2025-08-15 13:55:37.168988
S0123,QZ_PRO,Probability,54,100,2025-07-27 13:55:37.168988
S0123,QZ_STA,Statistics,88,100,2025-11-17 13:55:37.168988
S0123,QZ_STA,Statistics,48,100,2025-11-16 13:55:37.168988
S0123,QZ_STA,Statistics,33,100,2025-07-21 13:55:37.168988
S0123,QZ_ML ,ML Basics,65,100,2025-08-22 13:55:37.168988
S0123,QZ_ML ,ML Basics,56,100,2026-01-04 13:55:37.168988
S0123,QZ_ML ,ML Basics,45,100,2025-12-25 13:55:37.168988
S0123,QZ_ML ,ML Basics,93,100,2025-10-22 13:55:37.168988
S0123,QZ_DEE,Deep Learning,61,100,2025-09-10 13:55:37.168988
S0123,QZ_DEE,Deep Learning,35,100,2025-11-16 13:55:37.168988
S0123,QZ_DEE,Deep Learning,50,100,2025-09-16 13:55:37.168988
S0123,QZ_DEE,Deep Learning,83,100,2025-10-08 13:55:37.168988
S0123,QZ_NLP,NLP,53,100,2025-09-21 13:55:37.168988
S0123,QZ_NLP,NLP,34,100,2026-01-11 13:55:37.168988
S0123,QZ_NLP,NLP,96,100,2025-07-21 13:55:37.168988
S0123,QZ_COM,Computer Vision,58,100,2025-09-24 13:55:37.168988
S0123,QZ_COM,Computer Vision,87,100,2025-09-10 13:55:37.168988
S0123,QZ_OPT,Optimization,47,100,2026-01-03 13:55:37.168988
S0123,QZ_OPT,Optimization,28,100,2025-11-08 13:55:37.168988
S0124,QZ_LIN,Linear Algebra,71,100,2025-09-10 13:55:37.168988
S0124,QZ_LIN,Linear Algebra,31,100,2025-10-23 13:55:37.168988
S0124,QZ_LIN,Linear Algebra,93,100,2025-08-30 13:55:37.168988
S0124,QZ_LIN,Linear Algebra,73,100,2025-09-23 13:55:37.168988
S0124,QZ_PRO,Probability,62,100,2025-10-25 13:55:37.168988
S0124,QZ_PRO,Probability,98,100,2025-08-10 13:55:37.168988
S0124,QZ_PRO,Probability,55,100,2026-01-06 13:55:37.168988
S0124,QZ_STA,Statistics,53,100,2025-09-30 13:55:37.168988
S0124,QZ_STA,Statistics,74,100,2025-08-03 13:55:37.168988
S0124,QZ_STA,Statistics,91,100,2025-09-05 13:55:37.168988
S0124,QZ_STA,Statistics,58,100,2025-11-03 13:55:37.168988
S0124,QZ_ML ,ML Basics,34,100,2025-11-25 13:55:37.168988
S0124,QZ_ML ,ML Basics,82,100,2025-12-12 13:55:37.168988
S0124,QZ_ML ,ML Basics,81,100,2025-11-08 13:55:37.168988
S0124,QZ_DEE,Deep Learning,61,100,2025-09-22 13:55:37.168988
S0124,QZ_DEE,Deep Learning,75,100,2025-09-01 13:55:37.168988
S0124,QZ_DEE,Deep Learning,52,100,2025-11-30 13:55:37.168988
S0124,QZ_NLP,NLP,70,100,2025-12-21 13:55:37.168988
S0124,QZ_NLP,NLP,94,100,2025-10-01 13:55:37.168988
S0124,QZ_NLP,NLP,55,100,2025-08-17 13:55:37.168988
S0124,QZ_NLP,NLP,39,100,2025-11-03 13:55:37.168988
S0124,QZ_COM,Computer Vision,75,100,2025-09-26 13:55:37.168988
S0124,QZ_COM,Computer Vision,92,100,2025-09-27 13:55:37.168988
S0124,QZ_COM,Computer Vision,36,100,2025-10-18 13:55:37.168988
S0124,QZ_COM,Computer Vision,93,100,2025-07-25 13:55:37.168988
S0124,QZ_OPT,Optimization,52,100,2025-07-21 13:55:37.168988
S0124,QZ_OPT,Optimization,46,100,2025-11-22 13:55:37.168988
S0125,QZ_LIN,Linear Algebra,44,100,2025-08-03 13:55:37.168988
S0125,QZ_LIN,Linear Algebra,43,100,2025-09-18 13:55:37.168988
S0125,QZ_PRO,Probability,83,100,2025-11-24 13:55:37.168988
S0125,QZ_PRO,Probability,67,100,2025-12-22 13:55:37.168988
S0125,QZ_STA,Statistics,25,100,2025-09-03 13:55:37.168988
S0125,QZ_STA,Statistics,68,100,2025-07-21 13:55:37.168988
S0125,QZ_ML ,ML Basics,47,100,2025-09-30 13:55:37.168988
S0125,QZ_ML ,ML Basics,93,100,2025-10-10 13:55:37.168988
S0125,QZ_ML ,ML Basics,50,100,2025-11-18 13:55:37.168988
S0125,QZ_ML ,ML Basics,60,100,2025-08-08 13:55:37.168988
S0125,QZ_DEE,Deep Learning,31,100,2025-11-07 13:55:37.168988
S0125,QZ_DEE,Deep Learning,72,100,2025-09-16 13:55:37.168988
S0125,QZ_DEE,Deep Learning,57,100,2025-11-05 13:55:37.168988
S0125,QZ_DEE,Deep Learning,56,100,2025-10-24 13:55:37.168988
S0125,QZ_NLP,NLP,38,100,2025-10-17 13:55:37.168988
S0125,QZ_NLP,NLP,52,100,2026-01-03 13:55:37.168988
S0125,QZ_NLP,NLP,92,100,2025-10-10 13:55:37.168988
S0125,QZ_COM,Computer Vision,92,100,2025-09-07 13:55:37.168988
S0125,QZ_COM,Computer Vision,68,100,2025-10-19 13:55:37.168988
S0125,QZ_OPT,Optimization,52,100,2025-12-09 13:55:37.168988
S0125,QZ_OPT,Optimization,53,100,2025-09-23 13:55:37.168988
S0125,QZ_OPT,Optimization,73,100,2025-09-04 13:55:37.168988
S0126,QZ_LIN,Linear Algebra,97,100,2026-01-11 13:55:37.168988
S0126,QZ_LIN,Linear Algebra,97,100,2025-08-04 13:55:37.168988
S0126,QZ_LIN,Linear Algebra,62,100,2026-01-16 13:55:37.168988
S0126,QZ_LIN,Linear Algebra,50,100,2025-12-28 13:55:37.168988
S0126,QZ_PRO,Probability,52,100,2025-09-15 13:55:37.168988
S0126,QZ_PRO,Probability,63,100,2025-11-24 13:55:37.168988
S0126,QZ_PRO,Probability,58,100,2025-10-31 13:55:37.168988
S0126,QZ_PRO,Probability,88,100,2025-09-16 13:55:37.168988
S0126,QZ_STA,Statistics,30,100,2025-11-08 13:55:37.168988
S0126,QZ_STA,Statistics,40,100,2025-07-30 13:55:37.168988
S0126,QZ_ML ,ML Basics,57,100,2025-08-12 13:55:37.168988
S0126,QZ_ML ,ML Basics,45,100,2025-10-05 13:55:37.168988
S0126,QZ_DEE,Deep Learning,98,100,2025-10-24 13:55:37.168988
S0126,QZ_DEE,Deep Learning,69,100,2025-10-28 13:55:37.168988
S0126,QZ_DEE,Deep Learning,74,100,2025-07-26 13:55:37.168988
S0126,QZ_DEE,Deep Learning,89,100,2025-09-29 13:55:37.168988
S0126,QZ_NLP,NLP,93,100,2025-10-30 13:55:37.168988
S0126,QZ_NLP,NLP,28,100,2025-11-11 13:55:37.168988
S0126,QZ_COM,Computer Vision,92,100,2025-12-30 13:55:37.168988
S0126,QZ_COM,Computer Vision,67,100,2025-10-18 13:55:37.168988
S0126,QZ_COM,Computer Vision,53,100,2025-08-28 13:55:37.168988
S0126,QZ_COM,Computer Vision,74,100,2025-09-24 13:55:37.168988
S0126,QZ_OPT,Optimization,50,100,2025-11-24 13:55:37.168988
S0126,QZ_OPT,Optimization,54,100,2025-09-07 13:55:37.168988
S0126,QZ_OPT,Optimization,28,100,2025-12-24 13:55:37.168988
S0126,QZ_OPT,Optimization,75,100,2025-09-11 13:55:37.168988
S0127,QZ_LIN,Linear Algebra,66,100,2025-08-16 13:55:37.168988
S0127,QZ_LIN,Linear Algebra,43,100,2025-08-12 13:55:37.168988
S0127,QZ_PRO,Probability,77,100,2026-01-13 13:55:37.168988
S0127,QZ_PRO,Probability,38,100,2025-10-28 13:55:37.168988
S0127,QZ_PRO,Probability,47,100,2025-07-26 13:55:37.168988
S0127,QZ_STA,Statistics,25,100,2025-11-02 13:55:37.168988
S0127,QZ_STA,Statistics,27,100,2025-10-15 13:55:37.168988
S0127,QZ_STA,Statistics,55,100,2025-11-30 13:55:37.168988
S0127,QZ_ML ,ML Basics,88,100,2025-11-16 13:55:37.168988
S0127,QZ_ML ,ML Basics,98,100,2025-11-15 13:55:37.168988
S0127,QZ_DEE,Deep Learning,89,100,2025-11-20 13:55:37.168988
S0127,QZ_DEE,Deep Learning,25,100,2025-08-04 13:55:37.168988
S0127,QZ_DEE,Deep Learning,54,100,2025-11-04 13:55:37.168988
S0127,QZ_NLP,NLP,46,100,2025-08-17 13:55:37.168988
S0127,QZ_NLP,NLP,89,100,2026-01-01 13:55:37.168988
S0127,QZ_NLP,NLP,91,100,2025-08-16 13:55:37.168988
S0127,QZ_NLP,NLP,67,100,2025-10-31 13:55:37.168988
S0127,QZ_COM,Computer Vision,28,100,2025-12-27 13:55:37.168988
S0127,QZ_COM,Computer Vision,66,100,2025-12-25 13:55:37.168988
S0127,QZ_OPT,Optimization,42,100,2025-11-01 13:55:37.168988
S0127,QZ_OPT,Optimization,75,100,2025-09-24 13:55:37.168988
S0127,QZ_OPT,Optimization,43,100,2025-08-01 13:55:37.168988
S0127,QZ_OPT,Optimization,37,100,2025-11-10 13:55:37.168988
S0128,QZ_LIN,Linear Algebra,29,100,2025-09-25 13:55:37.168988
S0128,QZ_LIN,Linear Algebra,82,100,2025-11-01 13:55:37.168988
S0128,QZ_PRO,Probability,85,100,2025-09-27 13:55:37.168988
S0128,QZ_PRO,Probability,68,100,2025-08-14 13:55:37.168988
S0128,QZ_PRO,Probability,91,100,2025-10-31 13:55:37.168988
S0128,QZ_STA,Statistics,41,100,2025-11-19 13:55:37.168988
S0128,QZ_STA,Statistics,67,100,2025-12-12 13:55:37.168988
S0128,QZ_STA,Statistics,81,100,2025-12-25 13:55:37.168988
S0128,QZ_STA,Statistics,94,100,2025-10-28 13:55:37.168988
S0128,QZ_ML ,ML Basics,35,100,2025-12-30 13:55:37.168988
S0128,QZ_ML ,ML Basics,83,100,2025-08-04 13:55:37.168988
S0128,QZ_ML ,ML Basics,45,100,2025-11-26 13:55:37.168988
S0128,QZ_ML ,ML Basics,57,100,2025-09-16 13:55:37.168988
S0128,QZ_DEE,Deep Learning,81,100,2025-08-25 13:55:37.168988
S0128,QZ_DEE,Deep Learning,49,100,2025-09-14 13:55:37.168988
S0128,QZ_NLP,NLP,95,100,2025-08-26 13:55:37.168988
S0128,QZ_NLP,NLP,66,100,2025-10-18 13:55:37.168988
S0128,QZ_NLP,NLP,27,100,2025-12-01 13:55:37.168988
S0128,QZ_NLP,NLP,45,100,2025-09-08 13:55:37.168988
S0128,QZ_COM,Computer Vision,54,100,2025-07-31 13:55:37.168988
S0128,QZ_COM,Computer Vision,99,100,2025-11-24 13:55:37.168988
S0128,QZ_OPT,Optimization,65,100,2025-09-05 13:55:37.168988
S0128,QZ_OPT,Optimization,48,100,2025-11-30 13:55:37.168988
S0129,QZ_LIN,Linear Algebra,42,100,2025-11-01 13:55:37.168988
S0129,QZ_LIN,Linear Algebra,72,100,2025-11-24 13:55:37.168988
S0129,QZ_LIN,Linear Algebra,75,100,2025-10-23 13:55:37.168988
S0129,QZ_PRO,Probability,38,100,2025-07-26 13:55:37.168988
S0129,QZ_PRO,Probability,74,100,2025-11-22 13:55:37.168988
S0129,QZ_PRO,Probability,65,100,2025-10-20 13:55:37.168988
S0129,QZ_STA,Statistics,45,100,2025-12-25 13:55:37.168988
S0129,QZ_STA,Statistics,75,100,2025-10-16 13:55:37.168988
S0129,QZ_ML ,ML Basics,41,100,2026-01-09 13:55:37.168988
S0129,QZ_ML ,ML Basics,95,100,2025-12-07 13:55:37.168988
S0129,QZ_ML ,ML Basics,44,100,2025-12-03 13:55:37.168988
S0129,QZ_ML ,ML Basics,94,100,2026-01-07 13:55:37.168988
S0129,QZ_DEE,Deep Learning,79,100,2025-07-29 13:55:37.168988
S0129,QZ_DEE,Deep Learning,74,100,2025-10-28 13:55:37.168988
S0129,QZ_NLP,NLP,50,100,2025-10-23 13:55:37.168988
S0129,QZ_NLP,NLP,71,100,2025-08-23 13:55:37.168988
S0129,QZ_NLP,NLP,81,100,2025-09-01 13:55:37.168988
S0129,QZ_NLP,NLP,47,100,2025-10-04 13:55:37.168988
S0129,QZ_COM,Computer Vision,33,100,2025-09-17 13:55:37.168988
S0129,QZ_COM,Computer Vision,88,100,2025-09-29 13:55:37.168988
S0129,QZ_COM,Computer Vision,76,100,2025-10-16 13:55:37.168988
S0129,QZ_OPT,Optimization,39,100,2025-08-23 13:55:37.168988
S0129,QZ_OPT,Optimization,28,100,2025-08-22 13:55:37.168988
S0129,QZ_OPT,Optimization,64,100,2025-09-10 13:55:37.168988
S0130,QZ_LIN,Linear Algebra,25,100,2025-08-21 13:55:37.168988
S0130,QZ_LIN,Linear Algebra,37,100,2025-09-26 13:55:37.168988
S0130,QZ_LIN,Linear Algebra,64,100,2025-07-29 13:55:37.168988
S0130,QZ_PRO,Probability,94,100,2025-08-21 13:55:37.168988
S0130,QZ_PRO,Probability,40,100,2025-12-20 13:55:37.168988
S0130,QZ_STA,Statistics,38,100,2025-12-21 13:55:37.168988
S0130,QZ_STA,Statistics,70,100,2025-10-13 13:55:37.168988
S0130,QZ_STA,Statistics,85,100,2025-09-11 13:55:37.168988
S0130,QZ_STA,Statistics,40,100,2025-07-30 13:55:37.168988
S0130,QZ_ML ,ML Basics,95,100,2025-10-19 13:55:37.168988
S0130,QZ_ML ,ML Basics,76,100,2025-11-05 13:55:37.168988
S0130,QZ_DEE,Deep Learning,66,100,2025-11-20 13:55:37.168988
S0130,QZ_DEE,Deep Learning,84,100,2025-08-18 13:55:37.168988
S0130,QZ_NLP,NLP,49,100,2025-09-09 13:55:37.168988
S0130,QZ_NLP,NLP,49,100,2025-10-16 13:55:37.168988
S0130,QZ_COM,Computer Vision,31,100,2025-12-02 13:55:37.168988
S0130,QZ_COM,Computer Vision,34,100,2025-11-16 13:55:37.168988
S0130,QZ_COM,Computer Vision,53,100,2025-11-22 13:55:37.168988
S0130,QZ_OPT,Optimization,36,100,2025-12-29 13:55:37.168988
S0130,QZ_OPT,Optimization,76,100,2026-01-14 13:55:37.168988
S0130,QZ_OPT,Optimization,65,100,2025-09-13 13:55:37.168988
S0130,QZ_OPT,Optimization,31,100,2025-07-21 13:55:37.168988
S0131,QZ_LIN,Linear Algebra,41,100,2026-01-03 13:55:37.168988
S0131,QZ_LIN,Linear Algebra,86,100,2025-11-05 13:55:37.168988
S0131,QZ_PRO,Probability,99,100,2025-07-26 13:55:37.168988
S0131,QZ_PRO,Probability,39,100,2026-01-08 13:55:37.168988
S0131,QZ_PRO,Probability,51,100,2025-12-02 13:55:37.168988
S0131,QZ_PRO,Probability,40,100,2025-09-29 13:55:37.168988
S0131,QZ_STA,Statistics,75,100,2025-09-01 13:55:37.168988
S0131,QZ_STA,Statistics,82,100,2025-10-24 13:55:37.168988
S0131,QZ_STA,Statistics,54,100,2025-08-07 13:55:37.168988
S0131,QZ_STA,Statistics,43,100,2025-08-23 13:55:37.168988
S0131,QZ_ML ,ML Basics,84,100,2026-01-15 13:55:37.168988
S0131,QZ_ML ,ML Basics,40,100,2025-07-22 13:55:37.168988
S0131,QZ_ML ,ML Basics,74,100,2025-08-05 13:55:37.168988
S0131,QZ_ML ,ML Basics,68,100,2025-12-08 13:55:37.168988
S0131,QZ_DEE,Deep Learning,30,100,2025-11-20 13:55:37.168988
S0131,QZ_DEE,Deep Learning,25,100,2025-07-21 13:55:37.168988
S0131,QZ_NLP,NLP,41,100,2025-09-17 13:55:37.168988
S0131,QZ_NLP,NLP,65,100,2025-11-05 13:55:37.168988
S0131,QZ_NLP,NLP,94,100,2025-07-24 13:55:37.168988
S0131,QZ_NLP,NLP,37,100,2025-11-04 13:55:37.168988
S0131,QZ_COM,Computer Vision,25,100,2025-11-29 13:55:37.168988
S0131,QZ_COM,Computer Vision,89,100,2025-11-08 13:55:37.168988
S0131,QZ_COM,Computer Vision,25,100,2025-12-01 13:55:37.168988
S0131,QZ_OPT,Optimization,47,100,2025-07-29 13:55:37.168988
S0131,QZ_OPT,Optimization,35,100,2025-09-02 13:55:37.168988
S0132,QZ_LIN,Linear Algebra,99,100,2025-11-21 13:55:37.168988
S0132,QZ_LIN,Linear Algebra,98,100,2025-11-15 13:55:37.168988
S0132,QZ_PRO,Probability,58,100,2025-11-04 13:55:37.168988
S0132,QZ_PRO,Probability,63,100,2026-01-07 13:55:37.168988
S0132,QZ_PRO,Probability,73,100,2025-08-24 13:55:37.168988
S0132,QZ_PRO,Probability,83,100,2025-09-09 13:55:37.168988
S0132,QZ_STA,Statistics,78,100,2025-08-06 13:55:37.168988
S0132,QZ_STA,Statistics,74,100,2025-12-23 13:55:37.168988
S0132,QZ_STA,Statistics,64,100,2025-12-19 13:55:37.168988
S0132,QZ_STA,Statistics,86,100,2025-10-10 13:55:37.168988
S0132,QZ_ML ,ML Basics,27,100,2025-12-23 13:55:37.168988
S0132,QZ_ML ,ML Basics,27,100,2025-09-19 13:55:37.168988
S0132,QZ_ML ,ML Basics,47,100,2025-09-14 13:55:37.168988
S0132,QZ_DEE,Deep Learning,42,100,2025-07-30 13:55:37.168988
S0132,QZ_DEE,Deep Learning,71,100,2025-08-13 13:55:37.168988
S0132,QZ_DEE,Deep Learning,68,100,2025-12-06 13:55:37.168988
S0132,QZ_NLP,NLP,27,100,2025-09-12 13:55:37.168988
S0132,QZ_NLP,NLP,56,100,2025-09-12 13:55:37.168988
S0132,QZ_NLP,NLP,96,100,2025-10-24 13:55:37.168988
S0132,QZ_COM,Computer Vision,54,100,2025-08-05 13:55:37.168988
S0132,QZ_COM,Computer Vision,67,100,2025-10-12 13:55:37.168988
S0132,QZ_OPT,Optimization,76,100,2025-10-06 13:55:37.168988
S0132,QZ_OPT,Optimization,70,100,2025-11-10 13:55:37.168988
S0133,QZ_LIN,Linear Algebra,79,100,2025-08-12 13:55:37.168988
S0133,QZ_LIN,Linear Algebra,83,100,2025-08-22 13:55:37.168988
S0133,QZ_LIN,Linear Algebra,80,100,2025-08-28 13:55:37.168988
S0133,QZ_PRO,Probability,54,100,2025-11-05 13:55:37.168988
S0133,QZ_PRO,Probability,78,100,2025-09-25 13:55:37.168988
S0133,QZ_PRO,Probability,64,100,2026-01-07 13:55:37.168988
S0133,QZ_PRO,Probability,90,100,2025-12-23 13:55:37.168988
S0133,QZ_STA,Statistics,41,100,2025-11-14 13:55:37.168988
S0133,QZ_STA,Statistics,33,100,2025-09-06 13:55:37.168988
S0133,QZ_STA,Statistics,64,100,2025-10-26 13:55:37.168988
S0133,QZ_ML ,ML Basics,42,100,2025-11-13 13:55:37.168988
S0133,QZ_ML ,ML Basics,43,100,2025-08-22 13:55:37.168988
S0133,QZ_ML ,ML Basics,91,100,2025-12-16 13:55:37.168988
S0133,QZ_DEE,Deep Learning,62,100,2026-01-09 13:55:37.168988
S0133,QZ_DEE,Deep Learning,74,100,2025-09-12 13:55:37.168988
S0133,QZ_DEE,Deep Learning,34,100,2025-11-27 13:55:37.168988
S0133,QZ_DEE,Deep Learning,83,100,2025-09-01 13:55:37.168988
S0133,QZ_NLP,NLP,31,100,2026-01-12 13:55:37.168988
S0133,QZ_NLP,NLP,40,100,2025-08-27 13:55:37.168988
S0133,QZ_COM,Computer Vision,82,100,2026-01-13 13:55:37.168988
S0133,QZ_COM,Computer Vision,36,100,2025-10-22 13:55:37.168988
S0133,QZ_OPT,Optimization,71,100,2025-12-04 13:55:37.168988
S0133,QZ_OPT,Optimization,92,100,2025-11-16 13:55:37.168988
S0133,QZ_OPT,Optimization,80,100,2025-10-24 13:55:37.168988
S0133,QZ_OPT,Optimization,96,100,2025-11-14 13:55:37.168988
S0134,QZ_LIN,Linear Algebra,39,100,2025-09-09 13:55:37.168988
S0134,QZ_LIN,Linear Algebra,57,100,2025-08-29 13:55:37.168988
S0134,QZ_PRO,Probability,67,100,2025-10-15 13:55:37.168988
S0134,QZ_PRO,Probability,60,100,2025-08-28 13:55:37.168988
S0134,QZ_PRO,Probability,76,100,2025-11-18 13:55:37.168988
S0134,QZ_STA,Statistics,58,100,2025-10-23 13:55:37.168988
S0134,QZ_STA,Statistics,85,100,2025-08-16 13:55:37.168988
S0134,QZ_STA,Statistics,61,100,2025-09-05 13:55:37.168988
S0134,QZ_ML ,ML Basics,38,100,2025-07-27 13:55:37.168988
S0134,QZ_ML ,ML Basics,67,100,2025-09-01 13:55:37.168988
S0134,QZ_ML ,ML Basics,28,100,2025-10-08 13:55:37.168988
S0134,QZ_DEE,Deep Learning,35,100,2025-07-28 13:55:37.168988
S0134,QZ_DEE,Deep Learning,94,100,2025-08-16 13:55:37.168988
S0134,QZ_NLP,NLP,50,100,2026-01-10 13:55:37.168988
S0134,QZ_NLP,NLP,27,100,2026-01-08 13:55:37.168988
S0134,QZ_COM,Computer Vision,88,100,2025-09-23 13:55:37.168988
S0134,QZ_COM,Computer Vision,89,100,2025-11-02 13:55:37.168988
S0134,QZ_OPT,Optimization,75,100,2025-08-11 13:55:37.168988
S0134,QZ_OPT,Optimization,33,100,2025-08-11 13:55:37.168988
S0134,QZ_OPT,Optimization,41,100,2025-11-12 13:55:37.168988
S0135,QZ_LIN,Linear Algebra,64,100,2025-12-28 13:55:37.168988
S0135,QZ_LIN,Linear Algebra,69,100,2025-12-10 13:55:37.168988
S0135,QZ_PRO,Probability,67,100,2025-08-14 13:55:37.168988
S0135,QZ_PRO,Probability,43,100,2025-08-29 13:55:37.168988
S0135,QZ_STA,Statistics,91,100,2025-07-31 13:55:37.168988
S0135,QZ_STA,Statistics,40,100,2025-09-08 13:55:37.168988
S0135,QZ_ML ,ML Basics,84,100,2025-10-06 13:55:37.168988
S0135,QZ_ML ,ML Basics,97,100,2025-10-13 13:55:37.168988
S0135,QZ_ML ,ML Basics,87,100,2025-09-04 13:55:37.168988
S0135,QZ_DEE,Deep Learning,99,100,2025-08-03 13:55:37.168988
S0135,QZ_DEE,Deep Learning,77,100,2026-01-15 13:55:37.168988
S0135,QZ_NLP,NLP,59,100,2026-01-16 13:55:37.168988
S0135,QZ_NLP,NLP,40,100,2025-12-26 13:55:37.168988
S0135,QZ_NLP,NLP,98,100,2025-09-30 13:55:37.168988
S0135,QZ_COM,Computer Vision,64,100,2025-10-30 13:55:37.168988
S0135,QZ_COM,Computer Vision,45,100,2025-11-11 13:55:37.168988
S0135,QZ_COM,Computer Vision,98,100,2025-07-21 13:55:37.168988
S0135,QZ_COM,Computer Vision,65,100,2025-11-11 13:55:37.168988
S0135,QZ_OPT,Optimization,84,100,2025-10-15 13:55:37.168988
S0135,QZ_OPT,Optimization,79,100,2025-11-28 13:55:37.168988
S0136,QZ_LIN,Linear Algebra,39,100,2025-12-13 13:55:37.168988
S0136,QZ_LIN,Linear Algebra,47,100,2025-10-30 13:55:37.168988
S0136,QZ_PRO,Probability,46,100,2025-08-14 13:55:37.168988
S0136,QZ_PRO,Probability,84,100,2025-10-27 13:55:37.168988
S0136,QZ_STA,Statistics,48,100,2025-11-24 13:55:37.168988
S0136,QZ_STA,Statistics,25,100,2025-10-26 13:55:37.168988
S0136,QZ_ML ,ML Basics,72,100,2026-01-02 13:55:37.168988
S0136,QZ_ML ,ML Basics,76,100,2025-11-13 13:55:37.168988
S0136,QZ_ML ,ML Basics,51,100,2025-08-02 13:55:37.168988
S0136,QZ_DEE,Deep Learning,67,100,2025-09-16 13:55:37.168988
S0136,QZ_DEE,Deep Learning,32,100,2025-08-19 13:55:37.168988
S0136,QZ_DEE,Deep Learning,44,100,2025-12-17 13:55:37.168988
S0136,QZ_DEE,Deep Learning,57,100,2025-09-06 13:55:37.168988
S0136,QZ_NLP,NLP,56,100,2025-12-12 13:55:37.168988
S0136,QZ_NLP,NLP,62,100,2025-12-25 13:55:37.168988
S0136,QZ_NLP,NLP,99,100,2025-09-28 13:55:37.168988
S0136,QZ_NLP,NLP,67,100,2025-12-09 13:55:37.168988
S0136,QZ_COM,Computer Vision,90,100,2025-08-13 13:55:37.168988
S0136,QZ_COM,Computer Vision,25,100,2026-01-04 13:55:37.168988
S0136,QZ_COM,Computer Vision,72,100,2025-08-03 13:55:37.168988
S0136,QZ_COM,Computer Vision,50,100,2025-08-27 13:55:37.168988
S0136,QZ_OPT,Optimization,64,100,2025-08-03 13:55:37.168988
S0136,QZ_OPT,Optimization,31,100,2025-11-15 13:55:37.168988
S0137,QZ_LIN,Linear Algebra,81,100,2025-07-23 13:55:37.168988
S0137,QZ_LIN,Linear Algebra,41,100,2025-08-03 13:55:37.168988
S0137,QZ_PRO,Probability,84,100,2025-10-17 13:55:37.168988
S0137,QZ_PRO,Probability,59,100,2025-10-28 13:55:37.168988
S0137,QZ_STA,Statistics,27,100,2025-08-13 13:55:37.168988
S0137,QZ_STA,Statistics,27,100,2025-08-01 13:55:37.168988
S0137,QZ_ML ,ML Basics,45,100,2025-12-27 13:55:37.168988
S0137,QZ_ML ,ML Basics,37,100,2025-11-28 13:55:37.168988
S0137,QZ_DEE,Deep Learning,53,100,2025-12-22 13:55:37.168988
S0137,QZ_DEE,Deep Learning,92,100,2025-12-13 13:55:37.168988
S0137,QZ_DEE,Deep Learning,66,100,2025-10-13 13:55:37.168988
S0137,QZ_NLP,NLP,47,100,2025-12-16 13:55:37.168988
S0137,QZ_NLP,NLP,70,100,2025-09-04 13:55:37.168988
S0137,QZ_NLP,NLP,84,100,2025-11-09 13:55:37.168988
S0137,QZ_NLP,NLP,68,100,2025-11-29 13:55:37.168988
S0137,QZ_COM,Computer Vision,32,100,2025-09-13 13:55:37.168988
S0137,QZ_COM,Computer Vision,97,100,2025-09-20 13:55:37.168988
S0137,QZ_OPT,Optimization,52,100,2025-12-29 13:55:37.168988
S0137,QZ_OPT,Optimization,79,100,2025-08-03 13:55:37.168988
S0138,QZ_LIN,Linear Algebra,70,100,2025-11-20 13:55:37.168988
S0138,QZ_LIN,Linear Algebra,54,100,2025-09-29 13:55:37.168988
S0138,QZ_LIN,Linear Algebra,47,100,2025-11-05 13:55:37.168988
S0138,QZ_LIN,Linear Algebra,62,100,2025-12-18 13:55:37.168988
S0138,QZ_PRO,Probability,87,100,2026-01-16 13:55:37.168988
S0138,QZ_PRO,Probability,62,100,2025-12-12 13:55:37.168988
S0138,QZ_STA,Statistics,29,100,2025-11-27 13:55:37.168988
S0138,QZ_STA,Statistics,55,100,2026-01-12 13:55:37.168988
S0138,QZ_STA,Statistics,34,100,2025-12-08 13:55:37.168988
S0138,QZ_STA,Statistics,51,100,2025-08-22 13:55:37.168988
S0138,QZ_ML ,ML Basics,73,100,2025-11-23 13:55:37.168988
S0138,QZ_ML ,ML Basics,75,100,2025-09-23 13:55:37.168988
S0138,QZ_ML ,ML Basics,65,100,2025-08-21 13:55:37.168988
S0138,QZ_DEE,Deep Learning,75,100,2025-09-22 13:55:37.168988
S0138,QZ_DEE,Deep Learning,69,100,2025-07-21 13:55:37.168988
S0138,QZ_NLP,NLP,60,100,2025-08-27 13:55:37.168988
S0138,QZ_NLP,NLP,50,100,2025-12-08 13:55:37.168988
S0138,QZ_NLP,NLP,71,100,2025-10-25 13:55:37.168988
S0138,QZ_NLP,NLP,53,100,2025-10-03 13:55:37.168988
S0138,QZ_COM,Computer Vision,56,100,2025-09-23 13:55:37.168988
S0138,QZ_COM,Computer Vision,44,100,2025-08-17 13:55:37.168988
S0138,QZ_COM,Computer Vision,44,100,2026-01-05 13:55:37.168988
S0138,QZ_OPT,Optimization,42,100,2025-08-06 13:55:37.168988
S0138,QZ_OPT,Optimization,82,100,2026-01-12 13:55:37.168988
S0139,QZ_LIN,Linear Algebra,76,100,2025-09-08 13:55:37.168988
S0139,QZ_LIN,Linear Algebra,59,100,2026-01-11 13:55:37.168988
S0139,QZ_LIN,Linear Algebra,98,100,2025-10-16 13:55:37.168988
S0139,QZ_LIN,Linear Algebra,33,100,2025-07-23 13:55:37.168988
S0139,QZ_PRO,Probability,83,100,2025-12-10 13:55:37.168988
S0139,QZ_PRO,Probability,31,100,2025-12-23 13:55:37.168988
S0139,QZ_PRO,Probability,44,100,2025-08-23 13:55:37.168988
S0139,QZ_STA,Statistics,65,100,2025-08-11 13:55:37.168988
S0139,QZ_STA,Statistics,41,100,2025-12-27 13:55:37.168988
S0139,QZ_STA,Statistics,71,100,2025-08-02 13:55:37.168988
S0139,QZ_STA,Statistics,93,100,2025-12-23 13:55:37.168988
S0139,QZ_ML ,ML Basics,52,100,2025-11-22 13:55:37.168988
S0139,QZ_ML ,ML Basics,97,100,2025-08-16 13:55:37.168988
S0139,QZ_DEE,Deep Learning,66,100,2025-12-10 13:55:37.168988
S0139,QZ_DEE,Deep Learning,79,100,2025-07-25 13:55:37.168988
S0139,QZ_NLP,NLP,83,100,2025-12-29 13:55:37.168988
S0139,QZ_NLP,NLP,66,100,2025-09-11 13:55:37.168988
S0139,QZ_COM,Computer Vision,90,100,2025-10-05 13:55:37.168988
S0139,QZ_COM,Computer Vision,62,100,2025-11-29 13:55:37.168988
S0139,QZ_OPT,Optimization,94,100,2026-01-10 13:55:37.168988
S0139,QZ_OPT,Optimization,88,100,2025-08-14 13:55:37.168988
S0139,QZ_OPT,Optimization,44,100,2025-11-12 13:55:37.168988
S0140,QZ_LIN,Linear Algebra,80,100,2025-10-26 13:55:37.168988
S0140,QZ_LIN,Linear Algebra,50,100,2025-08-15 13:55:37.168988
S0140,QZ_PRO,Probability,65,100,2025-11-16 13:55:37.168988
S0140,QZ_PRO,Probability,34,100,2025-10-07 13:55:37.168988
S0140,QZ_STA,Statistics,27,100,2025-10-04 13:55:37.168988
S0140,QZ_STA,Statistics,76,100,2025-08-12 13:55:37.168988
S0140,QZ_STA,Statistics,85,100,2025-09-08 13:55:37.168988
S0140,QZ_ML ,ML Basics,42,100,2025-10-03 13:55:37.168988
S0140,QZ_ML ,ML Basics,58,100,2025-11-22 13:55:37.168988
S0140,QZ_ML ,ML Basics,40,100,2025-12-09 13:55:37.168988
S0140,QZ_ML ,ML Basics,36,100,2025-10-02 13:55:37.168988
S0140,QZ_DEE,Deep Learning,64,100,2026-01-13 13:55:37.168988
S0140,QZ_DEE,Deep Learning,69,100,2025-09-17 13:55:37.168988
S0140,QZ_DEE,Deep Learning,82,100,2025-10-15 13:55:37.168988
S0140,QZ_DEE,Deep Learning,43,100,2025-10-25 13:55:37.168988
S0140,QZ_NLP,NLP,37,100,2025-08-15 13:55:37.168988
S0140,QZ_NLP,NLP,48,100,2025-10-16 13:55:37.168988
S0140,QZ_NLP,NLP,88,100,2025-09-21 13:55:37.168988
S0140,QZ_COM,Computer Vision,35,100,2025-11-27 13:55:37.168988
S0140,QZ_COM,Computer Vision,49,100,2025-12-23 13:55:37.168988
S0140,QZ_OPT,Optimization,99,100,2025-11-18 13:55:37.168988
S0140,QZ_OPT,Optimization,50,100,2025-12-05 13:55:37.168988
S0140,QZ_OPT,Optimization,53,100,2025-10-30 13:55:37.168988
S0140,QZ_OPT,Optimization,69,100,2025-11-15 13:55:37.168988
S0141,QZ_LIN,Linear Algebra,55,100,2025-10-08 13:55:37.168988
S0141,QZ_LIN,Linear Algebra,44,100,2026-01-06 13:55:37.168988
S0141,QZ_LIN,Linear Algebra,81,100,2025-10-09 13:55:37.168988
S0141,QZ_PRO,Probability,85,100,2025-09-27 13:55:37.168988
S0141,QZ_PRO,Probability,80,100,2025-08-13 13:55:37.168988
S0141,QZ_PRO,Probability,41,100,2025-11-03 13:55:37.168988
S0141,QZ_STA,Statistics,59,100,2025-08-11 13:55:37.168988
S0141,QZ_STA,Statistics,89,100,2025-10-04 13:55:37.168988
S0141,QZ_STA,Statistics,79,100,2025-08-23 13:55:37.168988
S0141,QZ_STA,Statistics,73,100,2026-01-05 13:55:37.168988
S0141,QZ_ML ,ML Basics,47,100,2025-09-26 13:55:37.168988
S0141,QZ_ML ,ML Basics,37,100,2025-08-20 13:55:37.168988
S0141,QZ_DEE,Deep Learning,63,100,2025-11-14 13:55:37.168988
S0141,QZ_DEE,Deep Learning,73,100,2025-12-03 13:55:37.168988
S0141,QZ_DEE,Deep Learning,32,100,2025-07-30 13:55:37.168988
S0141,QZ_NLP,NLP,60,100,2025-08-19 13:55:37.168988
S0141,QZ_NLP,NLP,33,100,2025-12-29 13:55:37.168988
S0141,QZ_NLP,NLP,55,100,2025-07-25 13:55:37.168988
S0141,QZ_COM,Computer Vision,51,100,2025-12-06 13:55:37.168988
S0141,QZ_COM,Computer Vision,36,100,2025-09-10 13:55:37.168988
S0141,QZ_OPT,Optimization,26,100,2025-08-31 13:55:37.168988
S0141,QZ_OPT,Optimization,39,100,2025-11-10 13:55:37.168988
S0142,QZ_LIN,Linear Algebra,25,100,2025-10-11 13:55:37.168988
S0142,QZ_LIN,Linear Algebra,40,100,2025-10-12 13:55:37.168988
S0142,QZ_LIN,Linear Algebra,71,100,2025-08-14 13:55:37.168988
S0142,QZ_LIN,Linear Algebra,42,100,2026-01-01 13:55:37.168988
S0142,QZ_PRO,Probability,33,100,2025-11-08 13:55:37.168988
S0142,QZ_PRO,Probability,74,100,2025-12-23 13:55:37.168988
S0142,QZ_PRO,Probability,44,100,2026-01-05 13:55:37.168988
S0142,QZ_PRO,Probability,59,100,2025-12-12 13:55:37.168988
S0142,QZ_STA,Statistics,34,100,2025-08-27 13:55:37.168988
S0142,QZ_STA,Statistics,63,100,2025-12-07 13:55:37.168988
S0142,QZ_STA,Statistics,60,100,2025-10-10 13:55:37.168988
S0142,QZ_STA,Statistics,62,100,2025-08-06 13:55:37.168988
S0142,QZ_ML ,ML Basics,64,100,2025-12-12 13:55:37.168988
S0142,QZ_ML ,ML Basics,41,100,2025-10-02 13:55:37.168988
S0142,QZ_DEE,Deep Learning,33,100,2026-01-16 13:55:37.168988
S0142,QZ_DEE,Deep Learning,29,100,2025-12-18 13:55:37.168988
S0142,QZ_NLP,NLP,87,100,2025-10-15 13:55:37.168988
S0142,QZ_NLP,NLP,60,100,2026-01-03 13:55:37.168988
S0142,QZ_COM,Computer Vision,92,100,2025-09-25 13:55:37.168988
S0142,QZ_COM,Computer Vision,26,100,2025-10-28 13:55:37.168988
S0142,QZ_COM,Computer Vision,32,100,2025-08-31 13:55:37.168988
S0142,QZ_COM,Computer Vision,75,100,2025-11-07 13:55:37.168988
S0142,QZ_OPT,Optimization,31,100,2025-07-22 13:55:37.168988
S0142,QZ_OPT,Optimization,28,100,2025-07-26 13:55:37.168988
S0142,QZ_OPT,Optimization,70,100,2025-08-31 13:55:37.168988
S0143,QZ_LIN,Linear Algebra,45,100,2025-10-08 13:55:37.168988
S0143,QZ_LIN,Linear Algebra,49,100,2025-10-26 13:55:37.168988
S0143,QZ_PRO,Probability,94,100,2025-12-02 13:55:37.168988
S0143,QZ_PRO,Probability,97,100,2025-10-08 13:55:37.168988
S0143,QZ_PRO,Probability,56,100,2025-09-29 13:55:37.168988
S0143,QZ_STA,Statistics,49,100,2025-12-11 13:55:37.168988
S0143,QZ_STA,Statistics,70,100,2026-01-03 13:55:37.168988
S0143,QZ_STA,Statistics,41,100,2025-08-08 13:55:37.168988
S0143,QZ_ML ,ML Basics,59,100,2025-09-30 13:55:37.168988
S0143,QZ_ML ,ML Basics,53,100,2025-10-14 13:55:37.168988
S0143,QZ_DEE,Deep Learning,85,100,2025-09-09 13:55:37.168988
S0143,QZ_DEE,Deep Learning,98,100,2025-10-10 13:55:37.168988
S0143,QZ_DEE,Deep Learning,75,100,2025-12-19 13:55:37.168988
S0143,QZ_NLP,NLP,74,100,2025-12-07 13:55:37.168988
S0143,QZ_NLP,NLP,25,100,2025-10-12 13:55:37.168988
S0143,QZ_NLP,NLP,78,100,2025-11-07 13:55:37.168988
S0143,QZ_NLP,NLP,31,100,2025-12-20 13:55:37.168988
S0143,QZ_COM,Computer Vision,73,100,2025-11-13 13:55:37.168988
S0143,QZ_COM,Computer Vision,25,100,2025-11-10 13:55:37.168988
S0143,QZ_COM,Computer Vision,90,100,2025-09-13 13:55:37.168988
S0143,QZ_COM,Computer Vision,30,100,2025-11-21 13:55:37.168988
S0143,QZ_OPT,Optimization,41,100,2025-10-08 13:55:37.168988
S0143,QZ_OPT,Optimization,96,100,2025-09-21 13:55:37.168988
S0143,QZ_OPT,Optimization,47,100,2026-01-10 13:55:37.168988
S0144,QZ_LIN,Linear Algebra,85,100,2025-12-09 13:55:37.168988
S0144,QZ_LIN,Linear Algebra,81,100,2025-08-14 13:55:37.168988
S0144,QZ_LIN,Linear Algebra,71,100,2025-09-10 13:55:37.168988
S0144,QZ_LIN,Linear Algebra,89,100,2025-10-03 13:55:37.168988
S0144,QZ_PRO,Probability,85,100,2025-11-16 13:55:37.168988
S0144,QZ_PRO,Probability,56,100,2025-12-10 13:55:37.168988
S0144,QZ_STA,Statistics,75,100,2025-08-30 13:55:37.168988
S0144,QZ_STA,Statistics,33,100,2025-12-12 13:55:37.168988
S0144,QZ_ML ,ML Basics,48,100,2025-08-20 13:55:37.168988
S0144,QZ_ML ,ML Basics,98,100,2025-11-11 13:55:37.168988
S0144,QZ_ML ,ML Basics,99,100,2025-12-05 13:55:37.168988
S0144,QZ_DEE,Deep Learning,53,100,2025-11-25 13:55:37.168988
S0144,QZ_DEE,Deep Learning,95,100,2025-10-24 13:55:37.168988
S0144,QZ_NLP,NLP,95,100,2025-11-11 13:55:37.168988
S0144,QZ_NLP,NLP,89,100,2025-10-20 13:55:37.168988
S0144,QZ_COM,Computer Vision,61,100,2025-09-06 13:55:37.168988
S0144,QZ_COM,Computer Vision,58,100,2025-10-01 13:55:37.168988
S0144,QZ_OPT,Optimization,29,100,2025-09-19 13:55:37.168988
S0144,QZ_OPT,Optimization,58,100,2025-07-22 13:55:37.168988
S0144,QZ_OPT,Optimization,77,100,2026-01-04 13:55:37.168988
S0145,QZ_LIN,Linear Algebra,71,100,2025-09-24 13:55:37.168988
S0145,QZ_LIN,Linear Algebra,62,100,2025-07-26 13:55:37.168988
S0145,QZ_PRO,Probability,51,100,2025-10-13 13:55:37.168988
S0145,QZ_PRO,Probability,40,100,2025-11-11 13:55:37.168988
S0145,QZ_PRO,Probability,71,100,2025-09-08 13:55:37.168988
S0145,QZ_STA,Statistics,38,100,2025-12-11 13:55:37.168988
S0145,QZ_STA,Statistics,56,100,2025-09-09 13:55:37.168988
S0145,QZ_STA,Statistics,77,100,2025-10-06 13:55:37.168988
S0145,QZ_STA,Statistics,60,100,2025-09-12 13:55:37.168988
S0145,QZ_ML ,ML Basics,27,100,2025-09-23 13:55:37.168988
S0145,QZ_ML ,ML Basics,32,100,2025-08-06 13:55:37.168988
S0145,QZ_ML ,ML Basics,97,100,2025-12-01 13:55:37.168988
S0145,QZ_ML ,ML Basics,40,100,2025-12-17 13:55:37.168988
S0145,QZ_DEE,Deep Learning,42,100,2026-01-14 13:55:37.168988
S0145,QZ_DEE,Deep Learning,39,100,2025-11-24 13:55:37.168988
S0145,QZ_NLP,NLP,59,100,2025-09-09 13:55:37.168988
S0145,QZ_NLP,NLP,70,100,2025-08-28 13:55:37.168988
S0145,QZ_NLP,NLP,73,100,2025-10-03 13:55:37.168988
S0145,QZ_COM,Computer Vision,54,100,2026-01-10 13:55:37.168988
S0145,QZ_COM,Computer Vision,56,100,2025-12-31 13:55:37.168988
S0145,QZ_COM,Computer Vision,92,100,2025-12-18 13:55:37.168988
S0145,QZ_OPT,Optimization,65,100,2025-12-22 13:55:37.168988
S0145,QZ_OPT,Optimization,83,100,2025-09-04 13:55:37.168988
S0145,QZ_OPT,Optimization,69,100,2025-10-08 13:55:37.168988
S0145,QZ_OPT,Optimization,77,100,2025-10-23 13:55:37.168988
S0146,QZ_LIN,Linear Algebra,78,100,2025-12-02 13:55:37.168988
S0146,QZ_LIN,Linear Algebra,42,100,2025-08-15 13:55:37.168988
S0146,QZ_PRO,Probability,70,100,2025-08-20 13:55:37.168988
S0146,QZ_PRO,Probability,83,100,2025-10-19 13:55:37.168988
S0146,QZ_STA,Statistics,90,100,2025-09-30 13:55:37.168988
S0146,QZ_STA,Statistics,31,100,2025-07-31 13:55:37.168988
S0146,QZ_STA,Statistics,89,100,2025-07-29 13:55:37.168988
S0146,QZ_STA,Statistics,44,100,2025-11-22 13:55:37.168988
S0146,QZ_ML ,ML Basics,32,100,2026-01-16 13:55:37.168988
S0146,QZ_ML ,ML Basics,85,100,2025-08-01 13:55:37.168988
S0146,QZ_ML ,ML Basics,48,100,2025-09-29 13:55:37.168988
S0146,QZ_DEE,Deep Learning,70,100,2025-09-02 13:55:37.168988
S0146,QZ_DEE,Deep Learning,45,100,2025-10-02 13:55:37.168988
S0146,QZ_DEE,Deep Learning,32,100,2026-01-08 13:55:37.168988
S0146,QZ_DEE,Deep Learning,84,100,2025-09-04 13:55:37.168988
S0146,QZ_NLP,NLP,40,100,2025-12-05 13:55:37.168988
S0146,QZ_NLP,NLP,27,100,2025-08-12 13:55:37.168988
S0146,QZ_NLP,NLP,94,100,2025-10-22 13:55:37.168988
S0146,QZ_NLP,NLP,58,100,2025-12-18 13:55:37.168988
S0146,QZ_COM,Computer Vision,51,100,2025-07-27 13:55:37.168988
S0146,QZ_COM,Computer Vision,28,100,2025-11-26 13:55:37.168988
S0146,QZ_OPT,Optimization,49,100,2025-11-18 13:55:37.168988
S0146,QZ_OPT,Optimization,26,100,2025-12-10 13:55:37.168988
S0147,QZ_LIN,Linear Algebra,87,100,2025-07-30 13:55:37.168988
S0147,QZ_LIN,Linear Algebra,52,100,2025-07-30 13:55:37.168988
S0147,QZ_PRO,Probability,78,100,2025-08-04 13:55:37.168988
S0147,QZ_PRO,Probability,62,100,2025-12-28 13:55:37.168988
S0147,QZ_PRO,Probability,34,100,2025-12-30 13:55:37.168988
S0147,QZ_PRO,Probability,57,100,2025-12-31 13:55:37.168988
S0147,QZ_STA,Statistics,56,100,2025-12-26 13:55:37.168988
S0147,QZ_STA,Statistics,44,100,2025-08-18 13:55:37.168988
S0147,QZ_STA,Statistics,58,100,2026-01-02 13:55:37.168988
S0147,QZ_ML ,ML Basics,39,100,2025-12-25 13:55:37.168988
S0147,QZ_ML ,ML Basics,26,100,2025-07-27 13:55:37.168988
S0147,QZ_ML ,ML Basics,26,100,2025-11-19 13:55:37.168988
S0147,QZ_DEE,Deep Learning,75,100,2025-12-06 13:55:37.168988
S0147,QZ_DEE,Deep Learning,90,100,2025-12-28 13:55:37.168988
S0147,QZ_DEE,Deep Learning,66,100,2026-01-01 13:55:37.168988
S0147,QZ_NLP,NLP,69,100,2025-09-22 13:55:37.168988
S0147,QZ_NLP,NLP,29,100,2025-11-28 13:55:37.168988
S0147,QZ_NLP,NLP,43,100,2025-12-26 13:55:37.168988
S0147,QZ_NLP,NLP,85,100,2025-12-28 13:55:37.168988
S0147,QZ_COM,Computer Vision,33,100,2025-11-24 13:55:37.168988
S0147,QZ_COM,Computer Vision,66,100,2025-08-09 13:55:37.168988
S0147,QZ_COM,Computer Vision,79,100,2025-07-21 13:55:37.168988
S0147,QZ_COM,Computer Vision,53,100,2025-08-01 13:55:37.168988
S0147,QZ_OPT,Optimization,58,100,2025-08-09 13:55:37.168988
S0147,QZ_OPT,Optimization,45,100,2025-11-10 13:55:37.168988
S0148,QZ_LIN,Linear Algebra,68,100,2025-10-02 13:55:37.168988
S0148,QZ_LIN,Linear Algebra,89,100,2026-01-11 13:55:37.168988
S0148,QZ_LIN,Linear Algebra,91,100,2026-01-04 13:55:37.168988
S0148,QZ_LIN,Linear Algebra,64,100,2025-12-30 13:55:37.168988
S0148,QZ_PRO,Probability,68,100,2025-12-29 13:55:37.168988
S0148,QZ_PRO,Probability,69,100,2025-11-12 13:55:37.168988
S0148,QZ_PRO,Probability,30,100,2025-08-21 13:55:37.168988
S0148,QZ_STA,Statistics,53,100,2025-09-05 13:55:37.168988
S0148,QZ_STA,Statistics,43,100,2025-08-10 13:55:37.168988
S0148,QZ_STA,Statistics,70,100,2025-09-09 13:55:37.168988
S0148,QZ_ML ,ML Basics,97,100,2025-10-02 13:55:37.168988
S0148,QZ_ML ,ML Basics,98,100,2025-11-17 13:55:37.168988
S0148,QZ_ML ,ML Basics,45,100,2025-10-17 13:55:37.168988
S0148,QZ_ML ,ML Basics,44,100,2026-01-03 13:55:37.168988
S0148,QZ_DEE,Deep Learning,36,100,2025-07-28 13:55:37.168988
S0148,QZ_DEE,Deep Learning,86,100,2026-01-03 13:55:37.168988
S0148,QZ_DEE,Deep Learning,66,100,2026-01-16 13:55:37.168988
S0148,QZ_NLP,NLP,65,100,2025-11-02 13:55:37.168988
S0148,QZ_NLP,NLP,48,100,2025-12-03 13:55:37.168988
S0148,QZ_NLP,NLP,44,100,2025-09-29 13:55:37.168988
S0148,QZ_COM,Computer Vision,74,100,2025-10-27 13:55:37.168988
S0148,QZ_COM,Computer Vision,32,100,2025-09-06 13:55:37.168988
S0148,QZ_COM,Computer Vision,60,100,2025-09-22 13:55:37.168988
S0148,QZ_OPT,Optimization,59,100,2025-12-23 13:55:37.168988
S0148,QZ_OPT,Optimization,70,100,2025-11-29 13:55:37.168988
S0149,QZ_LIN,Linear Algebra,98,100,2025-11-14 13:55:37.168988
S0149,QZ_LIN,Linear Algebra,39,100,2025-12-23 13:55:37.168988
S0149,QZ_LIN,Linear Algebra,72,100,2025-08-09 13:55:37.168988
S0149,QZ_LIN,Linear Algebra,68,100,2025-10-22 13:55:37.168988
S0149,QZ_PRO,Probability,81,100,2025-08-16 13:55:37.168988
S0149,QZ_PRO,Probability,87,100,2025-08-28 13:55:37.168988
S0149,QZ_PRO,Probability,91,100,2025-11-23 13:55:37.168988
S0149,QZ_STA,Statistics,25,100,2025-11-15 13:55:37.168988
S0149,QZ_STA,Statistics,38,100,2025-10-31 13:55:37.168988
S0149,QZ_STA,Statistics,87,100,2025-10-20 13:55:37.168988
S0149,QZ_STA,Statistics,53,100,2025-07-21 13:55:37.168988
S0149,QZ_ML ,ML Basics,39,100,2025-10-08 13:55:37.168988
S0149,QZ_ML ,ML Basics,64,100,2025-08-24 13:55:37.168988
S0149,QZ_DEE,Deep Learning,71,100,2025-07-28 13:55:37.168988
S0149,QZ_DEE,Deep Learning,88,100,2025-09-18 13:55:37.168988
S0149,QZ_DEE,Deep Learning,75,100,2025-08-12 13:55:37.168988
S0149,QZ_DEE,Deep Learning,93,100,2026-01-05 13:55:37.168988
S0149,QZ_NLP,NLP,53,100,2025-10-28 13:55:37.168988
S0149,QZ_NLP,NLP,50,100,2025-10-01 13:55:37.168988
S0149,QZ_NLP,NLP,64,100,2025-08-29 13:55:37.168988
S0149,QZ_NLP,NLP,34,100,2025-08-03 13:55:37.168988
S0149,QZ_COM,Computer Vision,51,100,2025-11-03 13:55:37.168988
S0149,QZ_COM,Computer Vision,86,100,2026-01-15 13:55:37.168988
S0149,QZ_OPT,Optimization,96,100,2025-07-22 13:55:37.168988
S0149,QZ_OPT,Optimization,85,100,2025-08-03 13:55:37.168988
S0149,QZ_OPT,Optimization,44,100,2025-07-30 13:55:37.168988
S0150,QZ_LIN,Linear Algebra,95,100,2025-11-10 13:55:37.168988
S0150,QZ_LIN,Linear Algebra,45,100,2025-07-21 13:55:37.168988
S0150,QZ_LIN,Linear Algebra,35,100,2025-08-20 13:55:37.168988
S0150,QZ_LIN,Linear Algebra,48,100,2025-08-08 13:55:37.168988
S0150,QZ_PRO,Probability,98,100,2025-12-02 13:55:37.168988
S0150,QZ_PRO,Probability,29,100,2025-08-10 13:55:37.168988
S0150,QZ_PRO,Probability,68,100,2025-08-11 13:55:37.168988
S0150,QZ_STA,Statistics,38,100,2025-11-03 13:55:37.168988
S0150,QZ_STA,Statistics,67,100,2025-10-06 13:55:37.168988
S0150,QZ_ML ,ML Basics,30,100,2025-10-29 13:55:37.168988
S0150,QZ_ML ,ML Basics,72,100,2025-10-14 13:55:37.168988
S0150,QZ_DEE,Deep Learning,33,100,2025-12-09 13:55:37.168988
S0150,QZ_DEE,Deep Learning,98,100,2025-07-30 13:55:37.168988
S0150,QZ_NLP,NLP,64,100,2025-09-11 13:55:37.168988
S0150,QZ_NLP,NLP,67,100,2025-10-09 13:55:37.168988
S0150,QZ_NLP,NLP,42,100,2025-09-10 13:55:37.168988
S0150,QZ_NLP,NLP,62,100,2025-10-07 13:55:37.168988
S0150,QZ_COM,Computer Vision,99,100,2025-12-28 13:55:37.168988
S0150,QZ_COM,Computer Vision,90,100,2025-11-11 13:55:37.168988
S0150,QZ_COM,Computer Vision,77,100,2025-10-19 13:55:37.168988
S0150,QZ_OPT,Optimization,80,100,2026-01-03 13:55:37.168988
S0150,QZ_OPT,Optimization,33,100,2025-10-22 13:55:37.168988
S0151,QZ_LIN,Linear Algebra,69,100,2026-01-07 13:55:37.168988
S0151,QZ_LIN,Linear Algebra,83,100,2025-11-01 13:55:37.168988
S0151,QZ_LIN,Linear Algebra,99,100,2025-09-12 13:55:37.168988
S0151,QZ_PRO,Probability,63,100,2025-09-01 13:55:37.168988
S0151,QZ_PRO,Probability,54,100,2025-10-06 13:55:37.168988
S0151,QZ_PRO,Probability,55,100,2025-08-19 13:55:37.168988
S0151,QZ_STA,Statistics,92,100,2025-08-25 13:55:37.168988
S0151,QZ_STA,Statistics,56,100,2025-09-18 13:55:37.168988
S0151,QZ_STA,Statistics,45,100,2025-12-08 13:55:37.168988
S0151,QZ_ML ,ML Basics,32,100,2025-11-19 13:55:37.168988
S0151,QZ_ML ,ML Basics,66,100,2025-09-01 13:55:37.168988
S0151,QZ_ML ,ML Basics,68,100,2026-01-11 13:55:37.168988
S0151,QZ_ML ,ML Basics,60,100,2025-09-13 13:55:37.168988
S0151,QZ_DEE,Deep Learning,51,100,2025-08-13 13:55:37.168988
S0151,QZ_DEE,Deep Learning,45,100,2025-10-09 13:55:37.168988
S0151,QZ_DEE,Deep Learning,44,100,2025-08-13 13:55:37.168988
S0151,QZ_NLP,NLP,92,100,2025-11-07 13:55:37.168988
S0151,QZ_NLP,NLP,26,100,2025-11-04 13:55:37.168988
S0151,QZ_COM,Computer Vision,39,100,2025-09-15 13:55:37.168988
S0151,QZ_COM,Computer Vision,49,100,2025-08-10 13:55:37.168988
S0151,QZ_OPT,Optimization,84,100,2025-09-30 13:55:37.168988
S0151,QZ_OPT,Optimization,60,100,2025-08-19 13:55:37.168988
S0152,QZ_LIN,Linear Algebra,41,100,2026-01-11 13:55:37.168988
S0152,QZ_LIN,Linear Algebra,85,100,2025-12-10 13:55:37.168988
S0152,QZ_PRO,Probability,86,100,2025-12-04 13:55:37.168988
S0152,QZ_PRO,Probability,32,100,2025-12-27 13:55:37.168988
S0152,QZ_PRO,Probability,59,100,2025-08-17 13:55:37.168988
S0152,QZ_STA,Statistics,75,100,2025-07-26 13:55:37.168988
S0152,QZ_STA,Statistics,56,100,2025-08-03 13:55:37.168988
S0152,QZ_ML ,ML Basics,30,100,2025-12-14 13:55:37.168988
S0152,QZ_ML ,ML Basics,53,100,2025-11-29 13:55:37.168988
S0152,QZ_ML ,ML Basics,75,100,2025-08-22 13:55:37.168988
S0152,QZ_ML ,ML Basics,31,100,2025-08-11 13:55:37.168988
S0152,QZ_DEE,Deep Learning,98,100,2025-12-15 13:55:37.168988
S0152,QZ_DEE,Deep Learning,36,100,2025-12-24 13:55:37.168988
S0152,QZ_DEE,Deep Learning,75,100,2025-11-17 13:55:37.168988
S0152,QZ_NLP,NLP,68,100,2025-09-06 13:55:37.168988
S0152,QZ_NLP,NLP,55,100,2025-11-26 13:55:37.168988
S0152,QZ_NLP,NLP,76,100,2025-12-12 13:55:37.168988
S0152,QZ_NLP,NLP,76,100,2025-12-12 13:55:37.168988
S0152,QZ_COM,Computer Vision,49,100,2025-10-30 13:55:37.168988
S0152,QZ_COM,Computer Vision,31,100,2025-10-23 13:55:37.168988
S0152,QZ_OPT,Optimization,85,100,2025-12-29 13:55:37.168988
S0152,QZ_OPT,Optimization,29,100,2025-10-31 13:55:37.168988
S0152,QZ_OPT,Optimization,45,100,2025-10-19 13:55:37.168988
S0152,QZ_OPT,Optimization,60,100,2026-01-09 13:55:37.168988
S0153,QZ_LIN,Linear Algebra,83,100,2025-10-04 13:55:37.168988
S0153,QZ_LIN,Linear Algebra,25,100,2026-01-09 13:55:37.168988
S0153,QZ_LIN,Linear Algebra,88,100,2025-10-25 13:55:37.168988
S0153,QZ_PRO,Probability,48,100,2025-08-09 13:55:37.168988
S0153,QZ_PRO,Probability,71,100,2025-08-23 13:55:37.168988
S0153,QZ_PRO,Probability,45,100,2025-08-06 13:55:37.168988
S0153,QZ_STA,Statistics,50,100,2025-10-04 13:55:37.168988
S0153,QZ_STA,Statistics,33,100,2026-01-12 13:55:37.168988
S0153,QZ_STA,Statistics,41,100,2025-09-11 13:55:37.168988
S0153,QZ_STA,Statistics,95,100,2025-12-31 13:55:37.168988
S0153,QZ_ML ,ML Basics,83,100,2025-12-11 13:55:37.168988
S0153,QZ_ML ,ML Basics,89,100,2025-07-23 13:55:37.168988
S0153,QZ_DEE,Deep Learning,29,100,2025-08-28 13:55:37.168988
S0153,QZ_DEE,Deep Learning,88,100,2025-07-28 13:55:37.168988
S0153,QZ_NLP,NLP,73,100,2025-09-20 13:55:37.168988
S0153,QZ_NLP,NLP,79,100,2025-09-01 13:55:37.168988
S0153,QZ_NLP,NLP,92,100,2025-11-09 13:55:37.168988
S0153,QZ_COM,Computer Vision,44,100,2025-09-21 13:55:37.168988
S0153,QZ_COM,Computer Vision,76,100,2025-12-31 13:55:37.168988
S0153,QZ_OPT,Optimization,49,100,2025-09-11 13:55:37.168988
S0153,QZ_OPT,Optimization,34,100,2025-10-20 13:55:37.168988
S0154,QZ_LIN,Linear Algebra,50,100,2025-08-10 13:55:37.168988
S0154,QZ_LIN,Linear Algebra,37,100,2026-01-04 13:55:37.168988
S0154,QZ_PRO,Probability,32,100,2025-10-04 13:55:37.168988
S0154,QZ_PRO,Probability,62,100,2025-10-03 13:55:37.168988
S0154,QZ_PRO,Probability,26,100,2025-12-25 13:55:37.168988
S0154,QZ_STA,Statistics,87,100,2025-11-11 13:55:37.168988
S0154,QZ_STA,Statistics,64,100,2026-01-13 13:55:37.168988
S0154,QZ_STA,Statistics,80,100,2025-10-16 13:55:37.168988
S0154,QZ_STA,Statistics,27,100,2025-10-06 13:55:37.168988
S0154,QZ_ML ,ML Basics,28,100,2025-12-18 13:55:37.168988
S0154,QZ_ML ,ML Basics,68,100,2025-09-22 13:55:37.168988
S0154,QZ_DEE,Deep Learning,62,100,2025-10-14 13:55:37.168988
S0154,QZ_DEE,Deep Learning,79,100,2025-09-23 13:55:37.168988
S0154,QZ_DEE,Deep Learning,33,100,2025-12-08 13:55:37.168988
S0154,QZ_NLP,NLP,68,100,2025-10-01 13:55:37.168988
S0154,QZ_NLP,NLP,41,100,2025-08-26 13:55:37.168988
S0154,QZ_NLP,NLP,32,100,2025-11-30 13:55:37.168988
S0154,QZ_COM,Computer Vision,88,100,2025-08-11 13:55:37.168988
S0154,QZ_COM,Computer Vision,78,100,2025-10-06 13:55:37.168988
S0154,QZ_COM,Computer Vision,76,100,2025-09-26 13:55:37.168988
S0154,QZ_COM,Computer Vision,56,100,2025-12-12 13:55:37.168988
S0154,QZ_OPT,Optimization,69,100,2025-10-12 13:55:37.168988
S0154,QZ_OPT,Optimization,86,100,2025-10-13 13:55:37.168988
S0154,QZ_OPT,Optimization,29,100,2025-09-01 13:55:37.168988
S0154,QZ_OPT,Optimization,45,100,2026-01-15 13:55:37.168988
S0155,QZ_LIN,Linear Algebra,67,100,2025-08-30 13:55:37.168988
S0155,QZ_LIN,Linear Algebra,85,100,2025-08-03 13:55:37.168988
S0155,QZ_LIN,Linear Algebra,83,100,2026-01-16 13:55:37.168988
S0155,QZ_LIN,Linear Algebra,25,100,2025-12-30 13:55:37.168988
S0155,QZ_PRO,Probability,27,100,2025-12-23 13:55:37.168988
S0155,QZ_PRO,Probability,83,100,2025-11-19 13:55:37.168988
S0155,QZ_PRO,Probability,57,100,2025-09-15 13:55:37.168988
S0155,QZ_PRO,Probability,31,100,2025-10-26 13:55:37.168988
S0155,QZ_STA,Statistics,61,100,2025-09-07 13:55:37.168988
S0155,QZ_STA,Statistics,60,100,2025-09-24 13:55:37.168988
S0155,QZ_ML ,ML Basics,26,100,2025-08-10 13:55:37.168988
S0155,QZ_ML ,ML Basics,75,100,2025-11-03 13:55:37.168988
S0155,QZ_DEE,Deep Learning,67,100,2025-10-12 13:55:37.168988
S0155,QZ_DEE,Deep Learning,45,100,2025-10-02 13:55:37.168988
S0155,QZ_NLP,NLP,89,100,2025-11-25 13:55:37.168988
S0155,QZ_NLP,NLP,35,100,2025-12-06 13:55:37.168988
S0155,QZ_COM,Computer Vision,33,100,2025-12-27 13:55:37.168988
S0155,QZ_COM,Computer Vision,37,100,2025-09-06 13:55:37.168988
S0155,QZ_COM,Computer Vision,34,100,2025-12-02 13:55:37.168988
S0155,QZ_OPT,Optimization,75,100,2025-08-22 13:55:37.168988
S0155,QZ_OPT,Optimization,96,100,2026-01-16 13:55:37.168988
S0155,QZ_OPT,Optimization,72,100,2025-10-12 13:55:37.168988
S0155,QZ_OPT,Optimization,25,100,2025-09-09 13:55:37.168988
S0156,QZ_LIN,Linear Algebra,65,100,2025-11-22 13:55:37.168988
S0156,QZ_LIN,Linear Algebra,86,100,2026-01-14 13:55:37.168988
S0156,QZ_PRO,Probability,61,100,2025-12-24 13:55:37.168988
S0156,QZ_PRO,Probability,26,100,2026-01-09 13:55:37.168988
S0156,QZ_STA,Statistics,90,100,2025-11-24 13:55:37.168988
S0156,QZ_STA,Statistics,59,100,2025-09-06 13:55:37.168988
S0156,QZ_ML ,ML Basics,61,100,2025-12-26 13:55:37.168988
S0156,QZ_ML ,ML Basics,99,100,2025-08-06 13:55:37.168988
S0156,QZ_ML ,ML Basics,42,100,2025-09-12 13:55:37.168988
S0156,QZ_ML ,ML Basics,92,100,2026-01-02 13:55:37.168988
S0156,QZ_DEE,Deep Learning,34,100,2025-11-04 13:55:37.168988
S0156,QZ_DEE,Deep Learning,83,100,2025-12-04 13:55:37.168988
S0156,QZ_DEE,Deep Learning,48,100,2025-07-23 13:55:37.168988
S0156,QZ_NLP,NLP,62,100,2025-12-27 13:55:37.168988
S0156,QZ_NLP,NLP,86,100,2025-08-20 13:55:37.168988
S0156,QZ_NLP,NLP,35,100,2025-12-22 13:55:37.168988
S0156,QZ_NLP,NLP,58,100,2025-11-26 13:55:37.168988
S0156,QZ_COM,Computer Vision,64,100,2025-10-12 13:55:37.168988
S0156,QZ_COM,Computer Vision,84,100,2025-08-14 13:55:37.168988
S0156,QZ_COM,Computer Vision,50,100,2025-12-21 13:55:37.168988
S0156,QZ_OPT,Optimization,44,100,2025-09-09 13:55:37.168988
S0156,QZ_OPT,Optimization,41,100,2025-12-24 13:55:37.168988
S0156,QZ_OPT,Optimization,50,100,2025-10-23 13:55:37.168988
S0157,QZ_LIN,Linear Algebra,61,100,2025-09-04 13:55:37.168988
S0157,QZ_LIN,Linear Algebra,27,100,2025-12-21 13:55:37.168988
S0157,QZ_LIN,Linear Algebra,73,100,2025-09-29 13:55:37.168988
S0157,QZ_PRO,Probability,79,100,2026-01-08 13:55:37.168988
S0157,QZ_PRO,Probability,54,100,2025-12-13 13:55:37.168988
S0157,QZ_PRO,Probability,55,100,2026-01-03 13:55:37.168988
S0157,QZ_STA,Statistics,78,100,2026-01-13 13:55:37.168988
S0157,QZ_STA,Statistics,63,100,2025-12-14 13:55:37.168988
S0157,QZ_STA,Statistics,88,100,2025-08-15 13:55:37.168988
S0157,QZ_STA,Statistics,47,100,2025-12-07 13:55:37.168988
S0157,QZ_ML ,ML Basics,65,100,2025-10-14 13:55:37.168988
S0157,QZ_ML ,ML Basics,65,100,2025-10-30 13:55:37.168988
S0157,QZ_ML ,ML Basics,89,100,2025-12-07 13:55:37.168988
S0157,QZ_ML ,ML Basics,50,100,2025-08-09 13:55:37.168988
S0157,QZ_DEE,Deep Learning,75,100,2025-12-14 13:55:37.168988
S0157,QZ_DEE,Deep Learning,33,100,2025-12-06 13:55:37.168988
S0157,QZ_DEE,Deep Learning,53,100,2025-08-23 13:55:37.168988
S0157,QZ_DEE,Deep Learning,68,100,2025-10-21 13:55:37.168988
S0157,QZ_NLP,NLP,45,100,2025-08-02 13:55:37.168988
S0157,QZ_NLP,NLP,58,100,2026-01-03 13:55:37.168988
S0157,QZ_NLP,NLP,74,100,2025-07-26 13:55:37.168988
S0157,QZ_NLP,NLP,49,100,2025-07-21 13:55:37.168988
S0157,QZ_COM,Computer Vision,86,100,2025-10-16 13:55:37.168988
S0157,QZ_COM,Computer Vision,93,100,2025-09-30 13:55:37.168988
S0157,QZ_COM,Computer Vision,40,100,2025-08-02 13:55:37.168988
S0157,QZ_COM,Computer Vision,94,100,2026-01-11 13:55:37.168988
S0157,QZ_OPT,Optimization,52,100,2025-08-30 13:55:37.168988
S0157,QZ_OPT,Optimization,65,100,2025-12-18 13:55:37.168988
S0157,QZ_OPT,Optimization,55,100,2025-11-27 13:55:37.168988
S0158,QZ_LIN,Linear Algebra,81,100,2026-01-12 13:55:37.168988
S0158,QZ_LIN,Linear Algebra,37,100,2025-11-25 13:55:37.168988
S0158,QZ_PRO,Probability,97,100,2025-08-29 13:55:37.168988
S0158,QZ_PRO,Probability,99,100,2025-07-27 13:55:37.168988
S0158,QZ_PRO,Probability,94,100,2025-08-27 13:55:37.168988
S0158,QZ_STA,Statistics,95,100,2025-10-11 13:55:37.168988
S0158,QZ_STA,Statistics,74,100,2025-10-23 13:55:37.168988
S0158,QZ_STA,Statistics,64,100,2026-01-01 13:55:37.168988
S0158,QZ_ML ,ML Basics,39,100,2025-10-09 13:55:37.168988
S0158,QZ_ML ,ML Basics,88,100,2025-09-27 13:55:37.168988
S0158,QZ_ML ,ML Basics,78,100,2025-09-12 13:55:37.168988
S0158,QZ_DEE,Deep Learning,90,100,2025-10-06 13:55:37.168988
S0158,QZ_DEE,Deep Learning,48,100,2025-10-27 13:55:37.168988
S0158,QZ_DEE,Deep Learning,77,100,2025-08-21 13:55:37.168988
S0158,QZ_DEE,Deep Learning,80,100,2025-10-05 13:55:37.168988
S0158,QZ_NLP,NLP,30,100,2025-08-02 13:55:37.168988
S0158,QZ_NLP,NLP,33,100,2025-11-10 13:55:37.168988
S0158,QZ_NLP,NLP,67,100,2025-10-08 13:55:37.168988
S0158,QZ_NLP,NLP,51,100,2025-09-15 13:55:37.168988
S0158,QZ_COM,Computer Vision,27,100,2025-11-06 13:55:37.168988
S0158,QZ_COM,Computer Vision,99,100,2025-12-25 13:55:37.168988
S0158,QZ_OPT,Optimization,71,100,2025-11-29 13:55:37.168988
S0158,QZ_OPT,Optimization,61,100,2025-12-30 13:55:37.168988
S0158,QZ_OPT,Optimization,33,100,2025-11-19 13:55:37.168988
S0158,QZ_OPT,Optimization,84,100,2025-11-03 13:55:37.168988
S0159,QZ_LIN,Linear Algebra,90,100,2025-08-19 13:55:37.168988
S0159,QZ_LIN,Linear Algebra,62,100,2025-11-08 13:55:37.168988
S0159,QZ_PRO,Probability,80,100,2025-09-17 13:55:37.168988
S0159,QZ_PRO,Probability,89,100,2025-09-23 13:55:37.168988
S0159,QZ_PRO,Probability,75,100,2025-12-25 13:55:37.168988
S0159,QZ_PRO,Probability,72,100,2026-01-11 13:55:37.168988
S0159,QZ_STA,Statistics,65,100,2025-11-29 13:55:37.168988
S0159,QZ_STA,Statistics,56,100,2025-12-12 13:55:37.168988
S0159,QZ_STA,Statistics,31,100,2025-08-14 13:55:37.168988
S0159,QZ_ML ,ML Basics,73,100,2025-12-10 13:55:37.168988
S0159,QZ_ML ,ML Basics,52,100,2025-12-28 13:55:37.168988
S0159,QZ_ML ,ML Basics,37,100,2025-12-22 13:55:37.168988
S0159,QZ_ML ,ML Basics,66,100,2026-01-06 13:55:37.168988
S0159,QZ_DEE,Deep Learning,81,100,2026-01-16 13:55:37.168988
S0159,QZ_DEE,Deep Learning,76,100,2025-12-15 13:55:37.168988
S0159,QZ_NLP,NLP,97,100,2025-11-09 13:55:37.168988
S0159,QZ_NLP,NLP,59,100,2025-08-13 13:55:37.168988
S0159,QZ_NLP,NLP,55,100,2025-08-08 13:55:37.168988
S0159,QZ_COM,Computer Vision,50,100,2025-07-26 13:55:37.168988
S0159,QZ_COM,Computer Vision,46,100,2025-08-21 13:55:37.168988
S0159,QZ_COM,Computer Vision,29,100,2025-10-22 13:55:37.168988
S0159,QZ_COM,Computer Vision,81,100,2025-07-29 13:55:37.168988
S0159,QZ_OPT,Optimization,95,100,2025-11-29 13:55:37.168988
S0159,QZ_OPT,Optimization,31,100,2025-08-15 13:55:37.168988
S0159,QZ_OPT,Optimization,52,100,2025-12-31 13:55:37.168988
S0159,QZ_OPT,Optimization,62,100,2025-10-12 13:55:37.168988
S0160,QZ_LIN,Linear Algebra,71,100,2025-12-08 13:55:37.168988
S0160,QZ_LIN,Linear Algebra,77,100,2025-09-04 13:55:37.168988
S0160,QZ_PRO,Probability,80,100,2025-12-08 13:55:37.168988
S0160,QZ_PRO,Probability,57,100,2025-08-28 13:55:37.168988
S0160,QZ_PRO,Probability,81,100,2026-01-09 13:55:37.168988
S0160,QZ_PRO,Probability,28,100,2025-12-13 13:55:37.168988
S0160,QZ_STA,Statistics,75,100,2025-08-21 13:55:37.168988
S0160,QZ_STA,Statistics,64,100,2025-07-28 13:55:37.168988
S0160,QZ_STA,Statistics,97,100,2025-12-01 13:55:37.168988
S0160,QZ_STA,Statistics,35,100,2025-09-14 13:55:37.168988
S0160,QZ_ML ,ML Basics,68,100,2025-10-01 13:55:37.168988
S0160,QZ_ML ,ML Basics,52,100,2025-08-15 13:55:37.168988
S0160,QZ_ML ,ML Basics,56,100,2025-08-18 13:55:37.168988
S0160,QZ_ML ,ML Basics,41,100,2025-10-24 13:55:37.168988
S0160,QZ_DEE,Deep Learning,90,100,2025-08-03 13:55:37.168988
S0160,QZ_DEE,Deep Learning,57,100,2025-11-18 13:55:37.168988
S0160,QZ_DEE,Deep Learning,28,100,2025-08-24 13:55:37.168988
S0160,QZ_DEE,Deep Learning,25,100,2025-10-14 13:55:37.168988
S0160,QZ_NLP,NLP,72,100,2025-11-03 13:55:37.168988
S0160,QZ_NLP,NLP,32,100,2025-12-21 13:55:37.168988
S0160,QZ_NLP,NLP,86,100,2025-09-10 13:55:37.168988
S0160,QZ_COM,Computer Vision,82,100,2026-01-11 13:55:37.168988
S0160,QZ_COM,Computer Vision,94,100,2025-08-03 13:55:37.168988
S0160,QZ_COM,Computer Vision,78,100,2025-12-25 13:55:37.168988
S0160,QZ_COM,Computer Vision,34,100,2025-09-20 13:55:37.168988
S0160,QZ_OPT,Optimization,38,100,2025-09-09 13:55:37.168988
S0160,QZ_OPT,Optimization,35,100,2025-11-25 13:55:37.168988
S0161,QZ_LIN,Linear Algebra,31,100,2025-08-10 13:55:37.168988
S0161,QZ_LIN,Linear Algebra,64,100,2025-11-29 13:55:37.168988
S0161,QZ_LIN,Linear Algebra,75,100,2025-07-23 13:55:37.168988
S0161,QZ_LIN,Linear Algebra,36,100,2025-12-14 13:55:37.168988
S0161,QZ_PRO,Probability,89,100,2025-11-15 13:55:37.168988
S0161,QZ_PRO,Probability,27,100,2025-10-14 13:55:37.168988
S0161,QZ_PRO,Probability,49,100,2025-12-03 13:55:37.168988
S0161,QZ_STA,Statistics,69,100,2025-11-25 13:55:37.168988
S0161,QZ_STA,Statistics,72,100,2025-09-23 13:55:37.168988
S0161,QZ_STA,Statistics,69,100,2025-10-19 13:55:37.168988
S0161,QZ_ML ,ML Basics,81,100,2025-08-08 13:55:37.168988
S0161,QZ_ML ,ML Basics,70,100,2025-11-13 13:55:37.168988
S0161,QZ_ML ,ML Basics,62,100,2025-12-22 13:55:37.168988
S0161,QZ_DEE,Deep Learning,57,100,2025-11-08 13:55:37.168988
S0161,QZ_DEE,Deep Learning,44,100,2025-07-23 13:55:37.168988
S0161,QZ_DEE,Deep Learning,80,100,2025-07-31 13:55:37.168988
S0161,QZ_NLP,NLP,46,100,2025-08-27 13:55:37.168988
S0161,QZ_NLP,NLP,56,100,2025-12-24 13:55:37.168988
S0161,QZ_NLP,NLP,60,100,2025-10-25 13:55:37.168988
S0161,QZ_COM,Computer Vision,60,100,2025-10-19 13:55:37.168988
S0161,QZ_COM,Computer Vision,84,100,2025-11-06 13:55:37.168988
S0161,QZ_OPT,Optimization,83,100,2025-12-05 13:55:37.168988
S0161,QZ_OPT,Optimization,36,100,2025-10-11 13:55:37.168988
S0161,QZ_OPT,Optimization,89,100,2026-01-07 13:55:37.168988
S0162,QZ_LIN,Linear Algebra,76,100,2025-08-31 13:55:37.168988
S0162,QZ_LIN,Linear Algebra,38,100,2025-07-22 13:55:37.168988
S0162,QZ_LIN,Linear Algebra,76,100,2025-10-03 13:55:37.168988
S0162,QZ_LIN,Linear Algebra,27,100,2025-12-19 13:55:37.168988
S0162,QZ_PRO,Probability,27,100,2025-12-08 13:55:37.168988
S0162,QZ_PRO,Probability,69,100,2025-07-31 13:55:37.168988
S0162,QZ_PRO,Probability,56,100,2025-08-22 13:55:37.168988
S0162,QZ_STA,Statistics,99,100,2025-10-11 13:55:37.168988
S0162,QZ_STA,Statistics,36,100,2025-07-27 13:55:37.168988
S0162,QZ_STA,Statistics,41,100,2025-11-17 13:55:37.168988
S0162,QZ_ML ,ML Basics,86,100,2025-12-15 13:55:37.168988
S0162,QZ_ML ,ML Basics,34,100,2025-08-05 13:55:37.168988
S0162,QZ_ML ,ML Basics,76,100,2025-12-27 13:55:37.168988
S0162,QZ_DEE,Deep Learning,26,100,2025-08-09 13:55:37.168988
S0162,QZ_DEE,Deep Learning,92,100,2025-12-27 13:55:37.168988
S0162,QZ_NLP,NLP,33,100,2025-12-13 13:55:37.168988
S0162,QZ_NLP,NLP,63,100,2025-12-12 13:55:37.168988
S0162,QZ_NLP,NLP,89,100,2025-10-22 13:55:37.168988
S0162,QZ_COM,Computer Vision,52,100,2025-08-11 13:55:37.168988
S0162,QZ_COM,Computer Vision,49,100,2025-12-01 13:55:37.168988
S0162,QZ_OPT,Optimization,72,100,2025-10-25 13:55:37.168988
S0162,QZ_OPT,Optimization,28,100,2025-10-27 13:55:37.168988
S0162,QZ_OPT,Optimization,90,100,2025-12-06 13:55:37.168988
S0163,QZ_LIN,Linear Algebra,35,100,2025-10-05 13:55:37.168988
S0163,QZ_LIN,Linear Algebra,92,100,2025-08-24 13:55:37.168988
S0163,QZ_LIN,Linear Algebra,99,100,2025-10-07 13:55:37.168988
S0163,QZ_PRO,Probability,27,100,2025-10-04 13:55:37.168988
S0163,QZ_PRO,Probability,64,100,2025-10-02 13:55:37.168988
S0163,QZ_PRO,Probability,40,100,2025-09-04 13:55:37.168988
S0163,QZ_PRO,Probability,50,100,2025-08-16 13:55:37.168988
S0163,QZ_STA,Statistics,33,100,2025-10-30 13:55:37.168988
S0163,QZ_STA,Statistics,88,100,2025-07-26 13:55:37.168988
S0163,QZ_STA,Statistics,80,100,2025-10-07 13:55:37.168988
S0163,QZ_ML ,ML Basics,62,100,2025-10-16 13:55:37.168988
S0163,QZ_ML ,ML Basics,25,100,2026-01-11 13:55:37.168988
S0163,QZ_ML ,ML Basics,75,100,2025-11-10 13:55:37.168988
S0163,QZ_ML ,ML Basics,67,100,2026-01-07 13:55:37.168988
S0163,QZ_DEE,Deep Learning,52,100,2025-10-28 13:55:37.168988
S0163,QZ_DEE,Deep Learning,77,100,2025-10-21 13:55:37.168988
S0163,QZ_DEE,Deep Learning,65,100,2026-01-16 13:55:37.168988
S0163,QZ_DEE,Deep Learning,43,100,2025-12-14 13:55:37.168988
S0163,QZ_NLP,NLP,38,100,2025-07-22 13:55:37.168988
S0163,QZ_NLP,NLP,80,100,2025-08-26 13:55:37.168988
S0163,QZ_COM,Computer Vision,94,100,2025-12-28 13:55:37.168988
S0163,QZ_COM,Computer Vision,82,100,2025-10-20 13:55:37.168988
S0163,QZ_COM,Computer Vision,89,100,2025-09-14 13:55:37.168988
S0163,QZ_COM,Computer Vision,31,100,2025-10-04 13:55:37.168988
S0163,QZ_OPT,Optimization,78,100,2025-10-13 13:55:37.168988
S0163,QZ_OPT,Optimization,30,100,2025-12-13 13:55:37.168988
S0164,QZ_LIN,Linear Algebra,62,100,2025-12-01 13:55:37.168988
S0164,QZ_LIN,Linear Algebra,85,100,2025-10-14 13:55:37.168988
S0164,QZ_LIN,Linear Algebra,70,100,2025-07-30 13:55:37.168988
S0164,QZ_LIN,Linear Algebra,84,100,2025-12-29 13:55:37.168988
S0164,QZ_PRO,Probability,34,100,2025-11-24 13:55:37.168988
S0164,QZ_PRO,Probability,47,100,2025-11-30 13:55:37.168988
S0164,QZ_STA,Statistics,59,100,2025-11-16 13:55:37.168988
S0164,QZ_STA,Statistics,83,100,2025-11-16 13:55:37.168988
S0164,QZ_STA,Statistics,39,100,2025-11-08 13:55:37.168988
S0164,QZ_ML ,ML Basics,31,100,2025-08-19 13:55:37.168988
S0164,QZ_ML ,ML Basics,91,100,2025-10-06 13:55:37.168988
S0164,QZ_ML ,ML Basics,73,100,2025-07-29 13:55:37.168988
S0164,QZ_DEE,Deep Learning,48,100,2025-07-21 13:55:37.168988
S0164,QZ_DEE,Deep Learning,49,100,2026-01-14 13:55:37.168988
S0164,QZ_NLP,NLP,92,100,2025-08-08 13:55:37.168988
S0164,QZ_NLP,NLP,49,100,2025-08-04 13:55:37.168988
S0164,QZ_NLP,NLP,60,100,2025-08-29 13:55:37.168988
S0164,QZ_COM,Computer Vision,61,100,2025-09-03 13:55:37.168988
S0164,QZ_COM,Computer Vision,28,100,2025-11-09 13:55:37.168988
S0164,QZ_COM,Computer Vision,33,100,2025-10-21 13:55:37.168988
S0164,QZ_OPT,Optimization,56,100,2025-10-13 13:55:37.168988
S0164,QZ_OPT,Optimization,94,100,2025-12-28 13:55:37.168988
S0164,QZ_OPT,Optimization,64,100,2025-12-01 13:55:37.168988
S0164,QZ_OPT,Optimization,62,100,2025-11-27 13:55:37.168988
S0165,QZ_LIN,Linear Algebra,93,100,2025-08-05 13:55:37.168988
S0165,QZ_LIN,Linear Algebra,43,100,2025-12-11 13:55:37.168988
S0165,QZ_LIN,Linear Algebra,60,100,2026-01-11 13:55:37.168988
S0165,QZ_LIN,Linear Algebra,68,100,2025-09-20 13:55:37.168988
S0165,QZ_PRO,Probability,80,100,2026-01-16 13:55:37.168988
S0165,QZ_PRO,Probability,50,100,2025-12-11 13:55:37.168988
S0165,QZ_PRO,Probability,72,100,2025-08-03 13:55:37.168988
S0165,QZ_PRO,Probability,36,100,2025-10-13 13:55:37.168988
S0165,QZ_STA,Statistics,37,100,2025-07-22 13:55:37.168988
S0165,QZ_STA,Statistics,54,100,2025-07-28 13:55:37.168988
S0165,QZ_STA,Statistics,84,100,2025-09-15 13:55:37.168988
S0165,QZ_ML ,ML Basics,47,100,2025-07-29 13:55:37.168988
S0165,QZ_ML ,ML Basics,94,100,2025-08-09 13:55:37.168988
S0165,QZ_ML ,ML Basics,46,100,2025-09-28 13:55:37.168988
S0165,QZ_ML ,ML Basics,25,100,2025-12-09 13:55:37.168988
S0165,QZ_DEE,Deep Learning,83,100,2025-10-13 13:55:37.168988
S0165,QZ_DEE,Deep Learning,37,100,2025-12-12 13:55:37.168988
S0165,QZ_NLP,NLP,35,100,2025-09-04 13:55:37.168988
S0165,QZ_NLP,NLP,41,100,2025-10-05 13:55:37.168988
S0165,QZ_NLP,NLP,26,100,2025-08-04 13:55:37.168988
S0165,QZ_NLP,NLP,26,100,2025-12-01 13:55:37.168988
S0165,QZ_COM,Computer Vision,98,100,2025-08-11 13:55:37.168988
S0165,QZ_COM,Computer Vision,30,100,2025-09-05 13:55:37.168988
S0165,QZ_COM,Computer Vision,67,100,2025-11-07 13:55:37.168988
S0165,QZ_COM,Computer Vision,69,100,2025-08-01 13:55:37.168988
S0165,QZ_OPT,Optimization,97,100,2025-09-19 13:55:37.168988
S0165,QZ_OPT,Optimization,92,100,2025-11-04 13:55:37.168988
S0165,QZ_OPT,Optimization,35,100,2025-11-17 13:55:37.168988
S0166,QZ_LIN,Linear Algebra,44,100,2025-11-22 13:55:37.168988
S0166,QZ_LIN,Linear Algebra,67,100,2025-11-05 13:55:37.168988
S0166,QZ_PRO,Probability,67,100,2025-12-23 13:55:37.168988
S0166,QZ_PRO,Probability,65,100,2025-07-22 13:55:37.168988
S0166,QZ_STA,Statistics,30,100,2025-09-06 13:55:37.168988
S0166,QZ_STA,Statistics,81,100,2025-09-17 13:55:37.168988
S0166,QZ_STA,Statistics,64,100,2025-11-10 13:55:37.168988
S0166,QZ_ML ,ML Basics,25,100,2025-09-03 13:55:37.168988
S0166,QZ_ML ,ML Basics,90,100,2025-12-09 13:55:37.168988
S0166,QZ_DEE,Deep Learning,87,100,2025-12-01 13:55:37.168988
S0166,QZ_DEE,Deep Learning,63,100,2025-08-07 13:55:37.168988
S0166,QZ_DEE,Deep Learning,64,100,2025-07-25 13:55:37.168988
S0166,QZ_DEE,Deep Learning,75,100,2026-01-03 13:55:37.168988
S0166,QZ_NLP,NLP,94,100,2025-08-08 13:55:37.168988
S0166,QZ_NLP,NLP,56,100,2026-01-13 13:55:37.168988
S0166,QZ_NLP,NLP,82,100,2025-07-29 13:55:37.168988
S0166,QZ_COM,Computer Vision,81,100,2025-07-30 13:55:37.168988
S0166,QZ_COM,Computer Vision,76,100,2025-12-03 13:55:37.168988
S0166,QZ_OPT,Optimization,39,100,2025-10-29 13:55:37.168988
S0166,QZ_OPT,Optimization,37,100,2025-07-23 13:55:37.168988
S0166,QZ_OPT,Optimization,81,100,2025-08-17 13:55:37.168988
S0166,QZ_OPT,Optimization,90,100,2025-10-25 13:55:37.168988
S0167,QZ_LIN,Linear Algebra,79,100,2025-08-29 13:55:37.168988
S0167,QZ_LIN,Linear Algebra,66,100,2025-11-27 13:55:37.168988
S0167,QZ_LIN,Linear Algebra,64,100,2026-01-16 13:55:37.168988
S0167,QZ_LIN,Linear Algebra,59,100,2026-01-06 13:55:37.168988
S0167,QZ_PRO,Probability,45,100,2025-09-03 13:55:37.168988
S0167,QZ_PRO,Probability,89,100,2025-09-14 13:55:37.168988
S0167,QZ_PRO,Probability,70,100,2026-01-05 13:55:37.168988
S0167,QZ_PRO,Probability,47,100,2025-08-02 13:55:37.168988
S0167,QZ_STA,Statistics,56,100,2025-12-02 13:55:37.168988
S0167,QZ_STA,Statistics,80,100,2025-10-21 13:55:37.168988
S0167,QZ_STA,Statistics,98,100,2025-11-11 13:55:37.168988
S0167,QZ_ML ,ML Basics,95,100,2025-07-25 13:55:37.168988
S0167,QZ_ML ,ML Basics,97,100,2026-01-13 13:55:37.168988
S0167,QZ_ML ,ML Basics,70,100,2025-11-02 13:55:37.168988
S0167,QZ_DEE,Deep Learning,43,100,2025-11-29 13:55:37.168988
S0167,QZ_DEE,Deep Learning,79,100,2025-09-21 13:55:37.168988
S0167,QZ_NLP,NLP,84,100,2025-08-20 13:55:37.168988
S0167,QZ_NLP,NLP,46,100,2025-12-19 13:55:37.168988
S0167,QZ_NLP,NLP,80,100,2025-12-23 13:55:37.168988
S0167,QZ_NLP,NLP,27,100,2025-08-24 13:55:37.168988
S0167,QZ_COM,Computer Vision,58,100,2025-07-31 13:55:37.168988
S0167,QZ_COM,Computer Vision,65,100,2025-10-20 13:55:37.168988
S0167,QZ_COM,Computer Vision,73,100,2025-08-31 13:55:37.168988
S0167,QZ_OPT,Optimization,87,100,2025-10-24 13:55:37.168988
S0167,QZ_OPT,Optimization,49,100,2026-01-05 13:55:37.168988
S0168,QZ_LIN,Linear Algebra,91,100,2025-08-25 13:55:37.168988
S0168,QZ_LIN,Linear Algebra,87,100,2025-11-25 13:55:37.168988
S0168,QZ_LIN,Linear Algebra,93,100,2025-08-24 13:55:37.168988
S0168,QZ_LIN,Linear Algebra,27,100,2025-11-18 13:55:37.168988
S0168,QZ_PRO,Probability,83,100,2025-08-10 13:55:37.168988
S0168,QZ_PRO,Probability,69,100,2025-08-17 13:55:37.168988
S0168,QZ_PRO,Probability,83,100,2025-11-30 13:55:37.168988
S0168,QZ_PRO,Probability,69,100,2025-08-08 13:55:37.168988
S0168,QZ_STA,Statistics,54,100,2025-12-29 13:55:37.168988
S0168,QZ_STA,Statistics,82,100,2025-11-29 13:55:37.168988
S0168,QZ_STA,Statistics,46,100,2025-11-24 13:55:37.168988
S0168,QZ_ML ,ML Basics,25,100,2026-01-16 13:55:37.168988
S0168,QZ_ML ,ML Basics,25,100,2025-09-10 13:55:37.168988
S0168,QZ_ML ,ML Basics,47,100,2025-10-04 13:55:37.168988
S0168,QZ_DEE,Deep Learning,72,100,2025-11-06 13:55:37.168988
S0168,QZ_DEE,Deep Learning,71,100,2025-09-10 13:55:37.168988
S0168,QZ_NLP,NLP,83,100,2025-08-19 13:55:37.168988
S0168,QZ_NLP,NLP,92,100,2025-08-16 13:55:37.168988
S0168,QZ_NLP,NLP,33,100,2025-09-26 13:55:37.168988
S0168,QZ_COM,Computer Vision,26,100,2026-01-12 13:55:37.168988
S0168,QZ_COM,Computer Vision,65,100,2025-08-30 13:55:37.168988
S0168,QZ_OPT,Optimization,48,100,2025-08-01 13:55:37.168988
S0168,QZ_OPT,Optimization,91,100,2026-01-13 13:55:37.168988
S0168,QZ_OPT,Optimization,49,100,2025-12-18 13:55:37.168988
S0169,QZ_LIN,Linear Algebra,53,100,2025-10-26 13:55:37.168988
S0169,QZ_LIN,Linear Algebra,80,100,2025-11-16 13:55:37.168988
S0169,QZ_LIN,Linear Algebra,41,100,2026-01-03 13:55:37.168988
S0169,QZ_LIN,Linear Algebra,64,100,2025-12-09 13:55:37.168988
S0169,QZ_PRO,Probability,70,100,2025-11-01 13:55:37.168988
S0169,QZ_PRO,Probability,32,100,2025-08-02 13:55:37.168988
S0169,QZ_PRO,Probability,47,100,2025-10-07 13:55:37.168988
S0169,QZ_STA,Statistics,53,100,2025-12-16 13:55:37.168988
S0169,QZ_STA,Statistics,78,100,2025-11-15 13:55:37.168988
S0169,QZ_ML ,ML Basics,87,100,2025-09-24 13:55:37.168988
S0169,QZ_ML ,ML Basics,30,100,2026-01-16 13:55:37.168988
S0169,QZ_DEE,Deep Learning,83,100,2025-10-28 13:55:37.168988
S0169,QZ_DEE,Deep Learning,75,100,2025-10-04 13:55:37.168988
S0169,QZ_DEE,Deep Learning,97,100,2025-09-22 13:55:37.168988
S0169,QZ_DEE,Deep Learning,77,100,2025-10-26 13:55:37.168988
S0169,QZ_NLP,NLP,57,100,2025-11-17 13:55:37.168988
S0169,QZ_NLP,NLP,61,100,2025-09-10 13:55:37.168988
S0169,QZ_COM,Computer Vision,60,100,2025-10-16 13:55:37.168988
S0169,QZ_COM,Computer Vision,53,100,2025-11-16 13:55:37.168988
S0169,QZ_COM,Computer Vision,39,100,2025-12-01 13:55:37.168988
S0169,QZ_OPT,Optimization,36,100,2025-07-23 13:55:37.168988
S0169,QZ_OPT,Optimization,97,100,2025-11-10 13:55:37.168988
S0170,QZ_LIN,Linear Algebra,50,100,2025-12-16 13:55:37.168988
S0170,QZ_LIN,Linear Algebra,86,100,2025-08-07 13:55:37.168988
S0170,QZ_LIN,Linear Algebra,66,100,2025-09-20 13:55:37.168988
S0170,QZ_LIN,Linear Algebra,85,100,2025-11-06 13:55:37.168988
S0170,QZ_PRO,Probability,32,100,2025-12-31 13:55:37.168988
S0170,QZ_PRO,Probability,55,100,2025-09-19 13:55:37.168988
S0170,QZ_PRO,Probability,75,100,2025-12-13 13:55:37.168988
S0170,QZ_STA,Statistics,64,100,2025-12-13 13:55:37.168988
S0170,QZ_STA,Statistics,68,100,2025-12-20 13:55:37.168988
S0170,QZ_STA,Statistics,40,100,2025-10-10 13:55:37.168988
S0170,QZ_STA,Statistics,88,100,2025-10-04 13:55:37.168988
S0170,QZ_ML ,ML Basics,91,100,2025-09-28 13:55:37.168988
S0170,QZ_ML ,ML Basics,26,100,2025-09-07 13:55:37.168988
S0170,QZ_ML ,ML Basics,64,100,2025-10-11 13:55:37.168988
S0170,QZ_ML ,ML Basics,55,100,2025-10-06 13:55:37.168988
S0170,QZ_DEE,Deep Learning,64,100,2025-12-19 13:55:37.168988
S0170,QZ_DEE,Deep Learning,63,100,2025-07-28 13:55:37.168988
S0170,QZ_DEE,Deep Learning,58,100,2025-09-10 13:55:37.168988
S0170,QZ_NLP,NLP,65,100,2025-08-19 13:55:37.168988
S0170,QZ_NLP,NLP,81,100,2026-01-13 13:55:37.168988
S0170,QZ_NLP,NLP,37,100,2025-11-20 13:55:37.168988
S0170,QZ_NLP,NLP,34,100,2025-08-08 13:55:37.168988
S0170,QZ_COM,Computer Vision,25,100,2025-10-12 13:55:37.168988
S0170,QZ_COM,Computer Vision,97,100,2025-10-19 13:55:37.168988
S0170,QZ_COM,Computer Vision,46,100,2026-01-06 13:55:37.168988
S0170,QZ_OPT,Optimization,75,100,2025-10-23 13:55:37.168988
S0170,QZ_OPT,Optimization,52,100,2025-08-02 13:55:37.168988
S0171,QZ_LIN,Linear Algebra,67,100,2025-10-16 13:55:37.168988
S0171,QZ_LIN,Linear Algebra,40,100,2025-09-02 13:55:37.168988
S0171,QZ_PRO,Probability,49,100,2025-08-21 13:55:37.168988
S0171,QZ_PRO,Probability,30,100,2025-11-15 13:55:37.168988
S0171,QZ_PRO,Probability,40,100,2025-11-19 13:55:37.168988
S0171,QZ_PRO,Probability,93,100,2025-10-28 13:55:37.168988
S0171,QZ_STA,Statistics,73,100,2025-08-28 13:55:37.168988
S0171,QZ_STA,Statistics,84,100,2025-11-08 13:55:37.168988
S0171,QZ_STA,Statistics,98,100,2025-08-20 13:55:37.168988
S0171,QZ_STA,Statistics,72,100,2025-08-04 13:55:37.168988
S0171,QZ_ML ,ML Basics,58,100,2025-11-06 13:55:37.168988
S0171,QZ_ML ,ML Basics,73,100,2025-09-27 13:55:37.168988
S0171,QZ_DEE,Deep Learning,66,100,2025-09-21 13:55:37.168988
S0171,QZ_DEE,Deep Learning,81,100,2025-09-05 13:55:37.168988
S0171,QZ_DEE,Deep Learning,38,100,2025-11-10 13:55:37.168988
S0171,QZ_NLP,NLP,90,100,2025-11-04 13:55:37.168988
S0171,QZ_NLP,NLP,60,100,2025-07-28 13:55:37.168988
S0171,QZ_NLP,NLP,97,100,2025-10-23 13:55:37.168988
S0171,QZ_COM,Computer Vision,27,100,2025-11-09 13:55:37.168988
S0171,QZ_COM,Computer Vision,26,100,2025-09-10 13:55:37.168988
S0171,QZ_COM,Computer Vision,43,100,2025-09-18 13:55:37.168988
S0171,QZ_COM,Computer Vision,63,100,2025-09-01 13:55:37.168988
S0171,QZ_OPT,Optimization,93,100,2025-08-04 13:55:37.168988
S0171,QZ_OPT,Optimization,45,100,2025-11-29 13:55:37.168988
S0171,QZ_OPT,Optimization,90,100,2025-08-13 13:55:37.168988
S0172,QZ_LIN,Linear Algebra,44,100,2025-12-18 13:55:37.168988
S0172,QZ_LIN,Linear Algebra,26,100,2026-01-08 13:55:37.168988
S0172,QZ_LIN,Linear Algebra,88,100,2025-08-01 13:55:37.168988
S0172,QZ_LIN,Linear Algebra,29,100,2025-08-25 13:55:37.168988
S0172,QZ_PRO,Probability,88,100,2025-08-03 13:55:37.168988
S0172,QZ_PRO,Probability,88,100,2025-10-26 13:55:37.168988
S0172,QZ_PRO,Probability,69,100,2025-08-14 13:55:37.168988
S0172,QZ_STA,Statistics,75,100,2025-08-16 13:55:37.168988
S0172,QZ_STA,Statistics,67,100,2025-11-04 13:55:37.168988
S0172,QZ_STA,Statistics,78,100,2025-10-23 13:55:37.168988
S0172,QZ_ML ,ML Basics,55,100,2025-08-25 13:55:37.168988
S0172,QZ_ML ,ML Basics,91,100,2025-10-28 13:55:37.168988
S0172,QZ_ML ,ML Basics,85,100,2025-11-27 13:55:37.168988
S0172,QZ_ML ,ML Basics,54,100,2026-01-14 13:55:37.168988
S0172,QZ_DEE,Deep Learning,62,100,2026-01-06 13:55:37.168988
S0172,QZ_DEE,Deep Learning,72,100,2025-08-12 13:55:37.168988
S0172,QZ_DEE,Deep Learning,43,100,2025-12-13 13:55:37.168988
S0172,QZ_NLP,NLP,61,100,2025-09-21 13:55:37.168988
S0172,QZ_NLP,NLP,31,100,2025-10-10 13:55:37.168988
S0172,QZ_NLP,NLP,89,100,2025-12-20 13:55:37.168988
S0172,QZ_COM,Computer Vision,77,100,2025-08-22 13:55:37.168988
S0172,QZ_COM,Computer Vision,77,100,2025-09-15 13:55:37.168988
S0172,QZ_COM,Computer Vision,53,100,2025-08-20 13:55:37.168988
S0172,QZ_OPT,Optimization,80,100,2025-11-04 13:55:37.168988
S0172,QZ_OPT,Optimization,89,100,2025-12-20 13:55:37.168988
S0172,QZ_OPT,Optimization,58,100,2025-07-28 13:55:37.168988
S0172,QZ_OPT,Optimization,91,100,2025-08-21 13:55:37.168988
S0173,QZ_LIN,Linear Algebra,65,100,2025-12-03 13:55:37.168988
S0173,QZ_LIN,Linear Algebra,58,100,2025-12-26 13:55:37.168988
S0173,QZ_LIN,Linear Algebra,54,100,2025-10-13 13:55:37.168988
S0173,QZ_PRO,Probability,37,100,2026-01-13 13:55:37.168988
S0173,QZ_PRO,Probability,27,100,2025-09-08 13:55:37.168988
S0173,QZ_STA,Statistics,37,100,2026-01-10 13:55:37.168988
S0173,QZ_STA,Statistics,66,100,2026-01-12 13:55:37.168988
S0173,QZ_ML ,ML Basics,76,100,2025-08-22 13:55:37.168988
S0173,QZ_ML ,ML Basics,91,100,2025-08-29 13:55:37.168988
S0173,QZ_ML ,ML Basics,85,100,2025-07-26 13:55:37.168988
S0173,QZ_DEE,Deep Learning,95,100,2025-09-25 13:55:37.168988
S0173,QZ_DEE,Deep Learning,41,100,2025-08-30 13:55:37.168988
S0173,QZ_NLP,NLP,78,100,2025-12-19 13:55:37.168988
S0173,QZ_NLP,NLP,54,100,2025-10-31 13:55:37.168988
S0173,QZ_NLP,NLP,89,100,2025-11-22 13:55:37.168988
S0173,QZ_NLP,NLP,63,100,2025-09-03 13:55:37.168988
S0173,QZ_COM,Computer Vision,66,100,2025-12-07 13:55:37.168988
S0173,QZ_COM,Computer Vision,71,100,2025-09-06 13:55:37.168988
S0173,QZ_COM,Computer Vision,72,100,2025-07-31 13:55:37.168988
S0173,QZ_OPT,Optimization,41,100,2025-07-29 13:55:37.168988
S0173,QZ_OPT,Optimization,52,100,2025-07-25 13:55:37.168988
S0174,QZ_LIN,Linear Algebra,74,100,2025-11-08 13:55:37.168988
S0174,QZ_LIN,Linear Algebra,49,100,2025-12-30 13:55:37.168988
S0174,QZ_LIN,Linear Algebra,45,100,2025-12-22 13:55:37.168988
S0174,QZ_PRO,Probability,43,100,2025-08-12 13:55:37.168988
S0174,QZ_PRO,Probability,39,100,2025-08-29 13:55:37.168988
S0174,QZ_PRO,Probability,29,100,2025-08-10 13:55:37.168988
S0174,QZ_STA,Statistics,34,100,2025-10-14 13:55:37.168988
S0174,QZ_STA,Statistics,87,100,2026-01-14 13:55:37.168988
S0174,QZ_ML ,ML Basics,42,100,2025-11-25 13:55:37.168988
S0174,QZ_ML ,ML Basics,97,100,2025-10-29 13:55:37.168988
S0174,QZ_ML ,ML Basics,53,100,2025-10-18 13:55:37.168988
S0174,QZ_ML ,ML Basics,44,100,2025-11-17 13:55:37.168988
S0174,QZ_DEE,Deep Learning,27,100,2025-11-24 13:55:37.168988
S0174,QZ_DEE,Deep Learning,54,100,2025-07-31 13:55:37.168988
S0174,QZ_NLP,NLP,46,100,2025-12-09 13:55:37.168988
S0174,QZ_NLP,NLP,80,100,2025-07-22 13:55:37.168988
S0174,QZ_NLP,NLP,84,100,2026-01-14 13:55:37.168988
S0174,QZ_COM,Computer Vision,88,100,2026-01-12 13:55:37.168988
S0174,QZ_COM,Computer Vision,65,100,2025-11-23 13:55:37.168988
S0174,QZ_OPT,Optimization,68,100,2025-08-26 13:55:37.168988
S0174,QZ_OPT,Optimization,64,100,2025-12-18 13:55:37.168988
S0174,QZ_OPT,Optimization,33,100,2025-09-27 13:55:37.168988
S0175,QZ_LIN,Linear Algebra,63,100,2025-11-06 13:55:37.168988
S0175,QZ_LIN,Linear Algebra,37,100,2025-11-18 13:55:37.168988
S0175,QZ_PRO,Probability,59,100,2025-12-29 13:55:37.168988
S0175,QZ_PRO,Probability,41,100,2025-08-09 13:55:37.168988
S0175,QZ_PRO,Probability,59,100,2025-09-14 13:55:37.168988
S0175,QZ_STA,Statistics,90,100,2025-08-25 13:55:37.168988
S0175,QZ_STA,Statistics,70,100,2025-11-16 13:55:37.168988
S0175,QZ_STA,Statistics,69,100,2025-09-05 13:55:37.168988
S0175,QZ_ML ,ML Basics,76,100,2025-08-08 13:55:37.168988
S0175,QZ_ML ,ML Basics,95,100,2025-08-18 13:55:37.168988
S0175,QZ_ML ,ML Basics,45,100,2025-08-30 13:55:37.168988
S0175,QZ_ML ,ML Basics,36,100,2025-11-23 13:55:37.168988
S0175,QZ_DEE,Deep Learning,27,100,2025-09-08 13:55:37.168988
S0175,QZ_DEE,Deep Learning,56,100,2026-01-15 13:55:37.168988
S0175,QZ_DEE,Deep Learning,54,100,2025-08-24 13:55:37.168988
S0175,QZ_NLP,NLP,80,100,2025-11-03 13:55:37.168988
S0175,QZ_NLP,NLP,75,100,2025-08-21 13:55:37.168988
S0175,QZ_COM,Computer Vision,25,100,2025-12-08 13:55:37.168988
S0175,QZ_COM,Computer Vision,31,100,2025-09-03 13:55:37.168988
S0175,QZ_COM,Computer Vision,29,100,2025-12-09 13:55:37.168988
S0175,QZ_OPT,Optimization,57,100,2025-12-16 13:55:37.168988
S0175,QZ_OPT,Optimization,50,100,2025-08-03 13:55:37.168988
S0175,QZ_OPT,Optimization,29,100,2025-09-04 13:55:37.168988
S0176,QZ_LIN,Linear Algebra,56,100,2025-11-04 13:55:37.168988
S0176,QZ_LIN,Linear Algebra,25,100,2025-10-20 13:55:37.168988
S0176,QZ_LIN,Linear Algebra,72,100,2026-01-11 13:55:37.168988
S0176,QZ_PRO,Probability,50,100,2025-09-27 13:55:37.168988
S0176,QZ_PRO,Probability,67,100,2025-08-04 13:55:37.168988
S0176,QZ_PRO,Probability,68,100,2025-10-05 13:55:37.168988
S0176,QZ_STA,Statistics,34,100,2025-11-11 13:55:37.168988
S0176,QZ_STA,Statistics,27,100,2025-07-31 13:55:37.168988
S0176,QZ_STA,Statistics,65,100,2026-01-13 13:55:37.168988
S0176,QZ_ML ,ML Basics,48,100,2025-10-15 13:55:37.168988
S0176,QZ_ML ,ML Basics,69,100,2025-09-03 13:55:37.168988
S0176,QZ_ML ,ML Basics,68,100,2025-11-19 13:55:37.168988
S0176,QZ_ML ,ML Basics,57,100,2025-08-05 13:55:37.168988
S0176,QZ_DEE,Deep Learning,42,100,2026-01-01 13:55:37.168988
S0176,QZ_DEE,Deep Learning,49,100,2025-11-24 13:55:37.168988
S0176,QZ_NLP,NLP,47,100,2025-08-11 13:55:37.168988
S0176,QZ_NLP,NLP,76,100,2025-11-01 13:55:37.168988
S0176,QZ_COM,Computer Vision,84,100,2025-09-28 13:55:37.168988
S0176,QZ_COM,Computer Vision,90,100,2025-10-05 13:55:37.168988
S0176,QZ_OPT,Optimization,94,100,2025-09-08 13:55:37.168988
S0176,QZ_OPT,Optimization,89,100,2025-10-01 13:55:37.168988
S0176,QZ_OPT,Optimization,68,100,2026-01-04 13:55:37.168988
S0177,QZ_LIN,Linear Algebra,60,100,2025-08-17 13:55:37.168988
S0177,QZ_LIN,Linear Algebra,47,100,2025-10-04 13:55:37.168988
S0177,QZ_PRO,Probability,50,100,2025-11-01 13:55:37.168988
S0177,QZ_PRO,Probability,72,100,2025-11-23 13:55:37.168988
S0177,QZ_PRO,Probability,75,100,2025-12-16 13:55:37.168988
S0177,QZ_PRO,Probability,93,100,2025-08-27 13:55:37.168988
S0177,QZ_STA,Statistics,75,100,2025-08-26 13:55:37.168988
S0177,QZ_STA,Statistics,32,100,2025-10-03 13:55:37.168988
S0177,QZ_STA,Statistics,40,100,2025-12-03 13:55:37.168988
S0177,QZ_ML ,ML Basics,40,100,2025-08-03 13:55:37.168988
S0177,QZ_ML ,ML Basics,89,100,2025-07-30 13:55:37.168988
S0177,QZ_ML ,ML Basics,90,100,2025-10-06 13:55:37.168988
S0177,QZ_ML ,ML Basics,46,100,2025-12-17 13:55:37.168988
S0177,QZ_DEE,Deep Learning,80,100,2025-10-12 13:55:37.168988
S0177,QZ_DEE,Deep Learning,41,100,2025-11-03 13:55:37.168988
S0177,QZ_NLP,NLP,88,100,2025-09-02 13:55:37.168988
S0177,QZ_NLP,NLP,48,100,2025-07-21 13:55:37.168988
S0177,QZ_NLP,NLP,59,100,2025-11-02 13:55:37.168988
S0177,QZ_NLP,NLP,57,100,2025-10-07 13:55:37.168988
S0177,QZ_COM,Computer Vision,53,100,2025-07-31 13:55:37.168988
S0177,QZ_COM,Computer Vision,73,100,2025-12-15 13:55:37.168988
S0177,QZ_COM,Computer Vision,99,100,2025-11-20 13:55:37.168988
S0177,QZ_OPT,Optimization,71,100,2026-01-06 13:55:37.168988
S0177,QZ_OPT,Optimization,28,100,2025-08-07 13:55:37.168988
S0177,QZ_OPT,Optimization,37,100,2025-08-07 13:55:37.168988
S0178,QZ_LIN,Linear Algebra,51,100,2025-12-24 13:55:37.168988
S0178,QZ_LIN,Linear Algebra,78,100,2025-09-30 13:55:37.168988
S0178,QZ_LIN,Linear Algebra,90,100,2025-11-04 13:55:37.168988
S0178,QZ_PRO,Probability,64,100,2025-09-06 13:55:37.168988
S0178,QZ_PRO,Probability,96,100,2025-11-25 13:55:37.168988
S0178,QZ_PRO,Probability,48,100,2025-12-29 13:55:37.168988
S0178,QZ_STA,Statistics,79,100,2025-09-26 13:55:37.168988
S0178,QZ_STA,Statistics,69,100,2025-08-15 13:55:37.168988
S0178,QZ_STA,Statistics,69,100,2025-11-21 13:55:37.168988
S0178,QZ_STA,Statistics,80,100,2025-10-29 13:55:37.168988
S0178,QZ_ML ,ML Basics,63,100,2025-10-27 13:55:37.168988
S0178,QZ_ML ,ML Basics,84,100,2025-12-17 13:55:37.168988
S0178,QZ_DEE,Deep Learning,93,100,2025-09-19 13:55:37.168988
S0178,QZ_DEE,Deep Learning,33,100,2025-09-01 13:55:37.168988
S0178,QZ_NLP,NLP,93,100,2025-10-20 13:55:37.168988
S0178,QZ_NLP,NLP,31,100,2025-11-06 13:55:37.168988
S0178,QZ_NLP,NLP,63,100,2025-11-04 13:55:37.168988
S0178,QZ_COM,Computer Vision,42,100,2025-12-05 13:55:37.168988
S0178,QZ_COM,Computer Vision,73,100,2025-08-06 13:55:37.168988
S0178,QZ_OPT,Optimization,68,100,2025-11-17 13:55:37.168988
S0178,QZ_OPT,Optimization,48,100,2025-10-21 13:55:37.168988
S0178,QZ_OPT,Optimization,88,100,2025-11-10 13:55:37.168988
S0178,QZ_OPT,Optimization,31,100,2026-01-05 13:55:37.168988
S0179,QZ_LIN,Linear Algebra,95,100,2025-09-23 13:55:37.168988
S0179,QZ_LIN,Linear Algebra,62,100,2025-10-10 13:55:37.168988
S0179,QZ_PRO,Probability,45,100,2025-10-19 13:55:37.168988
S0179,QZ_PRO,Probability,84,100,2025-11-11 13:55:37.168988
S0179,QZ_STA,Statistics,78,100,2025-09-12 13:55:37.168988
S0179,QZ_STA,Statistics,56,100,2025-09-06 13:55:37.168988
S0179,QZ_ML ,ML Basics,51,100,2025-07-21 13:55:37.168988
S0179,QZ_ML ,ML Basics,72,100,2025-09-19 13:55:37.168988
S0179,QZ_ML ,ML Basics,60,100,2025-10-12 13:55:37.168988
S0179,QZ_ML ,ML Basics,44,100,2025-12-06 13:55:37.168988
S0179,QZ_DEE,Deep Learning,32,100,2025-07-26 13:55:37.168988
S0179,QZ_DEE,Deep Learning,53,100,2025-10-02 13:55:37.168988
S0179,QZ_DEE,Deep Learning,89,100,2025-08-16 13:55:37.168988
S0179,QZ_NLP,NLP,33,100,2025-08-05 13:55:37.168988
S0179,QZ_NLP,NLP,35,100,2025-12-20 13:55:37.168988
S0179,QZ_COM,Computer Vision,87,100,2025-11-20 13:55:37.168988
S0179,QZ_COM,Computer Vision,81,100,2025-09-23 13:55:37.168988
S0179,QZ_OPT,Optimization,83,100,2025-12-16 13:55:37.168988
S0179,QZ_OPT,Optimization,28,100,2025-11-23 13:55:37.168988
S0180,QZ_LIN,Linear Algebra,48,100,2025-08-08 13:55:37.168988
S0180,QZ_LIN,Linear Algebra,95,100,2025-10-01 13:55:37.168988
S0180,QZ_LIN,Linear Algebra,95,100,2025-10-27 13:55:37.168988
S0180,QZ_PRO,Probability,78,100,2025-09-25 13:55:37.168988
S0180,QZ_PRO,Probability,72,100,2025-12-13 13:55:37.168988
S0180,QZ_PRO,Probability,29,100,2025-12-11 13:55:37.168988
S0180,QZ_STA,Statistics,40,100,2025-09-01 13:55:37.168988
S0180,QZ_STA,Statistics,43,100,2025-08-15 13:55:37.168988
S0180,QZ_ML ,ML Basics,46,100,2025-11-25 13:55:37.168988
S0180,QZ_ML ,ML Basics,59,100,2025-11-11 13:55:37.168988
S0180,QZ_ML ,ML Basics,78,100,2025-11-12 13:55:37.168988
S0180,QZ_DEE,Deep Learning,60,100,2025-11-17 13:55:37.168988
S0180,QZ_DEE,Deep Learning,35,100,2026-01-09 13:55:37.168988
S0180,QZ_NLP,NLP,52,100,2025-11-20 13:55:37.168988
S0180,QZ_NLP,NLP,36,100,2025-11-28 13:55:37.168988
S0180,QZ_COM,Computer Vision,36,100,2025-12-05 13:55:37.168988
S0180,QZ_COM,Computer Vision,25,100,2025-12-14 13:55:37.168988
S0180,QZ_COM,Computer Vision,97,100,2025-09-24 13:55:37.168988
S0180,QZ_OPT,Optimization,70,100,2025-09-30 13:55:37.168988
S0180,QZ_OPT,Optimization,66,100,2026-01-15 13:55:37.168988
S0181,QZ_LIN,Linear Algebra,75,100,2025-11-01 13:55:37.168988
S0181,QZ_LIN,Linear Algebra,89,100,2025-12-03 13:55:37.168988
S0181,QZ_LIN,Linear Algebra,65,100,2025-08-15 13:55:37.168988
S0181,QZ_PRO,Probability,39,100,2025-12-20 13:55:37.168988
S0181,QZ_PRO,Probability,99,100,2025-10-02 13:55:37.168988
S0181,QZ_PRO,Probability,73,100,2025-08-26 13:55:37.168988
S0181,QZ_STA,Statistics,88,100,2025-08-24 13:55:37.168988
S0181,QZ_STA,Statistics,71,100,2025-11-29 13:55:37.168988
S0181,QZ_ML ,ML Basics,60,100,2025-11-18 13:55:37.168988
S0181,QZ_ML ,ML Basics,71,100,2025-10-09 13:55:37.168988
S0181,QZ_ML ,ML Basics,48,100,2025-08-19 13:55:37.168988
S0181,QZ_DEE,Deep Learning,34,100,2026-01-13 13:55:37.168988
S0181,QZ_DEE,Deep Learning,56,100,2025-12-30 13:55:37.168988
S0181,QZ_DEE,Deep Learning,73,100,2025-09-18 13:55:37.168988
S0181,QZ_NLP,NLP,53,100,2025-10-12 13:55:37.168988
S0181,QZ_NLP,NLP,25,100,2025-12-28 13:55:37.168988
S0181,QZ_COM,Computer Vision,79,100,2026-01-09 13:55:37.168988
S0181,QZ_COM,Computer Vision,32,100,2025-09-19 13:55:37.168988
S0181,QZ_COM,Computer Vision,43,100,2025-09-12 13:55:37.168988
S0181,QZ_OPT,Optimization,54,100,2025-12-29 13:55:37.168988
S0181,QZ_OPT,Optimization,64,100,2025-08-22 13:55:37.168988
S0182,QZ_LIN,Linear Algebra,33,100,2025-12-04 13:55:37.168988
S0182,QZ_LIN,Linear Algebra,78,100,2026-01-09 13:55:37.168988
S0182,QZ_PRO,Probability,50,100,2025-12-29 13:55:37.168988
S0182,QZ_PRO,Probability,56,100,2025-10-31 13:55:37.168988
S0182,QZ_STA,Statistics,90,100,2025-10-23 13:55:37.168988
S0182,QZ_STA,Statistics,83,100,2025-09-26 13:55:37.168988
S0182,QZ_STA,Statistics,96,100,2025-08-03 13:55:37.168988
S0182,QZ_ML ,ML Basics,63,100,2026-01-14 13:55:37.168988
S0182,QZ_ML ,ML Basics,25,100,2025-08-13 13:55:37.168988
S0182,QZ_ML ,ML Basics,99,100,2025-07-24 13:55:37.168988
S0182,QZ_DEE,Deep Learning,82,100,2026-01-16 13:55:37.168988
S0182,QZ_DEE,Deep Learning,69,100,2025-09-15 13:55:37.168988
S0182,QZ_DEE,Deep Learning,91,100,2025-11-23 13:55:37.168988
S0182,QZ_DEE,Deep Learning,55,100,2025-12-04 13:55:37.168988
S0182,QZ_NLP,NLP,30,100,2026-01-01 13:55:37.168988
S0182,QZ_NLP,NLP,79,100,2025-11-08 13:55:37.168988
S0182,QZ_NLP,NLP,49,100,2025-08-04 13:55:37.168988
S0182,QZ_NLP,NLP,78,100,2025-12-16 13:55:37.168988
S0182,QZ_COM,Computer Vision,25,100,2025-10-12 13:55:37.168988
S0182,QZ_COM,Computer Vision,71,100,2025-09-11 13:55:37.168988
S0182,QZ_COM,Computer Vision,99,100,2026-01-08 13:55:37.168988
S0182,QZ_COM,Computer Vision,30,100,2025-12-18 13:55:37.168988
S0182,QZ_OPT,Optimization,77,100,2025-11-08 13:55:37.168988
S0182,QZ_OPT,Optimization,30,100,2025-11-07 13:55:37.168988
S0182,QZ_OPT,Optimization,88,100,2025-08-04 13:55:37.168988
S0183,QZ_LIN,Linear Algebra,41,100,2025-11-11 13:55:37.168988
S0183,QZ_LIN,Linear Algebra,52,100,2025-08-10 13:55:37.168988
S0183,QZ_PRO,Probability,85,100,2025-12-31 13:55:37.168988
S0183,QZ_PRO,Probability,40,100,2025-10-19 13:55:37.168988
S0183,QZ_PRO,Probability,33,100,2025-07-24 13:55:37.168988
S0183,QZ_PRO,Probability,42,100,2025-08-04 13:55:37.168988
S0183,QZ_STA,Statistics,47,100,2025-11-24 13:55:37.168988
S0183,QZ_STA,Statistics,29,100,2025-11-13 13:55:37.168988
S0183,QZ_STA,Statistics,75,100,2025-09-25 13:55:37.168988
S0183,QZ_ML ,ML Basics,25,100,2026-01-13 13:55:37.168988
S0183,QZ_ML ,ML Basics,26,100,2025-10-24 13:55:37.168988
S0183,QZ_ML ,ML Basics,64,100,2025-12-28 13:55:37.168988
S0183,QZ_DEE,Deep Learning,28,100,2025-09-28 13:55:37.168988
S0183,QZ_DEE,Deep Learning,47,100,2025-09-08 13:55:37.168988
S0183,QZ_DEE,Deep Learning,83,100,2025-10-09 13:55:37.168988
S0183,QZ_NLP,NLP,40,100,2025-12-02 13:55:37.168988
S0183,QZ_NLP,NLP,33,100,2025-07-26 13:55:37.168988
S0183,QZ_COM,Computer Vision,60,100,2025-12-22 13:55:37.168988
S0183,QZ_COM,Computer Vision,56,100,2026-01-05 13:55:37.168988
S0183,QZ_COM,Computer Vision,42,100,2025-10-08 13:55:37.168988
S0183,QZ_COM,Computer Vision,54,100,2025-12-13 13:55:37.168988
S0183,QZ_OPT,Optimization,74,100,2025-09-08 13:55:37.168988
S0183,QZ_OPT,Optimization,25,100,2025-08-31 13:55:37.168988
S0183,QZ_OPT,Optimization,46,100,2025-12-17 13:55:37.168988
S0184,QZ_LIN,Linear Algebra,51,100,2025-10-09 13:55:37.168988
S0184,QZ_LIN,Linear Algebra,80,100,2025-12-16 13:55:37.168988
S0184,QZ_LIN,Linear Algebra,80,100,2025-12-19 13:55:37.168988
S0184,QZ_LIN,Linear Algebra,89,100,2025-08-05 13:55:37.168988
S0184,QZ_PRO,Probability,79,100,2025-12-18 13:55:37.168988
S0184,QZ_PRO,Probability,99,100,2026-01-13 13:55:37.168988
S0184,QZ_PRO,Probability,39,100,2026-01-08 13:55:37.168988
S0184,QZ_STA,Statistics,29,100,2025-11-25 13:55:37.168988
S0184,QZ_STA,Statistics,66,100,2025-08-02 13:55:37.168988
S0184,QZ_STA,Statistics,39,100,2025-10-07 13:55:37.168988
S0184,QZ_ML ,ML Basics,73,100,2025-12-14 13:55:37.168988
S0184,QZ_ML ,ML Basics,28,100,2025-10-27 13:55:37.168988
S0184,QZ_ML ,ML Basics,32,100,2025-11-02 13:55:37.168988
S0184,QZ_ML ,ML Basics,71,100,2025-11-08 13:55:37.168988
S0184,QZ_DEE,Deep Learning,57,100,2025-11-24 13:55:37.168988
S0184,QZ_DEE,Deep Learning,62,100,2025-10-08 13:55:37.168988
S0184,QZ_DEE,Deep Learning,69,100,2025-11-13 13:55:37.168988
S0184,QZ_NLP,NLP,81,100,2025-11-10 13:55:37.168988
S0184,QZ_NLP,NLP,42,100,2025-12-05 13:55:37.168988
S0184,QZ_NLP,NLP,39,100,2025-10-12 13:55:37.168988
S0184,QZ_NLP,NLP,44,100,2025-10-03 13:55:37.168988
S0184,QZ_COM,Computer Vision,66,100,2025-09-30 13:55:37.168988
S0184,QZ_COM,Computer Vision,96,100,2025-10-20 13:55:37.168988
S0184,QZ_COM,Computer Vision,65,100,2025-12-09 13:55:37.168988
S0184,QZ_OPT,Optimization,25,100,2025-09-14 13:55:37.168988
S0184,QZ_OPT,Optimization,28,100,2026-01-12 13:55:37.168988
S0184,QZ_OPT,Optimization,43,100,2025-08-26 13:55:37.168988
S0184,QZ_OPT,Optimization,97,100,2025-08-01 13:55:37.168988
S0185,QZ_LIN,Linear Algebra,53,100,2026-01-12 13:55:37.168988
S0185,QZ_LIN,Linear Algebra,58,100,2025-12-19 13:55:37.168988
S0185,QZ_LIN,Linear Algebra,71,100,2025-10-03 13:55:37.168988
S0185,QZ_LIN,Linear Algebra,55,100,2025-11-03 13:55:37.168988
S0185,QZ_PRO,Probability,83,100,2025-08-29 13:55:37.168988
S0185,QZ_PRO,Probability,91,100,2026-01-14 13:55:37.168988
S0185,QZ_PRO,Probability,92,100,2025-08-15 13:55:37.168988
S0185,QZ_STA,Statistics,90,100,2025-11-07 13:55:37.168988
S0185,QZ_STA,Statistics,53,100,2025-09-16 13:55:37.168988
S0185,QZ_ML ,ML Basics,82,100,2025-10-05 13:55:37.168988
S0185,QZ_ML ,ML Basics,64,100,2025-09-19 13:55:37.168988
S0185,QZ_ML ,ML Basics,91,100,2025-10-22 13:55:37.168988
S0185,QZ_DEE,Deep Learning,53,100,2025-08-20 13:55:37.168988
S0185,QZ_DEE,Deep Learning,43,100,2026-01-10 13:55:37.168988
S0185,QZ_NLP,NLP,59,100,2025-08-04 13:55:37.168988
S0185,QZ_NLP,NLP,51,100,2025-08-27 13:55:37.168988
S0185,QZ_NLP,NLP,93,100,2025-07-29 13:55:37.168988
S0185,QZ_COM,Computer Vision,78,100,2025-11-01 13:55:37.168988
S0185,QZ_COM,Computer Vision,96,100,2025-12-04 13:55:37.168988
S0185,QZ_COM,Computer Vision,40,100,2025-07-21 13:55:37.168988
S0185,QZ_OPT,Optimization,76,100,2025-11-05 13:55:37.168988
S0185,QZ_OPT,Optimization,54,100,2025-10-12 13:55:37.168988
S0185,QZ_OPT,Optimization,81,100,2025-11-03 13:55:37.168988
S0185,QZ_OPT,Optimization,92,100,2025-11-22 13:55:37.168988
S0186,QZ_LIN,Linear Algebra,75,100,2025-07-27 13:55:37.168988
S0186,QZ_LIN,Linear Algebra,70,100,2025-08-04 13:55:37.168988
S0186,QZ_LIN,Linear Algebra,43,100,2025-09-23 13:55:37.168988
S0186,QZ_LIN,Linear Algebra,32,100,2025-12-11 13:55:37.168988
S0186,QZ_PRO,Probability,68,100,2025-09-16 13:55:37.168988
S0186,QZ_PRO,Probability,31,100,2025-08-13 13:55:37.168988
S0186,QZ_PRO,Probability,51,100,2025-12-13 13:55:37.168988
S0186,QZ_PRO,Probability,79,100,2025-08-08 13:55:37.168988
S0186,QZ_STA,Statistics,68,100,2025-08-30 13:55:37.168988
S0186,QZ_STA,Statistics,77,100,2025-09-05 13:55:37.168988
S0186,QZ_STA,Statistics,69,100,2025-10-13 13:55:37.168988
S0186,QZ_STA,Statistics,39,100,2025-09-10 13:55:37.168988
S0186,QZ_ML ,ML Basics,97,100,2025-08-28 13:55:37.168988
S0186,QZ_ML ,ML Basics,79,100,2025-11-25 13:55:37.168988
S0186,QZ_ML ,ML Basics,25,100,2025-09-18 13:55:37.168988
S0186,QZ_DEE,Deep Learning,47,100,2025-12-07 13:55:37.168988
S0186,QZ_DEE,Deep Learning,36,100,2025-12-31 13:55:37.168988
S0186,QZ_NLP,NLP,64,100,2025-08-14 13:55:37.168988
S0186,QZ_NLP,NLP,98,100,2025-12-01 13:55:37.168988
S0186,QZ_COM,Computer Vision,87,100,2025-09-01 13:55:37.168988
S0186,QZ_COM,Computer Vision,65,100,2025-11-28 13:55:37.168988
S0186,QZ_OPT,Optimization,38,100,2025-12-27 13:55:37.168988
S0186,QZ_OPT,Optimization,75,100,2025-11-14 13:55:37.168988
S0186,QZ_OPT,Optimization,91,100,2026-01-13 13:55:37.168988
S0186,QZ_OPT,Optimization,41,100,2025-08-09 13:55:37.168988
S0187,QZ_LIN,Linear Algebra,34,100,2025-11-04 13:55:37.168988
S0187,QZ_LIN,Linear Algebra,58,100,2025-07-29 13:55:37.168988
S0187,QZ_PRO,Probability,46,100,2025-10-01 13:55:37.168988
S0187,QZ_PRO,Probability,95,100,2025-09-21 13:55:37.168988
S0187,QZ_PRO,Probability,97,100,2025-12-13 13:55:37.168988
S0187,QZ_STA,Statistics,59,100,2025-09-18 13:55:37.168988
S0187,QZ_STA,Statistics,81,100,2025-08-17 13:55:37.168988
S0187,QZ_STA,Statistics,29,100,2025-07-27 13:55:37.168988
S0187,QZ_STA,Statistics,78,100,2025-11-14 13:55:37.168988
S0187,QZ_ML ,ML Basics,83,100,2026-01-08 13:55:37.168988
S0187,QZ_ML ,ML Basics,66,100,2025-10-12 13:55:37.168988
S0187,QZ_ML ,ML Basics,60,100,2025-07-26 13:55:37.168988
S0187,QZ_ML ,ML Basics,33,100,2025-11-08 13:55:37.168988
S0187,QZ_DEE,Deep Learning,50,100,2025-08-15 13:55:37.168988
S0187,QZ_DEE,Deep Learning,56,100,2026-01-04 13:55:37.168988
S0187,QZ_DEE,Deep Learning,47,100,2026-01-10 13:55:37.168988
S0187,QZ_DEE,Deep Learning,44,100,2025-08-14 13:55:37.168988
S0187,QZ_NLP,NLP,84,100,2025-08-08 13:55:37.168988
S0187,QZ_NLP,NLP,86,100,2025-08-15 13:55:37.168988
S0187,QZ_COM,Computer Vision,54,100,2025-10-22 13:55:37.168988
S0187,QZ_COM,Computer Vision,41,100,2025-08-22 13:55:37.168988
S0187,QZ_COM,Computer Vision,84,100,2025-10-04 13:55:37.168988
S0187,QZ_COM,Computer Vision,42,100,2025-09-24 13:55:37.168988
S0187,QZ_OPT,Optimization,77,100,2025-09-26 13:55:37.168988
S0187,QZ_OPT,Optimization,58,100,2025-10-23 13:55:37.168988
S0188,QZ_LIN,Linear Algebra,59,100,2025-11-01 13:55:37.168988
S0188,QZ_LIN,Linear Algebra,62,100,2025-11-12 13:55:37.168988
S0188,QZ_PRO,Probability,31,100,2025-08-10 13:55:37.168988
S0188,QZ_PRO,Probability,78,100,2025-10-05 13:55:37.168988
S0188,QZ_PRO,Probability,55,100,2026-01-03 13:55:37.168988
S0188,QZ_PRO,Probability,57,100,2025-10-20 13:55:37.168988
S0188,QZ_STA,Statistics,65,100,2025-08-28 13:55:37.168988
S0188,QZ_STA,Statistics,72,100,2025-11-02 13:55:37.168988
S0188,QZ_ML ,ML Basics,76,100,2025-10-16 13:55:37.168988
S0188,QZ_ML ,ML Basics,85,100,2025-12-28 13:55:37.168988
S0188,QZ_ML ,ML Basics,46,100,2025-10-30 13:55:37.168988
S0188,QZ_DEE,Deep Learning,35,100,2025-12-14 13:55:37.168988
S0188,QZ_DEE,Deep Learning,86,100,2025-12-30 13:55:37.168988
S0188,QZ_DEE,Deep Learning,87,100,2025-12-10 13:55:37.168988
S0188,QZ_DEE,Deep Learning,36,100,2025-11-01 13:55:37.168988
S0188,QZ_NLP,NLP,25,100,2025-12-03 13:55:37.168988
S0188,QZ_NLP,NLP,99,100,2025-12-21 13:55:37.168988
S0188,QZ_NLP,NLP,64,100,2026-01-13 13:55:37.168988
S0188,QZ_NLP,NLP,90,100,2025-12-20 13:55:37.168988
S0188,QZ_COM,Computer Vision,70,100,2025-07-21 13:55:37.168988
S0188,QZ_COM,Computer Vision,99,100,2025-09-23 13:55:37.168988
S0188,QZ_COM,Computer Vision,55,100,2025-11-29 13:55:37.168988
S0188,QZ_OPT,Optimization,89,100,2025-10-10 13:55:37.168988
S0188,QZ_OPT,Optimization,80,100,2025-09-14 13:55:37.168988
S0189,QZ_LIN,Linear Algebra,89,100,2025-12-28 13:55:37.168988
S0189,QZ_LIN,Linear Algebra,55,100,2025-09-04 13:55:37.168988
S0189,QZ_LIN,Linear Algebra,37,100,2025-11-11 13:55:37.168988
S0189,QZ_PRO,Probability,69,100,2025-11-19 13:55:37.168988
S0189,QZ_PRO,Probability,69,100,2025-09-10 13:55:37.168988
S0189,QZ_PRO,Probability,44,100,2025-10-24 13:55:37.168988
S0189,QZ_PRO,Probability,85,100,2025-11-07 13:55:37.168988
S0189,QZ_STA,Statistics,55,100,2025-09-12 13:55:37.168988
S0189,QZ_STA,Statistics,76,100,2025-11-28 13:55:37.168988
S0189,QZ_STA,Statistics,87,100,2025-11-05 13:55:37.168988
S0189,QZ_ML ,ML Basics,69,100,2025-12-17 13:55:37.168988
S0189,QZ_ML ,ML Basics,39,100,2025-11-30 13:55:37.168988
S0189,QZ_ML ,ML Basics,76,100,2025-12-05 13:55:37.168988
S0189,QZ_ML ,ML Basics,40,100,2025-08-27 13:55:37.168988
S0189,QZ_DEE,Deep Learning,57,100,2026-01-10 13:55:37.168988
S0189,QZ_DEE,Deep Learning,89,100,2025-08-26 13:55:37.168988
S0189,QZ_DEE,Deep Learning,53,100,2025-10-06 13:55:37.168988
S0189,QZ_DEE,Deep Learning,25,100,2025-10-10 13:55:37.168988
S0189,QZ_NLP,NLP,88,100,2025-11-15 13:55:37.168988
S0189,QZ_NLP,NLP,62,100,2025-09-04 13:55:37.168988
S0189,QZ_NLP,NLP,74,100,2026-01-06 13:55:37.168988
S0189,QZ_NLP,NLP,51,100,2025-08-18 13:55:37.168988
S0189,QZ_COM,Computer Vision,31,100,2025-09-17 13:55:37.168988
S0189,QZ_COM,Computer Vision,38,100,2025-10-18 13:55:37.168988
S0189,QZ_COM,Computer Vision,67,100,2025-08-31 13:55:37.168988
S0189,QZ_OPT,Optimization,94,100,2025-09-26 13:55:37.168988
S0189,QZ_OPT,Optimization,84,100,2025-08-22 13:55:37.168988
S0189,QZ_OPT,Optimization,75,100,2025-12-11 13:55:37.168988
S0189,QZ_OPT,Optimization,75,100,2025-08-10 13:55:37.168988
S0190,QZ_LIN,Linear Algebra,33,100,2025-11-29 13:55:37.168988
S0190,QZ_LIN,Linear Algebra,57,100,2025-09-12 13:55:37.168988
S0190,QZ_PRO,Probability,77,100,2025-09-12 13:55:37.168988
S0190,QZ_PRO,Probability,32,100,2025-08-17 13:55:37.168988
S0190,QZ_PRO,Probability,97,100,2025-11-01 13:55:37.168988
S0190,QZ_PRO,Probability,42,100,2025-11-10 13:55:37.168988
S0190,QZ_STA,Statistics,26,100,2025-09-11 13:55:37.168988
S0190,QZ_STA,Statistics,65,100,2025-11-17 13:55:37.168988
S0190,QZ_ML ,ML Basics,57,100,2025-10-16 13:55:37.168988
S0190,QZ_ML ,ML Basics,27,100,2025-11-25 13:55:37.168988
S0190,QZ_ML ,ML Basics,70,100,2025-12-22 13:55:37.168988
S0190,QZ_DEE,Deep Learning,36,100,2025-12-22 13:55:37.168988
S0190,QZ_DEE,Deep Learning,62,100,2025-10-07 13:55:37.168988
S0190,QZ_DEE,Deep Learning,66,100,2025-07-28 13:55:37.168988
S0190,QZ_DEE,Deep Learning,43,100,2025-09-05 13:55:37.168988
S0190,QZ_NLP,NLP,69,100,2025-08-15 13:55:37.168988
S0190,QZ_NLP,NLP,89,100,2025-10-23 13:55:37.168988
S0190,QZ_NLP,NLP,62,100,2025-10-20 13:55:37.168988
S0190,QZ_COM,Computer Vision,50,100,2025-12-04 13:55:37.168988
S0190,QZ_COM,Computer Vision,45,100,2026-01-15 13:55:37.168988
S0190,QZ_COM,Computer Vision,98,100,2025-12-17 13:55:37.168988
S0190,QZ_OPT,Optimization,25,100,2025-11-13 13:55:37.168988
S0190,QZ_OPT,Optimization,36,100,2025-08-30 13:55:37.168988
S0190,QZ_OPT,Optimization,48,100,2025-07-26 13:55:37.168988
S0191,QZ_LIN,Linear Algebra,72,100,2025-09-11 13:55:37.168988
S0191,QZ_LIN,Linear Algebra,42,100,2025-10-04 13:55:37.168988
S0191,QZ_LIN,Linear Algebra,33,100,2025-08-13 13:55:37.168988
S0191,QZ_PRO,Probability,53,100,2025-11-27 13:55:37.168988
S0191,QZ_PRO,Probability,38,100,2025-12-14 13:55:37.168988
S0191,QZ_PRO,Probability,71,100,2025-11-01 13:55:37.168988
S0191,QZ_PRO,Probability,28,100,2025-09-03 13:55:37.168988
S0191,QZ_STA,Statistics,71,100,2026-01-08 13:55:37.168988
S0191,QZ_STA,Statistics,77,100,2025-11-07 13:55:37.168988
S0191,QZ_STA,Statistics,69,100,2025-11-18 13:55:37.168988
S0191,QZ_ML ,ML Basics,74,100,2025-08-27 13:55:37.168988
S0191,QZ_ML ,ML Basics,98,100,2025-09-04 13:55:37.168988
S0191,QZ_DEE,Deep Learning,71,100,2025-12-12 13:55:37.168988
S0191,QZ_DEE,Deep Learning,32,100,2025-08-03 13:55:37.168988
S0191,QZ_NLP,NLP,60,100,2025-09-15 13:55:37.168988
S0191,QZ_NLP,NLP,92,100,2025-08-09 13:55:37.168988
S0191,QZ_COM,Computer Vision,41,100,2025-11-26 13:55:37.168988
S0191,QZ_COM,Computer Vision,50,100,2025-09-25 13:55:37.168988
S0191,QZ_COM,Computer Vision,49,100,2025-09-28 13:55:37.168988
S0191,QZ_OPT,Optimization,69,100,2025-09-15 13:55:37.168988
S0191,QZ_OPT,Optimization,81,100,2025-12-19 13:55:37.168988
S0191,QZ_OPT,Optimization,70,100,2025-11-16 13:55:37.168988
S0192,QZ_LIN,Linear Algebra,64,100,2025-12-06 13:55:37.168988
S0192,QZ_LIN,Linear Algebra,45,100,2025-11-22 13:55:37.168988
S0192,QZ_LIN,Linear Algebra,43,100,2025-08-20 13:55:37.168988
S0192,QZ_PRO,Probability,61,100,2025-10-26 13:55:37.168988
S0192,QZ_PRO,Probability,64,100,2025-10-20 13:55:37.168988
S0192,QZ_STA,Statistics,58,100,2026-01-03 13:55:37.168988
S0192,QZ_STA,Statistics,93,100,2025-08-12 13:55:37.168988
S0192,QZ_STA,Statistics,36,100,2025-12-13 13:55:37.168988
S0192,QZ_ML ,ML Basics,67,100,2025-12-10 13:55:37.168988
S0192,QZ_ML ,ML Basics,76,100,2025-11-27 13:55:37.168988
S0192,QZ_ML ,ML Basics,94,100,2025-08-05 13:55:37.168988
S0192,QZ_ML ,ML Basics,69,100,2026-01-12 13:55:37.168988
S0192,QZ_DEE,Deep Learning,35,100,2025-11-07 13:55:37.168988
S0192,QZ_DEE,Deep Learning,32,100,2025-11-01 13:55:37.168988
S0192,QZ_DEE,Deep Learning,52,100,2025-12-21 13:55:37.168988
S0192,QZ_DEE,Deep Learning,72,100,2025-09-10 13:55:37.168988
S0192,QZ_NLP,NLP,64,100,2025-12-12 13:55:37.168988
S0192,QZ_NLP,NLP,82,100,2025-09-28 13:55:37.168988
S0192,QZ_NLP,NLP,29,100,2025-08-01 13:55:37.168988
S0192,QZ_COM,Computer Vision,89,100,2025-10-17 13:55:37.168988
S0192,QZ_COM,Computer Vision,45,100,2025-07-30 13:55:37.168988
S0192,QZ_COM,Computer Vision,45,100,2025-10-15 13:55:37.168988
S0192,QZ_COM,Computer Vision,70,100,2026-01-08 13:55:37.168988
S0192,QZ_OPT,Optimization,29,100,2025-10-11 13:55:37.168988
S0192,QZ_OPT,Optimization,76,100,2025-11-21 13:55:37.168988
S0193,QZ_LIN,Linear Algebra,94,100,2025-10-09 13:55:37.168988
S0193,QZ_LIN,Linear Algebra,53,100,2025-11-12 13:55:37.168988
S0193,QZ_LIN,Linear Algebra,44,100,2026-01-05 13:55:37.168988
S0193,QZ_PRO,Probability,72,100,2025-10-07 13:55:37.168988
S0193,QZ_PRO,Probability,73,100,2025-12-17 13:55:37.168988
S0193,QZ_PRO,Probability,34,100,2025-09-14 13:55:37.168988
S0193,QZ_PRO,Probability,87,100,2025-11-22 13:55:37.168988
S0193,QZ_STA,Statistics,34,100,2025-08-03 13:55:37.168988
S0193,QZ_STA,Statistics,52,100,2025-12-25 13:55:37.168988
S0193,QZ_STA,Statistics,58,100,2025-08-16 13:55:37.168988
S0193,QZ_STA,Statistics,35,100,2025-12-05 13:55:37.168988
S0193,QZ_ML ,ML Basics,62,100,2025-10-02 13:55:37.168988
S0193,QZ_ML ,ML Basics,57,100,2025-12-21 13:55:37.168988
S0193,QZ_DEE,Deep Learning,26,100,2025-12-04 13:55:37.168988
S0193,QZ_DEE,Deep Learning,48,100,2025-10-14 13:55:37.168988
S0193,QZ_DEE,Deep Learning,32,100,2025-12-19 13:55:37.168988
S0193,QZ_NLP,NLP,29,100,2025-08-01 13:55:37.168988
S0193,QZ_NLP,NLP,66,100,2025-09-18 13:55:37.168988
S0193,QZ_COM,Computer Vision,40,100,2025-12-04 13:55:37.168988
S0193,QZ_COM,Computer Vision,43,100,2025-11-02 13:55:37.168988
S0193,QZ_COM,Computer Vision,47,100,2025-10-24 13:55:37.168988
S0193,QZ_COM,Computer Vision,43,100,2025-11-11 13:55:37.168988
S0193,QZ_OPT,Optimization,31,100,2025-10-24 13:55:37.168988
S0193,QZ_OPT,Optimization,33,100,2025-11-03 13:55:37.168988
S0193,QZ_OPT,Optimization,44,100,2025-10-06 13:55:37.168988
S0193,QZ_OPT,Optimization,94,100,2025-09-24 13:55:37.168988
S0194,QZ_LIN,Linear Algebra,81,100,2026-01-06 13:55:37.168988
S0194,QZ_LIN,Linear Algebra,50,100,2025-08-26 13:55:37.168988
S0194,QZ_LIN,Linear Algebra,53,100,2025-11-27 13:55:37.168988
S0194,QZ_LIN,Linear Algebra,32,100,2025-10-10 13:55:37.168988
S0194,QZ_PRO,Probability,50,100,2025-10-21 13:55:37.168988
S0194,QZ_PRO,Probability,97,100,2025-08-15 13:55:37.168988
S0194,QZ_PRO,Probability,87,100,2025-11-15 13:55:37.168988
S0194,QZ_PRO,Probability,57,100,2025-08-03 13:55:37.168988
S0194,QZ_STA,Statistics,50,100,2025-12-28 13:55:37.168988
S0194,QZ_STA,Statistics,80,100,2025-10-12 13:55:37.168988
S0194,QZ_ML ,ML Basics,55,100,2025-09-21 13:55:37.168988
S0194,QZ_ML ,ML Basics,29,100,2025-11-18 13:55:37.168988
S0194,QZ_ML ,ML Basics,90,100,2025-11-13 13:55:37.168988
S0194,QZ_DEE,Deep Learning,52,100,2025-07-23 13:55:37.168988
S0194,QZ_DEE,Deep Learning,79,100,2025-07-28 13:55:37.168988
S0194,QZ_DEE,Deep Learning,97,100,2025-11-10 13:55:37.168988
S0194,QZ_NLP,NLP,35,100,2025-08-28 13:55:37.168988
S0194,QZ_NLP,NLP,90,100,2025-12-24 13:55:37.168988
S0194,QZ_COM,Computer Vision,96,100,2025-07-24 13:55:37.168988
S0194,QZ_COM,Computer Vision,87,100,2025-09-29 13:55:37.168988
S0194,QZ_OPT,Optimization,95,100,2025-09-08 13:55:37.168988
S0194,QZ_OPT,Optimization,50,100,2025-11-29 13:55:37.168988
S0194,QZ_OPT,Optimization,79,100,2025-07-24 13:55:37.168988
S0194,QZ_OPT,Optimization,35,100,2025-10-14 13:55:37.168988
S0195,QZ_LIN,Linear Algebra,30,100,2025-11-17 13:55:37.168988
S0195,QZ_LIN,Linear Algebra,32,100,2025-08-21 13:55:37.168988
S0195,QZ_LIN,Linear Algebra,98,100,2025-12-22 13:55:37.168988
S0195,QZ_LIN,Linear Algebra,83,100,2025-09-20 13:55:37.168988
S0195,QZ_PRO,Probability,56,100,2025-11-06 13:55:37.168988
S0195,QZ_PRO,Probability,56,100,2025-08-30 13:55:37.168988
S0195,QZ_PRO,Probability,64,100,2025-11-29 13:55:37.168988
S0195,QZ_STA,Statistics,71,100,2025-12-13 13:55:37.168988
S0195,QZ_STA,Statistics,89,100,2025-10-15 13:55:37.168988
S0195,QZ_ML ,ML Basics,41,100,2025-11-20 13:55:37.168988
S0195,QZ_ML ,ML Basics,31,100,2025-12-19 13:55:37.168988
S0195,QZ_DEE,Deep Learning,41,100,2025-08-16 13:55:37.168988
S0195,QZ_DEE,Deep Learning,95,100,2025-09-27 13:55:37.168988
S0195,QZ_DEE,Deep Learning,56,100,2025-09-20 13:55:37.168988
S0195,QZ_NLP,NLP,59,100,2025-09-12 13:55:37.168988
S0195,QZ_NLP,NLP,26,100,2025-12-29 13:55:37.168988
S0195,QZ_COM,Computer Vision,87,100,2025-12-01 13:55:37.168988
S0195,QZ_COM,Computer Vision,95,100,2025-09-04 13:55:37.168988
S0195,QZ_COM,Computer Vision,36,100,2025-12-30 13:55:37.168988
S0195,QZ_COM,Computer Vision,49,100,2025-09-14 13:55:37.168988
S0195,QZ_OPT,Optimization,72,100,2025-11-18 13:55:37.168988
S0195,QZ_OPT,Optimization,93,100,2025-08-27 13:55:37.168988
S0195,QZ_OPT,Optimization,77,100,2025-12-05 13:55:37.168988
S0196,QZ_LIN,Linear Algebra,83,100,2025-11-17 13:55:37.168988
S0196,QZ_LIN,Linear Algebra,27,100,2025-09-18 13:55:37.168988
S0196,QZ_PRO,Probability,40,100,2025-09-30 13:55:37.168988
S0196,QZ_PRO,Probability,97,100,2025-10-26 13:55:37.168988
S0196,QZ_PRO,Probability,71,100,2025-12-27 13:55:37.168988
S0196,QZ_STA,Statistics,79,100,2025-10-23 13:55:37.168988
S0196,QZ_STA,Statistics,90,100,2025-12-27 13:55:37.168988
S0196,QZ_STA,Statistics,55,100,2025-10-30 13:55:37.168988
S0196,QZ_STA,Statistics,98,100,2025-09-03 13:55:37.168988
S0196,QZ_ML ,ML Basics,44,100,2025-07-28 13:55:37.168988
S0196,QZ_ML ,ML Basics,77,100,2025-09-13 13:55:37.168988
S0196,QZ_ML ,ML Basics,34,100,2025-10-17 13:55:37.168988
S0196,QZ_DEE,Deep Learning,75,100,2025-10-01 13:55:37.168988
S0196,QZ_DEE,Deep Learning,65,100,2025-09-22 13:55:37.168988
S0196,QZ_NLP,NLP,65,100,2025-09-22 13:55:37.168988
S0196,QZ_NLP,NLP,50,100,2025-10-02 13:55:37.168988
S0196,QZ_NLP,NLP,45,100,2025-09-27 13:55:37.168988
S0196,QZ_NLP,NLP,96,100,2025-09-27 13:55:37.168988
S0196,QZ_COM,Computer Vision,70,100,2025-12-05 13:55:37.168988
S0196,QZ_COM,Computer Vision,77,100,2025-11-24 13:55:37.168988
S0196,QZ_OPT,Optimization,93,100,2025-10-31 13:55:37.168988
S0196,QZ_OPT,Optimization,38,100,2025-10-02 13:55:37.168988
S0196,QZ_OPT,Optimization,69,100,2025-11-23 13:55:37.168988
S0197,QZ_LIN,Linear Algebra,87,100,2025-10-03 13:55:37.168988
S0197,QZ_LIN,Linear Algebra,50,100,2025-12-21 13:55:37.168988
S0197,QZ_LIN,Linear Algebra,60,100,2025-09-19 13:55:37.168988
S0197,QZ_PRO,Probability,55,100,2025-07-27 13:55:37.168988
S0197,QZ_PRO,Probability,67,100,2025-09-18 13:55:37.168988
S0197,QZ_PRO,Probability,72,100,2025-10-13 13:55:37.168988
S0197,QZ_STA,Statistics,69,100,2025-12-20 13:55:37.168988
S0197,QZ_STA,Statistics,65,100,2025-12-19 13:55:37.168988
S0197,QZ_STA,Statistics,78,100,2026-01-15 13:55:37.168988
S0197,QZ_STA,Statistics,71,100,2025-09-09 13:55:37.168988
S0197,QZ_ML ,ML Basics,81,100,2026-01-05 13:55:37.168988
S0197,QZ_ML ,ML Basics,94,100,2025-08-25 13:55:37.168988
S0197,QZ_ML ,ML Basics,71,100,2025-07-28 13:55:37.168988
S0197,QZ_ML ,ML Basics,56,100,2025-11-03 13:55:37.168988
S0197,QZ_DEE,Deep Learning,58,100,2025-09-07 13:55:37.168988
S0197,QZ_DEE,Deep Learning,38,100,2025-11-08 13:55:37.168988
S0197,QZ_NLP,NLP,96,100,2025-07-24 13:55:37.168988
S0197,QZ_NLP,NLP,26,100,2025-09-12 13:55:37.168988
S0197,QZ_NLP,NLP,28,100,2025-10-24 13:55:37.168988
S0197,QZ_COM,Computer Vision,52,100,2026-01-01 13:55:37.168988
S0197,QZ_COM,Computer Vision,81,100,2025-11-05 13:55:37.168988
S0197,QZ_OPT,Optimization,62,100,2025-12-17 13:55:37.168988
S0197,QZ_OPT,Optimization,47,100,2025-10-05 13:55:37.168988
S0197,QZ_OPT,Optimization,56,100,2025-11-24 13:55:37.168988
S0198,QZ_LIN,Linear Algebra,79,100,2025-10-04 13:55:37.168988
S0198,QZ_LIN,Linear Algebra,59,100,2026-01-06 13:55:37.168988
S0198,QZ_PRO,Probability,43,100,2025-09-27 13:55:37.168988
S0198,QZ_PRO,Probability,26,100,2025-11-11 13:55:37.168988
S0198,QZ_PRO,Probability,95,100,2025-12-30 13:55:37.168988
S0198,QZ_PRO,Probability,62,100,2025-09-01 13:55:37.168988
S0198,QZ_STA,Statistics,33,100,2025-10-03 13:55:37.168988
S0198,QZ_STA,Statistics,35,100,2025-08-29 13:55:37.168988
S0198,QZ_ML ,ML Basics,89,100,2025-12-12 13:55:37.168988
S0198,QZ_ML ,ML Basics,44,100,2026-01-06 13:55:37.168988
S0198,QZ_DEE,Deep Learning,53,100,2025-11-01 13:55:37.168988
S0198,QZ_DEE,Deep Learning,36,100,2025-10-19 13:55:37.168988
S0198,QZ_NLP,NLP,98,100,2025-12-06 13:55:37.168988
S0198,QZ_NLP,NLP,68,100,2025-09-23 13:55:37.168988
S0198,QZ_COM,Computer Vision,55,100,2025-12-07 13:55:37.168988
S0198,QZ_COM,Computer Vision,52,100,2025-10-27 13:55:37.168988
S0198,QZ_COM,Computer Vision,70,100,2025-11-03 13:55:37.168988
S0198,QZ_OPT,Optimization,69,100,2025-08-11 13:55:37.168988
S0198,QZ_OPT,Optimization,92,100,2025-07-24 13:55:37.168988
S0199,QZ_LIN,Linear Algebra,62,100,2025-12-30 13:55:37.168988
S0199,QZ_LIN,Linear Algebra,71,100,2025-10-09 13:55:37.168988
S0199,QZ_LIN,Linear Algebra,33,100,2025-07-25 13:55:37.168988
S0199,QZ_LIN,Linear Algebra,72,100,2025-12-10 13:55:37.168988
S0199,QZ_PRO,Probability,91,100,2025-07-29 13:55:37.168988
S0199,QZ_PRO,Probability,79,100,2025-08-20 13:55:37.168988
S0199,QZ_PRO,Probability,90,100,2025-10-18 13:55:37.168988
S0199,QZ_PRO,Probability,84,100,2025-10-07 13:55:37.168988
S0199,QZ_STA,Statistics,29,100,2025-11-03 13:55:37.168988
S0199,QZ_STA,Statistics,93,100,2025-11-20 13:55:37.168988
S0199,QZ_ML ,ML Basics,50,100,2025-07-30 13:55:37.168988
S0199,QZ_ML ,ML Basics,88,100,2025-08-09 13:55:37.168988
S0199,QZ_ML ,ML Basics,60,100,2025-10-11 13:55:37.168988
S0199,QZ_ML ,ML Basics,81,100,2025-12-09 13:55:37.168988
S0199,QZ_DEE,Deep Learning,64,100,2025-11-19 13:55:37.168988
S0199,QZ_DEE,Deep Learning,75,100,2025-08-09 13:55:37.168988
S0199,QZ_DEE,Deep Learning,46,100,2025-10-08 13:55:37.168988
S0199,QZ_DEE,Deep Learning,98,100,2025-07-30 13:55:37.168988
S0199,QZ_NLP,NLP,71,100,2025-12-13 13:55:37.168988
S0199,QZ_NLP,NLP,57,100,2025-07-30 13:55:37.168988
S0199,QZ_NLP,NLP,97,100,2025-09-15 13:55:37.168988
S0199,QZ_NLP,NLP,31,100,2025-12-23 13:55:37.168988
S0199,QZ_COM,Computer Vision,92,100,2025-09-10 13:55:37.168988
S0199,QZ_COM,Computer Vision,45,100,2025-11-13 13:55:37.168988
S0199,QZ_COM,Computer Vision,70,100,2025-10-03 13:55:37.168988
S0199,QZ_OPT,Optimization,50,100,2025-12-04 13:55:37.168988
S0199,QZ_OPT,Optimization,76,100,2025-08-30 13:55:37.168988
S0200,QZ_LIN,Linear Algebra,43,100,2025-12-19 13:55:37.168988
S0200,QZ_LIN,Linear Algebra,60,100,2025-10-14 13:55:37.168988
S0200,QZ_PRO,Probability,82,100,2025-08-19 13:55:37.168988
S0200,QZ_PRO,Probability,63,100,2025-12-23 13:55:37.168988
S0200,QZ_PRO,Probability,49,100,2025-11-22 13:55:37.168988
S0200,QZ_PRO,Probability,64,100,2025-12-30 13:55:37.168988
S0200,QZ_STA,Statistics,61,100,2025-11-16 13:55:37.168988
S0200,QZ_STA,Statistics,33,100,2025-10-12 13:55:37.168988
S0200,QZ_STA,Statistics,86,100,2025-12-29 13:55:37.168988
S0200,QZ_ML ,ML Basics,78,100,2025-08-02 13:55:37.168988
S0200,QZ_ML ,ML Basics,62,100,2026-01-11 13:55:37.168988
S0200,QZ_DEE,Deep Learning,33,100,2025-08-24 13:55:37.168988
S0200,QZ_DEE,Deep Learning,92,100,2025-08-31 13:55:37.168988
S0200,QZ_NLP,NLP,81,100,2025-09-13 13:55:37.168988
S0200,QZ_NLP,NLP,78,100,2025-12-29 13:55:37.168988
S0200,QZ_COM,Computer Vision,43,100,2025-11-19 13:55:37.168988
S0200,QZ_COM,Computer Vision,37,100,2025-11-05 13:55:37.168988
S0200,QZ_OPT,Optimization,69,100,2025-08-12 13:55:37.168988
S0200,QZ_OPT,Optimization,53,100,2025-09-23 13:55:37.168988
S0200,QZ_OPT,Optimization,53,100,2025-11-06 13:55:37.168988
S0200,QZ_OPT,Optimization,62,100,2025-08-18 13:55:37.168988
S0201,QZ_LIN,Linear Algebra,88,100,2025-11-02 13:55:37.168988
S0201,QZ_LIN,Linear Algebra,29,100,2025-08-04 13:55:37.168988
S0201,QZ_PRO,Probability,60,100,2025-10-24 13:55:37.168988
S0201,QZ_PRO,Probability,49,100,2025-11-27 13:55:37.168988
S0201,QZ_PRO,Probability,45,100,2025-12-19 13:55:37.168988
S0201,QZ_STA,Statistics,81,100,2025-10-20 13:55:37.168988
S0201,QZ_STA,Statistics,35,100,2025-10-07 13:55:37.168988
S0201,QZ_STA,Statistics,64,100,2026-01-14 13:55:37.168988
S0201,QZ_STA,Statistics,56,100,2025-11-09 13:55:37.168988
S0201,QZ_ML ,ML Basics,32,100,2025-12-21 13:55:37.168988
S0201,QZ_ML ,ML Basics,77,100,2025-10-07 13:55:37.168988
S0201,QZ_ML ,ML Basics,76,100,2025-12-04 13:55:37.168988
S0201,QZ_DEE,Deep Learning,91,100,2025-12-19 13:55:37.168988
S0201,QZ_DEE,Deep Learning,57,100,2025-08-31 13:55:37.168988
S0201,QZ_NLP,NLP,40,100,2026-01-06 13:55:37.168988
S0201,QZ_NLP,NLP,28,100,2025-12-20 13:55:37.168988
S0201,QZ_NLP,NLP,50,100,2026-01-10 13:55:37.168988
S0201,QZ_COM,Computer Vision,79,100,2025-11-13 13:55:37.168988
S0201,QZ_COM,Computer Vision,43,100,2025-10-06 13:55:37.168988
S0201,QZ_COM,Computer Vision,47,100,2025-08-25 13:55:37.168988
S0201,QZ_OPT,Optimization,46,100,2025-08-13 13:55:37.168988
S0201,QZ_OPT,Optimization,78,100,2025-10-27 13:55:37.168988
S0201,QZ_OPT,Optimization,89,100,2025-08-04 13:55:37.168988
S0201,QZ_OPT,Optimization,74,100,2025-11-02 13:55:37.168988
S0202,QZ_LIN,Linear Algebra,39,100,2025-11-04 13:55:37.168988
S0202,QZ_LIN,Linear Algebra,98,100,2025-08-17 13:55:37.168988
S0202,QZ_LIN,Linear Algebra,66,100,2025-10-05 13:55:37.168988
S0202,QZ_LIN,Linear Algebra,51,100,2025-09-06 13:55:37.168988
S0202,QZ_PRO,Probability,59,100,2025-09-17 13:55:37.168988
S0202,QZ_PRO,Probability,54,100,2025-10-12 13:55:37.168988
S0202,QZ_PRO,Probability,37,100,2025-12-19 13:55:37.168988
S0202,QZ_STA,Statistics,47,100,2025-11-11 13:55:37.168988
S0202,QZ_STA,Statistics,54,100,2025-08-21 13:55:37.168988
S0202,QZ_ML ,ML Basics,80,100,2025-10-24 13:55:37.168988
S0202,QZ_ML ,ML Basics,44,100,2026-01-02 13:55:37.168988
S0202,QZ_ML ,ML Basics,61,100,2025-08-18 13:55:37.168988
S0202,QZ_DEE,Deep Learning,68,100,2025-09-20 13:55:37.168988
S0202,QZ_DEE,Deep Learning,72,100,2025-10-09 13:55:37.168988
S0202,QZ_NLP,NLP,95,100,2025-12-22 13:55:37.168988
S0202,QZ_NLP,NLP,35,100,2025-12-22 13:55:37.168988
S0202,QZ_COM,Computer Vision,26,100,2025-09-16 13:55:37.168988
S0202,QZ_COM,Computer Vision,59,100,2025-12-06 13:55:37.168988
S0202,QZ_COM,Computer Vision,26,100,2025-10-22 13:55:37.168988
S0202,QZ_OPT,Optimization,63,100,2025-08-02 13:55:37.168988
S0202,QZ_OPT,Optimization,85,100,2025-07-30 13:55:37.168988
S0202,QZ_OPT,Optimization,91,100,2025-09-05 13:55:37.168988
S0202,QZ_OPT,Optimization,49,100,2025-09-03 13:55:37.168988
S0203,QZ_LIN,Linear Algebra,62,100,2025-09-02 13:55:37.168988
S0203,QZ_LIN,Linear Algebra,43,100,2025-11-03 13:55:37.168988
S0203,QZ_LIN,Linear Algebra,28,100,2025-08-28 13:55:37.168988
S0203,QZ_LIN,Linear Algebra,42,100,2025-12-13 13:55:37.168988
S0203,QZ_PRO,Probability,68,100,2025-09-28 13:55:37.168988
S0203,QZ_PRO,Probability,96,100,2025-10-17 13:55:37.168988
S0203,QZ_STA,Statistics,32,100,2025-11-28 13:55:37.168988
S0203,QZ_STA,Statistics,56,100,2025-10-19 13:55:37.168988
S0203,QZ_STA,Statistics,46,100,2025-10-11 13:55:37.168988
S0203,QZ_ML ,ML Basics,43,100,2025-12-19 13:55:37.168988
S0203,QZ_ML ,ML Basics,29,100,2025-12-05 13:55:37.168988
S0203,QZ_ML ,ML Basics,36,100,2025-11-14 13:55:37.168988
S0203,QZ_DEE,Deep Learning,78,100,2025-12-12 13:55:37.168988
S0203,QZ_DEE,Deep Learning,52,100,2025-10-12 13:55:37.168988
S0203,QZ_NLP,NLP,57,100,2025-09-06 13:55:37.168988
S0203,QZ_NLP,NLP,54,100,2026-01-01 13:55:37.168988
S0203,QZ_NLP,NLP,40,100,2025-09-29 13:55:37.168988
S0203,QZ_COM,Computer Vision,37,100,2025-08-01 13:55:37.168988
S0203,QZ_COM,Computer Vision,85,100,2025-11-29 13:55:37.168988
S0203,QZ_OPT,Optimization,38,100,2026-01-10 13:55:37.168988
S0203,QZ_OPT,Optimization,85,100,2025-11-18 13:55:37.168988
S0203,QZ_OPT,Optimization,90,100,2025-09-14 13:55:37.168988
S0204,QZ_LIN,Linear Algebra,47,100,2026-01-04 13:55:37.168988
S0204,QZ_LIN,Linear Algebra,87,100,2025-10-12 13:55:37.168988
S0204,QZ_PRO,Probability,37,100,2025-09-02 13:55:37.168988
S0204,QZ_PRO,Probability,78,100,2025-09-03 13:55:37.168988
S0204,QZ_PRO,Probability,84,100,2025-09-12 13:55:37.168988
S0204,QZ_PRO,Probability,66,100,2025-10-18 13:55:37.168988
S0204,QZ_STA,Statistics,41,100,2025-08-27 13:55:37.168988
S0204,QZ_STA,Statistics,88,100,2025-11-28 13:55:37.168988
S0204,QZ_STA,Statistics,87,100,2025-07-25 13:55:37.168988
S0204,QZ_STA,Statistics,37,100,2025-07-25 13:55:37.168988
S0204,QZ_ML ,ML Basics,42,100,2025-10-12 13:55:37.168988
S0204,QZ_ML ,ML Basics,69,100,2025-10-04 13:55:37.168988
S0204,QZ_DEE,Deep Learning,94,100,2025-09-03 13:55:37.168988
S0204,QZ_DEE,Deep Learning,30,100,2025-10-18 13:55:37.168988
S0204,QZ_NLP,NLP,61,100,2025-12-21 13:55:37.168988
S0204,QZ_NLP,NLP,25,100,2025-12-16 13:55:37.168988
S0204,QZ_NLP,NLP,64,100,2025-12-24 13:55:37.168988
S0204,QZ_NLP,NLP,99,100,2025-11-12 13:55:37.168988
S0204,QZ_COM,Computer Vision,97,100,2026-01-05 13:55:37.168988
S0204,QZ_COM,Computer Vision,83,100,2025-11-08 13:55:37.168988
S0204,QZ_COM,Computer Vision,32,100,2025-09-18 13:55:37.168988
S0204,QZ_COM,Computer Vision,55,100,2025-12-22 13:55:37.168988
S0204,QZ_OPT,Optimization,67,100,2025-08-12 13:55:37.168988
S0204,QZ_OPT,Optimization,95,100,2026-01-14 13:55:37.168988
S0205,QZ_LIN,Linear Algebra,88,100,2025-11-11 13:55:37.168988
S0205,QZ_LIN,Linear Algebra,52,100,2025-11-06 13:55:37.168988
S0205,QZ_PRO,Probability,60,100,2026-01-12 13:55:37.168988
S0205,QZ_PRO,Probability,31,100,2025-11-26 13:55:37.168988
S0205,QZ_PRO,Probability,90,100,2025-08-11 13:55:37.168988
S0205,QZ_STA,Statistics,49,100,2025-10-11 13:55:37.168988
S0205,QZ_STA,Statistics,47,100,2025-10-23 13:55:37.168988
S0205,QZ_STA,Statistics,28,100,2025-10-05 13:55:37.168988
S0205,QZ_ML ,ML Basics,80,100,2025-12-06 13:55:37.168988
S0205,QZ_ML ,ML Basics,99,100,2025-07-28 13:55:37.168988
S0205,QZ_DEE,Deep Learning,90,100,2025-09-29 13:55:37.168988
S0205,QZ_DEE,Deep Learning,85,100,2025-12-09 13:55:37.168988
S0205,QZ_DEE,Deep Learning,81,100,2025-11-29 13:55:37.168988
S0205,QZ_DEE,Deep Learning,56,100,2026-01-15 13:55:37.168988
S0205,QZ_NLP,NLP,83,100,2026-01-11 13:55:37.168988
S0205,QZ_NLP,NLP,80,100,2025-09-14 13:55:37.168988
S0205,QZ_COM,Computer Vision,57,100,2026-01-07 13:55:37.168988
S0205,QZ_COM,Computer Vision,32,100,2025-12-02 13:55:37.168988
S0205,QZ_COM,Computer Vision,87,100,2025-08-23 13:55:37.168988
S0205,QZ_COM,Computer Vision,84,100,2026-01-02 13:55:37.168988
S0205,QZ_OPT,Optimization,55,100,2025-08-18 13:55:37.168988
S0205,QZ_OPT,Optimization,43,100,2025-11-21 13:55:37.168988
S0205,QZ_OPT,Optimization,61,100,2025-10-28 13:55:37.168988
S0206,QZ_LIN,Linear Algebra,89,100,2025-08-18 13:55:37.168988
S0206,QZ_LIN,Linear Algebra,93,100,2025-10-14 13:55:37.168988
S0206,QZ_PRO,Probability,63,100,2026-01-16 13:55:37.168988
S0206,QZ_PRO,Probability,60,100,2025-12-02 13:55:37.168988
S0206,QZ_PRO,Probability,76,100,2025-12-19 13:55:37.168988
S0206,QZ_STA,Statistics,88,100,2025-11-11 13:55:37.168988
S0206,QZ_STA,Statistics,60,100,2025-12-04 13:55:37.168988
S0206,QZ_ML ,ML Basics,67,100,2025-07-30 13:55:37.168988
S0206,QZ_ML ,ML Basics,79,100,2025-08-04 13:55:37.168988
S0206,QZ_DEE,Deep Learning,56,100,2025-10-26 13:55:37.168988
S0206,QZ_DEE,Deep Learning,64,100,2025-12-21 13:55:37.168988
S0206,QZ_NLP,NLP,29,100,2025-09-25 13:55:37.168988
S0206,QZ_NLP,NLP,49,100,2025-12-19 13:55:37.168988
S0206,QZ_NLP,NLP,68,100,2025-08-30 13:55:37.168988
S0206,QZ_COM,Computer Vision,32,100,2025-09-17 13:55:37.168988
S0206,QZ_COM,Computer Vision,97,100,2025-12-17 13:55:37.168988
S0206,QZ_COM,Computer Vision,54,100,2025-09-20 13:55:37.168988
S0206,QZ_COM,Computer Vision,53,100,2025-09-06 13:55:37.168988
S0206,QZ_OPT,Optimization,60,100,2025-10-04 13:55:37.168988
S0206,QZ_OPT,Optimization,72,100,2025-11-16 13:55:37.168988
S0207,QZ_LIN,Linear Algebra,76,100,2025-08-07 13:55:37.168988
S0207,QZ_LIN,Linear Algebra,77,100,2025-12-06 13:55:37.168988
S0207,QZ_LIN,Linear Algebra,42,100,2025-12-10 13:55:37.168988
S0207,QZ_LIN,Linear Algebra,27,100,2026-01-04 13:55:37.168988
S0207,QZ_PRO,Probability,81,100,2025-12-03 13:55:37.168988
S0207,QZ_PRO,Probability,87,100,2025-09-13 13:55:37.168988
S0207,QZ_PRO,Probability,47,100,2025-11-01 13:55:37.168988
S0207,QZ_PRO,Probability,58,100,2025-09-21 13:55:37.168988
S0207,QZ_STA,Statistics,67,100,2025-09-21 13:55:37.168988
S0207,QZ_STA,Statistics,38,100,2026-01-10 13:55:37.168988
S0207,QZ_STA,Statistics,62,100,2025-10-06 13:55:37.168988
S0207,QZ_STA,Statistics,91,100,2025-09-04 13:55:37.168988
S0207,QZ_ML ,ML Basics,60,100,2025-09-24 13:55:37.168988
S0207,QZ_ML ,ML Basics,77,100,2025-07-27 13:55:37.168988
S0207,QZ_ML ,ML Basics,67,100,2025-09-21 13:55:37.168988
S0207,QZ_DEE,Deep Learning,58,100,2025-09-26 13:55:37.168988
S0207,QZ_DEE,Deep Learning,88,100,2025-12-05 13:55:37.168988
S0207,QZ_NLP,NLP,47,100,2025-12-25 13:55:37.168988
S0207,QZ_NLP,NLP,98,100,2025-11-21 13:55:37.168988
S0207,QZ_NLP,NLP,31,100,2025-11-17 13:55:37.168988
S0207,QZ_COM,Computer Vision,40,100,2025-11-08 13:55:37.168988
S0207,QZ_COM,Computer Vision,90,100,2025-11-25 13:55:37.168988
S0207,QZ_COM,Computer Vision,41,100,2025-09-01 13:55:37.168988
S0207,QZ_OPT,Optimization,46,100,2025-08-11 13:55:37.168988
S0207,QZ_OPT,Optimization,71,100,2025-10-21 13:55:37.168988
S0208,QZ_LIN,Linear Algebra,97,100,2025-09-30 13:55:37.168988
S0208,QZ_LIN,Linear Algebra,25,100,2025-11-01 13:55:37.168988
S0208,QZ_LIN,Linear Algebra,70,100,2025-10-10 13:55:37.168988
S0208,QZ_LIN,Linear Algebra,94,100,2025-11-10 13:55:37.168988
S0208,QZ_PRO,Probability,31,100,2025-07-26 13:55:37.168988
S0208,QZ_PRO,Probability,81,100,2025-11-17 13:55:37.168988
S0208,QZ_STA,Statistics,96,100,2025-09-13 13:55:37.168988
S0208,QZ_STA,Statistics,71,100,2025-07-21 13:55:37.168988
S0208,QZ_STA,Statistics,87,100,2025-08-11 13:55:37.168988
S0208,QZ_ML ,ML Basics,96,100,2025-09-06 13:55:37.168988
S0208,QZ_ML ,ML Basics,31,100,2026-01-07 13:55:37.168988
S0208,QZ_ML ,ML Basics,89,100,2025-12-15 13:55:37.168988
S0208,QZ_DEE,Deep Learning,93,100,2025-11-04 13:55:37.168988
S0208,QZ_DEE,Deep Learning,86,100,2025-10-27 13:55:37.168988
S0208,QZ_NLP,NLP,53,100,2025-07-27 13:55:37.168988
S0208,QZ_NLP,NLP,84,100,2025-12-23 13:55:37.168988
S0208,QZ_NLP,NLP,89,100,2025-12-29 13:55:37.168988
S0208,QZ_NLP,NLP,53,100,2026-01-07 13:55:37.168988
S0208,QZ_COM,Computer Vision,76,100,2025-10-11 13:55:37.168988
S0208,QZ_COM,Computer Vision,57,100,2025-08-18 13:55:37.168988
S0208,QZ_COM,Computer Vision,76,100,2025-09-03 13:55:37.168988
S0208,QZ_COM,Computer Vision,82,100,2025-11-25 13:55:37.168988
S0208,QZ_OPT,Optimization,86,100,2025-11-02 13:55:37.168988
S0208,QZ_OPT,Optimization,99,100,2025-08-04 13:55:37.168988
S0208,QZ_OPT,Optimization,29,100,2025-11-28 13:55:37.168988
S0208,QZ_OPT,Optimization,30,100,2025-11-05 13:55:37.168988
S0209,QZ_LIN,Linear Algebra,63,100,2025-12-31 13:55:37.168988
S0209,QZ_LIN,Linear Algebra,31,100,2025-09-25 13:55:37.168988
S0209,QZ_PRO,Probability,49,100,2025-11-17 13:55:37.168988
S0209,QZ_PRO,Probability,31,100,2025-09-12 13:55:37.168988
S0209,QZ_STA,Statistics,80,100,2025-11-02 13:55:37.168988
S0209,QZ_STA,Statistics,68,100,2025-11-10 13:55:37.168988
S0209,QZ_STA,Statistics,53,100,2025-08-20 13:55:37.168988
S0209,QZ_STA,Statistics,34,100,2025-10-05 13:55:37.168988
S0209,QZ_ML ,ML Basics,70,100,2025-12-08 13:55:37.168988
S0209,QZ_ML ,ML Basics,73,100,2025-07-27 13:55:37.168988
S0209,QZ_ML ,ML Basics,29,100,2025-09-20 13:55:37.168988
S0209,QZ_ML ,ML Basics,41,100,2025-10-21 13:55:37.168988
S0209,QZ_DEE,Deep Learning,62,100,2025-12-28 13:55:37.168988
S0209,QZ_DEE,Deep Learning,91,100,2025-10-13 13:55:37.168988
S0209,QZ_NLP,NLP,45,100,2025-10-30 13:55:37.168988
S0209,QZ_NLP,NLP,96,100,2025-10-15 13:55:37.168988
S0209,QZ_NLP,NLP,63,100,2025-08-01 13:55:37.168988
S0209,QZ_COM,Computer Vision,53,100,2025-11-11 13:55:37.168988
S0209,QZ_COM,Computer Vision,36,100,2025-10-28 13:55:37.168988
S0209,QZ_COM,Computer Vision,61,100,2025-12-04 13:55:37.168988
S0209,QZ_OPT,Optimization,56,100,2025-08-05 13:55:37.168988
S0209,QZ_OPT,Optimization,99,100,2025-12-27 13:55:37.168988
S0209,QZ_OPT,Optimization,76,100,2025-07-24 13:55:37.168988
S0210,QZ_LIN,Linear Algebra,89,100,2025-12-03 13:55:37.168988
S0210,QZ_LIN,Linear Algebra,91,100,2025-12-04 13:55:37.168988
S0210,QZ_LIN,Linear Algebra,75,100,2025-09-15 13:55:37.168988
S0210,QZ_PRO,Probability,78,100,2025-12-05 13:55:37.168988
S0210,QZ_PRO,Probability,58,100,2025-11-19 13:55:37.168988
S0210,QZ_PRO,Probability,74,100,2025-08-04 13:55:37.168988
S0210,QZ_PRO,Probability,87,100,2025-09-30 13:55:37.168988
S0210,QZ_STA,Statistics,39,100,2025-12-12 13:55:37.168988
S0210,QZ_STA,Statistics,34,100,2025-10-06 13:55:37.168988
S0210,QZ_STA,Statistics,61,100,2025-07-25 13:55:37.168988
S0210,QZ_ML ,ML Basics,79,100,2025-12-22 13:55:37.168988
S0210,QZ_ML ,ML Basics,93,100,2025-08-27 13:55:37.168988
S0210,QZ_ML ,ML Basics,60,100,2025-10-22 13:55:37.168988
S0210,QZ_ML ,ML Basics,52,100,2025-09-15 13:55:37.168988
S0210,QZ_DEE,Deep Learning,53,100,2025-10-14 13:55:37.168988
S0210,QZ_DEE,Deep Learning,93,100,2025-08-14 13:55:37.168988
S0210,QZ_DEE,Deep Learning,46,100,2025-11-23 13:55:37.168988
S0210,QZ_NLP,NLP,58,100,2025-10-21 13:55:37.168988
S0210,QZ_NLP,NLP,81,100,2025-09-05 13:55:37.168988
S0210,QZ_NLP,NLP,98,100,2025-12-17 13:55:37.168988
S0210,QZ_NLP,NLP,33,100,2025-09-25 13:55:37.168988
S0210,QZ_COM,Computer Vision,79,100,2026-01-14 13:55:37.168988
S0210,QZ_COM,Computer Vision,79,100,2025-12-24 13:55:37.168988
S0210,QZ_OPT,Optimization,47,100,2025-10-01 13:55:37.168988
S0210,QZ_OPT,Optimization,51,100,2025-07-26 13:55:37.168988
S0211,QZ_LIN,Linear Algebra,49,100,2025-11-12 13:55:37.168988
S0211,QZ_LIN,Linear Algebra,48,100,2025-12-31 13:55:37.168988
S0211,QZ_PRO,Probability,53,100,2025-09-02 13:55:37.168988
S0211,QZ_PRO,Probability,89,100,2025-08-13 13:55:37.168988
S0211,QZ_PRO,Probability,66,100,2025-09-22 13:55:37.168988
S0211,QZ_STA,Statistics,83,100,2025-09-10 13:55:37.168988
S0211,QZ_STA,Statistics,25,100,2025-09-09 13:55:37.168988
S0211,QZ_STA,Statistics,70,100,2025-09-15 13:55:37.168988
S0211,QZ_ML ,ML Basics,72,100,2025-10-15 13:55:37.168988
S0211,QZ_ML ,ML Basics,28,100,2025-10-24 13:55:37.168988
S0211,QZ_ML ,ML Basics,55,100,2025-12-13 13:55:37.168988
S0211,QZ_ML ,ML Basics,56,100,2025-11-13 13:55:37.168988
S0211,QZ_DEE,Deep Learning,95,100,2025-08-15 13:55:37.168988
S0211,QZ_DEE,Deep Learning,34,100,2025-09-23 13:55:37.168988
S0211,QZ_DEE,Deep Learning,92,100,2025-12-13 13:55:37.168988
S0211,QZ_DEE,Deep Learning,85,100,2025-07-30 13:55:37.168988
S0211,QZ_NLP,NLP,49,100,2025-09-12 13:55:37.168988
S0211,QZ_NLP,NLP,83,100,2026-01-14 13:55:37.168988
S0211,QZ_COM,Computer Vision,92,100,2025-11-11 13:55:37.168988
S0211,QZ_COM,Computer Vision,93,100,2025-11-19 13:55:37.168988
S0211,QZ_COM,Computer Vision,88,100,2025-12-28 13:55:37.168988
S0211,QZ_OPT,Optimization,73,100,2025-12-26 13:55:37.168988
S0211,QZ_OPT,Optimization,68,100,2025-10-09 13:55:37.168988
S0212,QZ_LIN,Linear Algebra,44,100,2025-07-26 13:55:37.168988
S0212,QZ_LIN,Linear Algebra,65,100,2025-10-27 13:55:37.168988
S0212,QZ_LIN,Linear Algebra,92,100,2025-12-07 13:55:37.168988
S0212,QZ_LIN,Linear Algebra,33,100,2026-01-04 13:55:37.168988
S0212,QZ_PRO,Probability,99,100,2025-10-21 13:55:37.168988
S0212,QZ_PRO,Probability,27,100,2025-09-03 13:55:37.168988
S0212,QZ_PRO,Probability,96,100,2025-07-26 13:55:37.168988
S0212,QZ_STA,Statistics,84,100,2025-10-21 13:55:37.168988
S0212,QZ_STA,Statistics,94,100,2025-08-26 13:55:37.168988
S0212,QZ_STA,Statistics,41,100,2025-10-14 13:55:37.168988
S0212,QZ_ML ,ML Basics,74,100,2025-09-10 13:55:37.168988
S0212,QZ_ML ,ML Basics,94,100,2026-01-11 13:55:37.168988
S0212,QZ_ML ,ML Basics,92,100,2026-01-08 13:55:37.168988
S0212,QZ_DEE,Deep Learning,82,100,2025-11-17 13:55:37.168988
S0212,QZ_DEE,Deep Learning,39,100,2025-12-23 13:55:37.168988
S0212,QZ_DEE,Deep Learning,33,100,2025-09-16 13:55:37.168988
S0212,QZ_DEE,Deep Learning,85,100,2025-09-14 13:55:37.168988
S0212,QZ_NLP,NLP,48,100,2025-09-14 13:55:37.168988
S0212,QZ_NLP,NLP,86,100,2025-08-01 13:55:37.168988
S0212,QZ_NLP,NLP,99,100,2025-12-09 13:55:37.168988
S0212,QZ_COM,Computer Vision,62,100,2025-10-18 13:55:37.168988
S0212,QZ_COM,Computer Vision,45,100,2025-08-22 13:55:37.168988
S0212,QZ_COM,Computer Vision,56,100,2025-11-16 13:55:37.168988
S0212,QZ_OPT,Optimization,98,100,2025-12-30 13:55:37.168988
S0212,QZ_OPT,Optimization,91,100,2025-11-07 13:55:37.168988
S0212,QZ_OPT,Optimization,39,100,2025-11-25 13:55:37.168988
S0213,QZ_LIN,Linear Algebra,90,100,2025-09-09 13:55:37.168988
S0213,QZ_LIN,Linear Algebra,54,100,2025-09-25 13:55:37.168988
S0213,QZ_LIN,Linear Algebra,67,100,2026-01-11 13:55:37.168988
S0213,QZ_PRO,Probability,64,100,2025-10-03 13:55:37.168988
S0213,QZ_PRO,Probability,45,100,2025-11-19 13:55:37.168988
S0213,QZ_PRO,Probability,79,100,2025-12-02 13:55:37.168988
S0213,QZ_STA,Statistics,82,100,2025-09-30 13:55:37.168988
S0213,QZ_STA,Statistics,34,100,2025-08-17 13:55:37.168988
S0213,QZ_ML ,ML Basics,38,100,2025-11-10 13:55:37.168988
S0213,QZ_ML ,ML Basics,79,100,2025-08-26 13:55:37.168988
S0213,QZ_ML ,ML Basics,68,100,2025-11-01 13:55:37.168988
S0213,QZ_DEE,Deep Learning,81,100,2025-10-28 13:55:37.168988
S0213,QZ_DEE,Deep Learning,29,100,2025-11-18 13:55:37.168988
S0213,QZ_NLP,NLP,96,100,2025-08-18 13:55:37.168988
S0213,QZ_NLP,NLP,51,100,2025-09-14 13:55:37.168988
S0213,QZ_NLP,NLP,79,100,2025-12-27 13:55:37.168988
S0213,QZ_COM,Computer Vision,70,100,2025-08-11 13:55:37.168988
S0213,QZ_COM,Computer Vision,92,100,2025-07-22 13:55:37.168988
S0213,QZ_COM,Computer Vision,49,100,2025-10-29 13:55:37.168988
S0213,QZ_OPT,Optimization,70,100,2025-11-24 13:55:37.168988
S0213,QZ_OPT,Optimization,40,100,2025-11-05 13:55:37.168988
S0214,QZ_LIN,Linear Algebra,57,100,2025-11-26 13:55:37.168988
S0214,QZ_LIN,Linear Algebra,50,100,2025-08-20 13:55:37.168988
S0214,QZ_LIN,Linear Algebra,34,100,2025-08-27 13:55:37.168988
S0214,QZ_LIN,Linear Algebra,36,100,2026-01-06 13:55:37.168988
S0214,QZ_PRO,Probability,44,100,2025-08-28 13:55:37.168988
S0214,QZ_PRO,Probability,68,100,2026-01-09 13:55:37.168988
S0214,QZ_PRO,Probability,54,100,2025-11-19 13:55:37.168988
S0214,QZ_PRO,Probability,64,100,2025-11-01 13:55:37.168988
S0214,QZ_STA,Statistics,58,100,2025-08-17 13:55:37.168988
S0214,QZ_STA,Statistics,66,100,2025-07-27 13:55:37.168988
S0214,QZ_STA,Statistics,84,100,2025-10-20 13:55:37.168988
S0214,QZ_ML ,ML Basics,37,100,2025-11-09 13:55:37.168988
S0214,QZ_ML ,ML Basics,44,100,2025-09-14 13:55:37.168988
S0214,QZ_ML ,ML Basics,99,100,2025-12-18 13:55:37.168988
S0214,QZ_DEE,Deep Learning,77,100,2026-01-04 13:55:37.168988
S0214,QZ_DEE,Deep Learning,75,100,2025-11-18 13:55:37.168988
S0214,QZ_NLP,NLP,51,100,2025-12-25 13:55:37.168988
S0214,QZ_NLP,NLP,58,100,2025-10-03 13:55:37.168988
S0214,QZ_COM,Computer Vision,83,100,2025-08-09 13:55:37.168988
S0214,QZ_COM,Computer Vision,38,100,2025-10-14 13:55:37.168988
S0214,QZ_OPT,Optimization,46,100,2025-08-02 13:55:37.168988
S0214,QZ_OPT,Optimization,35,100,2025-07-29 13:55:37.168988
S0214,QZ_OPT,Optimization,88,100,2025-12-17 13:55:37.168988
S0215,QZ_LIN,Linear Algebra,88,100,2025-12-09 13:55:37.168988
S0215,QZ_LIN,Linear Algebra,53,100,2025-12-07 13:55:37.168988
S0215,QZ_LIN,Linear Algebra,65,100,2025-09-14 13:55:37.168988
S0215,QZ_LIN,Linear Algebra,92,100,2026-01-06 13:55:37.168988
S0215,QZ_PRO,Probability,30,100,2026-01-07 13:55:37.168988
S0215,QZ_PRO,Probability,88,100,2025-10-06 13:55:37.168988
S0215,QZ_PRO,Probability,70,100,2025-12-04 13:55:37.168988
S0215,QZ_STA,Statistics,89,100,2025-12-27 13:55:37.168988
S0215,QZ_STA,Statistics,28,100,2026-01-13 13:55:37.168988
S0215,QZ_STA,Statistics,31,100,2025-11-20 13:55:37.168988
S0215,QZ_ML ,ML Basics,66,100,2025-09-18 13:55:37.168988
S0215,QZ_ML ,ML Basics,34,100,2026-01-13 13:55:37.168988
S0215,QZ_ML ,ML Basics,73,100,2026-01-11 13:55:37.168988
S0215,QZ_DEE,Deep Learning,59,100,2025-08-23 13:55:37.168988
S0215,QZ_DEE,Deep Learning,70,100,2026-01-12 13:55:37.168988
S0215,QZ_DEE,Deep Learning,97,100,2025-08-12 13:55:37.168988
S0215,QZ_DEE,Deep Learning,60,100,2025-07-21 13:55:37.168988
S0215,QZ_NLP,NLP,34,100,2025-09-08 13:55:37.168988
S0215,QZ_NLP,NLP,39,100,2025-11-03 13:55:37.168988
S0215,QZ_COM,Computer Vision,56,100,2025-10-22 13:55:37.168988
S0215,QZ_COM,Computer Vision,98,100,2025-07-24 13:55:37.168988
S0215,QZ_COM,Computer Vision,32,100,2025-12-28 13:55:37.168988
S0215,QZ_OPT,Optimization,91,100,2025-10-31 13:55:37.168988
S0215,QZ_OPT,Optimization,87,100,2025-10-02 13:55:37.168988
S0216,QZ_LIN,Linear Algebra,98,100,2025-09-21 13:55:37.168988
S0216,QZ_LIN,Linear Algebra,59,100,2026-01-04 13:55:37.168988
S0216,QZ_PRO,Probability,54,100,2025-08-19 13:55:37.168988
S0216,QZ_PRO,Probability,37,100,2025-08-18 13:55:37.168988
S0216,QZ_PRO,Probability,55,100,2025-12-17 13:55:37.168988
S0216,QZ_PRO,Probability,43,100,2025-10-27 13:55:37.168988
S0216,QZ_STA,Statistics,65,100,2025-12-15 13:55:37.168988
S0216,QZ_STA,Statistics,94,100,2025-11-26 13:55:37.168988
S0216,QZ_STA,Statistics,25,100,2025-08-01 13:55:37.168988
S0216,QZ_ML ,ML Basics,92,100,2025-08-05 13:55:37.168988
S0216,QZ_ML ,ML Basics,26,100,2025-10-23 13:55:37.168988
S0216,QZ_ML ,ML Basics,75,100,2025-11-14 13:55:37.168988
S0216,QZ_ML ,ML Basics,79,100,2025-08-11 13:55:37.168988
S0216,QZ_DEE,Deep Learning,49,100,2025-12-19 13:55:37.168988
S0216,QZ_DEE,Deep Learning,87,100,2025-12-28 13:55:37.168988
S0216,QZ_NLP,NLP,87,100,2025-08-01 13:55:37.168988
S0216,QZ_NLP,NLP,74,100,2025-11-03 13:55:37.168988
S0216,QZ_COM,Computer Vision,46,100,2025-11-07 13:55:37.168988
S0216,QZ_COM,Computer Vision,67,100,2025-09-19 13:55:37.168988
S0216,QZ_OPT,Optimization,69,100,2026-01-14 13:55:37.168988
S0216,QZ_OPT,Optimization,65,100,2025-10-15 13:55:37.168988
S0216,QZ_OPT,Optimization,77,100,2025-09-22 13:55:37.168988
S0216,QZ_OPT,Optimization,90,100,2025-09-15 13:55:37.168988
S0217,QZ_LIN,Linear Algebra,49,100,2025-09-09 13:55:37.168988
S0217,QZ_LIN,Linear Algebra,78,100,2025-10-23 13:55:37.168988
S0217,QZ_LIN,Linear Algebra,87,100,2025-11-24 13:55:37.168988
S0217,QZ_LIN,Linear Algebra,80,100,2025-09-16 13:55:37.168988
S0217,QZ_PRO,Probability,89,100,2025-11-05 13:55:37.168988
S0217,QZ_PRO,Probability,49,100,2025-07-23 13:55:37.168988
S0217,QZ_PRO,Probability,78,100,2025-12-04 13:55:37.168988
S0217,QZ_PRO,Probability,34,100,2025-12-05 13:55:37.168988
S0217,QZ_STA,Statistics,39,100,2025-10-10 13:55:37.168988
S0217,QZ_STA,Statistics,36,100,2025-08-20 13:55:37.168988
S0217,QZ_STA,Statistics,95,100,2025-10-27 13:55:37.168988
S0217,QZ_ML ,ML Basics,28,100,2025-08-16 13:55:37.168988
S0217,QZ_ML ,ML Basics,96,100,2025-12-07 13:55:37.168988
S0217,QZ_DEE,Deep Learning,25,100,2025-08-30 13:55:37.168988
S0217,QZ_DEE,Deep Learning,68,100,2026-01-15 13:55:37.168988
S0217,QZ_DEE,Deep Learning,62,100,2025-08-26 13:55:37.168988
S0217,QZ_DEE,Deep Learning,62,100,2025-10-07 13:55:37.168988
S0217,QZ_NLP,NLP,78,100,2025-09-12 13:55:37.168988
S0217,QZ_NLP,NLP,32,100,2025-09-14 13:55:37.168988
S0217,QZ_COM,Computer Vision,94,100,2026-01-04 13:55:37.168988
S0217,QZ_COM,Computer Vision,48,100,2025-09-30 13:55:37.168988
S0217,QZ_OPT,Optimization,26,100,2025-09-16 13:55:37.168988
S0217,QZ_OPT,Optimization,74,100,2025-09-29 13:55:37.168988
S0217,QZ_OPT,Optimization,64,100,2026-01-06 13:55:37.168988
S0217,QZ_OPT,Optimization,63,100,2025-12-05 13:55:37.168988
S0218,QZ_LIN,Linear Algebra,27,100,2025-10-31 13:55:37.168988
S0218,QZ_LIN,Linear Algebra,97,100,2025-11-29 13:55:37.168988
S0218,QZ_LIN,Linear Algebra,41,100,2025-09-24 13:55:37.168988
S0218,QZ_LIN,Linear Algebra,60,100,2025-08-20 13:55:37.168988
S0218,QZ_PRO,Probability,93,100,2025-09-17 13:55:37.168988
S0218,QZ_PRO,Probability,89,100,2025-12-31 13:55:37.168988
S0218,QZ_PRO,Probability,71,100,2025-08-26 13:55:37.168988
S0218,QZ_STA,Statistics,95,100,2025-11-10 13:55:37.168988
S0218,QZ_STA,Statistics,35,100,2025-11-13 13:55:37.168988
S0218,QZ_STA,Statistics,74,100,2025-09-27 13:55:37.168988
S0218,QZ_ML ,ML Basics,91,100,2025-11-03 13:55:37.168988
S0218,QZ_ML ,ML Basics,73,100,2025-11-07 13:55:37.168988
S0218,QZ_DEE,Deep Learning,83,100,2025-10-19 13:55:37.168988
S0218,QZ_DEE,Deep Learning,67,100,2025-08-01 13:55:37.168988
S0218,QZ_DEE,Deep Learning,60,100,2025-11-06 13:55:37.168988
S0218,QZ_DEE,Deep Learning,88,100,2025-10-06 13:55:37.168988
S0218,QZ_NLP,NLP,64,100,2025-08-24 13:55:37.168988
S0218,QZ_NLP,NLP,55,100,2025-09-22 13:55:37.168988
S0218,QZ_COM,Computer Vision,32,100,2025-11-22 13:55:37.168988
S0218,QZ_COM,Computer Vision,64,100,2025-08-18 13:55:37.168988
S0218,QZ_COM,Computer Vision,49,100,2025-07-30 13:55:37.168988
S0218,QZ_OPT,Optimization,92,100,2025-09-27 13:55:37.168988
S0218,QZ_OPT,Optimization,41,100,2025-08-21 13:55:37.168988
S0218,QZ_OPT,Optimization,45,100,2025-10-14 13:55:37.168988
S0218,QZ_OPT,Optimization,79,100,2025-12-30 13:55:37.168988
S0219,QZ_LIN,Linear Algebra,72,100,2025-10-24 13:55:37.168988
S0219,QZ_LIN,Linear Algebra,29,100,2025-12-19 13:55:37.168988
S0219,QZ_LIN,Linear Algebra,27,100,2025-10-05 13:55:37.168988
S0219,QZ_PRO,Probability,66,100,2025-08-06 13:55:37.168988
S0219,QZ_PRO,Probability,76,100,2025-10-25 13:55:37.168988
S0219,QZ_PRO,Probability,46,100,2025-10-09 13:55:37.168988
S0219,QZ_PRO,Probability,41,100,2025-08-29 13:55:37.168988
S0219,QZ_STA,Statistics,90,100,2025-10-11 13:55:37.168988
S0219,QZ_STA,Statistics,51,100,2026-01-03 13:55:37.168988
S0219,QZ_STA,Statistics,70,100,2025-11-19 13:55:37.168988
S0219,QZ_ML ,ML Basics,34,100,2025-11-17 13:55:37.168988
S0219,QZ_ML ,ML Basics,80,100,2025-12-30 13:55:37.168988
S0219,QZ_ML ,ML Basics,38,100,2025-10-04 13:55:37.168988
S0219,QZ_DEE,Deep Learning,53,100,2025-12-09 13:55:37.168988
S0219,QZ_DEE,Deep Learning,83,100,2025-12-27 13:55:37.168988
S0219,QZ_DEE,Deep Learning,26,100,2025-08-12 13:55:37.168988
S0219,QZ_DEE,Deep Learning,46,100,2025-09-05 13:55:37.168988
S0219,QZ_NLP,NLP,55,100,2025-10-16 13:55:37.168988
S0219,QZ_NLP,NLP,73,100,2025-12-17 13:55:37.168988
S0219,QZ_NLP,NLP,55,100,2025-11-09 13:55:37.168988
S0219,QZ_COM,Computer Vision,68,100,2025-10-29 13:55:37.168988
S0219,QZ_COM,Computer Vision,40,100,2025-11-15 13:55:37.168988
S0219,QZ_COM,Computer Vision,62,100,2025-10-10 13:55:37.168988
S0219,QZ_COM,Computer Vision,62,100,2025-09-30 13:55:37.168988
S0219,QZ_OPT,Optimization,66,100,2025-11-30 13:55:37.168988
S0219,QZ_OPT,Optimization,53,100,2025-09-09 13:55:37.168988
S0219,QZ_OPT,Optimization,38,100,2025-09-30 13:55:37.168988
S0219,QZ_OPT,Optimization,27,100,2025-08-29 13:55:37.168988
S0220,QZ_LIN,Linear Algebra,91,100,2025-11-27 13:55:37.168988
S0220,QZ_LIN,Linear Algebra,67,100,2026-01-02 13:55:37.168988
S0220,QZ_LIN,Linear Algebra,60,100,2025-10-15 13:55:37.168988
S0220,QZ_LIN,Linear Algebra,78,100,2025-07-22 13:55:37.168988
S0220,QZ_PRO,Probability,73,100,2025-11-12 13:55:37.168988
S0220,QZ_PRO,Probability,82,100,2025-09-29 13:55:37.168988
S0220,QZ_STA,Statistics,25,100,2025-11-19 13:55:37.168988
S0220,QZ_STA,Statistics,31,100,2026-01-11 13:55:37.168988
S0220,QZ_STA,Statistics,28,100,2025-12-10 13:55:37.168988
S0220,QZ_ML ,ML Basics,63,100,2026-01-11 13:55:37.168988
S0220,QZ_ML ,ML Basics,75,100,2025-08-05 13:55:37.168988
S0220,QZ_ML ,ML Basics,81,100,2025-12-29 13:55:37.168988
S0220,QZ_ML ,ML Basics,37,100,2025-11-03 13:55:37.168988
S0220,QZ_DEE,Deep Learning,71,100,2025-08-08 13:55:37.168988
S0220,QZ_DEE,Deep Learning,88,100,2026-01-10 13:55:37.168988
S0220,QZ_DEE,Deep Learning,28,100,2025-07-30 13:55:37.168988
S0220,QZ_DEE,Deep Learning,99,100,2025-07-26 13:55:37.168988
S0220,QZ_NLP,NLP,64,100,2025-12-05 13:55:37.168988
S0220,QZ_NLP,NLP,32,100,2025-11-26 13:55:37.168988
S0220,QZ_NLP,NLP,88,100,2025-11-03 13:55:37.168988
S0220,QZ_NLP,NLP,58,100,2025-12-07 13:55:37.168988
S0220,QZ_COM,Computer Vision,93,100,2025-11-08 13:55:37.168988
S0220,QZ_COM,Computer Vision,66,100,2025-09-27 13:55:37.168988
S0220,QZ_OPT,Optimization,86,100,2025-12-16 13:55:37.168988
S0220,QZ_OPT,Optimization,79,100,2025-12-26 13:55:37.168988
S0221,QZ_LIN,Linear Algebra,41,100,2025-10-19 13:55:37.168988
S0221,QZ_LIN,Linear Algebra,61,100,2025-12-23 13:55:37.168988
S0221,QZ_PRO,Probability,79,100,2025-11-04 13:55:37.168988
S0221,QZ_PRO,Probability,46,100,2026-01-14 13:55:37.168988
S0221,QZ_PRO,Probability,58,100,2025-10-30 13:55:37.168988
S0221,QZ_PRO,Probability,41,100,2025-08-05 13:55:37.168988
S0221,QZ_STA,Statistics,53,100,2025-10-15 13:55:37.168988
S0221,QZ_STA,Statistics,65,100,2025-11-27 13:55:37.168988
S0221,QZ_STA,Statistics,29,100,2025-11-29 13:55:37.168988
S0221,QZ_ML ,ML Basics,80,100,2025-09-16 13:55:37.168988
S0221,QZ_ML ,ML Basics,61,100,2026-01-13 13:55:37.168988
S0221,QZ_ML ,ML Basics,29,100,2025-08-05 13:55:37.168988
S0221,QZ_ML ,ML Basics,28,100,2025-08-16 13:55:37.168988
S0221,QZ_DEE,Deep Learning,31,100,2025-12-02 13:55:37.168988
S0221,QZ_DEE,Deep Learning,81,100,2025-12-22 13:55:37.168988
S0221,QZ_DEE,Deep Learning,29,100,2025-12-16 13:55:37.168988
S0221,QZ_DEE,Deep Learning,63,100,2025-11-08 13:55:37.168988
S0221,QZ_NLP,NLP,66,100,2026-01-08 13:55:37.168988
S0221,QZ_NLP,NLP,43,100,2025-12-17 13:55:37.168988
S0221,QZ_NLP,NLP,99,100,2025-11-28 13:55:37.168988
S0221,QZ_COM,Computer Vision,34,100,2025-11-21 13:55:37.168988
S0221,QZ_COM,Computer Vision,71,100,2025-12-10 13:55:37.168988
S0221,QZ_COM,Computer Vision,37,100,2025-11-30 13:55:37.168988
S0221,QZ_COM,Computer Vision,28,100,2025-08-28 13:55:37.168988
S0221,QZ_OPT,Optimization,84,100,2026-01-06 13:55:37.168988
S0221,QZ_OPT,Optimization,98,100,2025-08-27 13:55:37.168988
S0222,QZ_LIN,Linear Algebra,57,100,2025-11-11 13:55:37.168988
S0222,QZ_LIN,Linear Algebra,43,100,2025-08-16 13:55:37.168988
S0222,QZ_PRO,Probability,52,100,2025-11-29 13:55:37.168988
S0222,QZ_PRO,Probability,41,100,2025-09-17 13:55:37.168988
S0222,QZ_PRO,Probability,34,100,2026-01-01 13:55:37.168988
S0222,QZ_STA,Statistics,76,100,2025-09-30 13:55:37.168988
S0222,QZ_STA,Statistics,87,100,2025-11-12 13:55:37.168988
S0222,QZ_ML ,ML Basics,30,100,2026-01-13 13:55:37.168988
S0222,QZ_ML ,ML Basics,60,100,2025-08-01 13:55:37.168988
S0222,QZ_ML ,ML Basics,59,100,2025-09-08 13:55:37.168988
S0222,QZ_DEE,Deep Learning,91,100,2025-08-25 13:55:37.168988
S0222,QZ_DEE,Deep Learning,76,100,2025-10-29 13:55:37.168988
S0222,QZ_NLP,NLP,64,100,2025-11-08 13:55:37.168988
S0222,QZ_NLP,NLP,95,100,2025-10-29 13:55:37.168988
S0222,QZ_NLP,NLP,42,100,2026-01-10 13:55:37.168988
S0222,QZ_COM,Computer Vision,79,100,2025-12-03 13:55:37.168988
S0222,QZ_COM,Computer Vision,96,100,2025-08-08 13:55:37.168988
S0222,QZ_COM,Computer Vision,96,100,2025-10-19 13:55:37.168988
S0222,QZ_OPT,Optimization,62,100,2025-11-26 13:55:37.168988
S0222,QZ_OPT,Optimization,37,100,2025-10-02 13:55:37.168988
S0222,QZ_OPT,Optimization,70,100,2025-11-27 13:55:37.168988
S0223,QZ_LIN,Linear Algebra,46,100,2026-01-08 13:55:37.168988
S0223,QZ_LIN,Linear Algebra,84,100,2025-08-18 13:55:37.168988
S0223,QZ_PRO,Probability,99,100,2025-08-10 13:55:37.168988
S0223,QZ_PRO,Probability,52,100,2026-01-02 13:55:37.168988
S0223,QZ_PRO,Probability,65,100,2025-12-19 13:55:37.168988
S0223,QZ_PRO,Probability,75,100,2025-10-16 13:55:37.168988
S0223,QZ_STA,Statistics,58,100,2025-07-24 13:55:37.168988
S0223,QZ_STA,Statistics,45,100,2025-10-24 13:55:37.168988
S0223,QZ_STA,Statistics,85,100,2025-12-24 13:55:37.168988
S0223,QZ_STA,Statistics,25,100,2025-11-14 13:55:37.168988
S0223,QZ_ML ,ML Basics,89,100,2025-12-13 13:55:37.168988
S0223,QZ_ML ,ML Basics,28,100,2026-01-07 13:55:37.168988
S0223,QZ_ML ,ML Basics,38,100,2025-09-25 13:55:37.168988
S0223,QZ_DEE,Deep Learning,59,100,2025-09-29 13:55:37.168988
S0223,QZ_DEE,Deep Learning,71,100,2025-08-01 13:55:37.168988
S0223,QZ_DEE,Deep Learning,74,100,2025-11-20 13:55:37.168988
S0223,QZ_DEE,Deep Learning,39,100,2025-08-10 13:55:37.168988
S0223,QZ_NLP,NLP,75,100,2026-01-03 13:55:37.168988
S0223,QZ_NLP,NLP,29,100,2025-07-30 13:55:37.168988
S0223,QZ_NLP,NLP,58,100,2025-11-15 13:55:37.168988
S0223,QZ_NLP,NLP,49,100,2025-10-27 13:55:37.168988
S0223,QZ_COM,Computer Vision,33,100,2025-08-09 13:55:37.168988
S0223,QZ_COM,Computer Vision,29,100,2025-08-03 13:55:37.168988
S0223,QZ_COM,Computer Vision,42,100,2025-09-18 13:55:37.168988
S0223,QZ_OPT,Optimization,43,100,2025-07-30 13:55:37.168988
S0223,QZ_OPT,Optimization,54,100,2025-08-25 13:55:37.168988
S0224,QZ_LIN,Linear Algebra,66,100,2025-08-12 13:55:37.168988
S0224,QZ_LIN,Linear Algebra,43,100,2025-12-22 13:55:37.168988
S0224,QZ_LIN,Linear Algebra,38,100,2025-09-23 13:55:37.168988
S0224,QZ_PRO,Probability,34,100,2025-10-28 13:55:37.168988
S0224,QZ_PRO,Probability,37,100,2026-01-09 13:55:37.168988
S0224,QZ_PRO,Probability,80,100,2025-12-24 13:55:37.168988
S0224,QZ_STA,Statistics,28,100,2025-11-21 13:55:37.168988
S0224,QZ_STA,Statistics,85,100,2025-11-11 13:55:37.168988
S0224,QZ_ML ,ML Basics,26,100,2025-12-12 13:55:37.168988
S0224,QZ_ML ,ML Basics,78,100,2025-10-10 13:55:37.168988
S0224,QZ_DEE,Deep Learning,95,100,2025-12-14 13:55:37.168988
S0224,QZ_DEE,Deep Learning,25,100,2025-09-01 13:55:37.168988
S0224,QZ_DEE,Deep Learning,44,100,2025-12-19 13:55:37.168988
S0224,QZ_NLP,NLP,55,100,2025-07-31 13:55:37.168988
S0224,QZ_NLP,NLP,51,100,2025-12-09 13:55:37.168988
S0224,QZ_NLP,NLP,68,100,2025-09-28 13:55:37.168988
S0224,QZ_COM,Computer Vision,81,100,2026-01-09 13:55:37.168988
S0224,QZ_COM,Computer Vision,58,100,2025-10-23 13:55:37.168988
S0224,QZ_COM,Computer Vision,30,100,2025-07-31 13:55:37.168988
S0224,QZ_COM,Computer Vision,55,100,2026-01-10 13:55:37.168988
S0224,QZ_OPT,Optimization,35,100,2025-12-11 13:55:37.168988
S0224,QZ_OPT,Optimization,31,100,2025-10-07 13:55:37.168988
S0224,QZ_OPT,Optimization,32,100,2025-12-19 13:55:37.168988
S0225,QZ_LIN,Linear Algebra,59,100,2025-11-13 13:55:37.168988
S0225,QZ_LIN,Linear Algebra,33,100,2025-12-24 13:55:37.168988
S0225,QZ_LIN,Linear Algebra,30,100,2025-10-01 13:55:37.168988
S0225,QZ_PRO,Probability,93,100,2025-09-04 13:55:37.168988
S0225,QZ_PRO,Probability,57,100,2025-08-14 13:55:37.168988
S0225,QZ_PRO,Probability,37,100,2025-07-30 13:55:37.168988
S0225,QZ_STA,Statistics,66,100,2025-07-30 13:55:37.168988
S0225,QZ_STA,Statistics,80,100,2025-09-03 13:55:37.168988
S0225,QZ_ML ,ML Basics,77,100,2025-11-18 13:55:37.168988
S0225,QZ_ML ,ML Basics,46,100,2025-09-27 13:55:37.168988
S0225,QZ_ML ,ML Basics,40,100,2025-10-26 13:55:37.168988
S0225,QZ_DEE,Deep Learning,43,100,2025-11-02 13:55:37.168988
S0225,QZ_DEE,Deep Learning,77,100,2025-11-01 13:55:37.168988
S0225,QZ_NLP,NLP,60,100,2026-01-02 13:55:37.168988
S0225,QZ_NLP,NLP,63,100,2025-10-02 13:55:37.168988
S0225,QZ_NLP,NLP,26,100,2025-11-30 13:55:37.168988
S0225,QZ_COM,Computer Vision,25,100,2025-09-01 13:55:37.168988
S0225,QZ_COM,Computer Vision,70,100,2025-08-09 13:55:37.168988
S0225,QZ_OPT,Optimization,27,100,2025-08-22 13:55:37.168988
S0225,QZ_OPT,Optimization,43,100,2025-08-14 13:55:37.168988
S0226,QZ_LIN,Linear Algebra,89,100,2025-07-31 13:55:37.168988
S0226,QZ_LIN,Linear Algebra,39,100,2025-11-13 13:55:37.168988
S0226,QZ_LIN,Linear Algebra,98,100,2025-09-30 13:55:37.168988
S0226,QZ_LIN,Linear Algebra,61,100,2025-11-25 13:55:37.168988
S0226,QZ_PRO,Probability,75,100,2025-11-04 13:55:37.168988
S0226,QZ_PRO,Probability,55,100,2025-08-17 13:55:37.168988
S0226,QZ_PRO,Probability,92,100,2026-01-04 13:55:37.168988
S0226,QZ_PRO,Probability,75,100,2025-11-27 13:55:37.168988
S0226,QZ_STA,Statistics,67,100,2025-09-12 13:55:37.168988
S0226,QZ_STA,Statistics,57,100,2025-12-03 13:55:37.168988
S0226,QZ_STA,Statistics,53,100,2025-09-25 13:55:37.168988
S0226,QZ_ML ,ML Basics,84,100,2026-01-15 13:55:37.168988
S0226,QZ_ML ,ML Basics,44,100,2025-08-28 13:55:37.168988
S0226,QZ_ML ,ML Basics,36,100,2025-09-02 13:55:37.168988
S0226,QZ_DEE,Deep Learning,95,100,2026-01-03 13:55:37.168988
S0226,QZ_DEE,Deep Learning,75,100,2025-11-25 13:55:37.168988
S0226,QZ_NLP,NLP,81,100,2026-01-02 13:55:37.168988
S0226,QZ_NLP,NLP,34,100,2025-11-17 13:55:37.168988
S0226,QZ_NLP,NLP,81,100,2025-10-20 13:55:37.168988
S0226,QZ_COM,Computer Vision,54,100,2025-08-25 13:55:37.168988
S0226,QZ_COM,Computer Vision,61,100,2025-11-20 13:55:37.168988
S0226,QZ_COM,Computer Vision,76,100,2026-01-01 13:55:37.168988
S0226,QZ_COM,Computer Vision,25,100,2025-11-28 13:55:37.168988
S0226,QZ_OPT,Optimization,53,100,2025-08-07 13:55:37.168988
S0226,QZ_OPT,Optimization,29,100,2025-09-02 13:55:37.168988
S0226,QZ_OPT,Optimization,64,100,2025-11-03 13:55:37.168988
S0227,QZ_LIN,Linear Algebra,31,100,2025-12-01 13:55:37.168988
S0227,QZ_LIN,Linear Algebra,35,100,2025-10-16 13:55:37.168988
S0227,QZ_LIN,Linear Algebra,55,100,2026-01-15 13:55:37.168988
S0227,QZ_PRO,Probability,79,100,2025-12-23 13:55:37.168988
S0227,QZ_PRO,Probability,35,100,2025-10-28 13:55:37.168988
S0227,QZ_STA,Statistics,45,100,2025-11-23 13:55:37.168988
S0227,QZ_STA,Statistics,83,100,2025-10-03 13:55:37.168988
S0227,QZ_ML ,ML Basics,34,100,2025-08-03 13:55:37.168988
S0227,QZ_ML ,ML Basics,69,100,2025-08-19 13:55:37.168988
S0227,QZ_DEE,Deep Learning,34,100,2026-01-14 13:55:37.168988
S0227,QZ_DEE,Deep Learning,89,100,2025-11-01 13:55:37.168988
S0227,QZ_DEE,Deep Learning,92,100,2025-07-26 13:55:37.168988
S0227,QZ_NLP,NLP,81,100,2025-12-22 13:55:37.168988
S0227,QZ_NLP,NLP,35,100,2025-12-25 13:55:37.168988
S0227,QZ_NLP,NLP,95,100,2025-11-29 13:55:37.168988
S0227,QZ_NLP,NLP,30,100,2026-01-07 13:55:37.168988
S0227,QZ_COM,Computer Vision,43,100,2025-10-12 13:55:37.168988
S0227,QZ_COM,Computer Vision,78,100,2025-08-29 13:55:37.168988
S0227,QZ_COM,Computer Vision,44,100,2025-11-02 13:55:37.168988
S0227,QZ_OPT,Optimization,77,100,2025-08-05 13:55:37.168988
S0227,QZ_OPT,Optimization,71,100,2025-10-14 13:55:37.168988
S0227,QZ_OPT,Optimization,99,100,2025-09-07 13:55:37.168988
S0227,QZ_OPT,Optimization,68,100,2025-10-16 13:55:37.168988
S0228,QZ_LIN,Linear Algebra,71,100,2025-10-29 13:55:37.168988
S0228,QZ_LIN,Linear Algebra,76,100,2025-08-01 13:55:37.168988
S0228,QZ_LIN,Linear Algebra,31,100,2025-12-06 13:55:37.168988
S0228,QZ_PRO,Probability,43,100,2025-07-31 13:55:37.168988
S0228,QZ_PRO,Probability,57,100,2025-11-05 13:55:37.168988
S0228,QZ_STA,Statistics,37,100,2025-09-25 13:55:37.168988
S0228,QZ_STA,Statistics,57,100,2025-09-04 13:55:37.168988
S0228,QZ_ML ,ML Basics,94,100,2025-08-28 13:55:37.168988
S0228,QZ_ML ,ML Basics,32,100,2025-12-14 13:55:37.168988
S0228,QZ_DEE,Deep Learning,87,100,2025-12-30 13:55:37.168988
S0228,QZ_DEE,Deep Learning,51,100,2025-11-18 13:55:37.168988
S0228,QZ_NLP,NLP,91,100,2025-10-24 13:55:37.168988
S0228,QZ_NLP,NLP,44,100,2025-10-07 13:55:37.168988
S0228,QZ_NLP,NLP,48,100,2026-01-11 13:55:37.168988
S0228,QZ_COM,Computer Vision,93,100,2025-07-23 13:55:37.168988
S0228,QZ_COM,Computer Vision,53,100,2025-08-05 13:55:37.168988
S0228,QZ_COM,Computer Vision,53,100,2025-08-12 13:55:37.168988
S0228,QZ_OPT,Optimization,55,100,2025-09-22 13:55:37.168988
S0228,QZ_OPT,Optimization,88,100,2025-08-29 13:55:37.168988
S0229,QZ_LIN,Linear Algebra,63,100,2025-12-07 13:55:37.168988
S0229,QZ_LIN,Linear Algebra,56,100,2026-01-01 13:55:37.168988
S0229,QZ_LIN,Linear Algebra,80,100,2025-08-06 13:55:37.168988
S0229,QZ_LIN,Linear Algebra,43,100,2025-12-25 13:55:37.168988
S0229,QZ_PRO,Probability,67,100,2025-12-01 13:55:37.168988
S0229,QZ_PRO,Probability,45,100,2025-09-15 13:55:37.168988
S0229,QZ_PRO,Probability,37,100,2025-12-16 13:55:37.168988
S0229,QZ_STA,Statistics,49,100,2025-09-23 13:55:37.168988
S0229,QZ_STA,Statistics,65,100,2026-01-10 13:55:37.168988
S0229,QZ_STA,Statistics,55,100,2025-07-25 13:55:37.168988
S0229,QZ_STA,Statistics,29,100,2026-01-04 13:55:37.168988
S0229,QZ_ML ,ML Basics,30,100,2025-07-31 13:55:37.168988
S0229,QZ_ML ,ML Basics,36,100,2025-08-12 13:55:37.168988
S0229,QZ_ML ,ML Basics,28,100,2025-09-15 13:55:37.168988
S0229,QZ_ML ,ML Basics,36,100,2025-10-28 13:55:37.168988
S0229,QZ_DEE,Deep Learning,52,100,2025-12-29 13:55:37.168988
S0229,QZ_DEE,Deep Learning,79,100,2025-08-16 13:55:37.168988
S0229,QZ_DEE,Deep Learning,39,100,2025-08-16 13:55:37.168988
S0229,QZ_DEE,Deep Learning,25,100,2025-08-20 13:55:37.168988
S0229,QZ_NLP,NLP,52,100,2025-08-04 13:55:37.168988
S0229,QZ_NLP,NLP,78,100,2025-07-29 13:55:37.168988
S0229,QZ_COM,Computer Vision,81,100,2025-12-03 13:55:37.168988
S0229,QZ_COM,Computer Vision,72,100,2025-12-27 13:55:37.168988
S0229,QZ_COM,Computer Vision,78,100,2025-07-31 13:55:37.168988
S0229,QZ_OPT,Optimization,72,100,2025-09-24 13:55:37.168988
S0229,QZ_OPT,Optimization,98,100,2025-08-25 13:55:37.168988
S0229,QZ_OPT,Optimization,32,100,2025-08-22 13:55:37.168988
S0229,QZ_OPT,Optimization,37,100,2025-09-03 13:55:37.168988
S0230,QZ_LIN,Linear Algebra,53,100,2025-10-13 13:55:37.168988
S0230,QZ_LIN,Linear Algebra,40,100,2026-01-01 13:55:37.168988
S0230,QZ_LIN,Linear Algebra,56,100,2025-11-13 13:55:37.168988
S0230,QZ_LIN,Linear Algebra,93,100,2025-12-08 13:55:37.168988
S0230,QZ_PRO,Probability,70,100,2025-11-06 13:55:37.168988
S0230,QZ_PRO,Probability,90,100,2025-11-27 13:55:37.168988
S0230,QZ_PRO,Probability,43,100,2026-01-07 13:55:37.168988
S0230,QZ_STA,Statistics,36,100,2025-12-02 13:55:37.168988
S0230,QZ_STA,Statistics,70,100,2025-10-26 13:55:37.168988
S0230,QZ_ML ,ML Basics,48,100,2025-10-03 13:55:37.168988
S0230,QZ_ML ,ML Basics,77,100,2025-11-19 13:55:37.168988
S0230,QZ_ML ,ML Basics,71,100,2025-10-31 13:55:37.168988
S0230,QZ_ML ,ML Basics,36,100,2025-09-21 13:55:37.168988
S0230,QZ_DEE,Deep Learning,71,100,2025-08-22 13:55:37.168988
S0230,QZ_DEE,Deep Learning,35,100,2025-11-03 13:55:37.168988
S0230,QZ_DEE,Deep Learning,61,100,2025-07-30 13:55:37.168988
S0230,QZ_DEE,Deep Learning,52,100,2025-09-09 13:55:37.168988
S0230,QZ_NLP,NLP,39,100,2025-08-25 13:55:37.168988
S0230,QZ_NLP,NLP,57,100,2025-11-20 13:55:37.168988
S0230,QZ_NLP,NLP,45,100,2025-11-30 13:55:37.168988
S0230,QZ_NLP,NLP,72,100,2025-12-08 13:55:37.168988
S0230,QZ_COM,Computer Vision,26,100,2025-09-14 13:55:37.168988
S0230,QZ_COM,Computer Vision,72,100,2025-08-30 13:55:37.168988
S0230,QZ_OPT,Optimization,66,100,2025-10-30 13:55:37.168988
S0230,QZ_OPT,Optimization,48,100,2025-10-31 13:55:37.168988
S0230,QZ_OPT,Optimization,89,100,2025-09-18 13:55:37.168988
S0230,QZ_OPT,Optimization,48,100,2025-07-27 13:55:37.168988
S0231,QZ_LIN,Linear Algebra,30,100,2025-12-27 13:55:37.168988
S0231,QZ_LIN,Linear Algebra,53,100,2025-09-06 13:55:37.168988
S0231,QZ_PRO,Probability,88,100,2025-11-11 13:55:37.168988
S0231,QZ_PRO,Probability,82,100,2025-08-12 13:55:37.168988
S0231,QZ_STA,Statistics,98,100,2025-10-26 13:55:37.168988
S0231,QZ_STA,Statistics,47,100,2025-12-26 13:55:37.168988
S0231,QZ_ML ,ML Basics,55,100,2025-08-18 13:55:37.168988
S0231,QZ_ML ,ML Basics,40,100,2026-01-03 13:55:37.168988
S0231,QZ_ML ,ML Basics,94,100,2025-08-05 13:55:37.168988
S0231,QZ_DEE,Deep Learning,81,100,2025-11-26 13:55:37.168988
S0231,QZ_DEE,Deep Learning,92,100,2025-11-17 13:55:37.168988
S0231,QZ_NLP,NLP,44,100,2025-08-17 13:55:37.168988
S0231,QZ_NLP,NLP,86,100,2025-12-05 13:55:37.168988
S0231,QZ_NLP,NLP,87,100,2025-07-21 13:55:37.168988
S0231,QZ_COM,Computer Vision,47,100,2025-11-04 13:55:37.168988
S0231,QZ_COM,Computer Vision,69,100,2025-10-18 13:55:37.168988
S0231,QZ_OPT,Optimization,87,100,2025-12-05 13:55:37.168988
S0231,QZ_OPT,Optimization,59,100,2026-01-08 13:55:37.168988
S0232,QZ_LIN,Linear Algebra,86,100,2025-08-04 13:55:37.168988
S0232,QZ_LIN,Linear Algebra,64,100,2025-11-30 13:55:37.168988
S0232,QZ_LIN,Linear Algebra,95,100,2025-10-17 13:55:37.168988
S0232,QZ_LIN,Linear Algebra,54,100,2025-08-28 13:55:37.168988
S0232,QZ_PRO,Probability,42,100,2025-12-02 13:55:37.168988
S0232,QZ_PRO,Probability,28,100,2025-10-13 13:55:37.168988
S0232,QZ_PRO,Probability,39,100,2025-09-29 13:55:37.168988
S0232,QZ_STA,Statistics,61,100,2025-12-22 13:55:37.168988
S0232,QZ_STA,Statistics,76,100,2025-11-16 13:55:37.168988
S0232,QZ_ML ,ML Basics,71,100,2025-08-26 13:55:37.168988
S0232,QZ_ML ,ML Basics,56,100,2026-01-01 13:55:37.168988
S0232,QZ_ML ,ML Basics,49,100,2025-10-22 13:55:37.168988
S0232,QZ_DEE,Deep Learning,64,100,2025-10-01 13:55:37.168988
S0232,QZ_DEE,Deep Learning,49,100,2025-07-26 13:55:37.168988
S0232,QZ_NLP,NLP,87,100,2025-12-17 13:55:37.168988
S0232,QZ_NLP,NLP,48,100,2025-08-25 13:55:37.168988
S0232,QZ_NLP,NLP,29,100,2025-07-29 13:55:37.168988
S0232,QZ_NLP,NLP,83,100,2025-10-04 13:55:37.168988
S0232,QZ_COM,Computer Vision,67,100,2025-12-14 13:55:37.168988
S0232,QZ_COM,Computer Vision,34,100,2025-09-07 13:55:37.168988
S0232,QZ_COM,Computer Vision,73,100,2025-10-29 13:55:37.168988
S0232,QZ_OPT,Optimization,26,100,2025-11-22 13:55:37.168988
S0232,QZ_OPT,Optimization,75,100,2025-07-26 13:55:37.168988
S0232,QZ_OPT,Optimization,31,100,2025-07-26 13:55:37.168988
S0232,QZ_OPT,Optimization,54,100,2025-09-14 13:55:37.168988
S0233,QZ_LIN,Linear Algebra,47,100,2025-11-01 13:55:37.168988
S0233,QZ_LIN,Linear Algebra,98,100,2025-09-29 13:55:37.168988
S0233,QZ_LIN,Linear Algebra,52,100,2025-10-06 13:55:37.168988
S0233,QZ_PRO,Probability,85,100,2026-01-13 13:55:37.168988
S0233,QZ_PRO,Probability,73,100,2025-10-10 13:55:37.168988
S0233,QZ_PRO,Probability,66,100,2025-07-31 13:55:37.168988
S0233,QZ_STA,Statistics,52,100,2025-11-20 13:55:37.168988
S0233,QZ_STA,Statistics,65,100,2025-07-24 13:55:37.168988
S0233,QZ_ML ,ML Basics,80,100,2025-11-01 13:55:37.168988
S0233,QZ_ML ,ML Basics,59,100,2025-10-22 13:55:37.168988
S0233,QZ_ML ,ML Basics,82,100,2026-01-01 13:55:37.168988
S0233,QZ_ML ,ML Basics,26,100,2025-08-08 13:55:37.168988
S0233,QZ_DEE,Deep Learning,94,100,2025-11-13 13:55:37.168988
S0233,QZ_DEE,Deep Learning,70,100,2025-09-17 13:55:37.168988
S0233,QZ_DEE,Deep Learning,95,100,2025-07-24 13:55:37.168988
S0233,QZ_NLP,NLP,85,100,2025-07-27 13:55:37.168988
S0233,QZ_NLP,NLP,94,100,2025-10-15 13:55:37.168988
S0233,QZ_NLP,NLP,73,100,2025-12-18 13:55:37.168988
S0233,QZ_NLP,NLP,98,100,2025-09-06 13:55:37.168988
S0233,QZ_COM,Computer Vision,41,100,2025-08-23 13:55:37.168988
S0233,QZ_COM,Computer Vision,32,100,2025-09-16 13:55:37.168988
S0233,QZ_COM,Computer Vision,99,100,2025-11-15 13:55:37.168988
S0233,QZ_OPT,Optimization,80,100,2025-08-19 13:55:37.168988
S0233,QZ_OPT,Optimization,44,100,2026-01-04 13:55:37.168988
S0234,QZ_LIN,Linear Algebra,48,100,2025-08-07 13:55:37.168988
S0234,QZ_LIN,Linear Algebra,64,100,2025-12-27 13:55:37.168988
S0234,QZ_PRO,Probability,97,100,2025-08-25 13:55:37.168988
S0234,QZ_PRO,Probability,26,100,2025-12-30 13:55:37.168988
S0234,QZ_PRO,Probability,52,100,2025-11-07 13:55:37.168988
S0234,QZ_STA,Statistics,90,100,2025-09-18 13:55:37.168988
S0234,QZ_STA,Statistics,65,100,2025-09-09 13:55:37.168988
S0234,QZ_STA,Statistics,70,100,2025-10-14 13:55:37.168988
S0234,QZ_STA,Statistics,71,100,2025-09-16 13:55:37.168988
S0234,QZ_ML ,ML Basics,44,100,2025-09-26 13:55:37.168988
S0234,QZ_ML ,ML Basics,76,100,2025-10-12 13:55:37.168988
S0234,QZ_DEE,Deep Learning,30,100,2025-11-10 13:55:37.168988
S0234,QZ_DEE,Deep Learning,79,100,2025-11-04 13:55:37.168988
S0234,QZ_DEE,Deep Learning,51,100,2025-08-17 13:55:37.168988
S0234,QZ_DEE,Deep Learning,45,100,2025-07-30 13:55:37.168988
S0234,QZ_NLP,NLP,51,100,2025-08-05 13:55:37.168988
S0234,QZ_NLP,NLP,75,100,2025-07-23 13:55:37.168988
S0234,QZ_COM,Computer Vision,68,100,2025-12-31 13:55:37.168988
S0234,QZ_COM,Computer Vision,34,100,2025-10-01 13:55:37.168988
S0234,QZ_COM,Computer Vision,31,100,2025-11-12 13:55:37.168988
S0234,QZ_COM,Computer Vision,63,100,2025-11-22 13:55:37.168988
S0234,QZ_OPT,Optimization,29,100,2025-12-28 13:55:37.168988
S0234,QZ_OPT,Optimization,99,100,2025-09-09 13:55:37.168988
S0234,QZ_OPT,Optimization,57,100,2025-11-17 13:55:37.168988
S0235,QZ_LIN,Linear Algebra,84,100,2025-11-20 13:55:37.168988
S0235,QZ_LIN,Linear Algebra,83,100,2025-10-13 13:55:37.168988
S0235,QZ_LIN,Linear Algebra,45,100,2025-10-12 13:55:37.168988
S0235,QZ_PRO,Probability,25,100,2026-01-10 13:55:37.168988
S0235,QZ_PRO,Probability,73,100,2025-07-26 13:55:37.168988
S0235,QZ_STA,Statistics,93,100,2025-09-09 13:55:37.168988
S0235,QZ_STA,Statistics,94,100,2025-10-07 13:55:37.168988
S0235,QZ_STA,Statistics,62,100,2025-11-27 13:55:37.168988
S0235,QZ_ML ,ML Basics,65,100,2025-09-10 13:55:37.168988
S0235,QZ_ML ,ML Basics,25,100,2025-12-17 13:55:37.168988
S0235,QZ_ML ,ML Basics,45,100,2026-01-06 13:55:37.168988
S0235,QZ_DEE,Deep Learning,33,100,2025-07-25 13:55:37.168988
S0235,QZ_DEE,Deep Learning,76,100,2025-09-17 13:55:37.168988
S0235,QZ_DEE,Deep Learning,67,100,2025-11-28 13:55:37.168988
S0235,QZ_NLP,NLP,88,100,2025-08-07 13:55:37.168988
S0235,QZ_NLP,NLP,61,100,2025-11-04 13:55:37.168988
S0235,QZ_NLP,NLP,74,100,2025-09-18 13:55:37.168988
S0235,QZ_NLP,NLP,90,100,2025-12-01 13:55:37.168988
S0235,QZ_COM,Computer Vision,33,100,2025-11-30 13:55:37.168988
S0235,QZ_COM,Computer Vision,53,100,2025-10-05 13:55:37.168988
S0235,QZ_COM,Computer Vision,26,100,2025-09-01 13:55:37.168988
S0235,QZ_OPT,Optimization,39,100,2025-10-02 13:55:37.168988
S0235,QZ_OPT,Optimization,59,100,2025-08-02 13:55:37.168988
S0236,QZ_LIN,Linear Algebra,87,100,2025-10-07 13:55:37.168988
S0236,QZ_LIN,Linear Algebra,89,100,2025-12-09 13:55:37.168988
S0236,QZ_LIN,Linear Algebra,32,100,2025-09-30 13:55:37.168988
S0236,QZ_PRO,Probability,86,100,2025-10-28 13:55:37.168988
S0236,QZ_PRO,Probability,29,100,2025-12-26 13:55:37.168988
S0236,QZ_PRO,Probability,60,100,2025-11-09 13:55:37.168988
S0236,QZ_PRO,Probability,74,100,2025-09-30 13:55:37.168988
S0236,QZ_STA,Statistics,54,100,2025-11-07 13:55:37.168988
S0236,QZ_STA,Statistics,71,100,2025-07-24 13:55:37.168988
S0236,QZ_STA,Statistics,28,100,2025-08-10 13:55:37.168988
S0236,QZ_ML ,ML Basics,86,100,2025-11-02 13:55:37.168988
S0236,QZ_ML ,ML Basics,74,100,2025-11-03 13:55:37.168988
S0236,QZ_ML ,ML Basics,33,100,2025-10-17 13:55:37.168988
S0236,QZ_DEE,Deep Learning,34,100,2025-11-17 13:55:37.168988
S0236,QZ_DEE,Deep Learning,58,100,2025-08-16 13:55:37.168988
S0236,QZ_DEE,Deep Learning,81,100,2025-12-29 13:55:37.168988
S0236,QZ_NLP,NLP,54,100,2025-08-14 13:55:37.168988
S0236,QZ_NLP,NLP,74,100,2025-10-11 13:55:37.168988
S0236,QZ_NLP,NLP,99,100,2025-08-27 13:55:37.168988
S0236,QZ_NLP,NLP,28,100,2025-08-12 13:55:37.168988
S0236,QZ_COM,Computer Vision,50,100,2025-07-25 13:55:37.168988
S0236,QZ_COM,Computer Vision,98,100,2025-12-15 13:55:37.168988
S0236,QZ_COM,Computer Vision,65,100,2025-12-21 13:55:37.168988
S0236,QZ_COM,Computer Vision,57,100,2025-10-05 13:55:37.168988
S0236,QZ_OPT,Optimization,95,100,2025-09-19 13:55:37.168988
S0236,QZ_OPT,Optimization,78,100,2025-10-26 13:55:37.168988
S0236,QZ_OPT,Optimization,58,100,2025-09-18 13:55:37.168988
S0237,QZ_LIN,Linear Algebra,57,100,2025-08-18 13:55:37.168988
S0237,QZ_LIN,Linear Algebra,93,100,2025-12-03 13:55:37.168988
S0237,QZ_LIN,Linear Algebra,59,100,2025-09-28 13:55:37.168988
S0237,QZ_LIN,Linear Algebra,45,100,2025-09-26 13:55:37.168988
S0237,QZ_PRO,Probability,48,100,2025-10-29 13:55:37.168988
S0237,QZ_PRO,Probability,55,100,2025-08-05 13:55:37.168988
S0237,QZ_STA,Statistics,27,100,2025-09-08 13:55:37.168988
S0237,QZ_STA,Statistics,62,100,2025-10-22 13:55:37.168988
S0237,QZ_STA,Statistics,80,100,2025-09-06 13:55:37.168988
S0237,QZ_STA,Statistics,99,100,2025-10-26 13:55:37.168988
S0237,QZ_ML ,ML Basics,72,100,2025-08-05 13:55:37.168988
S0237,QZ_ML ,ML Basics,78,100,2025-09-17 13:55:37.168988
S0237,QZ_ML ,ML Basics,41,100,2025-08-08 13:55:37.168988
S0237,QZ_DEE,Deep Learning,74,100,2025-09-11 13:55:37.168988
S0237,QZ_DEE,Deep Learning,64,100,2025-08-31 13:55:37.168988
S0237,QZ_DEE,Deep Learning,51,100,2025-09-03 13:55:37.168988
S0237,QZ_NLP,NLP,81,100,2025-09-01 13:55:37.168988
S0237,QZ_NLP,NLP,82,100,2025-11-13 13:55:37.168988
S0237,QZ_NLP,NLP,64,100,2025-07-24 13:55:37.168988
S0237,QZ_NLP,NLP,55,100,2025-10-28 13:55:37.168988
S0237,QZ_COM,Computer Vision,48,100,2025-11-14 13:55:37.168988
S0237,QZ_COM,Computer Vision,81,100,2025-12-06 13:55:37.168988
S0237,QZ_OPT,Optimization,81,100,2025-10-27 13:55:37.168988
S0237,QZ_OPT,Optimization,55,100,2025-07-30 13:55:37.168988
S0238,QZ_LIN,Linear Algebra,40,100,2025-07-24 13:55:37.168988
S0238,QZ_LIN,Linear Algebra,32,100,2025-09-27 13:55:37.168988
S0238,QZ_LIN,Linear Algebra,74,100,2025-10-20 13:55:37.168988
S0238,QZ_LIN,Linear Algebra,59,100,2025-11-30 13:55:37.168988
S0238,QZ_PRO,Probability,32,100,2026-01-15 13:55:37.168988
S0238,QZ_PRO,Probability,37,100,2025-10-11 13:55:37.168988
S0238,QZ_PRO,Probability,87,100,2025-07-28 13:55:37.168988
S0238,QZ_PRO,Probability,89,100,2025-07-24 13:55:37.168988
S0238,QZ_STA,Statistics,79,100,2025-11-20 13:55:37.168988
S0238,QZ_STA,Statistics,72,100,2025-10-07 13:55:37.168988
S0238,QZ_STA,Statistics,30,100,2025-08-21 13:55:37.168988
S0238,QZ_STA,Statistics,83,100,2025-11-10 13:55:37.168988
S0238,QZ_ML ,ML Basics,98,100,2025-11-21 13:55:37.168988
S0238,QZ_ML ,ML Basics,76,100,2025-07-25 13:55:37.168988
S0238,QZ_ML ,ML Basics,51,100,2025-10-01 13:55:37.168988
S0238,QZ_ML ,ML Basics,51,100,2025-11-25 13:55:37.168988
S0238,QZ_DEE,Deep Learning,89,100,2025-09-22 13:55:37.168988
S0238,QZ_DEE,Deep Learning,67,100,2025-10-07 13:55:37.168988
S0238,QZ_NLP,NLP,44,100,2025-08-07 13:55:37.168988
S0238,QZ_NLP,NLP,49,100,2025-10-07 13:55:37.168988
S0238,QZ_NLP,NLP,74,100,2025-08-13 13:55:37.168988
S0238,QZ_NLP,NLP,46,100,2025-09-18 13:55:37.168988
S0238,QZ_COM,Computer Vision,42,100,2025-07-25 13:55:37.168988
S0238,QZ_COM,Computer Vision,95,100,2025-12-13 13:55:37.168988
S0238,QZ_COM,Computer Vision,98,100,2025-12-23 13:55:37.168988
S0238,QZ_OPT,Optimization,87,100,2025-07-25 13:55:37.168988
S0238,QZ_OPT,Optimization,89,100,2025-08-22 13:55:37.168988
S0238,QZ_OPT,Optimization,31,100,2025-09-23 13:55:37.168988
S0239,QZ_LIN,Linear Algebra,44,100,2025-07-28 13:55:37.168988
S0239,QZ_LIN,Linear Algebra,46,100,2025-11-20 13:55:37.168988
S0239,QZ_PRO,Probability,96,100,2025-07-26 13:55:37.168988
S0239,QZ_PRO,Probability,76,100,2025-12-31 13:55:37.168988
S0239,QZ_STA,Statistics,49,100,2025-08-09 13:55:37.168988
S0239,QZ_STA,Statistics,62,100,2025-09-16 13:55:37.168988
S0239,QZ_STA,Statistics,48,100,2025-08-05 13:55:37.168988
S0239,QZ_STA,Statistics,86,100,2025-12-28 13:55:37.168988
S0239,QZ_ML ,ML Basics,52,100,2025-12-16 13:55:37.168988
S0239,QZ_ML ,ML Basics,30,100,2025-10-11 13:55:37.168988
S0239,QZ_ML ,ML Basics,33,100,2025-11-21 13:55:37.168988
S0239,QZ_DEE,Deep Learning,27,100,2025-12-03 13:55:37.168988
S0239,QZ_DEE,Deep Learning,73,100,2025-08-17 13:55:37.168988
S0239,QZ_DEE,Deep Learning,69,100,2025-08-25 13:55:37.168988
S0239,QZ_NLP,NLP,77,100,2025-10-24 13:55:37.168988
S0239,QZ_NLP,NLP,71,100,2025-11-20 13:55:37.168988
S0239,QZ_COM,Computer Vision,77,100,2025-10-18 13:55:37.168988
S0239,QZ_COM,Computer Vision,60,100,2025-10-29 13:55:37.168988
S0239,QZ_OPT,Optimization,60,100,2025-11-28 13:55:37.168988
S0239,QZ_OPT,Optimization,36,100,2026-01-10 13:55:37.168988
S0240,QZ_LIN,Linear Algebra,99,100,2025-10-29 13:55:37.168988
S0240,QZ_LIN,Linear Algebra,83,100,2025-11-19 13:55:37.168988
S0240,QZ_LIN,Linear Algebra,37,100,2025-10-22 13:55:37.168988
S0240,QZ_LIN,Linear Algebra,48,100,2025-10-01 13:55:37.168988
S0240,QZ_PRO,Probability,72,100,2025-12-25 13:55:37.168988
S0240,QZ_PRO,Probability,86,100,2025-10-25 13:55:37.168988
S0240,QZ_PRO,Probability,79,100,2026-01-15 13:55:37.168988
S0240,QZ_PRO,Probability,98,100,2026-01-02 13:55:37.168988
S0240,QZ_STA,Statistics,38,100,2025-09-04 13:55:37.168988
S0240,QZ_STA,Statistics,88,100,2025-07-30 13:55:37.168988
S0240,QZ_STA,Statistics,61,100,2025-08-26 13:55:37.168988
S0240,QZ_ML ,ML Basics,32,100,2025-07-23 13:55:37.168988
S0240,QZ_ML ,ML Basics,61,100,2026-01-02 13:55:37.168988
S0240,QZ_ML ,ML Basics,58,100,2025-12-05 13:55:37.168988
S0240,QZ_DEE,Deep Learning,89,100,2025-08-14 13:55:37.168988
S0240,QZ_DEE,Deep Learning,63,100,2025-08-05 13:55:37.168988
S0240,QZ_DEE,Deep Learning,72,100,2025-08-05 13:55:37.168988
S0240,QZ_NLP,NLP,96,100,2025-10-30 13:55:37.168988
S0240,QZ_NLP,NLP,84,100,2025-11-09 13:55:37.168988
S0240,QZ_NLP,NLP,92,100,2025-07-31 13:55:37.168988
S0240,QZ_COM,Computer Vision,87,100,2025-08-02 13:55:37.168988
S0240,QZ_COM,Computer Vision,95,100,2025-08-14 13:55:37.168988
S0240,QZ_COM,Computer Vision,67,100,2025-12-05 13:55:37.168988
S0240,QZ_COM,Computer Vision,69,100,2025-10-13 13:55:37.168988
S0240,QZ_OPT,Optimization,76,100,2025-11-08 13:55:37.168988
S0240,QZ_OPT,Optimization,96,100,2025-11-12 13:55:37.168988
S0241,QZ_LIN,Linear Algebra,87,100,2025-11-03 13:55:37.168988
S0241,QZ_LIN,Linear Algebra,43,100,2025-12-30 13:55:37.168988
S0241,QZ_LIN,Linear Algebra,61,100,2026-01-07 13:55:37.168988
S0241,QZ_PRO,Probability,88,100,2025-09-02 13:55:37.168988
S0241,QZ_PRO,Probability,48,100,2025-08-02 13:55:37.168988
S0241,QZ_STA,Statistics,85,100,2025-08-29 13:55:37.168988
S0241,QZ_STA,Statistics,76,100,2025-11-28 13:55:37.168988
S0241,QZ_STA,Statistics,69,100,2025-11-01 13:55:37.168988
S0241,QZ_STA,Statistics,52,100,2025-11-22 13:55:37.168988
S0241,QZ_ML ,ML Basics,56,100,2025-08-03 13:55:37.168988
S0241,QZ_ML ,ML Basics,59,100,2025-10-02 13:55:37.168988
S0241,QZ_ML ,ML Basics,53,100,2025-11-24 13:55:37.168988
S0241,QZ_DEE,Deep Learning,80,100,2025-12-11 13:55:37.168988
S0241,QZ_DEE,Deep Learning,86,100,2025-12-05 13:55:37.168988
S0241,QZ_DEE,Deep Learning,39,100,2025-09-27 13:55:37.168988
S0241,QZ_NLP,NLP,42,100,2025-08-26 13:55:37.168988
S0241,QZ_NLP,NLP,53,100,2025-12-31 13:55:37.168988
S0241,QZ_COM,Computer Vision,56,100,2025-08-17 13:55:37.168988
S0241,QZ_COM,Computer Vision,78,100,2025-11-06 13:55:37.168988
S0241,QZ_OPT,Optimization,85,100,2026-01-16 13:55:37.168988
S0241,QZ_OPT,Optimization,37,100,2025-07-30 13:55:37.168988
S0242,QZ_LIN,Linear Algebra,49,100,2026-01-11 13:55:37.168988
S0242,QZ_LIN,Linear Algebra,69,100,2025-09-13 13:55:37.168988
S0242,QZ_LIN,Linear Algebra,32,100,2025-11-22 13:55:37.168988
S0242,QZ_PRO,Probability,56,100,2026-01-03 13:55:37.168988
S0242,QZ_PRO,Probability,62,100,2025-09-20 13:55:37.168988
S0242,QZ_PRO,Probability,72,100,2025-09-07 13:55:37.168988
S0242,QZ_PRO,Probability,93,100,2026-01-04 13:55:37.168988
S0242,QZ_STA,Statistics,85,100,2025-07-30 13:55:37.168988
S0242,QZ_STA,Statistics,74,100,2025-08-21 13:55:37.168988
S0242,QZ_ML ,ML Basics,36,100,2025-11-05 13:55:37.168988
S0242,QZ_ML ,ML Basics,54,100,2026-01-13 13:55:37.168988
S0242,QZ_ML ,ML Basics,90,100,2025-11-28 13:55:37.168988
S0242,QZ_DEE,Deep Learning,98,100,2025-12-06 13:55:37.168988
S0242,QZ_DEE,Deep Learning,86,100,2025-08-09 13:55:37.168988
S0242,QZ_DEE,Deep Learning,99,100,2026-01-16 13:55:37.168988
S0242,QZ_DEE,Deep Learning,73,100,2025-10-28 13:55:37.168988
S0242,QZ_NLP,NLP,29,100,2026-01-05 13:55:37.168988
S0242,QZ_NLP,NLP,58,100,2025-12-18 13:55:37.168988
S0242,QZ_NLP,NLP,92,100,2025-11-12 13:55:37.168988
S0242,QZ_COM,Computer Vision,69,100,2025-07-27 13:55:37.168988
S0242,QZ_COM,Computer Vision,95,100,2025-07-27 13:55:37.168988
S0242,QZ_COM,Computer Vision,53,100,2025-12-22 13:55:37.168988
S0242,QZ_COM,Computer Vision,48,100,2025-07-21 13:55:37.168988
S0242,QZ_OPT,Optimization,92,100,2025-10-01 13:55:37.168988
S0242,QZ_OPT,Optimization,42,100,2025-08-03 13:55:37.168988
S0243,QZ_LIN,Linear Algebra,34,100,2025-09-14 13:55:37.168988
S0243,QZ_LIN,Linear Algebra,74,100,2026-01-04 13:55:37.168988
S0243,QZ_LIN,Linear Algebra,55,100,2025-11-12 13:55:37.168988
S0243,QZ_PRO,Probability,69,100,2025-08-17 13:55:37.168988
S0243,QZ_PRO,Probability,67,100,2025-07-28 13:55:37.168988
S0243,QZ_STA,Statistics,86,100,2025-10-27 13:55:37.168988
S0243,QZ_STA,Statistics,88,100,2025-09-21 13:55:37.168988
S0243,QZ_ML ,ML Basics,38,100,2026-01-05 13:55:37.168988
S0243,QZ_ML ,ML Basics,70,100,2025-11-30 13:55:37.168988
S0243,QZ_DEE,Deep Learning,46,100,2025-11-02 13:55:37.168988
S0243,QZ_DEE,Deep Learning,32,100,2025-10-12 13:55:37.168988
S0243,QZ_DEE,Deep Learning,30,100,2025-12-24 13:55:37.168988
S0243,QZ_DEE,Deep Learning,78,100,2025-12-30 13:55:37.168988
S0243,QZ_NLP,NLP,26,100,2025-09-19 13:55:37.168988
S0243,QZ_NLP,NLP,60,100,2025-11-27 13:55:37.168988
S0243,QZ_NLP,NLP,68,100,2025-09-03 13:55:37.168988
S0243,QZ_COM,Computer Vision,87,100,2025-08-27 13:55:37.168988
S0243,QZ_COM,Computer Vision,69,100,2025-10-03 13:55:37.168988
S0243,QZ_OPT,Optimization,47,100,2025-09-18 13:55:37.168988
S0243,QZ_OPT,Optimization,94,100,2025-09-07 13:55:37.168988
S0243,QZ_OPT,Optimization,93,100,2026-01-09 13:55:37.168988
S0243,QZ_OPT,Optimization,33,100,2025-08-08 13:55:37.168988
S0244,QZ_LIN,Linear Algebra,79,100,2025-10-11 13:55:37.168988
S0244,QZ_LIN,Linear Algebra,73,100,2025-08-16 13:55:37.168988
S0244,QZ_PRO,Probability,44,100,2025-08-30 13:55:37.168988
S0244,QZ_PRO,Probability,29,100,2025-12-09 13:55:37.168988
S0244,QZ_PRO,Probability,28,100,2025-11-27 13:55:37.168988
S0244,QZ_PRO,Probability,68,100,2025-10-11 13:55:37.168988
S0244,QZ_STA,Statistics,43,100,2025-09-26 13:55:37.168988
S0244,QZ_STA,Statistics,96,100,2025-12-15 13:55:37.168988
S0244,QZ_STA,Statistics,94,100,2025-11-06 13:55:37.168988
S0244,QZ_ML ,ML Basics,47,100,2025-08-10 13:55:37.168988
S0244,QZ_ML ,ML Basics,46,100,2026-01-04 13:55:37.168988
S0244,QZ_ML ,ML Basics,85,100,2025-11-03 13:55:37.168988
S0244,QZ_ML ,ML Basics,54,100,2025-07-21 13:55:37.168988
S0244,QZ_DEE,Deep Learning,44,100,2025-12-19 13:55:37.168988
S0244,QZ_DEE,Deep Learning,64,100,2025-08-18 13:55:37.168988
S0244,QZ_DEE,Deep Learning,64,100,2025-12-26 13:55:37.168988
S0244,QZ_NLP,NLP,35,100,2025-08-15 13:55:37.168988
S0244,QZ_NLP,NLP,62,100,2025-09-30 13:55:37.168988
S0244,QZ_NLP,NLP,72,100,2025-12-28 13:55:37.168988
S0244,QZ_COM,Computer Vision,30,100,2025-11-26 13:55:37.168988
S0244,QZ_COM,Computer Vision,87,100,2025-12-12 13:55:37.168988
S0244,QZ_OPT,Optimization,87,100,2025-08-18 13:55:37.168988
S0244,QZ_OPT,Optimization,64,100,2025-12-09 13:55:37.168988
S0245,QZ_LIN,Linear Algebra,58,100,2025-12-18 13:55:37.168988
S0245,QZ_LIN,Linear Algebra,26,100,2025-09-02 13:55:37.168988
S0245,QZ_LIN,Linear Algebra,42,100,2025-09-27 13:55:37.168988
S0245,QZ_PRO,Probability,39,100,2025-07-26 13:55:37.168988
S0245,QZ_PRO,Probability,62,100,2025-12-25 13:55:37.168988
S0245,QZ_PRO,Probability,35,100,2025-09-05 13:55:37.168988
S0245,QZ_STA,Statistics,39,100,2025-08-30 13:55:37.168988
S0245,QZ_STA,Statistics,57,100,2025-08-08 13:55:37.168988
S0245,QZ_STA,Statistics,56,100,2025-12-22 13:55:37.168988
S0245,QZ_ML ,ML Basics,40,100,2026-01-12 13:55:37.168988
S0245,QZ_ML ,ML Basics,73,100,2025-07-21 13:55:37.168988
S0245,QZ_DEE,Deep Learning,27,100,2025-11-29 13:55:37.168988
S0245,QZ_DEE,Deep Learning,91,100,2025-12-18 13:55:37.168988
S0245,QZ_DEE,Deep Learning,69,100,2025-08-18 13:55:37.168988
S0245,QZ_NLP,NLP,69,100,2025-09-10 13:55:37.168988
S0245,QZ_NLP,NLP,40,100,2025-12-25 13:55:37.168988
S0245,QZ_NLP,NLP,38,100,2025-08-11 13:55:37.168988
S0245,QZ_NLP,NLP,41,100,2025-12-04 13:55:37.168988
S0245,QZ_COM,Computer Vision,51,100,2025-10-07 13:55:37.168988
S0245,QZ_COM,Computer Vision,30,100,2025-08-05 13:55:37.168988
S0245,QZ_OPT,Optimization,50,100,2025-11-10 13:55:37.168988
S0245,QZ_OPT,Optimization,53,100,2025-11-04 13:55:37.168988
S0245,QZ_OPT,Optimization,62,100,2025-10-14 13:55:37.168988
S0245,QZ_OPT,Optimization,73,100,2025-12-25 13:55:37.168988
S0246,QZ_LIN,Linear Algebra,46,100,2025-12-24 13:55:37.168988
S0246,QZ_LIN,Linear Algebra,84,100,2025-12-20 13:55:37.168988
S0246,QZ_LIN,Linear Algebra,58,100,2025-09-28 13:55:37.168988
S0246,QZ_PRO,Probability,36,100,2025-12-09 13:55:37.168988
S0246,QZ_PRO,Probability,70,100,2025-09-18 13:55:37.168988
S0246,QZ_PRO,Probability,36,100,2025-10-14 13:55:37.168988
S0246,QZ_PRO,Probability,87,100,2025-08-30 13:55:37.168988
S0246,QZ_STA,Statistics,30,100,2025-09-25 13:55:37.168988
S0246,QZ_STA,Statistics,51,100,2025-09-02 13:55:37.168988
S0246,QZ_STA,Statistics,91,100,2025-12-12 13:55:37.168988
S0246,QZ_STA,Statistics,76,100,2025-12-22 13:55:37.168988
S0246,QZ_ML ,ML Basics,97,100,2026-01-01 13:55:37.168988
S0246,QZ_ML ,ML Basics,74,100,2025-09-04 13:55:37.168988
S0246,QZ_ML ,ML Basics,32,100,2025-07-23 13:55:37.168988
S0246,QZ_DEE,Deep Learning,65,100,2025-09-01 13:55:37.168988
S0246,QZ_DEE,Deep Learning,99,100,2025-08-14 13:55:37.168988
S0246,QZ_DEE,Deep Learning,55,100,2025-08-31 13:55:37.168988
S0246,QZ_DEE,Deep Learning,69,100,2025-10-13 13:55:37.168988
S0246,QZ_NLP,NLP,37,100,2025-11-10 13:55:37.168988
S0246,QZ_NLP,NLP,94,100,2025-09-03 13:55:37.168988
S0246,QZ_NLP,NLP,92,100,2025-11-03 13:55:37.168988
S0246,QZ_NLP,NLP,26,100,2025-12-09 13:55:37.168988
S0246,QZ_COM,Computer Vision,62,100,2025-12-18 13:55:37.168988
S0246,QZ_COM,Computer Vision,45,100,2025-11-27 13:55:37.168988
S0246,QZ_COM,Computer Vision,86,100,2025-10-14 13:55:37.168988
S0246,QZ_OPT,Optimization,86,100,2025-10-18 13:55:37.168988
S0246,QZ_OPT,Optimization,43,100,2025-11-25 13:55:37.168988
S0246,QZ_OPT,Optimization,32,100,2025-10-28 13:55:37.168988
S0246,QZ_OPT,Optimization,54,100,2025-09-15 13:55:37.168988
S0247,QZ_LIN,Linear Algebra,26,100,2025-10-31 13:55:37.168988
S0247,QZ_LIN,Linear Algebra,75,100,2025-09-28 13:55:37.168988
S0247,QZ_LIN,Linear Algebra,29,100,2025-10-29 13:55:37.168988
S0247,QZ_PRO,Probability,53,100,2025-09-09 13:55:37.168988
S0247,QZ_PRO,Probability,65,100,2025-09-08 13:55:37.168988
S0247,QZ_PRO,Probability,42,100,2025-08-17 13:55:37.168988
S0247,QZ_PRO,Probability,64,100,2025-08-11 13:55:37.168988
S0247,QZ_STA,Statistics,54,100,2025-09-29 13:55:37.168988
S0247,QZ_STA,Statistics,58,100,2025-12-15 13:55:37.168988
S0247,QZ_ML ,ML Basics,38,100,2025-08-04 13:55:37.168988
S0247,QZ_ML ,ML Basics,32,100,2025-10-19 13:55:37.168988
S0247,QZ_DEE,Deep Learning,94,100,2025-12-12 13:55:37.168988
S0247,QZ_DEE,Deep Learning,43,100,2025-11-02 13:55:37.168988
S0247,QZ_DEE,Deep Learning,37,100,2025-11-20 13:55:37.168988
S0247,QZ_DEE,Deep Learning,48,100,2025-08-10 13:55:37.168988
S0247,QZ_NLP,NLP,52,100,2025-10-03 13:55:37.168988
S0247,QZ_NLP,NLP,28,100,2025-08-17 13:55:37.168988
S0247,QZ_NLP,NLP,31,100,2025-09-18 13:55:37.168988
S0247,QZ_NLP,NLP,96,100,2025-12-17 13:55:37.168988
S0247,QZ_COM,Computer Vision,87,100,2025-10-04 13:55:37.168988
S0247,QZ_COM,Computer Vision,39,100,2026-01-11 13:55:37.168988
S0247,QZ_COM,Computer Vision,54,100,2025-07-30 13:55:37.168988
S0247,QZ_OPT,Optimization,80,100,2026-01-08 13:55:37.168988
S0247,QZ_OPT,Optimization,76,100,2025-08-09 13:55:37.168988
S0248,QZ_LIN,Linear Algebra,70,100,2025-08-29 13:55:37.168988
S0248,QZ_LIN,Linear Algebra,49,100,2025-08-11 13:55:37.168988
S0248,QZ_LIN,Linear Algebra,65,100,2026-01-04 13:55:37.168988
S0248,QZ_PRO,Probability,91,100,2025-07-31 13:55:37.168988
S0248,QZ_PRO,Probability,67,100,2026-01-14 13:55:37.168988
S0248,QZ_STA,Statistics,44,100,2026-01-06 13:55:37.168988
S0248,QZ_STA,Statistics,37,100,2026-01-03 13:55:37.168988
S0248,QZ_STA,Statistics,36,100,2025-12-08 13:55:37.168988
S0248,QZ_STA,Statistics,52,100,2025-09-29 13:55:37.168988
S0248,QZ_ML ,ML Basics,30,100,2026-01-12 13:55:37.168988
S0248,QZ_ML ,ML Basics,29,100,2026-01-04 13:55:37.168988
S0248,QZ_DEE,Deep Learning,26,100,2025-08-18 13:55:37.168988
S0248,QZ_DEE,Deep Learning,29,100,2025-08-01 13:55:37.168988
S0248,QZ_DEE,Deep Learning,51,100,2025-09-07 13:55:37.168988
S0248,QZ_DEE,Deep Learning,74,100,2025-11-22 13:55:37.168988
S0248,QZ_NLP,NLP,28,100,2025-08-20 13:55:37.168988
S0248,QZ_NLP,NLP,57,100,2025-12-04 13:55:37.168988
S0248,QZ_NLP,NLP,36,100,2025-09-21 13:55:37.168988
S0248,QZ_NLP,NLP,73,100,2025-12-22 13:55:37.168988
S0248,QZ_COM,Computer Vision,94,100,2025-12-25 13:55:37.168988
S0248,QZ_COM,Computer Vision,49,100,2025-08-19 13:55:37.168988
S0248,QZ_COM,Computer Vision,56,100,2025-11-18 13:55:37.168988
S0248,QZ_COM,Computer Vision,87,100,2025-11-23 13:55:37.168988
S0248,QZ_OPT,Optimization,53,100,2025-12-10 13:55:37.168988
S0248,QZ_OPT,Optimization,37,100,2025-11-11 13:55:37.168988
S0249,QZ_LIN,Linear Algebra,71,100,2025-09-07 13:55:37.168988
S0249,QZ_LIN,Linear Algebra,29,100,2025-07-26 13:55:37.168988
S0249,QZ_LIN,Linear Algebra,35,100,2025-11-27 13:55:37.168988
S0249,QZ_LIN,Linear Algebra,32,100,2026-01-05 13:55:37.168988
S0249,QZ_PRO,Probability,62,100,2025-11-29 13:55:37.168988
S0249,QZ_PRO,Probability,40,100,2025-10-29 13:55:37.168988
S0249,QZ_STA,Statistics,72,100,2025-10-20 13:55:37.168988
S0249,QZ_STA,Statistics,49,100,2025-08-27 13:55:37.168988
S0249,QZ_STA,Statistics,30,100,2025-09-03 13:55:37.168988
S0249,QZ_ML ,ML Basics,39,100,2025-11-21 13:55:37.168988
S0249,QZ_ML ,ML Basics,73,100,2025-10-30 13:55:37.168988
S0249,QZ_DEE,Deep Learning,61,100,2025-11-28 13:55:37.168988
S0249,QZ_DEE,Deep Learning,46,100,2025-08-11 13:55:37.168988
S0249,QZ_NLP,NLP,45,100,2025-08-22 13:55:37.168988
S0249,QZ_NLP,NLP,51,100,2025-10-16 13:55:37.168988
S0249,QZ_COM,Computer Vision,43,100,2025-09-22 13:55:37.168988
S0249,QZ_COM,Computer Vision,83,100,2025-08-20 13:55:37.168988
S0249,QZ_OPT,Optimization,42,100,2025-07-25 13:55:37.168988
S0249,QZ_OPT,Optimization,35,100,2025-10-11 13:55:37.168988
S0250,QZ_LIN,Linear Algebra,25,100,2025-10-15 13:55:37.168988
S0250,QZ_LIN,Linear Algebra,55,100,2026-01-15 13:55:37.168988
S0250,QZ_PRO,Probability,78,100,2025-08-26 13:55:37.168988
S0250,QZ_PRO,Probability,75,100,2025-09-29 13:55:37.168988
S0250,QZ_PRO,Probability,94,100,2026-01-05 13:55:37.168988
S0250,QZ_PRO,Probability,32,100,2025-10-24 13:55:37.168988
S0250,QZ_STA,Statistics,84,100,2025-10-04 13:55:37.168988
S0250,QZ_STA,Statistics,81,100,2026-01-01 13:55:37.168988
S0250,QZ_STA,Statistics,68,100,2025-10-19 13:55:37.168988
S0250,QZ_STA,Statistics,56,100,2025-12-10 13:55:37.168988
S0250,QZ_ML ,ML Basics,56,100,2025-10-25 13:55:37.168988
S0250,QZ_ML ,ML Basics,30,100,2025-12-23 13:55:37.168988
S0250,QZ_ML ,ML Basics,43,100,2025-11-27 13:55:37.168988
S0250,QZ_DEE,Deep Learning,87,100,2025-12-21 13:55:37.168988
S0250,QZ_DEE,Deep Learning,95,100,2025-09-11 13:55:37.168988
S0250,QZ_DEE,Deep Learning,27,100,2025-12-03 13:55:37.168988
S0250,QZ_NLP,NLP,84,100,2025-09-05 13:55:37.168988
S0250,QZ_NLP,NLP,50,100,2025-10-04 13:55:37.168988
S0250,QZ_COM,Computer Vision,79,100,2025-11-23 13:55:37.168988
S0250,QZ_COM,Computer Vision,92,100,2025-08-07 13:55:37.168988
S0250,QZ_COM,Computer Vision,27,100,2025-11-28 13:55:37.168988
S0250,QZ_OPT,Optimization,75,100,2025-10-11 13:55:37.168988
S0250,QZ_OPT,Optimization,35,100,2025-10-14 13:55:37.168988
S0251,QZ_LIN,Linear Algebra,83,100,2026-01-08 13:55:37.168988
S0251,QZ_LIN,Linear Algebra,41,100,2025-12-08 13:55:37.168988
S0251,QZ_PRO,Probability,52,100,2025-07-24 13:55:37.168988
S0251,QZ_PRO,Probability,75,100,2025-08-15 13:55:37.168988
S0251,QZ_PRO,Probability,96,100,2025-09-12 13:55:37.168988
S0251,QZ_PRO,Probability,92,100,2025-10-16 13:55:37.168988
S0251,QZ_STA,Statistics,99,100,2025-08-21 13:55:37.168988
S0251,QZ_STA,Statistics,47,100,2026-01-05 13:55:37.168988
S0251,QZ_ML ,ML Basics,83,100,2025-11-01 13:55:37.168988
S0251,QZ_ML ,ML Basics,42,100,2025-08-04 13:55:37.168988
S0251,QZ_DEE,Deep Learning,65,100,2025-09-03 13:55:37.168988
S0251,QZ_DEE,Deep Learning,30,100,2025-10-27 13:55:37.168988
S0251,QZ_NLP,NLP,64,100,2026-01-01 13:55:37.168988
S0251,QZ_NLP,NLP,79,100,2025-10-14 13:55:37.168988
S0251,QZ_NLP,NLP,73,100,2025-08-19 13:55:37.168988
S0251,QZ_NLP,NLP,43,100,2025-08-26 13:55:37.168988
S0251,QZ_COM,Computer Vision,92,100,2025-11-27 13:55:37.168988
S0251,QZ_COM,Computer Vision,37,100,2025-10-26 13:55:37.168988
S0251,QZ_COM,Computer Vision,87,100,2025-08-17 13:55:37.168988
S0251,QZ_COM,Computer Vision,43,100,2025-09-24 13:55:37.168988
S0251,QZ_OPT,Optimization,54,100,2025-11-04 13:55:37.168988
S0251,QZ_OPT,Optimization,57,100,2025-11-26 13:55:37.168988
S0251,QZ_OPT,Optimization,55,100,2025-11-27 13:55:37.168988
S0252,QZ_LIN,Linear Algebra,32,100,2025-07-25 13:55:37.168988
S0252,QZ_LIN,Linear Algebra,78,100,2025-12-02 13:55:37.168988
S0252,QZ_LIN,Linear Algebra,93,100,2025-11-10 13:55:37.168988
S0252,QZ_LIN,Linear Algebra,62,100,2025-12-11 13:55:37.168988
S0252,QZ_PRO,Probability,75,100,2025-11-24 13:55:37.168988
S0252,QZ_PRO,Probability,98,100,2025-12-30 13:55:37.168988
S0252,QZ_PRO,Probability,72,100,2025-12-27 13:55:37.168988
S0252,QZ_STA,Statistics,58,100,2025-08-25 13:55:37.168988
S0252,QZ_STA,Statistics,85,100,2025-10-13 13:55:37.168988
S0252,QZ_ML ,ML Basics,44,100,2025-07-31 13:55:37.168988
S0252,QZ_ML ,ML Basics,36,100,2025-09-30 13:55:37.168988
S0252,QZ_ML ,ML Basics,58,100,2025-07-25 13:55:37.168988
S0252,QZ_DEE,Deep Learning,25,100,2025-10-07 13:55:37.168988
S0252,QZ_DEE,Deep Learning,37,100,2025-12-22 13:55:37.168988
S0252,QZ_DEE,Deep Learning,25,100,2026-01-05 13:55:37.168988
S0252,QZ_NLP,NLP,44,100,2025-07-27 13:55:37.168988
S0252,QZ_NLP,NLP,94,100,2025-08-30 13:55:37.168988
S0252,QZ_COM,Computer Vision,45,100,2025-08-15 13:55:37.168988
S0252,QZ_COM,Computer Vision,26,100,2025-12-31 13:55:37.168988
S0252,QZ_COM,Computer Vision,48,100,2025-10-17 13:55:37.168988
S0252,QZ_OPT,Optimization,91,100,2025-10-11 13:55:37.168988
S0252,QZ_OPT,Optimization,50,100,2025-10-29 13:55:37.168988
S0253,QZ_LIN,Linear Algebra,99,100,2025-10-09 13:55:37.168988
S0253,QZ_LIN,Linear Algebra,36,100,2025-11-15 13:55:37.168988
S0253,QZ_PRO,Probability,99,100,2025-09-11 13:55:37.168988
S0253,QZ_PRO,Probability,78,100,2025-08-24 13:55:37.168988
S0253,QZ_PRO,Probability,57,100,2025-12-21 13:55:37.168988
S0253,QZ_STA,Statistics,95,100,2025-09-17 13:55:37.168988
S0253,QZ_STA,Statistics,84,100,2025-11-08 13:55:37.168988
S0253,QZ_STA,Statistics,57,100,2025-09-18 13:55:37.168988
S0253,QZ_STA,Statistics,41,100,2025-08-30 13:55:37.168988
S0253,QZ_ML ,ML Basics,84,100,2025-07-23 13:55:37.168988
S0253,QZ_ML ,ML Basics,93,100,2025-11-14 13:55:37.168988
S0253,QZ_ML ,ML Basics,37,100,2025-08-19 13:55:37.168988
S0253,QZ_ML ,ML Basics,38,100,2025-11-14 13:55:37.168988
S0253,QZ_DEE,Deep Learning,96,100,2025-08-07 13:55:37.168988
S0253,QZ_DEE,Deep Learning,61,100,2025-12-01 13:55:37.168988
S0253,QZ_DEE,Deep Learning,97,100,2025-08-30 13:55:37.168988
S0253,QZ_DEE,Deep Learning,29,100,2025-09-04 13:55:37.168988
S0253,QZ_NLP,NLP,30,100,2025-10-23 13:55:37.168988
S0253,QZ_NLP,NLP,79,100,2025-12-24 13:55:37.168988
S0253,QZ_NLP,NLP,88,100,2025-11-02 13:55:37.168988
S0253,QZ_COM,Computer Vision,95,100,2025-07-25 13:55:37.168988
S0253,QZ_COM,Computer Vision,63,100,2025-11-08 13:55:37.168988
S0253,QZ_COM,Computer Vision,44,100,2025-08-01 13:55:37.168988
S0253,QZ_COM,Computer Vision,77,100,2025-09-18 13:55:37.168988
S0253,QZ_OPT,Optimization,40,100,2025-08-23 13:55:37.168988
S0253,QZ_OPT,Optimization,74,100,2025-09-01 13:55:37.168988
S0253,QZ_OPT,Optimization,46,100,2025-10-03 13:55:37.168988
S0254,QZ_LIN,Linear Algebra,66,100,2025-10-11 13:55:37.168988
S0254,QZ_LIN,Linear Algebra,36,100,2025-09-20 13:55:37.168988
S0254,QZ_LIN,Linear Algebra,37,100,2025-11-24 13:55:37.168988
S0254,QZ_PRO,Probability,61,100,2026-01-15 13:55:37.168988
S0254,QZ_PRO,Probability,52,100,2025-07-24 13:55:37.168988
S0254,QZ_PRO,Probability,91,100,2025-10-24 13:55:37.168988
S0254,QZ_STA,Statistics,60,100,2025-10-12 13:55:37.168988
S0254,QZ_STA,Statistics,55,100,2025-07-27 13:55:37.168988
S0254,QZ_STA,Statistics,69,100,2025-09-17 13:55:37.168988
S0254,QZ_ML ,ML Basics,50,100,2025-11-03 13:55:37.168988
S0254,QZ_ML ,ML Basics,66,100,2025-10-28 13:55:37.168988
S0254,QZ_DEE,Deep Learning,55,100,2025-08-28 13:55:37.168988
S0254,QZ_DEE,Deep Learning,53,100,2026-01-09 13:55:37.168988
S0254,QZ_DEE,Deep Learning,64,100,2025-08-15 13:55:37.168988
S0254,QZ_NLP,NLP,60,100,2025-12-08 13:55:37.168988
S0254,QZ_NLP,NLP,27,100,2025-10-06 13:55:37.168988
S0254,QZ_NLP,NLP,77,100,2025-12-17 13:55:37.168988
S0254,QZ_COM,Computer Vision,38,100,2025-08-14 13:55:37.168988
S0254,QZ_COM,Computer Vision,55,100,2025-10-26 13:55:37.168988
S0254,QZ_COM,Computer Vision,99,100,2025-08-07 13:55:37.168988
S0254,QZ_OPT,Optimization,58,100,2025-08-17 13:55:37.168988
S0254,QZ_OPT,Optimization,55,100,2025-07-30 13:55:37.168988
S0255,QZ_LIN,Linear Algebra,82,100,2026-01-01 13:55:37.168988
S0255,QZ_LIN,Linear Algebra,35,100,2025-08-01 13:55:37.168988
S0255,QZ_LIN,Linear Algebra,87,100,2025-10-25 13:55:37.168988
S0255,QZ_LIN,Linear Algebra,70,100,2025-12-28 13:55:37.168988
S0255,QZ_PRO,Probability,46,100,2025-09-17 13:55:37.168988
S0255,QZ_PRO,Probability,75,100,2025-09-21 13:55:37.168988
S0255,QZ_PRO,Probability,40,100,2025-10-26 13:55:37.168988
S0255,QZ_STA,Statistics,40,100,2025-12-14 13:55:37.168988
S0255,QZ_STA,Statistics,42,100,2026-01-02 13:55:37.168988
S0255,QZ_STA,Statistics,70,100,2025-08-19 13:55:37.168988
S0255,QZ_ML ,ML Basics,43,100,2025-12-24 13:55:37.168988
S0255,QZ_ML ,ML Basics,61,100,2025-08-03 13:55:37.168988
S0255,QZ_ML ,ML Basics,64,100,2025-10-03 13:55:37.168988
S0255,QZ_DEE,Deep Learning,72,100,2025-08-06 13:55:37.168988
S0255,QZ_DEE,Deep Learning,96,100,2025-12-17 13:55:37.168988
S0255,QZ_DEE,Deep Learning,26,100,2025-08-29 13:55:37.168988
S0255,QZ_NLP,NLP,69,100,2025-12-12 13:55:37.168988
S0255,QZ_NLP,NLP,92,100,2025-09-01 13:55:37.168988
S0255,QZ_NLP,NLP,85,100,2026-01-04 13:55:37.168988
S0255,QZ_COM,Computer Vision,40,100,2025-10-28 13:55:37.168988
S0255,QZ_COM,Computer Vision,52,100,2025-09-30 13:55:37.168988
S0255,QZ_OPT,Optimization,61,100,2025-11-23 13:55:37.168988
S0255,QZ_OPT,Optimization,27,100,2025-11-25 13:55:37.168988
S0255,QZ_OPT,Optimization,63,100,2025-08-25 13:55:37.168988
S0256,QZ_LIN,Linear Algebra,99,100,2025-12-04 13:55:37.168988
S0256,QZ_LIN,Linear Algebra,57,100,2025-08-30 13:55:37.168988
S0256,QZ_LIN,Linear Algebra,70,100,2025-12-29 13:55:37.168988
S0256,QZ_PRO,Probability,98,100,2025-09-24 13:55:37.168988
S0256,QZ_PRO,Probability,58,100,2025-08-19 13:55:37.168988
S0256,QZ_STA,Statistics,67,100,2025-09-30 13:55:37.168988
S0256,QZ_STA,Statistics,73,100,2025-10-10 13:55:37.168988
S0256,QZ_STA,Statistics,77,100,2025-11-27 13:55:37.168988
S0256,QZ_ML ,ML Basics,51,100,2025-09-21 13:55:37.168988
S0256,QZ_ML ,ML Basics,97,100,2025-10-26 13:55:37.168988
S0256,QZ_DEE,Deep Learning,44,100,2025-07-24 13:55:37.168988
S0256,QZ_DEE,Deep Learning,58,100,2025-10-10 13:55:37.168988
S0256,QZ_DEE,Deep Learning,83,100,2025-10-08 13:55:37.168988
S0256,QZ_DEE,Deep Learning,53,100,2025-11-18 13:55:37.168988
S0256,QZ_NLP,NLP,59,100,2026-01-06 13:55:37.168988
S0256,QZ_NLP,NLP,61,100,2025-09-02 13:55:37.168988
S0256,QZ_NLP,NLP,41,100,2026-01-05 13:55:37.168988
S0256,QZ_NLP,NLP,43,100,2025-10-23 13:55:37.168988
S0256,QZ_COM,Computer Vision,32,100,2025-09-26 13:55:37.168988
S0256,QZ_COM,Computer Vision,95,100,2025-12-31 13:55:37.168988
S0256,QZ_COM,Computer Vision,92,100,2025-07-27 13:55:37.168988
S0256,QZ_OPT,Optimization,65,100,2025-11-21 13:55:37.168988
S0256,QZ_OPT,Optimization,56,100,2025-10-25 13:55:37.168988
S0256,QZ_OPT,Optimization,73,100,2025-09-12 13:55:37.168988
S0257,QZ_LIN,Linear Algebra,47,100,2025-10-02 13:55:37.168988
S0257,QZ_LIN,Linear Algebra,96,100,2025-07-31 13:55:37.168988
S0257,QZ_LIN,Linear Algebra,80,100,2025-12-11 13:55:37.168988
S0257,QZ_LIN,Linear Algebra,31,100,2025-07-26 13:55:37.168988
S0257,QZ_PRO,Probability,92,100,2025-12-03 13:55:37.168988
S0257,QZ_PRO,Probability,32,100,2025-11-27 13:55:37.168988
S0257,QZ_STA,Statistics,97,100,2025-09-23 13:55:37.168988
S0257,QZ_STA,Statistics,67,100,2025-08-10 13:55:37.168988
S0257,QZ_STA,Statistics,74,100,2025-10-07 13:55:37.168988
S0257,QZ_ML ,ML Basics,80,100,2025-08-27 13:55:37.168988
S0257,QZ_ML ,ML Basics,69,100,2025-12-17 13:55:37.168988
S0257,QZ_ML ,ML Basics,68,100,2025-12-01 13:55:37.168988
S0257,QZ_DEE,Deep Learning,80,100,2025-09-08 13:55:37.168988
S0257,QZ_DEE,Deep Learning,71,100,2025-07-22 13:55:37.168988
S0257,QZ_NLP,NLP,80,100,2025-08-01 13:55:37.168988
S0257,QZ_NLP,NLP,94,100,2025-11-05 13:55:37.168988
S0257,QZ_NLP,NLP,48,100,2025-10-25 13:55:37.168988
S0257,QZ_COM,Computer Vision,77,100,2025-10-29 13:55:37.168988
S0257,QZ_COM,Computer Vision,78,100,2025-09-09 13:55:37.168988
S0257,QZ_OPT,Optimization,89,100,2025-08-26 13:55:37.168988
S0257,QZ_OPT,Optimization,84,100,2025-10-26 13:55:37.168988
S0257,QZ_OPT,Optimization,73,100,2025-12-06 13:55:37.168988
S0257,QZ_OPT,Optimization,35,100,2025-07-27 13:55:37.168988
S0258,QZ_LIN,Linear Algebra,59,100,2025-08-13 13:55:37.168988
S0258,QZ_LIN,Linear Algebra,42,100,2025-08-24 13:55:37.168988
S0258,QZ_LIN,Linear Algebra,62,100,2025-09-02 13:55:37.168988
S0258,QZ_LIN,Linear Algebra,57,100,2025-11-18 13:55:37.168988
S0258,QZ_PRO,Probability,55,100,2025-12-27 13:55:37.168988
S0258,QZ_PRO,Probability,27,100,2025-08-29 13:55:37.168988
S0258,QZ_PRO,Probability,29,100,2025-09-04 13:55:37.168988
S0258,QZ_PRO,Probability,89,100,2025-11-26 13:55:37.168988
S0258,QZ_STA,Statistics,25,100,2025-11-01 13:55:37.168988
S0258,QZ_STA,Statistics,80,100,2025-10-15 13:55:37.168988
S0258,QZ_ML ,ML Basics,41,100,2025-07-23 13:55:37.168988
S0258,QZ_ML ,ML Basics,35,100,2025-11-24 13:55:37.168988
S0258,QZ_ML ,ML Basics,80,100,2025-11-06 13:55:37.168988
S0258,QZ_ML ,ML Basics,91,100,2025-07-31 13:55:37.168988
S0258,QZ_DEE,Deep Learning,32,100,2025-12-17 13:55:37.168988
S0258,QZ_DEE,Deep Learning,33,100,2025-09-11 13:55:37.168988
S0258,QZ_DEE,Deep Learning,31,100,2025-09-21 13:55:37.168988
S0258,QZ_NLP,NLP,32,100,2025-11-09 13:55:37.168988
S0258,QZ_NLP,NLP,29,100,2025-11-11 13:55:37.168988
S0258,QZ_NLP,NLP,57,100,2025-09-21 13:55:37.168988
S0258,QZ_NLP,NLP,52,100,2025-11-15 13:55:37.168988
S0258,QZ_COM,Computer Vision,73,100,2025-11-17 13:55:37.168988
S0258,QZ_COM,Computer Vision,78,100,2025-10-23 13:55:37.168988
S0258,QZ_OPT,Optimization,81,100,2025-08-22 13:55:37.168988
S0258,QZ_OPT,Optimization,95,100,2025-09-30 13:55:37.168988
S0258,QZ_OPT,Optimization,69,100,2025-09-09 13:55:37.168988
S0258,QZ_OPT,Optimization,75,100,2025-11-15 13:55:37.168988
S0259,QZ_LIN,Linear Algebra,56,100,2025-10-27 13:55:37.168988
S0259,QZ_LIN,Linear Algebra,29,100,2025-10-12 13:55:37.168988
S0259,QZ_PRO,Probability,45,100,2025-08-22 13:55:37.168988
S0259,QZ_PRO,Probability,80,100,2026-01-13 13:55:37.168988
S0259,QZ_PRO,Probability,84,100,2025-08-27 13:55:37.168988
S0259,QZ_PRO,Probability,80,100,2025-11-13 13:55:37.168988
S0259,QZ_STA,Statistics,27,100,2025-11-21 13:55:37.168988
S0259,QZ_STA,Statistics,36,100,2026-01-02 13:55:37.168988
S0259,QZ_STA,Statistics,86,100,2025-09-07 13:55:37.168988
S0259,QZ_STA,Statistics,79,100,2025-08-06 13:55:37.168988
S0259,QZ_ML ,ML Basics,41,100,2025-10-23 13:55:37.168988
S0259,QZ_ML ,ML Basics,45,100,2025-09-11 13:55:37.168988
S0259,QZ_ML ,ML Basics,66,100,2025-12-04 13:55:37.168988
S0259,QZ_ML ,ML Basics,92,100,2025-08-26 13:55:37.168988
S0259,QZ_DEE,Deep Learning,84,100,2025-09-28 13:55:37.168988
S0259,QZ_DEE,Deep Learning,74,100,2025-11-27 13:55:37.168988
S0259,QZ_DEE,Deep Learning,85,100,2025-11-03 13:55:37.168988
S0259,QZ_NLP,NLP,38,100,2025-07-26 13:55:37.168988
S0259,QZ_NLP,NLP,49,100,2025-11-17 13:55:37.168988
S0259,QZ_NLP,NLP,88,100,2025-09-10 13:55:37.168988
S0259,QZ_NLP,NLP,98,100,2025-11-26 13:55:37.168988
S0259,QZ_COM,Computer Vision,65,100,2025-09-17 13:55:37.168988
S0259,QZ_COM,Computer Vision,59,100,2025-10-20 13:55:37.168988
S0259,QZ_COM,Computer Vision,57,100,2025-11-18 13:55:37.168988
S0259,QZ_OPT,Optimization,85,100,2025-08-06 13:55:37.168988
S0259,QZ_OPT,Optimization,65,100,2025-09-06 13:55:37.168988
S0259,QZ_OPT,Optimization,91,100,2025-10-29 13:55:37.168988
S0260,QZ_LIN,Linear Algebra,98,100,2025-08-10 13:55:37.168988
S0260,QZ_LIN,Linear Algebra,69,100,2025-12-23 13:55:37.168988
S0260,QZ_LIN,Linear Algebra,94,100,2025-09-03 13:55:37.168988
S0260,QZ_PRO,Probability,42,100,2026-01-07 13:55:37.168988
S0260,QZ_PRO,Probability,73,100,2025-12-30 13:55:37.168988
S0260,QZ_STA,Statistics,55,100,2025-07-23 13:55:37.168988
S0260,QZ_STA,Statistics,82,100,2026-01-08 13:55:37.168988
S0260,QZ_STA,Statistics,31,100,2025-07-23 13:55:37.168988
S0260,QZ_ML ,ML Basics,78,100,2025-11-14 13:55:37.168988
S0260,QZ_ML ,ML Basics,78,100,2026-01-10 13:55:37.168988
S0260,QZ_ML ,ML Basics,78,100,2026-01-11 13:55:37.168988
S0260,QZ_DEE,Deep Learning,72,100,2025-11-19 13:55:37.168988
S0260,QZ_DEE,Deep Learning,77,100,2025-08-27 13:55:37.168988
S0260,QZ_NLP,NLP,79,100,2025-10-27 13:55:37.168988
S0260,QZ_NLP,NLP,99,100,2025-12-16 13:55:37.168988
S0260,QZ_NLP,NLP,98,100,2025-09-14 13:55:37.168988
S0260,QZ_NLP,NLP,78,100,2025-09-08 13:55:37.168988
S0260,QZ_COM,Computer Vision,94,100,2025-11-14 13:55:37.168988
S0260,QZ_COM,Computer Vision,44,100,2025-12-28 13:55:37.168988
S0260,QZ_OPT,Optimization,28,100,2025-08-23 13:55:37.168988
S0260,QZ_OPT,Optimization,97,100,2025-07-24 13:55:37.168988
S0261,QZ_LIN,Linear Algebra,74,100,2025-10-15 13:55:37.168988
S0261,QZ_LIN,Linear Algebra,36,100,2025-10-28 13:55:37.168988
S0261,QZ_LIN,Linear Algebra,80,100,2025-08-01 13:55:37.168988
S0261,QZ_LIN,Linear Algebra,69,100,2025-10-24 13:55:37.168988
S0261,QZ_PRO,Probability,65,100,2025-09-21 13:55:37.168988
S0261,QZ_PRO,Probability,77,100,2025-12-28 13:55:37.168988
S0261,QZ_PRO,Probability,74,100,2025-12-20 13:55:37.168988
S0261,QZ_STA,Statistics,98,100,2025-08-06 13:55:37.168988
S0261,QZ_STA,Statistics,50,100,2025-07-22 13:55:37.168988
S0261,QZ_ML ,ML Basics,78,100,2025-10-06 13:55:37.168988
S0261,QZ_ML ,ML Basics,88,100,2025-10-10 13:55:37.168988
S0261,QZ_DEE,Deep Learning,37,100,2025-12-05 13:55:37.168988
S0261,QZ_DEE,Deep Learning,83,100,2025-12-16 13:55:37.168988
S0261,QZ_NLP,NLP,28,100,2025-12-28 13:55:37.168988
S0261,QZ_NLP,NLP,32,100,2025-10-20 13:55:37.168988
S0261,QZ_NLP,NLP,96,100,2025-10-24 13:55:37.168988
S0261,QZ_COM,Computer Vision,29,100,2025-09-28 13:55:37.168988
S0261,QZ_COM,Computer Vision,58,100,2025-07-29 13:55:37.168988
S0261,QZ_COM,Computer Vision,83,100,2025-08-13 13:55:37.168988
S0261,QZ_OPT,Optimization,72,100,2025-10-03 13:55:37.168988
S0261,QZ_OPT,Optimization,75,100,2025-10-28 13:55:37.168988
S0261,QZ_OPT,Optimization,68,100,2025-12-09 13:55:37.168988
S0261,QZ_OPT,Optimization,61,100,2025-09-29 13:55:37.168988
S0262,QZ_LIN,Linear Algebra,81,100,2025-12-27 13:55:37.168988
S0262,QZ_LIN,Linear Algebra,48,100,2025-09-09 13:55:37.168988
S0262,QZ_LIN,Linear Algebra,66,100,2025-12-14 13:55:37.168988
S0262,QZ_LIN,Linear Algebra,50,100,2025-09-03 13:55:37.168988
S0262,QZ_PRO,Probability,68,100,2025-09-07 13:55:37.168988
S0262,QZ_PRO,Probability,88,100,2025-12-29 13:55:37.168988
S0262,QZ_PRO,Probability,89,100,2025-09-13 13:55:37.168988
S0262,QZ_STA,Statistics,90,100,2025-07-24 13:55:37.168988
S0262,QZ_STA,Statistics,75,100,2025-10-09 13:55:37.168988
S0262,QZ_ML ,ML Basics,73,100,2025-11-28 13:55:37.168988
S0262,QZ_ML ,ML Basics,33,100,2025-07-27 13:55:37.168988
S0262,QZ_ML ,ML Basics,57,100,2025-12-05 13:55:37.168988
S0262,QZ_DEE,Deep Learning,72,100,2025-09-08 13:55:37.168988
S0262,QZ_DEE,Deep Learning,32,100,2025-08-23 13:55:37.168988
S0262,QZ_DEE,Deep Learning,55,100,2025-10-27 13:55:37.168988
S0262,QZ_DEE,Deep Learning,89,100,2025-12-07 13:55:37.168988
S0262,QZ_NLP,NLP,50,100,2025-12-27 13:55:37.168988
S0262,QZ_NLP,NLP,68,100,2025-07-26 13:55:37.168988
S0262,QZ_COM,Computer Vision,43,100,2025-10-09 13:55:37.168988
S0262,QZ_COM,Computer Vision,68,100,2025-07-23 13:55:37.168988
S0262,QZ_COM,Computer Vision,88,100,2025-10-05 13:55:37.168988
S0262,QZ_OPT,Optimization,53,100,2025-10-29 13:55:37.168988
S0262,QZ_OPT,Optimization,73,100,2025-12-06 13:55:37.168988
S0262,QZ_OPT,Optimization,29,100,2025-12-28 13:55:37.168988
S0263,QZ_LIN,Linear Algebra,75,100,2025-10-10 13:55:37.168988
S0263,QZ_LIN,Linear Algebra,83,100,2026-01-13 13:55:37.168988
S0263,QZ_PRO,Probability,25,100,2025-07-26 13:55:37.168988
S0263,QZ_PRO,Probability,48,100,2026-01-16 13:55:37.168988
S0263,QZ_PRO,Probability,50,100,2025-09-11 13:55:37.168988
S0263,QZ_PRO,Probability,93,100,2025-09-04 13:55:37.168988
S0263,QZ_STA,Statistics,45,100,2025-08-21 13:55:37.168988
S0263,QZ_STA,Statistics,91,100,2025-12-27 13:55:37.168988
S0263,QZ_ML ,ML Basics,28,100,2025-10-26 13:55:37.168988
S0263,QZ_ML ,ML Basics,37,100,2025-08-17 13:55:37.168988
S0263,QZ_ML ,ML Basics,98,100,2025-11-04 13:55:37.168988
S0263,QZ_DEE,Deep Learning,94,100,2025-08-29 13:55:37.168988
S0263,QZ_DEE,Deep Learning,70,100,2025-12-25 13:55:37.168988
S0263,QZ_DEE,Deep Learning,70,100,2025-10-27 13:55:37.168988
S0263,QZ_NLP,NLP,94,100,2025-08-26 13:55:37.168988
S0263,QZ_NLP,NLP,85,100,2025-12-16 13:55:37.168988
S0263,QZ_COM,Computer Vision,72,100,2025-10-25 13:55:37.168988
S0263,QZ_COM,Computer Vision,64,100,2025-10-10 13:55:37.168988
S0263,QZ_OPT,Optimization,68,100,2025-08-22 13:55:37.168988
S0263,QZ_OPT,Optimization,80,100,2025-11-20 13:55:37.168988
S0263,QZ_OPT,Optimization,92,100,2025-08-21 13:55:37.168988
S0264,QZ_LIN,Linear Algebra,31,100,2025-11-13 13:55:37.168988
S0264,QZ_LIN,Linear Algebra,95,100,2025-09-13 13:55:37.168988
S0264,QZ_LIN,Linear Algebra,54,100,2025-10-16 13:55:37.168988
S0264,QZ_LIN,Linear Algebra,33,100,2025-07-21 13:55:37.168988
S0264,QZ_PRO,Probability,88,100,2025-09-07 13:55:37.168988
S0264,QZ_PRO,Probability,83,100,2025-12-25 13:55:37.168988
S0264,QZ_STA,Statistics,46,100,2025-11-29 13:55:37.168988
S0264,QZ_STA,Statistics,70,100,2026-01-06 13:55:37.168988
S0264,QZ_ML ,ML Basics,59,100,2025-12-15 13:55:37.168988
S0264,QZ_ML ,ML Basics,60,100,2025-11-28 13:55:37.168988
S0264,QZ_ML ,ML Basics,45,100,2025-11-19 13:55:37.168988
S0264,QZ_DEE,Deep Learning,78,100,2026-01-15 13:55:37.168988
S0264,QZ_DEE,Deep Learning,28,100,2025-08-23 13:55:37.168988
S0264,QZ_NLP,NLP,45,100,2025-10-15 13:55:37.168988
S0264,QZ_NLP,NLP,83,100,2025-09-26 13:55:37.168988
S0264,QZ_NLP,NLP,93,100,2025-09-07 13:55:37.168988
S0264,QZ_NLP,NLP,56,100,2026-01-06 13:55:37.168988
S0264,QZ_COM,Computer Vision,33,100,2025-08-25 13:55:37.168988
S0264,QZ_COM,Computer Vision,50,100,2025-09-03 13:55:37.168988
S0264,QZ_COM,Computer Vision,94,100,2025-12-11 13:55:37.168988
S0264,QZ_OPT,Optimization,52,100,2025-11-12 13:55:37.168988
S0264,QZ_OPT,Optimization,51,100,2025-09-09 13:55:37.168988
S0265,QZ_LIN,Linear Algebra,46,100,2025-10-18 13:55:37.168988
S0265,QZ_LIN,Linear Algebra,99,100,2026-01-09 13:55:37.168988
S0265,QZ_PRO,Probability,80,100,2025-12-01 13:55:37.168988
S0265,QZ_PRO,Probability,59,100,2025-12-16 13:55:37.168988
S0265,QZ_PRO,Probability,81,100,2025-09-23 13:55:37.168988
S0265,QZ_PRO,Probability,38,100,2025-07-21 13:55:37.168988
S0265,QZ_STA,Statistics,55,100,2025-08-08 13:55:37.168988
S0265,QZ_STA,Statistics,28,100,2026-01-02 13:55:37.168988
S0265,QZ_STA,Statistics,95,100,2025-11-04 13:55:37.168988
S0265,QZ_ML ,ML Basics,47,100,2025-07-23 13:55:37.168988
S0265,QZ_ML ,ML Basics,44,100,2025-11-27 13:55:37.168988
S0265,QZ_DEE,Deep Learning,86,100,2025-09-04 13:55:37.168988
S0265,QZ_DEE,Deep Learning,25,100,2025-08-01 13:55:37.168988
S0265,QZ_DEE,Deep Learning,87,100,2025-11-16 13:55:37.168988
S0265,QZ_NLP,NLP,35,100,2025-10-06 13:55:37.168988
S0265,QZ_NLP,NLP,32,100,2025-12-18 13:55:37.168988
S0265,QZ_COM,Computer Vision,48,100,2025-08-18 13:55:37.168988
S0265,QZ_COM,Computer Vision,99,100,2025-08-24 13:55:37.168988
S0265,QZ_COM,Computer Vision,32,100,2025-11-09 13:55:37.168988
S0265,QZ_COM,Computer Vision,46,100,2026-01-07 13:55:37.168988
S0265,QZ_OPT,Optimization,25,100,2025-10-18 13:55:37.168988
S0265,QZ_OPT,Optimization,72,100,2025-07-28 13:55:37.168988
S0265,QZ_OPT,Optimization,80,100,2025-11-14 13:55:37.168988
S0265,QZ_OPT,Optimization,87,100,2025-08-31 13:55:37.168988
S0266,QZ_LIN,Linear Algebra,51,100,2025-12-24 13:55:37.168988
S0266,QZ_LIN,Linear Algebra,66,100,2026-01-02 13:55:37.168988
S0266,QZ_LIN,Linear Algebra,43,100,2025-08-04 13:55:37.168988
S0266,QZ_PRO,Probability,39,100,2025-11-21 13:55:37.168988
S0266,QZ_PRO,Probability,93,100,2025-11-29 13:55:37.168988
S0266,QZ_PRO,Probability,89,100,2025-12-31 13:55:37.168988
S0266,QZ_PRO,Probability,95,100,2025-09-10 13:55:37.168988
S0266,QZ_STA,Statistics,32,100,2025-11-03 13:55:37.168988
S0266,QZ_STA,Statistics,38,100,2025-12-14 13:55:37.168988
S0266,QZ_STA,Statistics,68,100,2025-09-19 13:55:37.168988
S0266,QZ_ML ,ML Basics,45,100,2025-09-05 13:55:37.168988
S0266,QZ_ML ,ML Basics,65,100,2025-10-11 13:55:37.168988
S0266,QZ_ML ,ML Basics,92,100,2025-11-01 13:55:37.168988
S0266,QZ_ML ,ML Basics,36,100,2025-08-08 13:55:37.168988
S0266,QZ_DEE,Deep Learning,46,100,2025-08-11 13:55:37.168988
S0266,QZ_DEE,Deep Learning,97,100,2025-10-30 13:55:37.168988
S0266,QZ_DEE,Deep Learning,54,100,2025-09-09 13:55:37.168988
S0266,QZ_NLP,NLP,92,100,2025-11-21 13:55:37.168988
S0266,QZ_NLP,NLP,74,100,2025-10-20 13:55:37.168988
S0266,QZ_NLP,NLP,64,100,2025-09-24 13:55:37.168988
S0266,QZ_COM,Computer Vision,58,100,2025-09-30 13:55:37.168988
S0266,QZ_COM,Computer Vision,43,100,2025-12-30 13:55:37.168988
S0266,QZ_COM,Computer Vision,76,100,2025-08-30 13:55:37.168988
S0266,QZ_COM,Computer Vision,77,100,2025-11-18 13:55:37.168988
S0266,QZ_OPT,Optimization,52,100,2025-10-03 13:55:37.168988
S0266,QZ_OPT,Optimization,64,100,2025-12-11 13:55:37.168988
S0266,QZ_OPT,Optimization,58,100,2026-01-07 13:55:37.168988
S0266,QZ_OPT,Optimization,72,100,2025-09-13 13:55:37.168988
S0267,QZ_LIN,Linear Algebra,46,100,2025-11-26 13:55:37.168988
S0267,QZ_LIN,Linear Algebra,67,100,2025-09-27 13:55:37.168988
S0267,QZ_PRO,Probability,32,100,2025-08-17 13:55:37.168988
S0267,QZ_PRO,Probability,35,100,2025-10-16 13:55:37.168988
S0267,QZ_STA,Statistics,80,100,2025-11-21 13:55:37.168988
S0267,QZ_STA,Statistics,70,100,2025-08-06 13:55:37.168988
S0267,QZ_STA,Statistics,46,100,2025-08-06 13:55:37.168988
S0267,QZ_ML ,ML Basics,60,100,2025-12-10 13:55:37.168988
S0267,QZ_ML ,ML Basics,56,100,2025-11-18 13:55:37.168988
S0267,QZ_ML ,ML Basics,63,100,2025-08-03 13:55:37.168988
S0267,QZ_ML ,ML Basics,69,100,2025-10-11 13:55:37.168988
S0267,QZ_DEE,Deep Learning,68,100,2025-11-21 13:55:37.168988
S0267,QZ_DEE,Deep Learning,62,100,2025-11-30 13:55:37.168988
S0267,QZ_DEE,Deep Learning,80,100,2025-10-17 13:55:37.168988
S0267,QZ_DEE,Deep Learning,82,100,2025-10-14 13:55:37.168988
S0267,QZ_NLP,NLP,25,100,2025-09-29 13:55:37.168988
S0267,QZ_NLP,NLP,72,100,2025-08-14 13:55:37.168988
S0267,QZ_COM,Computer Vision,65,100,2025-09-08 13:55:37.168988
S0267,QZ_COM,Computer Vision,74,100,2025-11-05 13:55:37.168988
S0267,QZ_COM,Computer Vision,92,100,2026-01-11 13:55:37.168988
S0267,QZ_COM,Computer Vision,53,100,2025-11-28 13:55:37.168988
S0267,QZ_OPT,Optimization,90,100,2025-10-01 13:55:37.168988
S0267,QZ_OPT,Optimization,39,100,2025-12-15 13:55:37.168988
S0267,QZ_OPT,Optimization,52,100,2025-12-17 13:55:37.168988
S0267,QZ_OPT,Optimization,27,100,2025-08-04 13:55:37.168988
S0268,QZ_LIN,Linear Algebra,27,100,2025-08-09 13:55:37.168988
S0268,QZ_LIN,Linear Algebra,32,100,2025-09-23 13:55:37.168988
S0268,QZ_LIN,Linear Algebra,31,100,2025-10-07 13:55:37.168988
S0268,QZ_LIN,Linear Algebra,78,100,2026-01-09 13:55:37.168988
S0268,QZ_PRO,Probability,78,100,2025-11-17 13:55:37.168988
S0268,QZ_PRO,Probability,47,100,2025-12-06 13:55:37.168988
S0268,QZ_STA,Statistics,49,100,2025-08-28 13:55:37.168988
S0268,QZ_STA,Statistics,28,100,2025-12-24 13:55:37.168988
S0268,QZ_ML ,ML Basics,72,100,2025-09-09 13:55:37.168988
S0268,QZ_ML ,ML Basics,72,100,2025-12-08 13:55:37.168988
S0268,QZ_ML ,ML Basics,95,100,2026-01-15 13:55:37.168988
S0268,QZ_ML ,ML Basics,47,100,2025-11-30 13:55:37.168988
S0268,QZ_DEE,Deep Learning,59,100,2025-08-27 13:55:37.168988
S0268,QZ_DEE,Deep Learning,58,100,2025-08-21 13:55:37.168988
S0268,QZ_DEE,Deep Learning,49,100,2025-08-08 13:55:37.168988
S0268,QZ_DEE,Deep Learning,34,100,2026-01-13 13:55:37.168988
S0268,QZ_NLP,NLP,39,100,2025-08-19 13:55:37.168988
S0268,QZ_NLP,NLP,45,100,2025-12-31 13:55:37.168988
S0268,QZ_NLP,NLP,60,100,2025-12-17 13:55:37.168988
S0268,QZ_COM,Computer Vision,53,100,2025-09-04 13:55:37.168988
S0268,QZ_COM,Computer Vision,86,100,2025-09-08 13:55:37.168988
S0268,QZ_OPT,Optimization,70,100,2025-10-14 13:55:37.168988
S0268,QZ_OPT,Optimization,56,100,2025-09-03 13:55:37.168988
S0269,QZ_LIN,Linear Algebra,62,100,2025-10-24 13:55:37.168988
S0269,QZ_LIN,Linear Algebra,60,100,2025-11-19 13:55:37.168988
S0269,QZ_LIN,Linear Algebra,72,100,2025-11-22 13:55:37.168988
S0269,QZ_LIN,Linear Algebra,47,100,2025-10-21 13:55:37.168988
S0269,QZ_PRO,Probability,93,100,2025-11-30 13:55:37.168988
S0269,QZ_PRO,Probability,46,100,2025-11-20 13:55:37.168988
S0269,QZ_PRO,Probability,65,100,2025-11-05 13:55:37.168988
S0269,QZ_PRO,Probability,51,100,2026-01-10 13:55:37.168988
S0269,QZ_STA,Statistics,34,100,2025-11-16 13:55:37.168988
S0269,QZ_STA,Statistics,77,100,2025-11-27 13:55:37.168988
S0269,QZ_STA,Statistics,29,100,2025-07-29 13:55:37.168988
S0269,QZ_STA,Statistics,52,100,2025-08-30 13:55:37.168988
S0269,QZ_ML ,ML Basics,31,100,2025-09-11 13:55:37.168988
S0269,QZ_ML ,ML Basics,99,100,2025-11-05 13:55:37.168988
S0269,QZ_ML ,ML Basics,50,100,2025-08-02 13:55:37.168988
S0269,QZ_ML ,ML Basics,57,100,2025-11-10 13:55:37.168988
S0269,QZ_DEE,Deep Learning,45,100,2025-10-09 13:55:37.168988
S0269,QZ_DEE,Deep Learning,31,100,2025-11-04 13:55:37.168988
S0269,QZ_DEE,Deep Learning,60,100,2025-08-20 13:55:37.168988
S0269,QZ_DEE,Deep Learning,26,100,2025-08-29 13:55:37.168988
S0269,QZ_NLP,NLP,38,100,2025-08-06 13:55:37.168988
S0269,QZ_NLP,NLP,64,100,2025-08-28 13:55:37.168988
S0269,QZ_NLP,NLP,58,100,2025-09-29 13:55:37.168988
S0269,QZ_NLP,NLP,84,100,2025-09-10 13:55:37.168988
S0269,QZ_COM,Computer Vision,90,100,2025-11-10 13:55:37.168988
S0269,QZ_COM,Computer Vision,95,100,2025-08-02 13:55:37.168988
S0269,QZ_COM,Computer Vision,99,100,2025-09-05 13:55:37.168988
S0269,QZ_OPT,Optimization,97,100,2025-09-12 13:55:37.168988
S0269,QZ_OPT,Optimization,45,100,2025-07-23 13:55:37.168988
S0270,QZ_LIN,Linear Algebra,78,100,2025-11-28 13:55:37.168988
S0270,QZ_LIN,Linear Algebra,97,100,2025-09-20 13:55:37.168988
S0270,QZ_PRO,Probability,87,100,2025-10-17 13:55:37.168988
S0270,QZ_PRO,Probability,37,100,2025-09-01 13:55:37.168988
S0270,QZ_STA,Statistics,41,100,2025-09-20 13:55:37.168988
S0270,QZ_STA,Statistics,56,100,2025-11-24 13:55:37.168988
S0270,QZ_STA,Statistics,56,100,2025-08-14 13:55:37.168988
S0270,QZ_ML ,ML Basics,25,100,2025-08-08 13:55:37.168988
S0270,QZ_ML ,ML Basics,89,100,2025-10-08 13:55:37.168988
S0270,QZ_ML ,ML Basics,50,100,2025-09-29 13:55:37.168988
S0270,QZ_ML ,ML Basics,30,100,2025-12-02 13:55:37.168988
S0270,QZ_DEE,Deep Learning,99,100,2025-09-21 13:55:37.168988
S0270,QZ_DEE,Deep Learning,42,100,2025-12-24 13:55:37.168988
S0270,QZ_NLP,NLP,81,100,2025-12-27 13:55:37.168988
S0270,QZ_NLP,NLP,83,100,2025-09-24 13:55:37.168988
S0270,QZ_NLP,NLP,86,100,2025-08-24 13:55:37.168988
S0270,QZ_NLP,NLP,61,100,2025-10-20 13:55:37.168988
S0270,QZ_COM,Computer Vision,55,100,2025-08-22 13:55:37.168988
S0270,QZ_COM,Computer Vision,54,100,2025-12-20 13:55:37.168988
S0270,QZ_OPT,Optimization,33,100,2025-12-12 13:55:37.168988
S0270,QZ_OPT,Optimization,89,100,2026-01-03 13:55:37.168988
S0270,QZ_OPT,Optimization,65,100,2025-09-18 13:55:37.168988
S0271,QZ_LIN,Linear Algebra,40,100,2025-11-29 13:55:37.168988
S0271,QZ_LIN,Linear Algebra,32,100,2025-10-14 13:55:37.168988
S0271,QZ_PRO,Probability,53,100,2025-11-15 13:55:37.168988
S0271,QZ_PRO,Probability,68,100,2026-01-07 13:55:37.168988
S0271,QZ_PRO,Probability,58,100,2025-08-10 13:55:37.168988
S0271,QZ_PRO,Probability,28,100,2025-12-20 13:55:37.168988
S0271,QZ_STA,Statistics,96,100,2025-08-03 13:55:37.168988
S0271,QZ_STA,Statistics,94,100,2025-11-19 13:55:37.168988
S0271,QZ_ML ,ML Basics,66,100,2025-11-07 13:55:37.168988
S0271,QZ_ML ,ML Basics,95,100,2025-09-19 13:55:37.168988
S0271,QZ_DEE,Deep Learning,44,100,2025-11-28 13:55:37.168988
S0271,QZ_DEE,Deep Learning,81,100,2025-12-31 13:55:37.168988
S0271,QZ_NLP,NLP,69,100,2025-10-24 13:55:37.168988
S0271,QZ_NLP,NLP,38,100,2025-08-15 13:55:37.168988
S0271,QZ_COM,Computer Vision,63,100,2025-12-16 13:55:37.168988
S0271,QZ_COM,Computer Vision,99,100,2025-09-29 13:55:37.168988
S0271,QZ_COM,Computer Vision,34,100,2025-09-17 13:55:37.168988
S0271,QZ_OPT,Optimization,74,100,2025-08-05 13:55:37.168988
S0271,QZ_OPT,Optimization,59,100,2026-01-05 13:55:37.168988
S0271,QZ_OPT,Optimization,49,100,2025-11-28 13:55:37.168988
S0272,QZ_LIN,Linear Algebra,88,100,2025-09-02 13:55:37.168988
S0272,QZ_LIN,Linear Algebra,45,100,2025-12-12 13:55:37.168988
S0272,QZ_LIN,Linear Algebra,55,100,2025-11-07 13:55:37.168988
S0272,QZ_PRO,Probability,71,100,2025-10-18 13:55:37.168988
S0272,QZ_PRO,Probability,49,100,2025-08-18 13:55:37.168988
S0272,QZ_PRO,Probability,37,100,2025-08-10 13:55:37.168988
S0272,QZ_STA,Statistics,44,100,2025-11-16 13:55:37.168988
S0272,QZ_STA,Statistics,58,100,2025-09-29 13:55:37.168988
S0272,QZ_STA,Statistics,72,100,2026-01-09 13:55:37.168988
S0272,QZ_STA,Statistics,71,100,2025-11-23 13:55:37.168988
S0272,QZ_ML ,ML Basics,82,100,2025-09-25 13:55:37.168988
S0272,QZ_ML ,ML Basics,37,100,2025-09-13 13:55:37.168988
S0272,QZ_ML ,ML Basics,44,100,2025-08-05 13:55:37.168988
S0272,QZ_DEE,Deep Learning,53,100,2025-12-01 13:55:37.168988
S0272,QZ_DEE,Deep Learning,29,100,2025-07-27 13:55:37.168988
S0272,QZ_DEE,Deep Learning,93,100,2025-09-24 13:55:37.168988
S0272,QZ_NLP,NLP,54,100,2025-12-24 13:55:37.168988
S0272,QZ_NLP,NLP,94,100,2025-11-25 13:55:37.168988
S0272,QZ_NLP,NLP,62,100,2025-11-16 13:55:37.168988
S0272,QZ_NLP,NLP,99,100,2025-11-28 13:55:37.168988
S0272,QZ_COM,Computer Vision,64,100,2025-10-09 13:55:37.168988
S0272,QZ_COM,Computer Vision,84,100,2025-07-31 13:55:37.168988
S0272,QZ_COM,Computer Vision,50,100,2025-09-12 13:55:37.168988
S0272,QZ_COM,Computer Vision,63,100,2026-01-10 13:55:37.168988
S0272,QZ_OPT,Optimization,69,100,2025-12-28 13:55:37.168988
S0272,QZ_OPT,Optimization,40,100,2025-10-09 13:55:37.168988
S0272,QZ_OPT,Optimization,90,100,2025-12-25 13:55:37.168988
S0273,QZ_LIN,Linear Algebra,64,100,2025-11-17 13:55:37.168988
S0273,QZ_LIN,Linear Algebra,90,100,2025-10-08 13:55:37.168988
S0273,QZ_PRO,Probability,65,100,2025-08-25 13:55:37.168988
S0273,QZ_PRO,Probability,88,100,2025-07-31 13:55:37.168988
S0273,QZ_STA,Statistics,26,100,2025-10-31 13:55:37.168988
S0273,QZ_STA,Statistics,68,100,2025-10-20 13:55:37.168988
S0273,QZ_ML ,ML Basics,53,100,2025-09-05 13:55:37.168988
S0273,QZ_ML ,ML Basics,87,100,2025-09-26 13:55:37.168988
S0273,QZ_ML ,ML Basics,92,100,2025-10-07 13:55:37.168988
S0273,QZ_DEE,Deep Learning,99,100,2025-11-01 13:55:37.168988
S0273,QZ_DEE,Deep Learning,54,100,2025-07-22 13:55:37.168988
S0273,QZ_NLP,NLP,74,100,2025-12-12 13:55:37.168988
S0273,QZ_NLP,NLP,52,100,2025-08-24 13:55:37.168988
S0273,QZ_NLP,NLP,29,100,2025-12-21 13:55:37.168988
S0273,QZ_COM,Computer Vision,37,100,2025-10-26 13:55:37.168988
S0273,QZ_COM,Computer Vision,82,100,2026-01-14 13:55:37.168988
S0273,QZ_COM,Computer Vision,87,100,2025-10-11 13:55:37.168988
S0273,QZ_OPT,Optimization,99,100,2025-09-09 13:55:37.168988
S0273,QZ_OPT,Optimization,53,100,2026-01-03 13:55:37.168988
S0273,QZ_OPT,Optimization,72,100,2025-07-31 13:55:37.168988
S0273,QZ_OPT,Optimization,75,100,2025-12-23 13:55:37.168988
S0274,QZ_LIN,Linear Algebra,65,100,2025-12-14 13:55:37.168988
S0274,QZ_LIN,Linear Algebra,32,100,2025-12-05 13:55:37.168988
S0274,QZ_LIN,Linear Algebra,62,100,2025-12-15 13:55:37.168988
S0274,QZ_PRO,Probability,46,100,2025-09-06 13:55:37.168988
S0274,QZ_PRO,Probability,33,100,2025-12-10 13:55:37.168988
S0274,QZ_PRO,Probability,95,100,2025-09-07 13:55:37.168988
S0274,QZ_PRO,Probability,28,100,2025-11-17 13:55:37.168988
S0274,QZ_STA,Statistics,75,100,2025-09-07 13:55:37.168988
S0274,QZ_STA,Statistics,64,100,2025-10-11 13:55:37.168988
S0274,QZ_STA,Statistics,64,100,2025-11-17 13:55:37.168988
S0274,QZ_ML ,ML Basics,90,100,2025-10-04 13:55:37.168988
S0274,QZ_ML ,ML Basics,58,100,2025-12-08 13:55:37.168988
S0274,QZ_DEE,Deep Learning,54,100,2025-09-02 13:55:37.168988
S0274,QZ_DEE,Deep Learning,75,100,2025-09-22 13:55:37.168988
S0274,QZ_NLP,NLP,91,100,2025-12-31 13:55:37.168988
S0274,QZ_NLP,NLP,61,100,2025-08-25 13:55:37.168988
S0274,QZ_NLP,NLP,26,100,2025-09-17 13:55:37.168988
S0274,QZ_NLP,NLP,60,100,2025-09-17 13:55:37.168988
S0274,QZ_COM,Computer Vision,71,100,2026-01-16 13:55:37.168988
S0274,QZ_COM,Computer Vision,30,100,2025-12-17 13:55:37.168988
S0274,QZ_COM,Computer Vision,81,100,2025-08-04 13:55:37.168988
S0274,QZ_OPT,Optimization,79,100,2025-09-01 13:55:37.168988
S0274,QZ_OPT,Optimization,92,100,2025-11-09 13:55:37.168988
S0275,QZ_LIN,Linear Algebra,92,100,2025-09-04 13:55:37.168988
S0275,QZ_LIN,Linear Algebra,86,100,2025-09-05 13:55:37.168988
S0275,QZ_PRO,Probability,82,100,2025-11-12 13:55:37.168988
S0275,QZ_PRO,Probability,58,100,2025-12-21 13:55:37.168988
S0275,QZ_STA,Statistics,41,100,2025-11-25 13:55:37.168988
S0275,QZ_STA,Statistics,85,100,2025-09-25 13:55:37.168988
S0275,QZ_ML ,ML Basics,66,100,2025-10-08 13:55:37.168988
S0275,QZ_ML ,ML Basics,29,100,2025-07-26 13:55:37.168988
S0275,QZ_DEE,Deep Learning,58,100,2025-10-06 13:55:37.168988
S0275,QZ_DEE,Deep Learning,79,100,2025-12-24 13:55:37.168988
S0275,QZ_DEE,Deep Learning,33,100,2025-08-21 13:55:37.168988
S0275,QZ_NLP,NLP,58,100,2025-11-05 13:55:37.168988
S0275,QZ_NLP,NLP,42,100,2026-01-13 13:55:37.168988
S0275,QZ_COM,Computer Vision,49,100,2025-10-02 13:55:37.168988
S0275,QZ_COM,Computer Vision,72,100,2025-09-13 13:55:37.168988
S0275,QZ_OPT,Optimization,61,100,2025-12-22 13:55:37.168988
S0275,QZ_OPT,Optimization,85,100,2025-07-27 13:55:37.168988
S0276,QZ_LIN,Linear Algebra,74,100,2025-10-14 13:55:37.168988
S0276,QZ_LIN,Linear Algebra,81,100,2025-08-31 13:55:37.168988
S0276,QZ_PRO,Probability,96,100,2025-10-31 13:55:37.168988
S0276,QZ_PRO,Probability,60,100,2025-11-14 13:55:37.168988
S0276,QZ_PRO,Probability,45,100,2025-10-23 13:55:37.168988
S0276,QZ_PRO,Probability,52,100,2025-12-12 13:55:37.168988
S0276,QZ_STA,Statistics,77,100,2025-12-10 13:55:37.168988
S0276,QZ_STA,Statistics,39,100,2025-08-29 13:55:37.168988
S0276,QZ_STA,Statistics,65,100,2025-09-05 13:55:37.168988
S0276,QZ_ML ,ML Basics,89,100,2025-12-06 13:55:37.168988
S0276,QZ_ML ,ML Basics,79,100,2025-07-30 13:55:37.168988
S0276,QZ_ML ,ML Basics,55,100,2025-11-22 13:55:37.168988
S0276,QZ_DEE,Deep Learning,27,100,2025-11-24 13:55:37.168988
S0276,QZ_DEE,Deep Learning,39,100,2025-10-28 13:55:37.168988
S0276,QZ_DEE,Deep Learning,58,100,2025-10-19 13:55:37.168988
S0276,QZ_NLP,NLP,31,100,2025-11-09 13:55:37.168988
S0276,QZ_NLP,NLP,29,100,2026-01-06 13:55:37.168988
S0276,QZ_NLP,NLP,39,100,2026-01-10 13:55:37.168988
S0276,QZ_NLP,NLP,42,100,2025-11-29 13:55:37.168988
S0276,QZ_COM,Computer Vision,40,100,2025-08-06 13:55:37.168988
S0276,QZ_COM,Computer Vision,81,100,2025-12-15 13:55:37.168988
S0276,QZ_COM,Computer Vision,71,100,2025-09-30 13:55:37.168988
S0276,QZ_COM,Computer Vision,97,100,2025-07-21 13:55:37.168988
S0276,QZ_OPT,Optimization,64,100,2025-09-01 13:55:37.168988
S0276,QZ_OPT,Optimization,96,100,2025-10-30 13:55:37.168988
S0276,QZ_OPT,Optimization,82,100,2025-12-27 13:55:37.168988
S0277,QZ_LIN,Linear Algebra,85,100,2025-09-03 13:55:37.168988
S0277,QZ_LIN,Linear Algebra,82,100,2025-11-17 13:55:37.168988
S0277,QZ_LIN,Linear Algebra,71,100,2025-12-14 13:55:37.168988
S0277,QZ_PRO,Probability,52,100,2025-09-27 13:55:37.168988
S0277,QZ_PRO,Probability,65,100,2025-09-23 13:55:37.168988
S0277,QZ_PRO,Probability,96,100,2025-08-01 13:55:37.168988
S0277,QZ_PRO,Probability,42,100,2025-11-17 13:55:37.168988
S0277,QZ_STA,Statistics,83,100,2025-10-16 13:55:37.168988
S0277,QZ_STA,Statistics,33,100,2025-11-03 13:55:37.168988
S0277,QZ_ML ,ML Basics,96,100,2025-11-12 13:55:37.168988
S0277,QZ_ML ,ML Basics,72,100,2025-08-16 13:55:37.168988
S0277,QZ_DEE,Deep Learning,68,100,2025-10-16 13:55:37.168988
S0277,QZ_DEE,Deep Learning,56,100,2026-01-15 13:55:37.168988
S0277,QZ_DEE,Deep Learning,81,100,2025-12-12 13:55:37.168988
S0277,QZ_NLP,NLP,29,100,2025-09-27 13:55:37.168988
S0277,QZ_NLP,NLP,37,100,2025-11-28 13:55:37.168988
S0277,QZ_NLP,NLP,39,100,2025-07-25 13:55:37.168988
S0277,QZ_COM,Computer Vision,83,100,2025-11-05 13:55:37.168988
S0277,QZ_COM,Computer Vision,29,100,2025-12-12 13:55:37.168988
S0277,QZ_COM,Computer Vision,73,100,2025-09-26 13:55:37.168988
S0277,QZ_COM,Computer Vision,70,100,2025-12-26 13:55:37.168988
S0277,QZ_OPT,Optimization,26,100,2025-12-23 13:55:37.168988
S0277,QZ_OPT,Optimization,61,100,2025-08-06 13:55:37.168988
S0277,QZ_OPT,Optimization,92,100,2025-08-21 13:55:37.168988
S0278,QZ_LIN,Linear Algebra,88,100,2025-08-20 13:55:37.168988
S0278,QZ_LIN,Linear Algebra,92,100,2025-10-15 13:55:37.168988
S0278,QZ_LIN,Linear Algebra,95,100,2025-12-13 13:55:37.168988
S0278,QZ_LIN,Linear Algebra,72,100,2025-08-18 13:55:37.168988
S0278,QZ_PRO,Probability,37,100,2026-01-02 13:55:37.168988
S0278,QZ_PRO,Probability,26,100,2025-09-24 13:55:37.168988
S0278,QZ_PRO,Probability,63,100,2025-08-03 13:55:37.168988
S0278,QZ_PRO,Probability,78,100,2025-07-28 13:55:37.168988
S0278,QZ_STA,Statistics,40,100,2025-10-04 13:55:37.168988
S0278,QZ_STA,Statistics,78,100,2025-08-12 13:55:37.168988
S0278,QZ_ML ,ML Basics,50,100,2025-11-04 13:55:37.168988
S0278,QZ_ML ,ML Basics,99,100,2025-09-16 13:55:37.168988
S0278,QZ_ML ,ML Basics,52,100,2026-01-15 13:55:37.168988
S0278,QZ_ML ,ML Basics,71,100,2025-08-15 13:55:37.168988
S0278,QZ_DEE,Deep Learning,93,100,2025-12-14 13:55:37.168988
S0278,QZ_DEE,Deep Learning,97,100,2026-01-01 13:55:37.168988
S0278,QZ_DEE,Deep Learning,99,100,2025-09-05 13:55:37.168988
S0278,QZ_DEE,Deep Learning,33,100,2025-12-31 13:55:37.168988
S0278,QZ_NLP,NLP,44,100,2025-08-24 13:55:37.168988
S0278,QZ_NLP,NLP,39,100,2025-12-16 13:55:37.168988
S0278,QZ_NLP,NLP,58,100,2025-12-14 13:55:37.168988
S0278,QZ_COM,Computer Vision,54,100,2026-01-02 13:55:37.168988
S0278,QZ_COM,Computer Vision,53,100,2025-12-18 13:55:37.168988
S0278,QZ_OPT,Optimization,65,100,2025-08-12 13:55:37.168988
S0278,QZ_OPT,Optimization,49,100,2026-01-16 13:55:37.168988
S0278,QZ_OPT,Optimization,47,100,2025-07-25 13:55:37.168988
S0279,QZ_LIN,Linear Algebra,88,100,2025-08-03 13:55:37.168988
S0279,QZ_LIN,Linear Algebra,99,100,2026-01-09 13:55:37.168988
S0279,QZ_LIN,Linear Algebra,43,100,2025-08-23 13:55:37.168988
S0279,QZ_PRO,Probability,75,100,2025-10-22 13:55:37.168988
S0279,QZ_PRO,Probability,51,100,2025-09-01 13:55:37.168988
S0279,QZ_PRO,Probability,90,100,2025-08-06 13:55:37.168988
S0279,QZ_STA,Statistics,43,100,2026-01-05 13:55:37.168988
S0279,QZ_STA,Statistics,79,100,2025-12-24 13:55:37.168988
S0279,QZ_ML ,ML Basics,35,100,2025-09-27 13:55:37.168988
S0279,QZ_ML ,ML Basics,59,100,2025-12-13 13:55:37.168988
S0279,QZ_DEE,Deep Learning,81,100,2026-01-03 13:55:37.168988
S0279,QZ_DEE,Deep Learning,68,100,2025-09-30 13:55:37.168988
S0279,QZ_NLP,NLP,88,100,2025-12-22 13:55:37.168988
S0279,QZ_NLP,NLP,87,100,2025-07-26 13:55:37.168988
S0279,QZ_NLP,NLP,96,100,2025-11-03 13:55:37.168988
S0279,QZ_COM,Computer Vision,99,100,2025-12-02 13:55:37.168988
S0279,QZ_COM,Computer Vision,74,100,2025-07-29 13:55:37.168988
S0279,QZ_COM,Computer Vision,36,100,2026-01-13 13:55:37.168988
S0279,QZ_OPT,Optimization,37,100,2025-08-03 13:55:37.168988
S0279,QZ_OPT,Optimization,36,100,2025-09-09 13:55:37.168988
S0280,QZ_LIN,Linear Algebra,71,100,2025-10-28 13:55:37.168988
S0280,QZ_LIN,Linear Algebra,56,100,2025-12-25 13:55:37.168988
S0280,QZ_PRO,Probability,67,100,2026-01-05 13:55:37.168988
S0280,QZ_PRO,Probability,91,100,2025-12-14 13:55:37.168988
S0280,QZ_STA,Statistics,57,100,2026-01-14 13:55:37.168988
S0280,QZ_STA,Statistics,45,100,2025-10-19 13:55:37.168988
S0280,QZ_STA,Statistics,94,100,2026-01-07 13:55:37.168988
S0280,QZ_ML ,ML Basics,51,100,2025-11-11 13:55:37.168988
S0280,QZ_ML ,ML Basics,96,100,2025-08-12 13:55:37.168988
S0280,QZ_ML ,ML Basics,92,100,2025-12-06 13:55:37.168988
S0280,QZ_ML ,ML Basics,47,100,2025-10-12 13:55:37.168988
S0280,QZ_DEE,Deep Learning,75,100,2025-08-19 13:55:37.168988
S0280,QZ_DEE,Deep Learning,89,100,2025-12-03 13:55:37.168988
S0280,QZ_NLP,NLP,79,100,2025-12-12 13:55:37.168988
S0280,QZ_NLP,NLP,32,100,2026-01-11 13:55:37.168988
S0280,QZ_COM,Computer Vision,60,100,2025-08-06 13:55:37.168988
S0280,QZ_COM,Computer Vision,29,100,2025-11-18 13:55:37.168988
S0280,QZ_COM,Computer Vision,34,100,2025-07-31 13:55:37.168988
S0280,QZ_OPT,Optimization,53,100,2025-08-27 13:55:37.168988
S0280,QZ_OPT,Optimization,37,100,2025-07-28 13:55:37.168988
S0280,QZ_OPT,Optimization,43,100,2026-01-04 13:55:37.168988
S0280,QZ_OPT,Optimization,99,100,2025-08-03 13:55:37.168988
S0281,QZ_LIN,Linear Algebra,41,100,2025-08-12 13:55:37.168988
S0281,QZ_LIN,Linear Algebra,33,100,2025-09-19 13:55:37.168988
S0281,QZ_LIN,Linear Algebra,85,100,2025-08-26 13:55:37.168988
S0281,QZ_PRO,Probability,76,100,2025-11-29 13:55:37.168988
S0281,QZ_PRO,Probability,33,100,2025-10-20 13:55:37.168988
S0281,QZ_PRO,Probability,49,100,2025-08-24 13:55:37.168988
S0281,QZ_STA,Statistics,51,100,2026-01-12 13:55:37.168988
S0281,QZ_STA,Statistics,34,100,2025-11-29 13:55:37.168988
S0281,QZ_STA,Statistics,45,100,2025-11-13 13:55:37.168988
S0281,QZ_ML ,ML Basics,52,100,2025-07-26 13:55:37.168988
S0281,QZ_ML ,ML Basics,92,100,2026-01-04 13:55:37.168988
S0281,QZ_DEE,Deep Learning,80,100,2025-08-06 13:55:37.168988
S0281,QZ_DEE,Deep Learning,45,100,2025-08-26 13:55:37.168988
S0281,QZ_NLP,NLP,42,100,2025-08-09 13:55:37.168988
S0281,QZ_NLP,NLP,49,100,2025-09-02 13:55:37.168988
S0281,QZ_NLP,NLP,30,100,2025-12-14 13:55:37.168988
S0281,QZ_NLP,NLP,77,100,2025-12-02 13:55:37.168988
S0281,QZ_COM,Computer Vision,70,100,2025-12-26 13:55:37.168988
S0281,QZ_COM,Computer Vision,55,100,2025-10-01 13:55:37.168988
S0281,QZ_COM,Computer Vision,29,100,2025-11-20 13:55:37.168988
S0281,QZ_COM,Computer Vision,89,100,2025-12-28 13:55:37.168988
S0281,QZ_OPT,Optimization,97,100,2025-11-14 13:55:37.168988
S0281,QZ_OPT,Optimization,43,100,2025-09-04 13:55:37.168988
S0282,QZ_LIN,Linear Algebra,57,100,2025-10-28 13:55:37.168988
S0282,QZ_LIN,Linear Algebra,79,100,2025-10-25 13:55:37.168988
S0282,QZ_LIN,Linear Algebra,29,100,2025-08-15 13:55:37.168988
S0282,QZ_PRO,Probability,26,100,2025-10-27 13:55:37.168988
S0282,QZ_PRO,Probability,38,100,2025-07-26 13:55:37.168988
S0282,QZ_PRO,Probability,93,100,2025-12-30 13:55:37.168988
S0282,QZ_PRO,Probability,61,100,2025-11-16 13:55:37.168988
S0282,QZ_STA,Statistics,57,100,2025-10-13 13:55:37.168988
S0282,QZ_STA,Statistics,34,100,2025-12-20 13:55:37.168988
S0282,QZ_STA,Statistics,60,100,2025-08-02 13:55:37.168988
S0282,QZ_ML ,ML Basics,29,100,2025-10-03 13:55:37.168988
S0282,QZ_ML ,ML Basics,63,100,2025-09-06 13:55:37.168988
S0282,QZ_ML ,ML Basics,28,100,2025-10-04 13:55:37.168988
S0282,QZ_DEE,Deep Learning,55,100,2025-08-06 13:55:37.168988
S0282,QZ_DEE,Deep Learning,25,100,2025-11-03 13:55:37.168988
S0282,QZ_DEE,Deep Learning,52,100,2025-08-21 13:55:37.168988
S0282,QZ_NLP,NLP,55,100,2025-08-26 13:55:37.168988
S0282,QZ_NLP,NLP,81,100,2025-07-21 13:55:37.168988
S0282,QZ_NLP,NLP,31,100,2025-10-18 13:55:37.168988
S0282,QZ_NLP,NLP,52,100,2025-08-25 13:55:37.168988
S0282,QZ_COM,Computer Vision,88,100,2025-12-14 13:55:37.168988
S0282,QZ_COM,Computer Vision,62,100,2025-09-11 13:55:37.168988
S0282,QZ_OPT,Optimization,40,100,2025-10-04 13:55:37.168988
S0282,QZ_OPT,Optimization,55,100,2025-07-31 13:55:37.168988
S0282,QZ_OPT,Optimization,38,100,2026-01-04 13:55:37.168988
S0283,QZ_LIN,Linear Algebra,25,100,2025-08-27 13:55:37.168988
S0283,QZ_LIN,Linear Algebra,33,100,2026-01-03 13:55:37.168988
S0283,QZ_LIN,Linear Algebra,25,100,2025-11-21 13:55:37.168988
S0283,QZ_LIN,Linear Algebra,82,100,2026-01-03 13:55:37.168988
S0283,QZ_PRO,Probability,82,100,2025-08-06 13:55:37.168988
S0283,QZ_PRO,Probability,51,100,2025-07-27 13:55:37.168988
S0283,QZ_PRO,Probability,56,100,2025-07-31 13:55:37.168988
S0283,QZ_STA,Statistics,58,100,2025-09-08 13:55:37.168988
S0283,QZ_STA,Statistics,69,100,2025-11-11 13:55:37.168988
S0283,QZ_STA,Statistics,59,100,2025-08-31 13:55:37.168988
S0283,QZ_ML ,ML Basics,48,100,2025-10-12 13:55:37.168988
S0283,QZ_ML ,ML Basics,29,100,2025-12-30 13:55:37.168988
S0283,QZ_DEE,Deep Learning,70,100,2025-12-27 13:55:37.168988
S0283,QZ_DEE,Deep Learning,39,100,2025-12-14 13:55:37.168988
S0283,QZ_NLP,NLP,38,100,2025-12-19 13:55:37.168988
S0283,QZ_NLP,NLP,48,100,2025-11-11 13:55:37.168988
S0283,QZ_COM,Computer Vision,60,100,2025-11-29 13:55:37.168988
S0283,QZ_COM,Computer Vision,84,100,2025-11-06 13:55:37.168988
S0283,QZ_COM,Computer Vision,98,100,2025-12-04 13:55:37.168988
S0283,QZ_OPT,Optimization,48,100,2025-09-19 13:55:37.168988
S0283,QZ_OPT,Optimization,44,100,2025-08-24 13:55:37.168988
S0283,QZ_OPT,Optimization,60,100,2025-09-04 13:55:37.168988
S0283,QZ_OPT,Optimization,70,100,2025-11-25 13:55:37.168988
S0284,QZ_LIN,Linear Algebra,44,100,2025-11-19 13:55:37.168988
S0284,QZ_LIN,Linear Algebra,52,100,2025-10-16 13:55:37.168988
S0284,QZ_LIN,Linear Algebra,78,100,2026-01-16 13:55:37.168988
S0284,QZ_LIN,Linear Algebra,83,100,2025-08-26 13:55:37.168988
S0284,QZ_PRO,Probability,66,100,2025-11-07 13:55:37.168988
S0284,QZ_PRO,Probability,77,100,2025-09-15 13:55:37.168988
S0284,QZ_STA,Statistics,77,100,2025-09-18 13:55:37.168988
S0284,QZ_STA,Statistics,68,100,2025-08-14 13:55:37.168988
S0284,QZ_STA,Statistics,85,100,2025-11-09 13:55:37.168988
S0284,QZ_ML ,ML Basics,92,100,2025-11-22 13:55:37.168988
S0284,QZ_ML ,ML Basics,71,100,2026-01-07 13:55:37.168988
S0284,QZ_ML ,ML Basics,68,100,2025-09-27 13:55:37.168988
S0284,QZ_ML ,ML Basics,34,100,2025-07-22 13:55:37.168988
S0284,QZ_DEE,Deep Learning,54,100,2025-12-20 13:55:37.168988
S0284,QZ_DEE,Deep Learning,98,100,2025-12-18 13:55:37.168988
S0284,QZ_NLP,NLP,92,100,2025-08-24 13:55:37.168988
S0284,QZ_NLP,NLP,74,100,2025-09-24 13:55:37.168988
S0284,QZ_COM,Computer Vision,33,100,2025-10-03 13:55:37.168988
S0284,QZ_COM,Computer Vision,37,100,2025-09-28 13:55:37.168988
S0284,QZ_COM,Computer Vision,52,100,2025-10-08 13:55:37.168988
S0284,QZ_OPT,Optimization,64,100,2025-08-29 13:55:37.168988
S0284,QZ_OPT,Optimization,65,100,2025-08-17 13:55:37.168988
S0284,QZ_OPT,Optimization,35,100,2025-11-07 13:55:37.168988
S0285,QZ_LIN,Linear Algebra,73,100,2025-11-13 13:55:37.168988
S0285,QZ_LIN,Linear Algebra,84,100,2025-07-26 13:55:37.168988
S0285,QZ_LIN,Linear Algebra,92,100,2025-09-19 13:55:37.168988
S0285,QZ_LIN,Linear Algebra,36,100,2025-09-18 13:55:37.168988
S0285,QZ_PRO,Probability,56,100,2025-11-15 13:55:37.168988
S0285,QZ_PRO,Probability,27,100,2025-12-26 13:55:37.168988
S0285,QZ_PRO,Probability,73,100,2025-12-20 13:55:37.168988
S0285,QZ_PRO,Probability,64,100,2025-08-21 13:55:37.168988
S0285,QZ_STA,Statistics,75,100,2025-10-09 13:55:37.168988
S0285,QZ_STA,Statistics,49,100,2025-08-15 13:55:37.168988
S0285,QZ_ML ,ML Basics,68,100,2025-09-29 13:55:37.168988
S0285,QZ_ML ,ML Basics,41,100,2025-11-29 13:55:37.168988
S0285,QZ_ML ,ML Basics,36,100,2025-09-12 13:55:37.168988
S0285,QZ_DEE,Deep Learning,92,100,2025-09-21 13:55:37.168988
S0285,QZ_DEE,Deep Learning,96,100,2025-10-07 13:55:37.168988
S0285,QZ_NLP,NLP,65,100,2025-08-07 13:55:37.168988
S0285,QZ_NLP,NLP,67,100,2026-01-13 13:55:37.168988
S0285,QZ_COM,Computer Vision,32,100,2025-12-12 13:55:37.168988
S0285,QZ_COM,Computer Vision,80,100,2025-08-22 13:55:37.168988
S0285,QZ_OPT,Optimization,58,100,2025-10-30 13:55:37.168988
S0285,QZ_OPT,Optimization,44,100,2025-12-14 13:55:37.168988
S0285,QZ_OPT,Optimization,49,100,2025-11-21 13:55:37.168988
S0286,QZ_LIN,Linear Algebra,35,100,2025-12-17 13:55:37.168988
S0286,QZ_LIN,Linear Algebra,94,100,2025-09-18 13:55:37.168988
S0286,QZ_LIN,Linear Algebra,69,100,2025-10-02 13:55:37.168988
S0286,QZ_PRO,Probability,36,100,2025-08-21 13:55:37.168988
S0286,QZ_PRO,Probability,55,100,2025-12-20 13:55:37.168988
S0286,QZ_STA,Statistics,54,100,2026-01-04 13:55:37.168988
S0286,QZ_STA,Statistics,54,100,2026-01-09 13:55:37.168988
S0286,QZ_STA,Statistics,41,100,2025-07-21 13:55:37.168988
S0286,QZ_ML ,ML Basics,85,100,2025-12-06 13:55:37.168988
S0286,QZ_ML ,ML Basics,26,100,2025-11-01 13:55:37.168988
S0286,QZ_DEE,Deep Learning,87,100,2025-11-12 13:55:37.168988
S0286,QZ_DEE,Deep Learning,99,100,2026-01-04 13:55:37.168988
S0286,QZ_DEE,Deep Learning,92,100,2025-08-18 13:55:37.168988
S0286,QZ_NLP,NLP,29,100,2025-11-29 13:55:37.168988
S0286,QZ_NLP,NLP,74,100,2025-10-11 13:55:37.168988
S0286,QZ_NLP,NLP,73,100,2025-07-23 13:55:37.168988
S0286,QZ_COM,Computer Vision,56,100,2025-09-03 13:55:37.168988
S0286,QZ_COM,Computer Vision,66,100,2025-07-28 13:55:37.168988
S0286,QZ_COM,Computer Vision,65,100,2025-08-07 13:55:37.168988
S0286,QZ_COM,Computer Vision,49,100,2025-09-22 13:55:37.168988
S0286,QZ_OPT,Optimization,82,100,2025-09-29 13:55:37.168988
S0286,QZ_OPT,Optimization,62,100,2025-11-12 13:55:37.168988
S0286,QZ_OPT,Optimization,40,100,2025-10-03 13:55:37.168988
S0287,QZ_LIN,Linear Algebra,28,100,2025-11-08 13:55:37.168988
S0287,QZ_LIN,Linear Algebra,50,100,2025-11-10 13:55:37.168988
S0287,QZ_LIN,Linear Algebra,38,100,2025-12-11 13:55:37.168988
S0287,QZ_PRO,Probability,75,100,2025-08-31 13:55:37.168988
S0287,QZ_PRO,Probability,87,100,2025-09-01 13:55:37.168988
S0287,QZ_PRO,Probability,43,100,2025-10-14 13:55:37.168988
S0287,QZ_PRO,Probability,86,100,2025-12-16 13:55:37.168988
S0287,QZ_STA,Statistics,78,100,2025-10-05 13:55:37.168988
S0287,QZ_STA,Statistics,89,100,2025-10-19 13:55:37.168988
S0287,QZ_ML ,ML Basics,99,100,2025-11-26 13:55:37.168988
S0287,QZ_ML ,ML Basics,69,100,2025-11-25 13:55:37.168988
S0287,QZ_ML ,ML Basics,26,100,2025-11-02 13:55:37.168988
S0287,QZ_ML ,ML Basics,29,100,2025-12-15 13:55:37.168988
S0287,QZ_DEE,Deep Learning,68,100,2025-08-15 13:55:37.168988
S0287,QZ_DEE,Deep Learning,34,100,2025-12-08 13:55:37.168988
S0287,QZ_NLP,NLP,95,100,2025-09-03 13:55:37.168988
S0287,QZ_NLP,NLP,62,100,2025-12-12 13:55:37.168988
S0287,QZ_NLP,NLP,41,100,2026-01-11 13:55:37.168988
S0287,QZ_NLP,NLP,97,100,2025-12-08 13:55:37.168988
S0287,QZ_COM,Computer Vision,33,100,2025-10-07 13:55:37.168988
S0287,QZ_COM,Computer Vision,39,100,2025-10-06 13:55:37.168988
S0287,QZ_COM,Computer Vision,66,100,2025-07-23 13:55:37.168988
S0287,QZ_COM,Computer Vision,57,100,2026-01-03 13:55:37.168988
S0287,QZ_OPT,Optimization,53,100,2025-11-29 13:55:37.168988
S0287,QZ_OPT,Optimization,32,100,2025-08-06 13:55:37.168988
S0288,QZ_LIN,Linear Algebra,52,100,2025-09-15 13:55:37.168988
S0288,QZ_LIN,Linear Algebra,82,100,2025-12-05 13:55:37.168988
S0288,QZ_LIN,Linear Algebra,66,100,2025-12-19 13:55:37.168988
S0288,QZ_PRO,Probability,98,100,2025-10-26 13:55:37.168988
S0288,QZ_PRO,Probability,35,100,2025-10-02 13:55:37.168988
S0288,QZ_STA,Statistics,69,100,2025-10-10 13:55:37.168988
S0288,QZ_STA,Statistics,82,100,2025-10-22 13:55:37.168988
S0288,QZ_STA,Statistics,50,100,2025-07-24 13:55:37.168988
S0288,QZ_ML ,ML Basics,89,100,2025-07-23 13:55:37.168988
S0288,QZ_ML ,ML Basics,79,100,2026-01-10 13:55:37.168988
S0288,QZ_DEE,Deep Learning,75,100,2025-08-12 13:55:37.168988
S0288,QZ_DEE,Deep Learning,93,100,2025-08-06 13:55:37.168988
S0288,QZ_DEE,Deep Learning,52,100,2026-01-07 13:55:37.168988
S0288,QZ_NLP,NLP,38,100,2025-12-18 13:55:37.168988
S0288,QZ_NLP,NLP,38,100,2025-11-14 13:55:37.168988
S0288,QZ_NLP,NLP,83,100,2025-09-08 13:55:37.168988
S0288,QZ_COM,Computer Vision,84,100,2025-10-07 13:55:37.168988
S0288,QZ_COM,Computer Vision,52,100,2025-09-30 13:55:37.168988
S0288,QZ_COM,Computer Vision,58,100,2025-11-28 13:55:37.168988
S0288,QZ_COM,Computer Vision,96,100,2025-11-26 13:55:37.168988
S0288,QZ_OPT,Optimization,86,100,2025-11-12 13:55:37.168988
S0288,QZ_OPT,Optimization,33,100,2025-12-18 13:55:37.168988
S0289,QZ_LIN,Linear Algebra,44,100,2025-10-20 13:55:37.168988
S0289,QZ_LIN,Linear Algebra,51,100,2025-09-08 13:55:37.168988
S0289,QZ_LIN,Linear Algebra,54,100,2026-01-12 13:55:37.168988
S0289,QZ_PRO,Probability,86,100,2025-08-20 13:55:37.168988
S0289,QZ_PRO,Probability,81,100,2025-10-20 13:55:37.168988
S0289,QZ_PRO,Probability,88,100,2025-08-28 13:55:37.168988
S0289,QZ_STA,Statistics,39,100,2025-07-23 13:55:37.168988
S0289,QZ_STA,Statistics,35,100,2025-10-13 13:55:37.168988
S0289,QZ_STA,Statistics,89,100,2025-08-24 13:55:37.168988
S0289,QZ_STA,Statistics,67,100,2025-08-13 13:55:37.168988
S0289,QZ_ML ,ML Basics,26,100,2025-12-19 13:55:37.168988
S0289,QZ_ML ,ML Basics,53,100,2025-08-22 13:55:37.168988
S0289,QZ_ML ,ML Basics,35,100,2025-10-21 13:55:37.168988
S0289,QZ_DEE,Deep Learning,25,100,2025-11-19 13:55:37.168988
S0289,QZ_DEE,Deep Learning,34,100,2025-11-04 13:55:37.168988
S0289,QZ_DEE,Deep Learning,41,100,2025-09-26 13:55:37.168988
S0289,QZ_DEE,Deep Learning,96,100,2025-11-06 13:55:37.168988
S0289,QZ_NLP,NLP,66,100,2025-08-04 13:55:37.168988
S0289,QZ_NLP,NLP,91,100,2025-07-28 13:55:37.168988
S0289,QZ_NLP,NLP,58,100,2025-10-31 13:55:37.168988
S0289,QZ_COM,Computer Vision,64,100,2025-11-07 13:55:37.168988
S0289,QZ_COM,Computer Vision,54,100,2025-12-27 13:55:37.168988
S0289,QZ_OPT,Optimization,33,100,2025-12-30 13:55:37.168988
S0289,QZ_OPT,Optimization,54,100,2025-12-06 13:55:37.168988
S0289,QZ_OPT,Optimization,34,100,2025-08-20 13:55:37.168988
S0290,QZ_LIN,Linear Algebra,27,100,2025-10-26 13:55:37.168988
S0290,QZ_LIN,Linear Algebra,59,100,2025-12-29 13:55:37.168988
S0290,QZ_LIN,Linear Algebra,96,100,2025-11-07 13:55:37.168988
S0290,QZ_PRO,Probability,32,100,2025-09-25 13:55:37.168988
S0290,QZ_PRO,Probability,35,100,2025-09-21 13:55:37.168988
S0290,QZ_STA,Statistics,37,100,2025-10-15 13:55:37.168988
S0290,QZ_STA,Statistics,29,100,2025-07-28 13:55:37.168988
S0290,QZ_STA,Statistics,30,100,2025-09-21 13:55:37.168988
S0290,QZ_ML ,ML Basics,75,100,2025-12-20 13:55:37.168988
S0290,QZ_ML ,ML Basics,67,100,2025-11-06 13:55:37.168988
S0290,QZ_ML ,ML Basics,68,100,2025-09-08 13:55:37.168988
S0290,QZ_DEE,Deep Learning,95,100,2025-08-11 13:55:37.168988
S0290,QZ_DEE,Deep Learning,92,100,2025-09-09 13:55:37.168988
S0290,QZ_NLP,NLP,86,100,2025-12-27 13:55:37.168988
S0290,QZ_NLP,NLP,37,100,2025-08-17 13:55:37.168988
S0290,QZ_NLP,NLP,83,100,2025-09-23 13:55:37.168988
S0290,QZ_NLP,NLP,57,100,2025-12-23 13:55:37.168988
S0290,QZ_COM,Computer Vision,86,100,2025-10-05 13:55:37.168988
S0290,QZ_COM,Computer Vision,85,100,2025-10-15 13:55:37.168988
S0290,QZ_OPT,Optimization,51,100,2025-11-24 13:55:37.168988
S0290,QZ_OPT,Optimization,98,100,2025-09-01 13:55:37.168988
S0290,QZ_OPT,Optimization,97,100,2025-09-27 13:55:37.168988
S0291,QZ_LIN,Linear Algebra,85,100,2025-10-10 13:55:37.168988
S0291,QZ_LIN,Linear Algebra,30,100,2025-11-13 13:55:37.168988
S0291,QZ_LIN,Linear Algebra,25,100,2025-10-15 13:55:37.168988
S0291,QZ_LIN,Linear Algebra,49,100,2025-10-23 13:55:37.168988
S0291,QZ_PRO,Probability,30,100,2025-12-04 13:55:37.168988
S0291,QZ_PRO,Probability,94,100,2025-09-07 13:55:37.168988
S0291,QZ_STA,Statistics,75,100,2025-12-09 13:55:37.168988
S0291,QZ_STA,Statistics,93,100,2025-10-26 13:55:37.168988
S0291,QZ_STA,Statistics,79,100,2025-10-20 13:55:37.168988
S0291,QZ_ML ,ML Basics,43,100,2025-11-01 13:55:37.168988
S0291,QZ_ML ,ML Basics,44,100,2025-08-26 13:55:37.168988
S0291,QZ_ML ,ML Basics,59,100,2025-11-27 13:55:37.168988
S0291,QZ_DEE,Deep Learning,43,100,2025-08-22 13:55:37.168988
S0291,QZ_DEE,Deep Learning,53,100,2025-08-15 13:55:37.168988
S0291,QZ_DEE,Deep Learning,92,100,2025-09-21 13:55:37.168988
S0291,QZ_NLP,NLP,25,100,2025-07-25 13:55:37.168988
S0291,QZ_NLP,NLP,51,100,2025-08-19 13:55:37.168988
S0291,QZ_COM,Computer Vision,35,100,2025-09-19 13:55:37.168988
S0291,QZ_COM,Computer Vision,91,100,2025-12-09 13:55:37.168988
S0291,QZ_COM,Computer Vision,84,100,2025-08-11 13:55:37.168988
S0291,QZ_COM,Computer Vision,29,100,2025-10-27 13:55:37.168988
S0291,QZ_OPT,Optimization,90,100,2025-10-12 13:55:37.168988
S0291,QZ_OPT,Optimization,52,100,2025-11-06 13:55:37.168988
S0291,QZ_OPT,Optimization,43,100,2025-09-20 13:55:37.168988
S0292,QZ_LIN,Linear Algebra,86,100,2025-10-29 13:55:37.168988
S0292,QZ_LIN,Linear Algebra,97,100,2025-10-22 13:55:37.168988
S0292,QZ_LIN,Linear Algebra,49,100,2025-09-22 13:55:37.168988
S0292,QZ_PRO,Probability,81,100,2025-12-29 13:55:37.168988
S0292,QZ_PRO,Probability,92,100,2025-08-03 13:55:37.168988
S0292,QZ_PRO,Probability,34,100,2025-07-28 13:55:37.168988
S0292,QZ_STA,Statistics,30,100,2025-11-19 13:55:37.168988
S0292,QZ_STA,Statistics,71,100,2025-11-18 13:55:37.168988
S0292,QZ_STA,Statistics,32,100,2025-09-21 13:55:37.168988
S0292,QZ_ML ,ML Basics,39,100,2025-07-25 13:55:37.168988
S0292,QZ_ML ,ML Basics,29,100,2025-10-09 13:55:37.168988
S0292,QZ_ML ,ML Basics,91,100,2025-10-13 13:55:37.168988
S0292,QZ_DEE,Deep Learning,28,100,2025-12-17 13:55:37.168988
S0292,QZ_DEE,Deep Learning,62,100,2025-12-26 13:55:37.168988
S0292,QZ_NLP,NLP,63,100,2025-10-22 13:55:37.168988
S0292,QZ_NLP,NLP,45,100,2025-09-12 13:55:37.168988
S0292,QZ_COM,Computer Vision,65,100,2025-08-23 13:55:37.168988
S0292,QZ_COM,Computer Vision,25,100,2025-08-21 13:55:37.168988
S0292,QZ_COM,Computer Vision,93,100,2025-12-11 13:55:37.168988
S0292,QZ_OPT,Optimization,52,100,2025-12-16 13:55:37.168988
S0292,QZ_OPT,Optimization,57,100,2025-11-11 13:55:37.168988
S0292,QZ_OPT,Optimization,90,100,2025-07-24 13:55:37.168988
S0292,QZ_OPT,Optimization,50,100,2025-12-18 13:55:37.168988
S0293,QZ_LIN,Linear Algebra,34,100,2025-07-24 13:55:37.168988
S0293,QZ_LIN,Linear Algebra,83,100,2025-07-21 13:55:37.168988
S0293,QZ_LIN,Linear Algebra,50,100,2025-10-15 13:55:37.168988
S0293,QZ_LIN,Linear Algebra,86,100,2026-01-11 13:55:37.168988
S0293,QZ_PRO,Probability,82,100,2025-10-06 13:55:37.168988
S0293,QZ_PRO,Probability,63,100,2025-12-25 13:55:37.168988
S0293,QZ_PRO,Probability,77,100,2025-11-14 13:55:37.168988
S0293,QZ_PRO,Probability,97,100,2026-01-16 13:55:37.168988
S0293,QZ_STA,Statistics,38,100,2025-12-29 13:55:37.168988
S0293,QZ_STA,Statistics,89,100,2025-10-16 13:55:37.168988
S0293,QZ_STA,Statistics,86,100,2025-11-15 13:55:37.168988
S0293,QZ_ML ,ML Basics,59,100,2025-11-16 13:55:37.168988
S0293,QZ_ML ,ML Basics,49,100,2025-08-15 13:55:37.168988
S0293,QZ_ML ,ML Basics,85,100,2025-08-30 13:55:37.168988
S0293,QZ_ML ,ML Basics,52,100,2025-09-01 13:55:37.168988
S0293,QZ_DEE,Deep Learning,88,100,2025-11-08 13:55:37.168988
S0293,QZ_DEE,Deep Learning,83,100,2025-09-27 13:55:37.168988
S0293,QZ_NLP,NLP,60,100,2025-12-11 13:55:37.168988
S0293,QZ_NLP,NLP,35,100,2025-12-10 13:55:37.168988
S0293,QZ_COM,Computer Vision,78,100,2025-12-28 13:55:37.168988
S0293,QZ_COM,Computer Vision,96,100,2025-11-13 13:55:37.168988
S0293,QZ_COM,Computer Vision,27,100,2025-12-24 13:55:37.168988
S0293,QZ_COM,Computer Vision,57,100,2026-01-03 13:55:37.168988
S0293,QZ_OPT,Optimization,64,100,2025-10-04 13:55:37.168988
S0293,QZ_OPT,Optimization,93,100,2025-08-08 13:55:37.168988
S0293,QZ_OPT,Optimization,54,100,2025-07-28 13:55:37.168988
S0293,QZ_OPT,Optimization,68,100,2025-10-13 13:55:37.168988
S0294,QZ_LIN,Linear Algebra,92,100,2025-08-15 13:55:37.168988
S0294,QZ_LIN,Linear Algebra,68,100,2025-12-10 13:55:37.168988
S0294,QZ_LIN,Linear Algebra,56,100,2025-12-20 13:55:37.168988
S0294,QZ_PRO,Probability,41,100,2025-08-01 13:55:37.168988
S0294,QZ_PRO,Probability,38,100,2025-12-03 13:55:37.168988
S0294,QZ_STA,Statistics,61,100,2025-08-04 13:55:37.168988
S0294,QZ_STA,Statistics,74,100,2025-09-12 13:55:37.168988
S0294,QZ_STA,Statistics,64,100,2025-07-25 13:55:37.168988
S0294,QZ_STA,Statistics,64,100,2025-10-11 13:55:37.168988
S0294,QZ_ML ,ML Basics,88,100,2025-12-13 13:55:37.168988
S0294,QZ_ML ,ML Basics,86,100,2025-11-17 13:55:37.168988
S0294,QZ_ML ,ML Basics,57,100,2025-11-16 13:55:37.168988
S0294,QZ_ML ,ML Basics,78,100,2025-12-17 13:55:37.168988
S0294,QZ_DEE,Deep Learning,27,100,2026-01-06 13:55:37.168988
S0294,QZ_DEE,Deep Learning,36,100,2025-07-21 13:55:37.168988
S0294,QZ_DEE,Deep Learning,69,100,2025-10-12 13:55:37.168988
S0294,QZ_DEE,Deep Learning,84,100,2026-01-13 13:55:37.168988
S0294,QZ_NLP,NLP,78,100,2025-12-13 13:55:37.168988
S0294,QZ_NLP,NLP,74,100,2025-08-25 13:55:37.168988
S0294,QZ_COM,Computer Vision,88,100,2025-08-24 13:55:37.168988
S0294,QZ_COM,Computer Vision,58,100,2025-08-25 13:55:37.168988
S0294,QZ_COM,Computer Vision,46,100,2025-10-10 13:55:37.168988
S0294,QZ_OPT,Optimization,64,100,2025-09-14 13:55:37.168988
S0294,QZ_OPT,Optimization,99,100,2025-11-27 13:55:37.168988
S0294,QZ_OPT,Optimization,59,100,2025-12-04 13:55:37.168988
S0295,QZ_LIN,Linear Algebra,91,100,2025-09-22 13:55:37.168988
S0295,QZ_LIN,Linear Algebra,39,100,2025-09-18 13:55:37.168988
S0295,QZ_LIN,Linear Algebra,26,100,2025-11-28 13:55:37.168988
S0295,QZ_LIN,Linear Algebra,40,100,2025-12-05 13:55:37.168988
S0295,QZ_PRO,Probability,59,100,2025-08-12 13:55:37.168988
S0295,QZ_PRO,Probability,50,100,2025-12-18 13:55:37.168988
S0295,QZ_PRO,Probability,26,100,2025-08-16 13:55:37.168988
S0295,QZ_PRO,Probability,67,100,2025-09-23 13:55:37.168988
S0295,QZ_STA,Statistics,70,100,2025-11-26 13:55:37.168988
S0295,QZ_STA,Statistics,47,100,2025-09-26 13:55:37.168988
S0295,QZ_STA,Statistics,75,100,2025-10-22 13:55:37.168988
S0295,QZ_STA,Statistics,25,100,2025-07-21 13:55:37.168988
S0295,QZ_ML ,ML Basics,29,100,2025-11-19 13:55:37.168988
S0295,QZ_ML ,ML Basics,78,100,2026-01-01 13:55:37.168988
S0295,QZ_ML ,ML Basics,88,100,2025-08-28 13:55:37.168988
S0295,QZ_ML ,ML Basics,84,100,2025-12-07 13:55:37.168988
S0295,QZ_DEE,Deep Learning,29,100,2025-09-30 13:55:37.168988
S0295,QZ_DEE,Deep Learning,90,100,2025-09-23 13:55:37.168988
S0295,QZ_DEE,Deep Learning,92,100,2025-08-20 13:55:37.168988
S0295,QZ_NLP,NLP,62,100,2025-09-27 13:55:37.168988
S0295,QZ_NLP,NLP,60,100,2025-10-03 13:55:37.168988
S0295,QZ_NLP,NLP,81,100,2025-11-19 13:55:37.168988
S0295,QZ_NLP,NLP,69,100,2025-08-13 13:55:37.168988
S0295,QZ_COM,Computer Vision,84,100,2025-12-24 13:55:37.168988
S0295,QZ_COM,Computer Vision,59,100,2025-09-15 13:55:37.168988
S0295,QZ_COM,Computer Vision,67,100,2025-12-06 13:55:37.168988
S0295,QZ_COM,Computer Vision,72,100,2025-10-11 13:55:37.168988
S0295,QZ_OPT,Optimization,85,100,2025-07-27 13:55:37.168988
S0295,QZ_OPT,Optimization,95,100,2025-11-22 13:55:37.168988
S0296,QZ_LIN,Linear Algebra,97,100,2025-08-08 13:55:37.168988
S0296,QZ_LIN,Linear Algebra,28,100,2025-09-28 13:55:37.168988
S0296,QZ_PRO,Probability,81,100,2025-09-24 13:55:37.168988
S0296,QZ_PRO,Probability,58,100,2025-09-21 13:55:37.168988
S0296,QZ_PRO,Probability,92,100,2025-09-03 13:55:37.168988
S0296,QZ_PRO,Probability,49,100,2026-01-14 13:55:37.168988
S0296,QZ_STA,Statistics,94,100,2025-09-22 13:55:37.168988
S0296,QZ_STA,Statistics,77,100,2025-11-26 13:55:37.168988
S0296,QZ_STA,Statistics,39,100,2025-08-13 13:55:37.168988
S0296,QZ_STA,Statistics,45,100,2025-12-07 13:55:37.168988
S0296,QZ_ML ,ML Basics,92,100,2025-10-27 13:55:37.168988
S0296,QZ_ML ,ML Basics,87,100,2025-11-23 13:55:37.168988
S0296,QZ_ML ,ML Basics,72,100,2025-12-21 13:55:37.168988
S0296,QZ_ML ,ML Basics,83,100,2025-08-20 13:55:37.168988
S0296,QZ_DEE,Deep Learning,94,100,2025-12-13 13:55:37.168988
S0296,QZ_DEE,Deep Learning,86,100,2025-12-14 13:55:37.168988
S0296,QZ_DEE,Deep Learning,31,100,2025-12-05 13:55:37.168988
S0296,QZ_DEE,Deep Learning,34,100,2025-12-21 13:55:37.168988
S0296,QZ_NLP,NLP,64,100,2025-09-27 13:55:37.168988
S0296,QZ_NLP,NLP,96,100,2025-07-27 13:55:37.168988
S0296,QZ_NLP,NLP,38,100,2025-11-19 13:55:37.168988
S0296,QZ_NLP,NLP,88,100,2025-11-15 13:55:37.168988
S0296,QZ_COM,Computer Vision,93,100,2025-11-17 13:55:37.168988
S0296,QZ_COM,Computer Vision,51,100,2025-10-29 13:55:37.168988
S0296,QZ_COM,Computer Vision,39,100,2025-07-27 13:55:37.168988
S0296,QZ_OPT,Optimization,70,100,2025-11-21 13:55:37.168988
S0296,QZ_OPT,Optimization,28,100,2025-11-24 13:55:37.168988
S0296,QZ_OPT,Optimization,77,100,2025-10-31 13:55:37.168988
S0296,QZ_OPT,Optimization,28,100,2025-07-25 13:55:37.168988
S0297,QZ_LIN,Linear Algebra,40,100,2025-07-30 13:55:37.168988
S0297,QZ_LIN,Linear Algebra,42,100,2025-08-16 13:55:37.168988
S0297,QZ_LIN,Linear Algebra,54,100,2025-08-10 13:55:37.168988
S0297,QZ_LIN,Linear Algebra,36,100,2025-11-07 13:55:37.168988
S0297,QZ_PRO,Probability,58,100,2025-12-12 13:55:37.168988
S0297,QZ_PRO,Probability,44,100,2025-10-27 13:55:37.168988
S0297,QZ_STA,Statistics,82,100,2025-10-28 13:55:37.168988
S0297,QZ_STA,Statistics,51,100,2025-08-02 13:55:37.168988
S0297,QZ_STA,Statistics,64,100,2025-12-02 13:55:37.168988
S0297,QZ_STA,Statistics,55,100,2025-09-02 13:55:37.168988
S0297,QZ_ML ,ML Basics,45,100,2026-01-04 13:55:37.168988
S0297,QZ_ML ,ML Basics,58,100,2025-12-06 13:55:37.168988
S0297,QZ_DEE,Deep Learning,81,100,2025-09-01 13:55:37.168988
S0297,QZ_DEE,Deep Learning,78,100,2025-08-29 13:55:37.168988
S0297,QZ_NLP,NLP,56,100,2025-12-07 13:55:37.168988
S0297,QZ_NLP,NLP,98,100,2025-10-10 13:55:37.168988
S0297,QZ_COM,Computer Vision,54,100,2025-09-16 13:55:37.168988
S0297,QZ_COM,Computer Vision,84,100,2025-07-28 13:55:37.168988
S0297,QZ_COM,Computer Vision,51,100,2025-10-02 13:55:37.168988
S0297,QZ_COM,Computer Vision,77,100,2025-12-19 13:55:37.168988
S0297,QZ_OPT,Optimization,63,100,2025-10-14 13:55:37.168988
S0297,QZ_OPT,Optimization,31,100,2025-10-14 13:55:37.168988
S0297,QZ_OPT,Optimization,73,100,2025-09-07 13:55:37.168988
S0297,QZ_OPT,Optimization,40,100,2025-12-28 13:55:37.168988
S0298,QZ_LIN,Linear Algebra,53,100,2025-11-15 13:55:37.168988
S0298,QZ_LIN,Linear Algebra,25,100,2025-11-24 13:55:37.168988
S0298,QZ_PRO,Probability,98,100,2025-08-01 13:55:37.168988
S0298,QZ_PRO,Probability,71,100,2025-12-29 13:55:37.168988
S0298,QZ_PRO,Probability,89,100,2025-12-24 13:55:37.168988
S0298,QZ_PRO,Probability,86,100,2025-08-07 13:55:37.168988
S0298,QZ_STA,Statistics,57,100,2025-12-04 13:55:37.168988
S0298,QZ_STA,Statistics,49,100,2026-01-06 13:55:37.168988
S0298,QZ_STA,Statistics,92,100,2025-09-26 13:55:37.168988
S0298,QZ_STA,Statistics,35,100,2025-12-07 13:55:37.168988
S0298,QZ_ML ,ML Basics,47,100,2025-10-28 13:55:37.168988
S0298,QZ_ML ,ML Basics,93,100,2025-12-27 13:55:37.168988
S0298,QZ_DEE,Deep Learning,38,100,2025-09-09 13:55:37.168988
S0298,QZ_DEE,Deep Learning,75,100,2026-01-09 13:55:37.168988
S0298,QZ_NLP,NLP,74,100,2025-10-20 13:55:37.168988
S0298,QZ_NLP,NLP,52,100,2025-10-04 13:55:37.168988
S0298,QZ_NLP,NLP,84,100,2025-10-29 13:55:37.168988
S0298,QZ_NLP,NLP,93,100,2025-12-13 13:55:37.168988
S0298,QZ_COM,Computer Vision,74,100,2025-07-28 13:55:37.168988
S0298,QZ_COM,Computer Vision,48,100,2025-11-19 13:55:37.168988
S0298,QZ_COM,Computer Vision,39,100,2025-08-06 13:55:37.168988
S0298,QZ_OPT,Optimization,97,100,2025-08-06 13:55:37.168988
S0298,QZ_OPT,Optimization,99,100,2025-09-11 13:55:37.168988
S0299,QZ_LIN,Linear Algebra,62,100,2025-10-17 13:55:37.168988
S0299,QZ_LIN,Linear Algebra,58,100,2025-12-20 13:55:37.168988
S0299,QZ_PRO,Probability,62,100,2025-10-02 13:55:37.168988
S0299,QZ_PRO,Probability,32,100,2025-07-28 13:55:37.168988
S0299,QZ_PRO,Probability,84,100,2025-11-22 13:55:37.168988
S0299,QZ_STA,Statistics,60,100,2025-12-21 13:55:37.168988
S0299,QZ_STA,Statistics,69,100,2025-10-02 13:55:37.168988
S0299,QZ_STA,Statistics,84,100,2025-08-25 13:55:37.168988
S0299,QZ_STA,Statistics,66,100,2025-12-26 13:55:37.168988
S0299,QZ_ML ,ML Basics,84,100,2025-12-20 13:55:37.168988
S0299,QZ_ML ,ML Basics,75,100,2025-08-27 13:55:37.168988
S0299,QZ_ML ,ML Basics,28,100,2025-11-21 13:55:37.168988
S0299,QZ_ML ,ML Basics,67,100,2025-09-02 13:55:37.168988
S0299,QZ_DEE,Deep Learning,41,100,2025-09-30 13:55:37.168988
S0299,QZ_DEE,Deep Learning,47,100,2025-07-23 13:55:37.168988
S0299,QZ_DEE,Deep Learning,81,100,2025-12-06 13:55:37.168988
S0299,QZ_NLP,NLP,94,100,2025-12-31 13:55:37.168988
S0299,QZ_NLP,NLP,44,100,2025-08-10 13:55:37.168988
S0299,QZ_NLP,NLP,94,100,2025-10-16 13:55:37.168988
S0299,QZ_NLP,NLP,95,100,2025-08-10 13:55:37.168988
S0299,QZ_COM,Computer Vision,54,100,2025-08-05 13:55:37.168988
S0299,QZ_COM,Computer Vision,29,100,2025-07-31 13:55:37.168988
S0299,QZ_OPT,Optimization,28,100,2025-09-20 13:55:37.168988
S0299,QZ_OPT,Optimization,33,100,2025-12-15 13:55:37.168988
S0299,QZ_OPT,Optimization,49,100,2025-08-10 13:55:37.168988
S0299,QZ_OPT,Optimization,64,100,2025-09-16 13:55:37.168988
S0300,QZ_LIN,Linear Algebra,70,100,2025-09-09 13:55:37.168988
S0300,QZ_LIN,Linear Algebra,25,100,2025-12-03 13:55:37.168988
S0300,QZ_LIN,Linear Algebra,53,100,2025-10-21 13:55:37.168988
S0300,QZ_PRO,Probability,57,100,2025-12-04 13:55:37.168988
S0300,QZ_PRO,Probability,55,100,2025-11-21 13:55:37.168988
S0300,QZ_PRO,Probability,58,100,2025-11-08 13:55:37.168988
S0300,QZ_STA,Statistics,39,100,2025-11-09 13:55:37.168988
S0300,QZ_STA,Statistics,27,100,2025-12-03 13:55:37.168988
S0300,QZ_STA,Statistics,99,100,2025-07-25 13:55:37.168988
S0300,QZ_ML ,ML Basics,88,100,2025-07-25 13:55:37.168988
S0300,QZ_ML ,ML Basics,49,100,2025-10-02 13:55:37.168988
S0300,QZ_ML ,ML Basics,94,100,2025-10-23 13:55:37.168988
S0300,QZ_DEE,Deep Learning,77,100,2025-12-10 13:55:37.168988
S0300,QZ_DEE,Deep Learning,27,100,2026-01-03 13:55:37.168988
S0300,QZ_DEE,Deep Learning,43,100,2025-08-15 13:55:37.168988
S0300,QZ_DEE,Deep Learning,62,100,2025-11-12 13:55:37.168988
S0300,QZ_NLP,NLP,64,100,2025-10-09 13:55:37.168988
S0300,QZ_NLP,NLP,50,100,2025-11-14 13:55:37.168988
S0300,QZ_COM,Computer Vision,51,100,2025-11-05 13:55:37.168988
S0300,QZ_COM,Computer Vision,63,100,2025-12-02 13:55:37.168988
S0300,QZ_COM,Computer Vision,66,100,2025-09-12 13:55:37.168988
S0300,QZ_OPT,Optimization,93,100,2025-10-26 13:55:37.168988
S0300,QZ_OPT,Optimization,60,100,2025-08-14 13:55:37.168988
S0300,QZ_OPT,Optimization,50,100,2025-12-07 13:55:37.168988
S0300,QZ_OPT,Optimization,32,100,2025-12-17 13:55:37.168988
S0301,QZ_LIN,Linear Algebra,45,100,2025-08-11 13:55:37.168988
S0301,QZ_LIN,Linear Algebra,41,100,2025-11-28 13:55:37.168988
S0301,QZ_LIN,Linear Algebra,59,100,2025-11-04 13:55:37.168988
S0301,QZ_LIN,Linear Algebra,77,100,2025-10-12 13:55:37.168988
S0301,QZ_PRO,Probability,91,100,2025-11-05 13:55:37.168988
S0301,QZ_PRO,Probability,36,100,2025-08-13 13:55:37.168988
S0301,QZ_PRO,Probability,74,100,2025-10-11 13:55:37.168988
S0301,QZ_PRO,Probability,30,100,2025-11-20 13:55:37.168988
S0301,QZ_STA,Statistics,56,100,2025-10-16 13:55:37.168988
S0301,QZ_STA,Statistics,32,100,2025-09-28 13:55:37.168988
S0301,QZ_STA,Statistics,37,100,2025-08-26 13:55:37.168988
S0301,QZ_ML ,ML Basics,91,100,2025-08-22 13:55:37.168988
S0301,QZ_ML ,ML Basics,98,100,2025-08-08 13:55:37.168988
S0301,QZ_DEE,Deep Learning,40,100,2025-09-27 13:55:37.168988
S0301,QZ_DEE,Deep Learning,50,100,2026-01-07 13:55:37.168988
S0301,QZ_NLP,NLP,80,100,2025-10-16 13:55:37.168988
S0301,QZ_NLP,NLP,25,100,2025-09-07 13:55:37.168988
S0301,QZ_COM,Computer Vision,45,100,2025-12-28 13:55:37.168988
S0301,QZ_COM,Computer Vision,37,100,2025-08-12 13:55:37.168988
S0301,QZ_COM,Computer Vision,68,100,2025-10-08 13:55:37.168988
S0301,QZ_OPT,Optimization,38,100,2025-11-27 13:55:37.168988
S0301,QZ_OPT,Optimization,29,100,2025-12-24 13:55:37.168988
S0301,QZ_OPT,Optimization,77,100,2025-10-12 13:55:37.168988
S0302,QZ_LIN,Linear Algebra,30,100,2025-10-31 13:55:37.168988
S0302,QZ_LIN,Linear Algebra,26,100,2025-12-05 13:55:37.168988
S0302,QZ_LIN,Linear Algebra,57,100,2025-10-11 13:55:37.168988
S0302,QZ_PRO,Probability,82,100,2025-08-26 13:55:37.168988
S0302,QZ_PRO,Probability,28,100,2025-08-29 13:55:37.168988
S0302,QZ_PRO,Probability,65,100,2025-07-29 13:55:37.168988
S0302,QZ_PRO,Probability,51,100,2025-12-21 13:55:37.168988
S0302,QZ_STA,Statistics,67,100,2025-10-21 13:55:37.168988
S0302,QZ_STA,Statistics,61,100,2025-12-24 13:55:37.168988
S0302,QZ_ML ,ML Basics,69,100,2025-10-31 13:55:37.168988
S0302,QZ_ML ,ML Basics,34,100,2025-11-03 13:55:37.168988
S0302,QZ_DEE,Deep Learning,64,100,2025-08-09 13:55:37.168988
S0302,QZ_DEE,Deep Learning,48,100,2025-12-02 13:55:37.168988
S0302,QZ_DEE,Deep Learning,84,100,2025-11-05 13:55:37.168988
S0302,QZ_DEE,Deep Learning,44,100,2025-09-09 13:55:37.168988
S0302,QZ_NLP,NLP,43,100,2025-07-21 13:55:37.168988
S0302,QZ_NLP,NLP,94,100,2025-09-24 13:55:37.168988
S0302,QZ_NLP,NLP,39,100,2025-12-26 13:55:37.168988
S0302,QZ_NLP,NLP,72,100,2025-09-14 13:55:37.168988
S0302,QZ_COM,Computer Vision,65,100,2025-09-14 13:55:37.168988
S0302,QZ_COM,Computer Vision,27,100,2025-10-22 13:55:37.168988
S0302,QZ_COM,Computer Vision,27,100,2025-11-19 13:55:37.168988
S0302,QZ_COM,Computer Vision,57,100,2026-01-08 13:55:37.168988
S0302,QZ_OPT,Optimization,31,100,2025-12-02 13:55:37.168988
S0302,QZ_OPT,Optimization,27,100,2025-09-23 13:55:37.168988
S0303,QZ_LIN,Linear Algebra,96,100,2025-08-23 13:55:37.168988
S0303,QZ_LIN,Linear Algebra,39,100,2025-10-30 13:55:37.168988
S0303,QZ_LIN,Linear Algebra,38,100,2025-08-06 13:55:37.168988
S0303,QZ_PRO,Probability,80,100,2025-07-23 13:55:37.168988
S0303,QZ_PRO,Probability,43,100,2025-12-07 13:55:37.168988
S0303,QZ_STA,Statistics,55,100,2025-08-04 13:55:37.168988
S0303,QZ_STA,Statistics,98,100,2025-12-25 13:55:37.168988
S0303,QZ_ML ,ML Basics,94,100,2025-12-26 13:55:37.168988
S0303,QZ_ML ,ML Basics,53,100,2025-11-14 13:55:37.168988
S0303,QZ_ML ,ML Basics,72,100,2025-11-10 13:55:37.168988
S0303,QZ_ML ,ML Basics,58,100,2025-08-23 13:55:37.168988
S0303,QZ_DEE,Deep Learning,47,100,2026-01-04 13:55:37.168988
S0303,QZ_DEE,Deep Learning,70,100,2025-09-02 13:55:37.168988
S0303,QZ_NLP,NLP,54,100,2025-07-29 13:55:37.168988
S0303,QZ_NLP,NLP,30,100,2025-12-07 13:55:37.168988
S0303,QZ_NLP,NLP,29,100,2025-12-11 13:55:37.168988
S0303,QZ_NLP,NLP,84,100,2025-09-04 13:55:37.168988
S0303,QZ_COM,Computer Vision,99,100,2025-10-08 13:55:37.168988
S0303,QZ_COM,Computer Vision,34,100,2025-12-03 13:55:37.168988
S0303,QZ_OPT,Optimization,90,100,2025-07-28 13:55:37.168988
S0303,QZ_OPT,Optimization,72,100,2025-12-01 13:55:37.168988
S0303,QZ_OPT,Optimization,60,100,2026-01-16 13:55:37.168988
S0303,QZ_OPT,Optimization,70,100,2025-08-29 13:55:37.168988
S0304,QZ_LIN,Linear Algebra,99,100,2025-11-03 13:55:37.168988
S0304,QZ_LIN,Linear Algebra,47,100,2025-12-23 13:55:37.168988
S0304,QZ_LIN,Linear Algebra,86,100,2025-11-14 13:55:37.168988
S0304,QZ_LIN,Linear Algebra,62,100,2025-12-06 13:55:37.168988
S0304,QZ_PRO,Probability,28,100,2026-01-04 13:55:37.168988
S0304,QZ_PRO,Probability,87,100,2025-11-10 13:55:37.168988
S0304,QZ_PRO,Probability,84,100,2025-08-17 13:55:37.168988
S0304,QZ_STA,Statistics,90,100,2025-08-27 13:55:37.168988
S0304,QZ_STA,Statistics,77,100,2025-10-24 13:55:37.168988
S0304,QZ_STA,Statistics,40,100,2025-12-09 13:55:37.168988
S0304,QZ_STA,Statistics,76,100,2025-09-18 13:55:37.168988
S0304,QZ_ML ,ML Basics,82,100,2025-10-29 13:55:37.168988
S0304,QZ_ML ,ML Basics,97,100,2025-12-23 13:55:37.168988
S0304,QZ_ML ,ML Basics,57,100,2026-01-04 13:55:37.168988
S0304,QZ_ML ,ML Basics,98,100,2026-01-09 13:55:37.168988
S0304,QZ_DEE,Deep Learning,42,100,2025-09-30 13:55:37.168988
S0304,QZ_DEE,Deep Learning,43,100,2025-09-23 13:55:37.168988
S0304,QZ_NLP,NLP,97,100,2025-10-11 13:55:37.168988
S0304,QZ_NLP,NLP,60,100,2025-10-18 13:55:37.168988
S0304,QZ_COM,Computer Vision,98,100,2026-01-13 13:55:37.168988
S0304,QZ_COM,Computer Vision,29,100,2025-07-31 13:55:37.168988
S0304,QZ_OPT,Optimization,99,100,2025-08-12 13:55:37.168988
S0304,QZ_OPT,Optimization,91,100,2025-09-12 13:55:37.168988
S0305,QZ_LIN,Linear Algebra,64,100,2025-10-01 13:55:37.168988
S0305,QZ_LIN,Linear Algebra,53,100,2026-01-05 13:55:37.168988
S0305,QZ_LIN,Linear Algebra,60,100,2025-10-27 13:55:37.168988
S0305,QZ_PRO,Probability,34,100,2025-10-29 13:55:37.168988
S0305,QZ_PRO,Probability,82,100,2025-10-30 13:55:37.168988
S0305,QZ_STA,Statistics,66,100,2026-01-11 13:55:37.168988
S0305,QZ_STA,Statistics,59,100,2025-08-03 13:55:37.168988
S0305,QZ_STA,Statistics,39,100,2025-11-21 13:55:37.168988
S0305,QZ_STA,Statistics,67,100,2025-11-14 13:55:37.168988
S0305,QZ_ML ,ML Basics,89,100,2025-12-19 13:55:37.168988
S0305,QZ_ML ,ML Basics,47,100,2025-08-16 13:55:37.168988
S0305,QZ_ML ,ML Basics,31,100,2025-09-10 13:55:37.168988
S0305,QZ_ML ,ML Basics,53,100,2025-09-07 13:55:37.168988
S0305,QZ_DEE,Deep Learning,80,100,2025-08-04 13:55:37.168988
S0305,QZ_DEE,Deep Learning,38,100,2025-11-16 13:55:37.168988
S0305,QZ_DEE,Deep Learning,56,100,2025-10-18 13:55:37.168988
S0305,QZ_NLP,NLP,51,100,2025-12-14 13:55:37.168988
S0305,QZ_NLP,NLP,30,100,2025-07-29 13:55:37.168988
S0305,QZ_NLP,NLP,33,100,2025-08-03 13:55:37.168988
S0305,QZ_NLP,NLP,85,100,2025-09-06 13:55:37.168988
S0305,QZ_COM,Computer Vision,95,100,2025-10-30 13:55:37.168988
S0305,QZ_COM,Computer Vision,95,100,2025-10-15 13:55:37.168988
S0305,QZ_OPT,Optimization,62,100,2025-10-05 13:55:37.168988
S0305,QZ_OPT,Optimization,39,100,2025-09-23 13:55:37.168988
S0305,QZ_OPT,Optimization,86,100,2025-09-10 13:55:37.168988
S0306,QZ_LIN,Linear Algebra,59,100,2025-10-25 13:55:37.168988
S0306,QZ_LIN,Linear Algebra,36,100,2025-10-06 13:55:37.168988
S0306,QZ_LIN,Linear Algebra,44,100,2025-10-15 13:55:37.168988
S0306,QZ_PRO,Probability,40,100,2025-12-15 13:55:37.168988
S0306,QZ_PRO,Probability,30,100,2025-09-25 13:55:37.168988
S0306,QZ_STA,Statistics,81,100,2025-10-17 13:55:37.168988
S0306,QZ_STA,Statistics,87,100,2025-07-26 13:55:37.168988
S0306,QZ_STA,Statistics,58,100,2025-08-20 13:55:37.168988
S0306,QZ_ML ,ML Basics,99,100,2025-07-26 13:55:37.168988
S0306,QZ_ML ,ML Basics,26,100,2025-11-21 13:55:37.168988
S0306,QZ_DEE,Deep Learning,64,100,2025-08-18 13:55:37.168988
S0306,QZ_DEE,Deep Learning,68,100,2026-01-02 13:55:37.168988
S0306,QZ_NLP,NLP,98,100,2025-09-09 13:55:37.168988
S0306,QZ_NLP,NLP,37,100,2025-08-14 13:55:37.168988
S0306,QZ_NLP,NLP,89,100,2025-12-27 13:55:37.168988
S0306,QZ_COM,Computer Vision,33,100,2025-09-20 13:55:37.168988
S0306,QZ_COM,Computer Vision,90,100,2025-10-17 13:55:37.168988
S0306,QZ_OPT,Optimization,30,100,2025-12-07 13:55:37.168988
S0306,QZ_OPT,Optimization,62,100,2025-08-02 13:55:37.168988
S0307,QZ_LIN,Linear Algebra,87,100,2025-07-21 13:55:37.168988
S0307,QZ_LIN,Linear Algebra,83,100,2025-08-21 13:55:37.168988
S0307,QZ_LIN,Linear Algebra,83,100,2025-08-26 13:55:37.168988
S0307,QZ_LIN,Linear Algebra,50,100,2025-12-31 13:55:37.168988
S0307,QZ_PRO,Probability,95,100,2026-01-06 13:55:37.168988
S0307,QZ_PRO,Probability,37,100,2026-01-16 13:55:37.168988
S0307,QZ_STA,Statistics,47,100,2025-08-06 13:55:37.168988
S0307,QZ_STA,Statistics,86,100,2025-10-17 13:55:37.168988
S0307,QZ_STA,Statistics,85,100,2025-10-05 13:55:37.168988
S0307,QZ_STA,Statistics,92,100,2025-11-26 13:55:37.168988
S0307,QZ_ML ,ML Basics,27,100,2026-01-07 13:55:37.168988
S0307,QZ_ML ,ML Basics,31,100,2025-11-20 13:55:37.168988
S0307,QZ_DEE,Deep Learning,36,100,2025-10-23 13:55:37.168988
S0307,QZ_DEE,Deep Learning,84,100,2025-11-02 13:55:37.168988
S0307,QZ_DEE,Deep Learning,73,100,2025-08-08 13:55:37.168988
S0307,QZ_NLP,NLP,26,100,2025-10-26 13:55:37.168988
S0307,QZ_NLP,NLP,86,100,2025-12-14 13:55:37.168988
S0307,QZ_COM,Computer Vision,74,100,2025-11-04 13:55:37.168988
S0307,QZ_COM,Computer Vision,33,100,2025-11-19 13:55:37.168988
S0307,QZ_COM,Computer Vision,58,100,2025-09-27 13:55:37.168988
S0307,QZ_OPT,Optimization,48,100,2025-09-18 13:55:37.168988
S0307,QZ_OPT,Optimization,74,100,2025-08-23 13:55:37.168988
S0307,QZ_OPT,Optimization,82,100,2025-11-25 13:55:37.168988
S0308,QZ_LIN,Linear Algebra,43,100,2025-11-25 13:55:37.168988
S0308,QZ_LIN,Linear Algebra,36,100,2025-10-13 13:55:37.168988
S0308,QZ_PRO,Probability,27,100,2026-01-05 13:55:37.168988
S0308,QZ_PRO,Probability,43,100,2025-08-02 13:55:37.168988
S0308,QZ_PRO,Probability,25,100,2025-12-14 13:55:37.168988
S0308,QZ_PRO,Probability,83,100,2025-11-26 13:55:37.168988
S0308,QZ_STA,Statistics,74,100,2025-12-16 13:55:37.168988
S0308,QZ_STA,Statistics,48,100,2025-08-07 13:55:37.168988
S0308,QZ_STA,Statistics,48,100,2025-11-04 13:55:37.168988
S0308,QZ_ML ,ML Basics,86,100,2025-12-18 13:55:37.168988
S0308,QZ_ML ,ML Basics,84,100,2025-07-23 13:55:37.168988
S0308,QZ_ML ,ML Basics,46,100,2025-08-26 13:55:37.168988
S0308,QZ_DEE,Deep Learning,91,100,2025-11-05 13:55:37.168988
S0308,QZ_DEE,Deep Learning,73,100,2025-10-04 13:55:37.168988
S0308,QZ_DEE,Deep Learning,30,100,2025-07-31 13:55:37.168988
S0308,QZ_NLP,NLP,65,100,2025-10-24 13:55:37.168988
S0308,QZ_NLP,NLP,30,100,2025-11-02 13:55:37.168988
S0308,QZ_NLP,NLP,41,100,2025-11-30 13:55:37.168988
S0308,QZ_NLP,NLP,38,100,2025-10-18 13:55:37.168988
S0308,QZ_COM,Computer Vision,93,100,2025-12-29 13:55:37.168988
S0308,QZ_COM,Computer Vision,72,100,2026-01-03 13:55:37.168988
S0308,QZ_COM,Computer Vision,94,100,2025-12-29 13:55:37.168988
S0308,QZ_COM,Computer Vision,25,100,2025-11-19 13:55:37.168988
S0308,QZ_OPT,Optimization,28,100,2025-08-01 13:55:37.168988
S0308,QZ_OPT,Optimization,96,100,2025-09-15 13:55:37.168988
S0308,QZ_OPT,Optimization,65,100,2025-12-12 13:55:37.168988
S0309,QZ_LIN,Linear Algebra,73,100,2025-10-03 13:55:37.168988
S0309,QZ_LIN,Linear Algebra,70,100,2025-07-22 13:55:37.168988
S0309,QZ_PRO,Probability,93,100,2025-12-22 13:55:37.168988
S0309,QZ_PRO,Probability,74,100,2025-08-25 13:55:37.168988
S0309,QZ_STA,Statistics,64,100,2025-08-31 13:55:37.168988
S0309,QZ_STA,Statistics,53,100,2025-12-28 13:55:37.168988
S0309,QZ_STA,Statistics,72,100,2025-11-03 13:55:37.168988
S0309,QZ_ML ,ML Basics,87,100,2025-09-30 13:55:37.168988
S0309,QZ_ML ,ML Basics,97,100,2025-08-10 13:55:37.168988
S0309,QZ_DEE,Deep Learning,72,100,2025-08-15 13:55:37.168988
S0309,QZ_DEE,Deep Learning,44,100,2025-09-20 13:55:37.168988
S0309,QZ_DEE,Deep Learning,84,100,2025-12-30 13:55:37.168988
S0309,QZ_DEE,Deep Learning,36,100,2025-07-22 13:55:37.168988
S0309,QZ_NLP,NLP,36,100,2025-10-31 13:55:37.168988
S0309,QZ_NLP,NLP,80,100,2025-07-30 13:55:37.168988
S0309,QZ_NLP,NLP,46,100,2025-08-05 13:55:37.168988
S0309,QZ_NLP,NLP,44,100,2026-01-10 13:55:37.168988
S0309,QZ_COM,Computer Vision,61,100,2025-11-09 13:55:37.168988
S0309,QZ_COM,Computer Vision,41,100,2025-12-12 13:55:37.168988
S0309,QZ_COM,Computer Vision,74,100,2025-12-13 13:55:37.168988
S0309,QZ_OPT,Optimization,35,100,2025-08-06 13:55:37.168988
S0309,QZ_OPT,Optimization,31,100,2026-01-13 13:55:37.168988
S0310,QZ_LIN,Linear Algebra,89,100,2025-12-15 13:55:37.168988
S0310,QZ_LIN,Linear Algebra,95,100,2025-09-27 13:55:37.168988
S0310,QZ_LIN,Linear Algebra,66,100,2025-09-10 13:55:37.168988
S0310,QZ_LIN,Linear Algebra,69,100,2025-08-08 13:55:37.168988
S0310,QZ_PRO,Probability,89,100,2025-10-19 13:55:37.168988
S0310,QZ_PRO,Probability,76,100,2025-08-15 13:55:37.168988
S0310,QZ_STA,Statistics,65,100,2025-12-13 13:55:37.168988
S0310,QZ_STA,Statistics,41,100,2025-09-07 13:55:37.168988
S0310,QZ_STA,Statistics,89,100,2025-11-19 13:55:37.168988
S0310,QZ_ML ,ML Basics,82,100,2025-08-01 13:55:37.168988
S0310,QZ_ML ,ML Basics,99,100,2025-09-07 13:55:37.168988
S0310,QZ_ML ,ML Basics,37,100,2025-10-27 13:55:37.168988
S0310,QZ_DEE,Deep Learning,37,100,2026-01-04 13:55:37.168988
S0310,QZ_DEE,Deep Learning,49,100,2025-09-19 13:55:37.168988
S0310,QZ_DEE,Deep Learning,31,100,2026-01-01 13:55:37.168988
S0310,QZ_DEE,Deep Learning,82,100,2025-12-29 13:55:37.168988
S0310,QZ_NLP,NLP,55,100,2026-01-14 13:55:37.168988
S0310,QZ_NLP,NLP,38,100,2025-08-11 13:55:37.168988
S0310,QZ_NLP,NLP,44,100,2025-12-05 13:55:37.168988
S0310,QZ_NLP,NLP,45,100,2025-07-28 13:55:37.168988
S0310,QZ_COM,Computer Vision,95,100,2026-01-05 13:55:37.168988
S0310,QZ_COM,Computer Vision,88,100,2025-11-20 13:55:37.168988
S0310,QZ_OPT,Optimization,76,100,2025-10-20 13:55:37.168988
S0310,QZ_OPT,Optimization,38,100,2025-12-18 13:55:37.168988
S0310,QZ_OPT,Optimization,50,100,2025-09-20 13:55:37.168988
S0310,QZ_OPT,Optimization,87,100,2025-10-31 13:55:37.168988
S0311,QZ_LIN,Linear Algebra,91,100,2025-11-18 13:55:37.168988
S0311,QZ_LIN,Linear Algebra,74,100,2025-08-31 13:55:37.168988
S0311,QZ_PRO,Probability,46,100,2025-10-17 13:55:37.168988
S0311,QZ_PRO,Probability,66,100,2026-01-12 13:55:37.168988
S0311,QZ_PRO,Probability,88,100,2025-09-02 13:55:37.168988
S0311,QZ_STA,Statistics,96,100,2025-12-29 13:55:37.168988
S0311,QZ_STA,Statistics,98,100,2025-11-12 13:55:37.168988
S0311,QZ_ML ,ML Basics,96,100,2025-12-10 13:55:37.168988
S0311,QZ_ML ,ML Basics,81,100,2025-07-21 13:55:37.168988
S0311,QZ_ML ,ML Basics,63,100,2025-12-22 13:55:37.168988
S0311,QZ_DEE,Deep Learning,74,100,2026-01-15 13:55:37.168988
S0311,QZ_DEE,Deep Learning,66,100,2025-08-09 13:55:37.168988
S0311,QZ_DEE,Deep Learning,28,100,2025-08-08 13:55:37.168988
S0311,QZ_DEE,Deep Learning,71,100,2025-10-28 13:55:37.168988
S0311,QZ_NLP,NLP,88,100,2026-01-10 13:55:37.168988
S0311,QZ_NLP,NLP,51,100,2025-08-11 13:55:37.168988
S0311,QZ_NLP,NLP,94,100,2025-12-01 13:55:37.168988
S0311,QZ_NLP,NLP,66,100,2025-09-24 13:55:37.168988
S0311,QZ_COM,Computer Vision,88,100,2025-08-23 13:55:37.168988
S0311,QZ_COM,Computer Vision,66,100,2025-08-19 13:55:37.168988
S0311,QZ_COM,Computer Vision,87,100,2025-11-29 13:55:37.168988
S0311,QZ_COM,Computer Vision,68,100,2025-09-15 13:55:37.168988
S0311,QZ_OPT,Optimization,90,100,2026-01-13 13:55:37.168988
S0311,QZ_OPT,Optimization,56,100,2025-07-28 13:55:37.168988
S0312,QZ_LIN,Linear Algebra,97,100,2025-11-10 13:55:37.168988
S0312,QZ_LIN,Linear Algebra,97,100,2025-12-18 13:55:37.168988
S0312,QZ_PRO,Probability,27,100,2025-07-23 13:55:37.168988
S0312,QZ_PRO,Probability,63,100,2025-12-31 13:55:37.168988
S0312,QZ_PRO,Probability,39,100,2025-10-22 13:55:37.168988
S0312,QZ_PRO,Probability,50,100,2025-09-04 13:55:37.168988
S0312,QZ_STA,Statistics,39,100,2025-12-02 13:55:37.168988
S0312,QZ_STA,Statistics,64,100,2025-10-19 13:55:37.168988
S0312,QZ_STA,Statistics,63,100,2025-11-08 13:55:37.168988
S0312,QZ_STA,Statistics,70,100,2025-10-08 13:55:37.168988
S0312,QZ_ML ,ML Basics,45,100,2026-01-15 13:55:37.168988
S0312,QZ_ML ,ML Basics,60,100,2025-09-27 13:55:37.168988
S0312,QZ_ML ,ML Basics,86,100,2025-08-10 13:55:37.168988
S0312,QZ_DEE,Deep Learning,51,100,2025-08-28 13:55:37.168988
S0312,QZ_DEE,Deep Learning,46,100,2025-08-17 13:55:37.168988
S0312,QZ_NLP,NLP,66,100,2025-08-03 13:55:37.168988
S0312,QZ_NLP,NLP,49,100,2025-11-28 13:55:37.168988
S0312,QZ_NLP,NLP,52,100,2025-09-03 13:55:37.168988
S0312,QZ_NLP,NLP,83,100,2026-01-05 13:55:37.168988
S0312,QZ_COM,Computer Vision,76,100,2025-08-26 13:55:37.168988
S0312,QZ_COM,Computer Vision,87,100,2025-08-17 13:55:37.168988
S0312,QZ_COM,Computer Vision,45,100,2025-11-30 13:55:37.168988
S0312,QZ_COM,Computer Vision,66,100,2025-11-02 13:55:37.168988
S0312,QZ_OPT,Optimization,88,100,2025-11-26 13:55:37.168988
S0312,QZ_OPT,Optimization,26,100,2025-12-04 13:55:37.168988
S0312,QZ_OPT,Optimization,36,100,2025-08-31 13:55:37.168988
S0313,QZ_LIN,Linear Algebra,90,100,2025-08-23 13:55:37.168988
S0313,QZ_LIN,Linear Algebra,58,100,2025-12-06 13:55:37.168988
S0313,QZ_LIN,Linear Algebra,50,100,2025-10-29 13:55:37.168988
S0313,QZ_PRO,Probability,63,100,2025-09-25 13:55:37.168988
S0313,QZ_PRO,Probability,97,100,2025-11-02 13:55:37.168988
S0313,QZ_PRO,Probability,75,100,2026-01-04 13:55:37.168988
S0313,QZ_PRO,Probability,47,100,2025-11-12 13:55:37.168988
S0313,QZ_STA,Statistics,63,100,2025-10-18 13:55:37.168988
S0313,QZ_STA,Statistics,32,100,2025-08-04 13:55:37.168988
S0313,QZ_STA,Statistics,99,100,2025-08-19 13:55:37.168988
S0313,QZ_STA,Statistics,94,100,2025-10-11 13:55:37.168988
S0313,QZ_ML ,ML Basics,81,100,2026-01-15 13:55:37.168988
S0313,QZ_ML ,ML Basics,66,100,2025-12-03 13:55:37.168988
S0313,QZ_DEE,Deep Learning,67,100,2025-08-03 13:55:37.168988
S0313,QZ_DEE,Deep Learning,41,100,2025-12-31 13:55:37.168988
S0313,QZ_DEE,Deep Learning,85,100,2025-07-24 13:55:37.168988
S0313,QZ_NLP,NLP,91,100,2025-12-07 13:55:37.168988
S0313,QZ_NLP,NLP,92,100,2025-12-16 13:55:37.168988
S0313,QZ_COM,Computer Vision,71,100,2025-10-12 13:55:37.168988
S0313,QZ_COM,Computer Vision,70,100,2025-07-29 13:55:37.168988
S0313,QZ_OPT,Optimization,31,100,2025-11-17 13:55:37.168988
S0313,QZ_OPT,Optimization,76,100,2025-10-22 13:55:37.168988
S0314,QZ_LIN,Linear Algebra,87,100,2025-08-19 13:55:37.168988
S0314,QZ_LIN,Linear Algebra,34,100,2026-01-09 13:55:37.168988
S0314,QZ_LIN,Linear Algebra,39,100,2026-01-15 13:55:37.168988
S0314,QZ_PRO,Probability,38,100,2025-12-05 13:55:37.168988
S0314,QZ_PRO,Probability,76,100,2025-07-21 13:55:37.168988
S0314,QZ_PRO,Probability,73,100,2025-11-12 13:55:37.168988
S0314,QZ_STA,Statistics,79,100,2025-08-26 13:55:37.168988
S0314,QZ_STA,Statistics,84,100,2025-08-24 13:55:37.168988
S0314,QZ_STA,Statistics,37,100,2025-12-21 13:55:37.168988
S0314,QZ_STA,Statistics,74,100,2025-10-04 13:55:37.168988
S0314,QZ_ML ,ML Basics,27,100,2026-01-11 13:55:37.168988
S0314,QZ_ML ,ML Basics,38,100,2025-08-07 13:55:37.168988
S0314,QZ_ML ,ML Basics,36,100,2025-09-29 13:55:37.168988
S0314,QZ_DEE,Deep Learning,94,100,2025-09-06 13:55:37.168988
S0314,QZ_DEE,Deep Learning,73,100,2025-09-03 13:55:37.168988
S0314,QZ_DEE,Deep Learning,99,100,2025-07-31 13:55:37.168988
S0314,QZ_NLP,NLP,63,100,2025-09-20 13:55:37.168988
S0314,QZ_NLP,NLP,86,100,2025-08-30 13:55:37.168988
S0314,QZ_COM,Computer Vision,48,100,2025-12-04 13:55:37.168988
S0314,QZ_COM,Computer Vision,36,100,2025-12-27 13:55:37.168988
S0314,QZ_OPT,Optimization,90,100,2025-09-02 13:55:37.168988
S0314,QZ_OPT,Optimization,84,100,2025-12-11 13:55:37.168988
S0314,QZ_OPT,Optimization,52,100,2025-07-22 13:55:37.168988
S0315,QZ_LIN,Linear Algebra,95,100,2025-08-26 13:55:37.168988
S0315,QZ_LIN,Linear Algebra,25,100,2025-12-24 13:55:37.168988
S0315,QZ_PRO,Probability,70,100,2025-10-05 13:55:37.168988
S0315,QZ_PRO,Probability,78,100,2025-11-03 13:55:37.168988
S0315,QZ_PRO,Probability,76,100,2025-11-27 13:55:37.168988
S0315,QZ_PRO,Probability,79,100,2025-12-02 13:55:37.168988
S0315,QZ_STA,Statistics,68,100,2025-09-04 13:55:37.168988
S0315,QZ_STA,Statistics,30,100,2025-09-29 13:55:37.168988
S0315,QZ_STA,Statistics,42,100,2025-11-25 13:55:37.168988
S0315,QZ_STA,Statistics,95,100,2026-01-02 13:55:37.168988
S0315,QZ_ML ,ML Basics,95,100,2026-01-16 13:55:37.168988
S0315,QZ_ML ,ML Basics,89,100,2025-10-12 13:55:37.168988
S0315,QZ_ML ,ML Basics,90,100,2025-12-04 13:55:37.168988
S0315,QZ_ML ,ML Basics,32,100,2025-08-22 13:55:37.168988
S0315,QZ_DEE,Deep Learning,52,100,2025-11-11 13:55:37.168988
S0315,QZ_DEE,Deep Learning,91,100,2025-07-27 13:55:37.168988
S0315,QZ_DEE,Deep Learning,64,100,2025-09-11 13:55:37.168988
S0315,QZ_DEE,Deep Learning,49,100,2025-12-31 13:55:37.168988
S0315,QZ_NLP,NLP,84,100,2025-10-04 13:55:37.168988
S0315,QZ_NLP,NLP,58,100,2025-11-13 13:55:37.168988
S0315,QZ_NLP,NLP,67,100,2025-10-22 13:55:37.168988
S0315,QZ_COM,Computer Vision,26,100,2025-08-07 13:55:37.168988
S0315,QZ_COM,Computer Vision,51,100,2025-12-30 13:55:37.168988
S0315,QZ_COM,Computer Vision,88,100,2025-10-08 13:55:37.168988
S0315,QZ_COM,Computer Vision,62,100,2025-11-18 13:55:37.168988
S0315,QZ_OPT,Optimization,73,100,2025-08-26 13:55:37.168988
S0315,QZ_OPT,Optimization,63,100,2025-12-18 13:55:37.168988
S0316,QZ_LIN,Linear Algebra,29,100,2025-08-29 13:55:37.168988
S0316,QZ_LIN,Linear Algebra,53,100,2025-12-21 13:55:37.168988
S0316,QZ_PRO,Probability,31,100,2025-12-05 13:55:37.168988
S0316,QZ_PRO,Probability,40,100,2025-08-04 13:55:37.168988
S0316,QZ_PRO,Probability,46,100,2025-10-12 13:55:37.168988
S0316,QZ_STA,Statistics,32,100,2026-01-10 13:55:37.168988
S0316,QZ_STA,Statistics,73,100,2025-08-11 13:55:37.168988
S0316,QZ_ML ,ML Basics,72,100,2025-10-10 13:55:37.168988
S0316,QZ_ML ,ML Basics,79,100,2025-10-07 13:55:37.168988
S0316,QZ_ML ,ML Basics,50,100,2025-12-12 13:55:37.168988
S0316,QZ_DEE,Deep Learning,46,100,2025-08-27 13:55:37.168988
S0316,QZ_DEE,Deep Learning,26,100,2025-12-26 13:55:37.168988
S0316,QZ_DEE,Deep Learning,57,100,2025-12-25 13:55:37.168988
S0316,QZ_DEE,Deep Learning,69,100,2025-08-10 13:55:37.168988
S0316,QZ_NLP,NLP,99,100,2025-11-23 13:55:37.168988
S0316,QZ_NLP,NLP,49,100,2026-01-15 13:55:37.168988
S0316,QZ_NLP,NLP,51,100,2025-10-15 13:55:37.168988
S0316,QZ_NLP,NLP,96,100,2026-01-16 13:55:37.168988
S0316,QZ_COM,Computer Vision,80,100,2025-11-03 13:55:37.168988
S0316,QZ_COM,Computer Vision,34,100,2025-12-15 13:55:37.168988
S0316,QZ_COM,Computer Vision,92,100,2025-08-16 13:55:37.168988
S0316,QZ_OPT,Optimization,66,100,2026-01-05 13:55:37.168988
S0316,QZ_OPT,Optimization,57,100,2025-11-08 13:55:37.168988
S0316,QZ_OPT,Optimization,87,100,2025-08-03 13:55:37.168988
S0316,QZ_OPT,Optimization,71,100,2025-12-31 13:55:37.168988
S0317,QZ_LIN,Linear Algebra,96,100,2025-10-01 13:55:37.168988
S0317,QZ_LIN,Linear Algebra,89,100,2025-11-20 13:55:37.168988
S0317,QZ_LIN,Linear Algebra,51,100,2025-08-05 13:55:37.168988
S0317,QZ_LIN,Linear Algebra,28,100,2025-09-10 13:55:37.168988
S0317,QZ_PRO,Probability,47,100,2025-12-27 13:55:37.168988
S0317,QZ_PRO,Probability,33,100,2025-08-15 13:55:37.168988
S0317,QZ_PRO,Probability,83,100,2025-07-29 13:55:37.168988
S0317,QZ_STA,Statistics,89,100,2025-08-10 13:55:37.168988
S0317,QZ_STA,Statistics,33,100,2025-10-04 13:55:37.168988
S0317,QZ_STA,Statistics,41,100,2025-09-24 13:55:37.168988
S0317,QZ_STA,Statistics,58,100,2025-08-29 13:55:37.168988
S0317,QZ_ML ,ML Basics,42,100,2025-08-10 13:55:37.168988
S0317,QZ_ML ,ML Basics,71,100,2025-08-31 13:55:37.168988
S0317,QZ_DEE,Deep Learning,87,100,2025-09-06 13:55:37.168988
S0317,QZ_DEE,Deep Learning,91,100,2025-07-21 13:55:37.168988
S0317,QZ_NLP,NLP,98,100,2025-12-16 13:55:37.168988
S0317,QZ_NLP,NLP,73,100,2026-01-07 13:55:37.168988
S0317,QZ_COM,Computer Vision,67,100,2025-12-06 13:55:37.168988
S0317,QZ_COM,Computer Vision,36,100,2026-01-09 13:55:37.168988
S0317,QZ_COM,Computer Vision,96,100,2026-01-03 13:55:37.168988
S0317,QZ_COM,Computer Vision,91,100,2025-09-29 13:55:37.168988
S0317,QZ_OPT,Optimization,49,100,2025-12-17 13:55:37.168988
S0317,QZ_OPT,Optimization,27,100,2025-08-01 13:55:37.168988
S0317,QZ_OPT,Optimization,66,100,2025-10-28 13:55:37.168988
S0317,QZ_OPT,Optimization,66,100,2025-09-16 13:55:37.168988
S0318,QZ_LIN,Linear Algebra,58,100,2025-12-08 13:55:37.168988
S0318,QZ_LIN,Linear Algebra,52,100,2025-12-01 13:55:37.168988
S0318,QZ_PRO,Probability,49,100,2025-10-07 13:55:37.168988
S0318,QZ_PRO,Probability,57,100,2025-12-03 13:55:37.168988
S0318,QZ_PRO,Probability,71,100,2025-08-02 13:55:37.168988
S0318,QZ_STA,Statistics,95,100,2025-12-01 13:55:37.168988
S0318,QZ_STA,Statistics,36,100,2025-08-29 13:55:37.168988
S0318,QZ_STA,Statistics,33,100,2026-01-05 13:55:37.168988
S0318,QZ_ML ,ML Basics,86,100,2025-09-12 13:55:37.168988
S0318,QZ_ML ,ML Basics,42,100,2025-11-11 13:55:37.168988
S0318,QZ_ML ,ML Basics,80,100,2025-11-02 13:55:37.168988
S0318,QZ_DEE,Deep Learning,94,100,2025-10-12 13:55:37.168988
S0318,QZ_DEE,Deep Learning,71,100,2025-12-07 13:55:37.168988
S0318,QZ_DEE,Deep Learning,99,100,2026-01-07 13:55:37.168988
S0318,QZ_NLP,NLP,75,100,2025-12-24 13:55:37.168988
S0318,QZ_NLP,NLP,82,100,2025-08-11 13:55:37.168988
S0318,QZ_NLP,NLP,44,100,2025-11-14 13:55:37.168988
S0318,QZ_COM,Computer Vision,67,100,2025-11-06 13:55:37.168988
S0318,QZ_COM,Computer Vision,67,100,2025-11-22 13:55:37.168988
S0318,QZ_COM,Computer Vision,57,100,2025-12-01 13:55:37.168988
S0318,QZ_OPT,Optimization,86,100,2026-01-03 13:55:37.168988
S0318,QZ_OPT,Optimization,28,100,2025-10-06 13:55:37.168988
S0318,QZ_OPT,Optimization,72,100,2025-08-09 13:55:37.168988
S0319,QZ_LIN,Linear Algebra,42,100,2025-10-06 13:55:37.168988
S0319,QZ_LIN,Linear Algebra,83,100,2025-09-27 13:55:37.168988
S0319,QZ_LIN,Linear Algebra,55,100,2025-12-10 13:55:37.168988
S0319,QZ_LIN,Linear Algebra,33,100,2025-10-24 13:55:37.168988
S0319,QZ_PRO,Probability,87,100,2025-10-27 13:55:37.168988
S0319,QZ_PRO,Probability,90,100,2025-08-17 13:55:37.168988
S0319,QZ_PRO,Probability,75,100,2025-10-07 13:55:37.168988
S0319,QZ_STA,Statistics,71,100,2025-10-13 13:55:37.168988
S0319,QZ_STA,Statistics,57,100,2025-10-03 13:55:37.168988
S0319,QZ_STA,Statistics,56,100,2025-10-05 13:55:37.168988
S0319,QZ_STA,Statistics,56,100,2025-09-03 13:55:37.168988
S0319,QZ_ML ,ML Basics,97,100,2025-07-27 13:55:37.168988
S0319,QZ_ML ,ML Basics,26,100,2025-12-12 13:55:37.168988
S0319,QZ_DEE,Deep Learning,53,100,2025-11-27 13:55:37.168988
S0319,QZ_DEE,Deep Learning,95,100,2026-01-07 13:55:37.168988
S0319,QZ_DEE,Deep Learning,39,100,2025-08-23 13:55:37.168988
S0319,QZ_NLP,NLP,96,100,2025-07-25 13:55:37.168988
S0319,QZ_NLP,NLP,71,100,2025-11-08 13:55:37.168988
S0319,QZ_NLP,NLP,42,100,2025-09-26 13:55:37.168988
S0319,QZ_COM,Computer Vision,63,100,2025-10-22 13:55:37.168988
S0319,QZ_COM,Computer Vision,66,100,2025-12-15 13:55:37.168988
S0319,QZ_OPT,Optimization,59,100,2025-07-30 13:55:37.168988
S0319,QZ_OPT,Optimization,46,100,2026-01-07 13:55:37.168988
S0319,QZ_OPT,Optimization,36,100,2025-12-01 13:55:37.168988
S0319,QZ_OPT,Optimization,58,100,2025-08-11 13:55:37.168988
S0320,QZ_LIN,Linear Algebra,62,100,2025-11-20 13:55:37.168988
S0320,QZ_LIN,Linear Algebra,48,100,2025-11-01 13:55:37.168988
S0320,QZ_LIN,Linear Algebra,54,100,2025-08-13 13:55:37.168988
S0320,QZ_LIN,Linear Algebra,62,100,2025-08-13 13:55:37.168988
S0320,QZ_PRO,Probability,43,100,2025-10-24 13:55:37.168988
S0320,QZ_PRO,Probability,95,100,2025-09-27 13:55:37.168988
S0320,QZ_PRO,Probability,91,100,2025-08-11 13:55:37.168988
S0320,QZ_STA,Statistics,83,100,2025-09-04 13:55:37.168988
S0320,QZ_STA,Statistics,72,100,2025-08-21 13:55:37.168988
S0320,QZ_STA,Statistics,94,100,2025-07-29 13:55:37.168988
S0320,QZ_STA,Statistics,51,100,2025-12-26 13:55:37.168988
S0320,QZ_ML ,ML Basics,52,100,2025-12-05 13:55:37.168988
S0320,QZ_ML ,ML Basics,55,100,2025-09-04 13:55:37.168988
S0320,QZ_ML ,ML Basics,40,100,2025-07-30 13:55:37.168988
S0320,QZ_ML ,ML Basics,99,100,2025-07-30 13:55:37.168988
S0320,QZ_DEE,Deep Learning,44,100,2025-11-20 13:55:37.168988
S0320,QZ_DEE,Deep Learning,32,100,2025-08-21 13:55:37.168988
S0320,QZ_DEE,Deep Learning,37,100,2026-01-15 13:55:37.168988
S0320,QZ_NLP,NLP,34,100,2025-11-17 13:55:37.168988
S0320,QZ_NLP,NLP,58,100,2025-12-30 13:55:37.168988
S0320,QZ_NLP,NLP,50,100,2025-08-14 13:55:37.168988
S0320,QZ_NLP,NLP,60,100,2025-11-18 13:55:37.168988
S0320,QZ_COM,Computer Vision,47,100,2025-08-11 13:55:37.168988
S0320,QZ_COM,Computer Vision,50,100,2025-09-04 13:55:37.168988
S0320,QZ_COM,Computer Vision,57,100,2025-11-04 13:55:37.168988
S0320,QZ_COM,Computer Vision,48,100,2026-01-12 13:55:37.168988
S0320,QZ_OPT,Optimization,89,100,2026-01-11 13:55:37.168988
S0320,QZ_OPT,Optimization,87,100,2025-08-30 13:55:37.168988
S0320,QZ_OPT,Optimization,79,100,2025-07-27 13:55:37.168988
S0321,QZ_LIN,Linear Algebra,73,100,2025-09-24 13:55:37.168988
S0321,QZ_LIN,Linear Algebra,46,100,2025-12-16 13:55:37.168988
S0321,QZ_LIN,Linear Algebra,63,100,2025-10-17 13:55:37.168988
S0321,QZ_PRO,Probability,67,100,2025-08-06 13:55:37.168988
S0321,QZ_PRO,Probability,66,100,2025-11-26 13:55:37.168988
S0321,QZ_PRO,Probability,52,100,2025-08-09 13:55:37.168988
S0321,QZ_STA,Statistics,62,100,2025-07-27 13:55:37.168988
S0321,QZ_STA,Statistics,37,100,2026-01-16 13:55:37.168988
S0321,QZ_STA,Statistics,29,100,2025-08-22 13:55:37.168988
S0321,QZ_STA,Statistics,82,100,2025-08-18 13:55:37.168988
S0321,QZ_ML ,ML Basics,44,100,2025-08-16 13:55:37.168988
S0321,QZ_ML ,ML Basics,53,100,2025-12-23 13:55:37.168988
S0321,QZ_ML ,ML Basics,39,100,2026-01-04 13:55:37.168988
S0321,QZ_ML ,ML Basics,31,100,2025-11-14 13:55:37.168988
S0321,QZ_DEE,Deep Learning,97,100,2025-11-18 13:55:37.168988
S0321,QZ_DEE,Deep Learning,83,100,2025-12-03 13:55:37.168988
S0321,QZ_DEE,Deep Learning,42,100,2025-11-11 13:55:37.168988
S0321,QZ_NLP,NLP,44,100,2025-10-11 13:55:37.168988
S0321,QZ_NLP,NLP,86,100,2026-01-03 13:55:37.168988
S0321,QZ_COM,Computer Vision,45,100,2025-10-01 13:55:37.168988
S0321,QZ_COM,Computer Vision,37,100,2025-12-22 13:55:37.168988
S0321,QZ_COM,Computer Vision,42,100,2026-01-11 13:55:37.168988
S0321,QZ_OPT,Optimization,84,100,2025-09-06 13:55:37.168988
S0321,QZ_OPT,Optimization,50,100,2025-08-25 13:55:37.168988
S0321,QZ_OPT,Optimization,80,100,2025-10-01 13:55:37.168988
S0321,QZ_OPT,Optimization,82,100,2026-01-03 13:55:37.168988
S0322,QZ_LIN,Linear Algebra,73,100,2025-08-26 13:55:37.168988
S0322,QZ_LIN,Linear Algebra,70,100,2025-09-06 13:55:37.168988
S0322,QZ_PRO,Probability,29,100,2025-10-03 13:55:37.168988
S0322,QZ_PRO,Probability,95,100,2025-09-14 13:55:37.168988
S0322,QZ_PRO,Probability,80,100,2025-08-27 13:55:37.168988
S0322,QZ_PRO,Probability,51,100,2025-11-16 13:55:37.168988
S0322,QZ_STA,Statistics,72,100,2025-10-14 13:55:37.168988
S0322,QZ_STA,Statistics,90,100,2025-10-07 13:55:37.168988
S0322,QZ_STA,Statistics,61,100,2025-09-20 13:55:37.168988
S0322,QZ_ML ,ML Basics,37,100,2025-10-02 13:55:37.168988
S0322,QZ_ML ,ML Basics,40,100,2026-01-09 13:55:37.168988
S0322,QZ_DEE,Deep Learning,72,100,2025-09-25 13:55:37.168988
S0322,QZ_DEE,Deep Learning,79,100,2025-07-30 13:55:37.168988
S0322,QZ_DEE,Deep Learning,64,100,2025-09-02 13:55:37.168988
S0322,QZ_DEE,Deep Learning,34,100,2025-08-17 13:55:37.168988
S0322,QZ_NLP,NLP,78,100,2025-10-04 13:55:37.168988
S0322,QZ_NLP,NLP,39,100,2025-12-27 13:55:37.168988
S0322,QZ_COM,Computer Vision,92,100,2026-01-15 13:55:37.168988
S0322,QZ_COM,Computer Vision,43,100,2025-10-19 13:55:37.168988
S0322,QZ_COM,Computer Vision,52,100,2026-01-02 13:55:37.168988
S0322,QZ_OPT,Optimization,84,100,2025-12-07 13:55:37.168988
S0322,QZ_OPT,Optimization,51,100,2025-11-30 13:55:37.168988
S0322,QZ_OPT,Optimization,98,100,2026-01-02 13:55:37.168988
S0322,QZ_OPT,Optimization,63,100,2026-01-16 13:55:37.168988
S0323,QZ_LIN,Linear Algebra,71,100,2025-12-17 13:55:37.168988
S0323,QZ_LIN,Linear Algebra,85,100,2025-11-13 13:55:37.168988
S0323,QZ_LIN,Linear Algebra,48,100,2025-12-24 13:55:37.168988
S0323,QZ_PRO,Probability,79,100,2025-07-26 13:55:37.168988
S0323,QZ_PRO,Probability,89,100,2026-01-14 13:55:37.168988
S0323,QZ_STA,Statistics,84,100,2025-09-17 13:55:37.168988
S0323,QZ_STA,Statistics,68,100,2025-12-22 13:55:37.168988
S0323,QZ_ML ,ML Basics,93,100,2025-08-16 13:55:37.168988
S0323,QZ_ML ,ML Basics,75,100,2025-11-04 13:55:37.168988
S0323,QZ_ML ,ML Basics,45,100,2025-10-13 13:55:37.168988
S0323,QZ_DEE,Deep Learning,65,100,2025-12-21 13:55:37.168988
S0323,QZ_DEE,Deep Learning,95,100,2025-11-14 13:55:37.168988
S0323,QZ_DEE,Deep Learning,59,100,2025-08-23 13:55:37.168988
S0323,QZ_DEE,Deep Learning,81,100,2025-08-11 13:55:37.168988
S0323,QZ_NLP,NLP,94,100,2025-12-14 13:55:37.168988
S0323,QZ_NLP,NLP,42,100,2025-10-15 13:55:37.168988
S0323,QZ_NLP,NLP,49,100,2025-09-07 13:55:37.168988
S0323,QZ_COM,Computer Vision,87,100,2025-11-02 13:55:37.168988
S0323,QZ_COM,Computer Vision,57,100,2026-01-14 13:55:37.168988
S0323,QZ_COM,Computer Vision,78,100,2026-01-05 13:55:37.168988
S0323,QZ_COM,Computer Vision,54,100,2026-01-02 13:55:37.168988
S0323,QZ_OPT,Optimization,52,100,2025-12-11 13:55:37.168988
S0323,QZ_OPT,Optimization,63,100,2025-12-09 13:55:37.168988
S0323,QZ_OPT,Optimization,76,100,2025-08-23 13:55:37.168988
S0323,QZ_OPT,Optimization,71,100,2025-09-16 13:55:37.168988
S0324,QZ_LIN,Linear Algebra,94,100,2025-08-12 13:55:37.168988
S0324,QZ_LIN,Linear Algebra,85,100,2025-09-25 13:55:37.168988
S0324,QZ_LIN,Linear Algebra,82,100,2025-08-26 13:55:37.168988
S0324,QZ_LIN,Linear Algebra,53,100,2025-11-25 13:55:37.168988
S0324,QZ_PRO,Probability,61,100,2025-09-08 13:55:37.168988
S0324,QZ_PRO,Probability,85,100,2025-09-15 13:55:37.168988
S0324,QZ_PRO,Probability,44,100,2025-08-03 13:55:37.168988
S0324,QZ_PRO,Probability,49,100,2025-12-05 13:55:37.168988
S0324,QZ_STA,Statistics,93,100,2025-07-22 13:55:37.168988
S0324,QZ_STA,Statistics,65,100,2025-12-04 13:55:37.168988
S0324,QZ_STA,Statistics,40,100,2025-10-30 13:55:37.168988
S0324,QZ_STA,Statistics,38,100,2025-08-22 13:55:37.168988
S0324,QZ_ML ,ML Basics,55,100,2025-12-07 13:55:37.168988
S0324,QZ_ML ,ML Basics,29,100,2025-09-30 13:55:37.168988
S0324,QZ_ML ,ML Basics,40,100,2025-11-19 13:55:37.168988
S0324,QZ_DEE,Deep Learning,36,100,2025-10-16 13:55:37.168988
S0324,QZ_DEE,Deep Learning,56,100,2025-11-02 13:55:37.168988
S0324,QZ_DEE,Deep Learning,99,100,2025-07-22 13:55:37.168988
S0324,QZ_NLP,NLP,81,100,2025-11-24 13:55:37.168988
S0324,QZ_NLP,NLP,34,100,2025-08-16 13:55:37.168988
S0324,QZ_NLP,NLP,96,100,2025-10-31 13:55:37.168988
S0324,QZ_NLP,NLP,93,100,2025-11-26 13:55:37.168988
S0324,QZ_COM,Computer Vision,91,100,2025-11-24 13:55:37.168988
S0324,QZ_COM,Computer Vision,75,100,2025-08-15 13:55:37.168988
S0324,QZ_COM,Computer Vision,31,100,2025-07-25 13:55:37.168988
S0324,QZ_COM,Computer Vision,79,100,2026-01-02 13:55:37.168988
S0324,QZ_OPT,Optimization,69,100,2025-09-19 13:55:37.168988
S0324,QZ_OPT,Optimization,77,100,2026-01-05 13:55:37.168988
S0325,QZ_LIN,Linear Algebra,55,100,2025-07-28 13:55:37.168988
S0325,QZ_LIN,Linear Algebra,97,100,2025-10-06 13:55:37.168988
S0325,QZ_LIN,Linear Algebra,51,100,2026-01-09 13:55:37.168988
S0325,QZ_LIN,Linear Algebra,37,100,2025-12-15 13:55:37.168988
S0325,QZ_PRO,Probability,26,100,2025-12-12 13:55:37.168988
S0325,QZ_PRO,Probability,79,100,2025-09-20 13:55:37.168988
S0325,QZ_PRO,Probability,54,100,2025-07-28 13:55:37.168988
S0325,QZ_PRO,Probability,79,100,2025-12-15 13:55:37.168988
S0325,QZ_STA,Statistics,28,100,2025-11-11 13:55:37.168988
S0325,QZ_STA,Statistics,92,100,2025-10-30 13:55:37.168988
S0325,QZ_STA,Statistics,44,100,2025-12-29 13:55:37.168988
S0325,QZ_STA,Statistics,54,100,2025-10-21 13:55:37.168988
S0325,QZ_ML ,ML Basics,78,100,2025-09-17 13:55:37.168988
S0325,QZ_ML ,ML Basics,37,100,2026-01-09 13:55:37.168988
S0325,QZ_ML ,ML Basics,73,100,2025-11-16 13:55:37.168988
S0325,QZ_DEE,Deep Learning,68,100,2025-12-23 13:55:37.168988
S0325,QZ_DEE,Deep Learning,92,100,2025-12-25 13:55:37.168988
S0325,QZ_DEE,Deep Learning,28,100,2025-10-21 13:55:37.168988
S0325,QZ_NLP,NLP,74,100,2025-10-27 13:55:37.168988
S0325,QZ_NLP,NLP,86,100,2025-10-31 13:55:37.168988
S0325,QZ_COM,Computer Vision,31,100,2025-12-22 13:55:37.168988
S0325,QZ_COM,Computer Vision,43,100,2025-11-03 13:55:37.168988
S0325,QZ_COM,Computer Vision,52,100,2025-08-23 13:55:37.168988
S0325,QZ_OPT,Optimization,73,100,2025-09-26 13:55:37.168988
S0325,QZ_OPT,Optimization,55,100,2025-11-05 13:55:37.168988
S0326,QZ_LIN,Linear Algebra,97,100,2025-07-22 13:55:37.168988
S0326,QZ_LIN,Linear Algebra,83,100,2025-12-19 13:55:37.168988
S0326,QZ_LIN,Linear Algebra,74,100,2025-09-12 13:55:37.168988
S0326,QZ_LIN,Linear Algebra,63,100,2025-10-19 13:55:37.168988
S0326,QZ_PRO,Probability,52,100,2026-01-09 13:55:37.168988
S0326,QZ_PRO,Probability,32,100,2025-09-21 13:55:37.168988
S0326,QZ_PRO,Probability,57,100,2025-12-28 13:55:37.168988
S0326,QZ_PRO,Probability,75,100,2025-09-18 13:55:37.168988
S0326,QZ_STA,Statistics,67,100,2025-10-15 13:55:37.168988
S0326,QZ_STA,Statistics,46,100,2025-12-29 13:55:37.168988
S0326,QZ_STA,Statistics,55,100,2025-12-18 13:55:37.168988
S0326,QZ_STA,Statistics,43,100,2025-10-28 13:55:37.168988
S0326,QZ_ML ,ML Basics,32,100,2025-09-07 13:55:37.168988
S0326,QZ_ML ,ML Basics,42,100,2025-12-12 13:55:37.168988
S0326,QZ_ML ,ML Basics,56,100,2025-10-10 13:55:37.168988
S0326,QZ_DEE,Deep Learning,99,100,2025-08-09 13:55:37.168988
S0326,QZ_DEE,Deep Learning,89,100,2025-10-25 13:55:37.168988
S0326,QZ_DEE,Deep Learning,73,100,2025-11-20 13:55:37.168988
S0326,QZ_DEE,Deep Learning,95,100,2026-01-13 13:55:37.168988
S0326,QZ_NLP,NLP,39,100,2025-11-14 13:55:37.168988
S0326,QZ_NLP,NLP,45,100,2025-11-12 13:55:37.168988
S0326,QZ_NLP,NLP,87,100,2025-12-01 13:55:37.168988
S0326,QZ_COM,Computer Vision,44,100,2025-12-30 13:55:37.168988
S0326,QZ_COM,Computer Vision,72,100,2025-10-11 13:55:37.168988
S0326,QZ_COM,Computer Vision,95,100,2026-01-14 13:55:37.168988
S0326,QZ_OPT,Optimization,44,100,2025-10-18 13:55:37.168988
S0326,QZ_OPT,Optimization,43,100,2025-12-25 13:55:37.168988
S0327,QZ_LIN,Linear Algebra,70,100,2025-12-24 13:55:37.168988
S0327,QZ_LIN,Linear Algebra,79,100,2025-09-25 13:55:37.168988
S0327,QZ_LIN,Linear Algebra,69,100,2025-08-11 13:55:37.168988
S0327,QZ_LIN,Linear Algebra,94,100,2025-12-03 13:55:37.168988
S0327,QZ_PRO,Probability,29,100,2025-10-22 13:55:37.168988
S0327,QZ_PRO,Probability,31,100,2025-08-28 13:55:37.168988
S0327,QZ_PRO,Probability,80,100,2025-07-25 13:55:37.168988
S0327,QZ_STA,Statistics,43,100,2025-12-28 13:55:37.168988
S0327,QZ_STA,Statistics,57,100,2025-09-08 13:55:37.168988
S0327,QZ_ML ,ML Basics,55,100,2025-11-20 13:55:37.168988
S0327,QZ_ML ,ML Basics,26,100,2025-08-07 13:55:37.168988
S0327,QZ_ML ,ML Basics,73,100,2025-10-13 13:55:37.168988
S0327,QZ_DEE,Deep Learning,91,100,2025-12-01 13:55:37.168988
S0327,QZ_DEE,Deep Learning,46,100,2025-11-15 13:55:37.168988
S0327,QZ_NLP,NLP,59,100,2025-08-23 13:55:37.168988
S0327,QZ_NLP,NLP,62,100,2025-08-14 13:55:37.168988
S0327,QZ_NLP,NLP,59,100,2025-12-16 13:55:37.168988
S0327,QZ_COM,Computer Vision,49,100,2025-12-27 13:55:37.168988
S0327,QZ_COM,Computer Vision,86,100,2025-11-25 13:55:37.168988
S0327,QZ_OPT,Optimization,60,100,2025-09-17 13:55:37.168988
S0327,QZ_OPT,Optimization,43,100,2025-09-26 13:55:37.168988
S0327,QZ_OPT,Optimization,45,100,2025-08-21 13:55:37.168988
S0327,QZ_OPT,Optimization,95,100,2025-10-28 13:55:37.168988
S0328,QZ_LIN,Linear Algebra,67,100,2025-12-16 13:55:37.168988
S0328,QZ_LIN,Linear Algebra,51,100,2026-01-03 13:55:37.168988
S0328,QZ_LIN,Linear Algebra,52,100,2025-09-11 13:55:37.168988
S0328,QZ_PRO,Probability,47,100,2025-11-30 13:55:37.168988
S0328,QZ_PRO,Probability,91,100,2025-08-06 13:55:37.168988
S0328,QZ_STA,Statistics,26,100,2025-09-17 13:55:37.168988
S0328,QZ_STA,Statistics,42,100,2025-10-30 13:55:37.168988
S0328,QZ_STA,Statistics,38,100,2025-12-20 13:55:37.168988
S0328,QZ_ML ,ML Basics,69,100,2025-11-26 13:55:37.168988
S0328,QZ_ML ,ML Basics,37,100,2025-08-31 13:55:37.168988
S0328,QZ_ML ,ML Basics,82,100,2025-12-19 13:55:37.168988
S0328,QZ_DEE,Deep Learning,59,100,2025-09-28 13:55:37.168988
S0328,QZ_DEE,Deep Learning,69,100,2025-11-01 13:55:37.168988
S0328,QZ_NLP,NLP,65,100,2025-11-09 13:55:37.168988
S0328,QZ_NLP,NLP,43,100,2025-09-15 13:55:37.168988
S0328,QZ_NLP,NLP,86,100,2025-11-04 13:55:37.168988
S0328,QZ_COM,Computer Vision,49,100,2026-01-05 13:55:37.168988
S0328,QZ_COM,Computer Vision,89,100,2025-12-03 13:55:37.168988
S0328,QZ_OPT,Optimization,97,100,2026-01-13 13:55:37.168988
S0328,QZ_OPT,Optimization,36,100,2025-12-19 13:55:37.168988
S0328,QZ_OPT,Optimization,67,100,2025-10-31 13:55:37.168988
S0328,QZ_OPT,Optimization,99,100,2025-11-01 13:55:37.168988
S0329,QZ_LIN,Linear Algebra,96,100,2025-08-30 13:55:37.168988
S0329,QZ_LIN,Linear Algebra,97,100,2025-08-11 13:55:37.168988
S0329,QZ_LIN,Linear Algebra,65,100,2025-10-07 13:55:37.168988
S0329,QZ_LIN,Linear Algebra,99,100,2025-12-02 13:55:37.168988
S0329,QZ_PRO,Probability,71,100,2025-11-18 13:55:37.168988
S0329,QZ_PRO,Probability,33,100,2025-08-26 13:55:37.168988
S0329,QZ_PRO,Probability,26,100,2025-12-18 13:55:37.168988
S0329,QZ_PRO,Probability,27,100,2025-11-30 13:55:37.168988
S0329,QZ_STA,Statistics,44,100,2025-10-01 13:55:37.168988
S0329,QZ_STA,Statistics,81,100,2025-09-09 13:55:37.168988
S0329,QZ_ML ,ML Basics,49,100,2025-11-24 13:55:37.168988
S0329,QZ_ML ,ML Basics,45,100,2025-10-22 13:55:37.168988
S0329,QZ_ML ,ML Basics,79,100,2025-11-20 13:55:37.168988
S0329,QZ_ML ,ML Basics,42,100,2025-09-21 13:55:37.168988
S0329,QZ_DEE,Deep Learning,90,100,2025-11-11 13:55:37.168988
S0329,QZ_DEE,Deep Learning,78,100,2025-11-04 13:55:37.168988
S0329,QZ_DEE,Deep Learning,78,100,2025-10-09 13:55:37.168988
S0329,QZ_NLP,NLP,65,100,2025-09-07 13:55:37.168988
S0329,QZ_NLP,NLP,49,100,2025-08-25 13:55:37.168988
S0329,QZ_NLP,NLP,53,100,2026-01-11 13:55:37.168988
S0329,QZ_COM,Computer Vision,88,100,2025-09-08 13:55:37.168988
S0329,QZ_COM,Computer Vision,42,100,2025-09-30 13:55:37.168988
S0329,QZ_COM,Computer Vision,67,100,2025-12-25 13:55:37.168988
S0329,QZ_OPT,Optimization,54,100,2025-09-26 13:55:37.168988
S0329,QZ_OPT,Optimization,25,100,2026-01-04 13:55:37.168988
S0330,QZ_LIN,Linear Algebra,75,100,2026-01-14 13:55:37.168988
S0330,QZ_LIN,Linear Algebra,94,100,2025-12-07 13:55:37.168988
S0330,QZ_LIN,Linear Algebra,71,100,2025-07-29 13:55:37.168988
S0330,QZ_PRO,Probability,63,100,2025-08-27 13:55:37.168988
S0330,QZ_PRO,Probability,77,100,2025-09-08 13:55:37.168988
S0330,QZ_STA,Statistics,34,100,2025-11-25 13:55:37.168988
S0330,QZ_STA,Statistics,35,100,2025-12-17 13:55:37.168988
S0330,QZ_STA,Statistics,35,100,2025-07-21 13:55:37.168988
S0330,QZ_ML ,ML Basics,31,100,2025-08-08 13:55:37.168988
S0330,QZ_ML ,ML Basics,65,100,2025-12-19 13:55:37.168988
S0330,QZ_ML ,ML Basics,55,100,2025-08-12 13:55:37.168988
S0330,QZ_ML ,ML Basics,69,100,2025-09-20 13:55:37.168988
S0330,QZ_DEE,Deep Learning,84,100,2026-01-10 13:55:37.168988
S0330,QZ_DEE,Deep Learning,67,100,2026-01-03 13:55:37.168988
S0330,QZ_NLP,NLP,39,100,2025-12-22 13:55:37.168988
S0330,QZ_NLP,NLP,56,100,2025-08-18 13:55:37.168988
S0330,QZ_NLP,NLP,25,100,2025-12-20 13:55:37.168988
S0330,QZ_NLP,NLP,41,100,2026-01-10 13:55:37.168988
S0330,QZ_COM,Computer Vision,77,100,2025-11-18 13:55:37.168988
S0330,QZ_COM,Computer Vision,34,100,2025-10-30 13:55:37.168988
S0330,QZ_OPT,Optimization,87,100,2025-11-04 13:55:37.168988
S0330,QZ_OPT,Optimization,77,100,2025-09-19 13:55:37.168988
S0330,QZ_OPT,Optimization,65,100,2025-11-24 13:55:37.168988
S0331,QZ_LIN,Linear Algebra,87,100,2025-12-21 13:55:37.168988
S0331,QZ_LIN,Linear Algebra,50,100,2026-01-14 13:55:37.168988
S0331,QZ_LIN,Linear Algebra,59,100,2025-09-14 13:55:37.168988
S0331,QZ_PRO,Probability,86,100,2025-12-19 13:55:37.168988
S0331,QZ_PRO,Probability,79,100,2025-09-23 13:55:37.168988
S0331,QZ_STA,Statistics,25,100,2025-11-19 13:55:37.168988
S0331,QZ_STA,Statistics,67,100,2025-11-25 13:55:37.168988
S0331,QZ_ML ,ML Basics,76,100,2025-11-15 13:55:37.168988
S0331,QZ_ML ,ML Basics,37,100,2025-07-25 13:55:37.168988
S0331,QZ_DEE,Deep Learning,48,100,2025-07-21 13:55:37.168988
S0331,QZ_DEE,Deep Learning,34,100,2026-01-12 13:55:37.168988
S0331,QZ_DEE,Deep Learning,94,100,2025-11-18 13:55:37.168988
S0331,QZ_NLP,NLP,50,100,2025-12-07 13:55:37.168988
S0331,QZ_NLP,NLP,40,100,2025-08-26 13:55:37.168988
S0331,QZ_NLP,NLP,49,100,2025-10-13 13:55:37.168988
S0331,QZ_COM,Computer Vision,60,100,2025-10-26 13:55:37.168988
S0331,QZ_COM,Computer Vision,79,100,2025-11-21 13:55:37.168988
S0331,QZ_OPT,Optimization,37,100,2025-12-14 13:55:37.168988
S0331,QZ_OPT,Optimization,54,100,2025-10-01 13:55:37.168988
S0332,QZ_LIN,Linear Algebra,59,100,2026-01-07 13:55:37.168988
S0332,QZ_LIN,Linear Algebra,89,100,2025-12-23 13:55:37.168988
S0332,QZ_PRO,Probability,55,100,2025-10-14 13:55:37.168988
S0332,QZ_PRO,Probability,73,100,2025-11-11 13:55:37.168988
S0332,QZ_STA,Statistics,80,100,2025-10-15 13:55:37.168988
S0332,QZ_STA,Statistics,90,100,2025-07-23 13:55:37.168988
S0332,QZ_STA,Statistics,52,100,2025-09-11 13:55:37.168988
S0332,QZ_STA,Statistics,30,100,2025-08-27 13:55:37.168988
S0332,QZ_ML ,ML Basics,96,100,2025-10-16 13:55:37.168988
S0332,QZ_ML ,ML Basics,25,100,2025-11-01 13:55:37.168988
S0332,QZ_ML ,ML Basics,99,100,2026-01-12 13:55:37.168988
S0332,QZ_DEE,Deep Learning,46,100,2025-12-17 13:55:37.168988
S0332,QZ_DEE,Deep Learning,43,100,2026-01-13 13:55:37.168988
S0332,QZ_DEE,Deep Learning,60,100,2025-10-21 13:55:37.168988
S0332,QZ_NLP,NLP,96,100,2025-12-24 13:55:37.168988
S0332,QZ_NLP,NLP,87,100,2025-12-26 13:55:37.168988
S0332,QZ_COM,Computer Vision,36,100,2025-11-21 13:55:37.168988
S0332,QZ_COM,Computer Vision,82,100,2025-09-30 13:55:37.168988
S0332,QZ_COM,Computer Vision,26,100,2025-08-03 13:55:37.168988
S0332,QZ_OPT,Optimization,84,100,2025-11-03 13:55:37.168988
S0332,QZ_OPT,Optimization,92,100,2025-11-21 13:55:37.168988
S0332,QZ_OPT,Optimization,94,100,2025-10-25 13:55:37.168988
S0332,QZ_OPT,Optimization,34,100,2025-08-28 13:55:37.168988
S0333,QZ_LIN,Linear Algebra,57,100,2025-08-05 13:55:37.168988
S0333,QZ_LIN,Linear Algebra,51,100,2026-01-08 13:55:37.168988
S0333,QZ_LIN,Linear Algebra,75,100,2025-12-18 13:55:37.168988
S0333,QZ_LIN,Linear Algebra,31,100,2025-10-26 13:55:37.168988
S0333,QZ_PRO,Probability,31,100,2026-01-07 13:55:37.168988
S0333,QZ_PRO,Probability,69,100,2025-07-22 13:55:37.168988
S0333,QZ_PRO,Probability,78,100,2025-11-02 13:55:37.168988
S0333,QZ_STA,Statistics,76,100,2025-12-15 13:55:37.168988
S0333,QZ_STA,Statistics,46,100,2025-11-26 13:55:37.168988
S0333,QZ_STA,Statistics,34,100,2025-08-07 13:55:37.168988
S0333,QZ_STA,Statistics,82,100,2025-09-21 13:55:37.168988
S0333,QZ_ML ,ML Basics,91,100,2025-09-15 13:55:37.168988
S0333,QZ_ML ,ML Basics,48,100,2025-09-06 13:55:37.168988
S0333,QZ_ML ,ML Basics,85,100,2025-11-04 13:55:37.168988
S0333,QZ_DEE,Deep Learning,83,100,2025-10-01 13:55:37.168988
S0333,QZ_DEE,Deep Learning,49,100,2025-12-27 13:55:37.168988
S0333,QZ_DEE,Deep Learning,52,100,2025-08-01 13:55:37.168988
S0333,QZ_NLP,NLP,28,100,2025-10-08 13:55:37.168988
S0333,QZ_NLP,NLP,84,100,2025-07-21 13:55:37.168988
S0333,QZ_NLP,NLP,28,100,2025-09-12 13:55:37.168988
S0333,QZ_COM,Computer Vision,27,100,2025-09-26 13:55:37.168988
S0333,QZ_COM,Computer Vision,28,100,2025-12-23 13:55:37.168988
S0333,QZ_OPT,Optimization,56,100,2025-11-02 13:55:37.168988
S0333,QZ_OPT,Optimization,47,100,2026-01-10 13:55:37.168988
S0334,QZ_LIN,Linear Algebra,66,100,2025-11-25 13:55:37.168988
S0334,QZ_LIN,Linear Algebra,48,100,2025-10-15 13:55:37.168988
S0334,QZ_LIN,Linear Algebra,99,100,2025-07-30 13:55:37.168988
S0334,QZ_PRO,Probability,35,100,2025-11-22 13:55:37.168988
S0334,QZ_PRO,Probability,41,100,2026-01-15 13:55:37.168988
S0334,QZ_PRO,Probability,55,100,2025-11-23 13:55:37.168988
S0334,QZ_STA,Statistics,57,100,2026-01-06 13:55:37.168988
S0334,QZ_STA,Statistics,30,100,2025-08-05 13:55:37.168988
S0334,QZ_STA,Statistics,49,100,2025-09-26 13:55:37.168988
S0334,QZ_STA,Statistics,33,100,2025-12-03 13:55:37.168988
S0334,QZ_ML ,ML Basics,63,100,2025-09-06 13:55:37.168988
S0334,QZ_ML ,ML Basics,33,100,2026-01-16 13:55:37.168988
S0334,QZ_ML ,ML Basics,56,100,2025-12-14 13:55:37.168988
S0334,QZ_DEE,Deep Learning,36,100,2025-11-20 13:55:37.168988
S0334,QZ_DEE,Deep Learning,44,100,2025-10-15 13:55:37.168988
S0334,QZ_NLP,NLP,78,100,2025-08-24 13:55:37.168988
S0334,QZ_NLP,NLP,65,100,2025-11-01 13:55:37.168988
S0334,QZ_COM,Computer Vision,70,100,2025-07-21 13:55:37.168988
S0334,QZ_COM,Computer Vision,37,100,2025-09-22 13:55:37.168988
S0334,QZ_COM,Computer Vision,80,100,2025-08-02 13:55:37.168988
S0334,QZ_COM,Computer Vision,59,100,2025-09-15 13:55:37.168988
S0334,QZ_OPT,Optimization,27,100,2026-01-11 13:55:37.168988
S0334,QZ_OPT,Optimization,45,100,2025-12-09 13:55:37.168988
S0334,QZ_OPT,Optimization,45,100,2025-12-22 13:55:37.168988
S0335,QZ_LIN,Linear Algebra,32,100,2026-01-02 13:55:37.168988
S0335,QZ_LIN,Linear Algebra,51,100,2026-01-10 13:55:37.168988
S0335,QZ_PRO,Probability,90,100,2025-12-20 13:55:37.168988
S0335,QZ_PRO,Probability,88,100,2026-01-14 13:55:37.168988
S0335,QZ_PRO,Probability,76,100,2025-10-19 13:55:37.168988
S0335,QZ_STA,Statistics,91,100,2025-10-08 13:55:37.168988
S0335,QZ_STA,Statistics,94,100,2025-12-31 13:55:37.168988
S0335,QZ_STA,Statistics,89,100,2025-12-14 13:55:37.168988
S0335,QZ_ML ,ML Basics,87,100,2025-09-07 13:55:37.168988
S0335,QZ_ML ,ML Basics,96,100,2025-12-13 13:55:37.168988
S0335,QZ_ML ,ML Basics,38,100,2025-12-26 13:55:37.168988
S0335,QZ_DEE,Deep Learning,96,100,2025-09-20 13:55:37.168988
S0335,QZ_DEE,Deep Learning,30,100,2025-09-08 13:55:37.168988
S0335,QZ_DEE,Deep Learning,81,100,2025-07-25 13:55:37.168988
S0335,QZ_DEE,Deep Learning,61,100,2025-08-02 13:55:37.168988
S0335,QZ_NLP,NLP,44,100,2025-08-27 13:55:37.168988
S0335,QZ_NLP,NLP,70,100,2025-10-07 13:55:37.168988
S0335,QZ_NLP,NLP,88,100,2025-11-09 13:55:37.168988
S0335,QZ_COM,Computer Vision,61,100,2025-11-13 13:55:37.168988
S0335,QZ_COM,Computer Vision,66,100,2026-01-15 13:55:37.168988
S0335,QZ_COM,Computer Vision,87,100,2025-08-30 13:55:37.168988
S0335,QZ_OPT,Optimization,95,100,2025-11-26 13:55:37.168988
S0335,QZ_OPT,Optimization,79,100,2025-12-31 13:55:37.168988
S0335,QZ_OPT,Optimization,40,100,2025-08-28 13:55:37.168988
S0335,QZ_OPT,Optimization,75,100,2025-09-08 13:55:37.168988
S0336,QZ_LIN,Linear Algebra,36,100,2025-09-14 13:55:37.168988
S0336,QZ_LIN,Linear Algebra,95,100,2025-10-16 13:55:37.168988
S0336,QZ_LIN,Linear Algebra,53,100,2025-09-17 13:55:37.168988
S0336,QZ_PRO,Probability,73,100,2025-12-20 13:55:37.168988
S0336,QZ_PRO,Probability,52,100,2025-09-10 13:55:37.168988
S0336,QZ_PRO,Probability,97,100,2025-12-21 13:55:37.168988
S0336,QZ_STA,Statistics,35,100,2025-11-15 13:55:37.168988
S0336,QZ_STA,Statistics,46,100,2025-10-14 13:55:37.168988
S0336,QZ_ML ,ML Basics,87,100,2025-12-21 13:55:37.168988
S0336,QZ_ML ,ML Basics,54,100,2025-11-28 13:55:37.168988
S0336,QZ_DEE,Deep Learning,64,100,2025-11-27 13:55:37.168988
S0336,QZ_DEE,Deep Learning,82,100,2025-12-08 13:55:37.168988
S0336,QZ_DEE,Deep Learning,79,100,2025-10-31 13:55:37.168988
S0336,QZ_DEE,Deep Learning,46,100,2025-08-22 13:55:37.168988
S0336,QZ_NLP,NLP,45,100,2026-01-09 13:55:37.168988
S0336,QZ_NLP,NLP,46,100,2026-01-03 13:55:37.168988
S0336,QZ_NLP,NLP,27,100,2025-09-22 13:55:37.168988
S0336,QZ_COM,Computer Vision,82,100,2025-09-25 13:55:37.168988
S0336,QZ_COM,Computer Vision,81,100,2026-01-05 13:55:37.168988
S0336,QZ_COM,Computer Vision,43,100,2025-12-26 13:55:37.168988
S0336,QZ_OPT,Optimization,51,100,2025-12-11 13:55:37.168988
S0336,QZ_OPT,Optimization,84,100,2025-09-03 13:55:37.168988
S0337,QZ_LIN,Linear Algebra,67,100,2025-12-04 13:55:37.168988
S0337,QZ_LIN,Linear Algebra,76,100,2025-11-29 13:55:37.168988
S0337,QZ_LIN,Linear Algebra,36,100,2025-10-08 13:55:37.168988
S0337,QZ_PRO,Probability,56,100,2025-09-04 13:55:37.168988
S0337,QZ_PRO,Probability,47,100,2025-11-25 13:55:37.168988
S0337,QZ_PRO,Probability,49,100,2025-11-07 13:55:37.168988
S0337,QZ_STA,Statistics,65,100,2026-01-12 13:55:37.168988
S0337,QZ_STA,Statistics,81,100,2025-08-06 13:55:37.168988
S0337,QZ_ML ,ML Basics,92,100,2025-12-21 13:55:37.168988
S0337,QZ_ML ,ML Basics,28,100,2025-09-29 13:55:37.168988
S0337,QZ_ML ,ML Basics,65,100,2025-09-20 13:55:37.168988
S0337,QZ_DEE,Deep Learning,31,100,2025-10-27 13:55:37.168988
S0337,QZ_DEE,Deep Learning,71,100,2025-12-14 13:55:37.168988
S0337,QZ_DEE,Deep Learning,46,100,2025-10-08 13:55:37.168988
S0337,QZ_NLP,NLP,99,100,2025-11-12 13:55:37.168988
S0337,QZ_NLP,NLP,63,100,2025-12-13 13:55:37.168988
S0337,QZ_NLP,NLP,78,100,2025-12-20 13:55:37.168988
S0337,QZ_NLP,NLP,76,100,2025-10-04 13:55:37.168988
S0337,QZ_COM,Computer Vision,81,100,2025-10-30 13:55:37.168988
S0337,QZ_COM,Computer Vision,47,100,2025-11-14 13:55:37.168988
S0337,QZ_COM,Computer Vision,28,100,2025-10-12 13:55:37.168988
S0337,QZ_OPT,Optimization,42,100,2025-12-24 13:55:37.168988
S0337,QZ_OPT,Optimization,86,100,2025-08-25 13:55:37.168988
S0337,QZ_OPT,Optimization,68,100,2025-08-17 13:55:37.168988
S0338,QZ_LIN,Linear Algebra,40,100,2025-08-20 13:55:37.168988
S0338,QZ_LIN,Linear Algebra,39,100,2025-09-28 13:55:37.168988
S0338,QZ_LIN,Linear Algebra,28,100,2025-09-08 13:55:37.168988
S0338,QZ_PRO,Probability,80,100,2025-12-26 13:55:37.168988
S0338,QZ_PRO,Probability,30,100,2025-12-06 13:55:37.168988
S0338,QZ_STA,Statistics,26,100,2025-09-29 13:55:37.168988
S0338,QZ_STA,Statistics,28,100,2025-10-15 13:55:37.168988
S0338,QZ_STA,Statistics,48,100,2025-10-20 13:55:37.168988
S0338,QZ_ML ,ML Basics,44,100,2025-11-20 13:55:37.168988
S0338,QZ_ML ,ML Basics,61,100,2025-10-19 13:55:37.168988
S0338,QZ_ML ,ML Basics,67,100,2025-07-26 13:55:37.168988
S0338,QZ_DEE,Deep Learning,52,100,2025-09-16 13:55:37.168988
S0338,QZ_DEE,Deep Learning,75,100,2025-11-05 13:55:37.168988
S0338,QZ_DEE,Deep Learning,82,100,2025-11-25 13:55:37.168988
S0338,QZ_DEE,Deep Learning,67,100,2025-12-15 13:55:37.168988
S0338,QZ_NLP,NLP,52,100,2025-10-19 13:55:37.168988
S0338,QZ_NLP,NLP,45,100,2025-10-08 13:55:37.168988
S0338,QZ_NLP,NLP,77,100,2025-12-19 13:55:37.168988
S0338,QZ_COM,Computer Vision,26,100,2025-10-12 13:55:37.168988
S0338,QZ_COM,Computer Vision,62,100,2026-01-07 13:55:37.168988
S0338,QZ_OPT,Optimization,57,100,2025-09-22 13:55:37.168988
S0338,QZ_OPT,Optimization,49,100,2026-01-12 13:55:37.168988
S0339,QZ_LIN,Linear Algebra,73,100,2025-10-02 13:55:37.168988
S0339,QZ_LIN,Linear Algebra,58,100,2026-01-09 13:55:37.168988
S0339,QZ_LIN,Linear Algebra,98,100,2025-11-15 13:55:37.168988
S0339,QZ_PRO,Probability,48,100,2025-10-13 13:55:37.168988
S0339,QZ_PRO,Probability,90,100,2025-10-27 13:55:37.168988
S0339,QZ_PRO,Probability,39,100,2025-10-03 13:55:37.168988
S0339,QZ_STA,Statistics,68,100,2025-08-04 13:55:37.168988
S0339,QZ_STA,Statistics,79,100,2025-10-12 13:55:37.168988
S0339,QZ_STA,Statistics,87,100,2026-01-06 13:55:37.168988
S0339,QZ_STA,Statistics,31,100,2025-11-20 13:55:37.168988
S0339,QZ_ML ,ML Basics,75,100,2025-08-08 13:55:37.168988
S0339,QZ_ML ,ML Basics,64,100,2025-10-29 13:55:37.168988
S0339,QZ_DEE,Deep Learning,71,100,2025-07-24 13:55:37.168988
S0339,QZ_DEE,Deep Learning,87,100,2025-09-16 13:55:37.168988
S0339,QZ_DEE,Deep Learning,76,100,2025-11-22 13:55:37.168988
S0339,QZ_NLP,NLP,85,100,2025-09-18 13:55:37.168988
S0339,QZ_NLP,NLP,96,100,2025-10-21 13:55:37.168988
S0339,QZ_COM,Computer Vision,96,100,2025-11-06 13:55:37.168988
S0339,QZ_COM,Computer Vision,85,100,2025-11-19 13:55:37.168988
S0339,QZ_OPT,Optimization,85,100,2025-08-12 13:55:37.168988
S0339,QZ_OPT,Optimization,90,100,2025-10-05 13:55:37.168988
S0339,QZ_OPT,Optimization,93,100,2025-10-23 13:55:37.168988
S0340,QZ_LIN,Linear Algebra,98,100,2025-08-04 13:55:37.168988
S0340,QZ_LIN,Linear Algebra,50,100,2025-10-12 13:55:37.168988
S0340,QZ_LIN,Linear Algebra,40,100,2025-08-01 13:55:37.168988
S0340,QZ_LIN,Linear Algebra,26,100,2025-08-25 13:55:37.168988
S0340,QZ_PRO,Probability,82,100,2025-11-03 13:55:37.168988
S0340,QZ_PRO,Probability,89,100,2025-08-01 13:55:37.168988
S0340,QZ_PRO,Probability,50,100,2025-11-12 13:55:37.168988
S0340,QZ_STA,Statistics,39,100,2025-11-12 13:55:37.168988
S0340,QZ_STA,Statistics,63,100,2025-11-05 13:55:37.168988
S0340,QZ_STA,Statistics,57,100,2025-10-25 13:55:37.168988
S0340,QZ_STA,Statistics,53,100,2025-07-23 13:55:37.168988
S0340,QZ_ML ,ML Basics,50,100,2025-09-02 13:55:37.168988
S0340,QZ_ML ,ML Basics,86,100,2025-10-25 13:55:37.168988
S0340,QZ_ML ,ML Basics,71,100,2025-10-30 13:55:37.168988
S0340,QZ_ML ,ML Basics,98,100,2025-08-30 13:55:37.168988
S0340,QZ_DEE,Deep Learning,73,100,2025-09-10 13:55:37.168988
S0340,QZ_DEE,Deep Learning,48,100,2025-11-22 13:55:37.168988
S0340,QZ_DEE,Deep Learning,89,100,2026-01-13 13:55:37.168988
S0340,QZ_NLP,NLP,58,100,2025-10-21 13:55:37.168988
S0340,QZ_NLP,NLP,40,100,2025-09-10 13:55:37.168988
S0340,QZ_NLP,NLP,58,100,2025-07-24 13:55:37.168988
S0340,QZ_NLP,NLP,95,100,2025-08-15 13:55:37.168988
S0340,QZ_COM,Computer Vision,46,100,2025-08-14 13:55:37.168988
S0340,QZ_COM,Computer Vision,39,100,2025-09-19 13:55:37.168988
S0340,QZ_COM,Computer Vision,42,100,2025-07-29 13:55:37.168988
S0340,QZ_OPT,Optimization,67,100,2025-10-16 13:55:37.168988
S0340,QZ_OPT,Optimization,71,100,2025-11-03 13:55:37.168988
S0341,QZ_LIN,Linear Algebra,56,100,2025-10-24 13:55:37.168988
S0341,QZ_LIN,Linear Algebra,45,100,2025-09-16 13:55:37.168988
S0341,QZ_LIN,Linear Algebra,78,100,2025-12-04 13:55:37.168988
S0341,QZ_LIN,Linear Algebra,58,100,2025-12-05 13:55:37.168988
S0341,QZ_PRO,Probability,41,100,2025-12-10 13:55:37.168988
S0341,QZ_PRO,Probability,25,100,2025-08-01 13:55:37.168988
S0341,QZ_PRO,Probability,48,100,2025-09-17 13:55:37.168988
S0341,QZ_PRO,Probability,28,100,2025-08-05 13:55:37.168988
S0341,QZ_STA,Statistics,67,100,2025-10-25 13:55:37.168988
S0341,QZ_STA,Statistics,73,100,2025-09-28 13:55:37.168988
S0341,QZ_ML ,ML Basics,37,100,2025-11-14 13:55:37.168988
S0341,QZ_ML ,ML Basics,45,100,2025-11-14 13:55:37.168988
S0341,QZ_ML ,ML Basics,50,100,2025-10-27 13:55:37.168988
S0341,QZ_ML ,ML Basics,96,100,2025-11-27 13:55:37.168988
S0341,QZ_DEE,Deep Learning,82,100,2025-10-23 13:55:37.168988
S0341,QZ_DEE,Deep Learning,59,100,2025-07-27 13:55:37.168988
S0341,QZ_DEE,Deep Learning,48,100,2025-08-03 13:55:37.168988
S0341,QZ_DEE,Deep Learning,94,100,2025-07-31 13:55:37.168988
S0341,QZ_NLP,NLP,85,100,2025-12-15 13:55:37.168988
S0341,QZ_NLP,NLP,75,100,2025-10-07 13:55:37.168988
S0341,QZ_COM,Computer Vision,55,100,2026-01-14 13:55:37.168988
S0341,QZ_COM,Computer Vision,64,100,2025-09-09 13:55:37.168988
S0341,QZ_OPT,Optimization,90,100,2025-08-01 13:55:37.168988
S0341,QZ_OPT,Optimization,39,100,2026-01-03 13:55:37.168988
S0342,QZ_LIN,Linear Algebra,77,100,2025-11-07 13:55:37.168988
S0342,QZ_LIN,Linear Algebra,81,100,2025-10-07 13:55:37.168988
S0342,QZ_LIN,Linear Algebra,76,100,2026-01-06 13:55:37.168988
S0342,QZ_LIN,Linear Algebra,68,100,2025-09-11 13:55:37.168988
S0342,QZ_PRO,Probability,70,100,2025-09-08 13:55:37.168988
S0342,QZ_PRO,Probability,74,100,2025-09-22 13:55:37.168988
S0342,QZ_PRO,Probability,39,100,2025-09-30 13:55:37.168988
S0342,QZ_PRO,Probability,91,100,2025-12-03 13:55:37.168988
S0342,QZ_STA,Statistics,81,100,2025-10-07 13:55:37.168988
S0342,QZ_STA,Statistics,84,100,2025-07-30 13:55:37.168988
S0342,QZ_ML ,ML Basics,74,100,2025-07-29 13:55:37.168988
S0342,QZ_ML ,ML Basics,70,100,2025-10-10 13:55:37.168988
S0342,QZ_ML ,ML Basics,53,100,2025-09-17 13:55:37.168988
S0342,QZ_ML ,ML Basics,56,100,2025-11-26 13:55:37.168988
S0342,QZ_DEE,Deep Learning,83,100,2026-01-14 13:55:37.168988
S0342,QZ_DEE,Deep Learning,87,100,2026-01-10 13:55:37.168988
S0342,QZ_DEE,Deep Learning,80,100,2025-12-31 13:55:37.168988
S0342,QZ_DEE,Deep Learning,40,100,2025-09-06 13:55:37.168988
S0342,QZ_NLP,NLP,93,100,2025-11-14 13:55:37.168988
S0342,QZ_NLP,NLP,39,100,2025-08-28 13:55:37.168988
S0342,QZ_COM,Computer Vision,67,100,2025-09-21 13:55:37.168988
S0342,QZ_COM,Computer Vision,51,100,2025-10-30 13:55:37.168988
S0342,QZ_COM,Computer Vision,65,100,2025-07-28 13:55:37.168988
S0342,QZ_COM,Computer Vision,65,100,2025-09-16 13:55:37.168988
S0342,QZ_OPT,Optimization,49,100,2026-01-06 13:55:37.168988
S0342,QZ_OPT,Optimization,44,100,2026-01-09 13:55:37.168988
S0342,QZ_OPT,Optimization,45,100,2025-12-02 13:55:37.168988
S0342,QZ_OPT,Optimization,48,100,2025-10-23 13:55:37.168988
S0343,QZ_LIN,Linear Algebra,37,100,2025-12-16 13:55:37.168988
S0343,QZ_LIN,Linear Algebra,38,100,2025-08-20 13:55:37.168988
S0343,QZ_PRO,Probability,27,100,2025-08-15 13:55:37.168988
S0343,QZ_PRO,Probability,57,100,2025-11-09 13:55:37.168988
S0343,QZ_PRO,Probability,49,100,2025-08-26 13:55:37.168988
S0343,QZ_STA,Statistics,67,100,2025-12-25 13:55:37.168988
S0343,QZ_STA,Statistics,57,100,2025-09-11 13:55:37.168988
S0343,QZ_STA,Statistics,44,100,2025-12-05 13:55:37.168988
S0343,QZ_STA,Statistics,80,100,2025-08-15 13:55:37.168988
S0343,QZ_ML ,ML Basics,54,100,2025-12-02 13:55:37.168988
S0343,QZ_ML ,ML Basics,35,100,2025-07-24 13:55:37.168988
S0343,QZ_ML ,ML Basics,46,100,2026-01-10 13:55:37.168988
S0343,QZ_ML ,ML Basics,73,100,2025-10-13 13:55:37.168988
S0343,QZ_DEE,Deep Learning,69,100,2025-08-05 13:55:37.168988
S0343,QZ_DEE,Deep Learning,47,100,2026-01-10 13:55:37.168988
S0343,QZ_DEE,Deep Learning,75,100,2025-10-19 13:55:37.168988
S0343,QZ_DEE,Deep Learning,42,100,2025-12-25 13:55:37.168988
S0343,QZ_NLP,NLP,87,100,2025-12-12 13:55:37.168988
S0343,QZ_NLP,NLP,83,100,2025-08-15 13:55:37.168988
S0343,QZ_NLP,NLP,39,100,2025-07-30 13:55:37.168988
S0343,QZ_NLP,NLP,81,100,2025-11-18 13:55:37.168988
S0343,QZ_COM,Computer Vision,89,100,2025-12-30 13:55:37.168988
S0343,QZ_COM,Computer Vision,96,100,2025-12-09 13:55:37.168988
S0343,QZ_COM,Computer Vision,37,100,2025-10-11 13:55:37.168988
S0343,QZ_OPT,Optimization,50,100,2025-07-30 13:55:37.168988
S0343,QZ_OPT,Optimization,50,100,2025-08-22 13:55:37.168988
S0343,QZ_OPT,Optimization,82,100,2026-01-05 13:55:37.168988
S0343,QZ_OPT,Optimization,36,100,2025-08-23 13:55:37.168988
S0344,QZ_LIN,Linear Algebra,91,100,2025-08-04 13:55:37.168988
S0344,QZ_LIN,Linear Algebra,77,100,2025-10-16 13:55:37.168988
S0344,QZ_LIN,Linear Algebra,46,100,2025-10-07 13:55:37.168988
S0344,QZ_PRO,Probability,40,100,2026-01-16 13:55:37.168988
S0344,QZ_PRO,Probability,71,100,2025-08-22 13:55:37.168988
S0344,QZ_PRO,Probability,96,100,2025-12-31 13:55:37.168988
S0344,QZ_PRO,Probability,37,100,2025-10-24 13:55:37.168988
S0344,QZ_STA,Statistics,85,100,2025-10-24 13:55:37.168988
S0344,QZ_STA,Statistics,81,100,2025-12-20 13:55:37.168988
S0344,QZ_STA,Statistics,28,100,2025-11-07 13:55:37.168988
S0344,QZ_STA,Statistics,44,100,2025-11-18 13:55:37.168988
S0344,QZ_ML ,ML Basics,63,100,2026-01-07 13:55:37.168988
S0344,QZ_ML ,ML Basics,87,100,2025-09-16 13:55:37.168988
S0344,QZ_ML ,ML Basics,51,100,2025-09-28 13:55:37.168988
S0344,QZ_DEE,Deep Learning,89,100,2025-12-25 13:55:37.168988
S0344,QZ_DEE,Deep Learning,25,100,2026-01-11 13:55:37.168988
S0344,QZ_DEE,Deep Learning,64,100,2025-08-19 13:55:37.168988
S0344,QZ_DEE,Deep Learning,89,100,2025-07-24 13:55:37.168988
S0344,QZ_NLP,NLP,72,100,2025-09-07 13:55:37.168988
S0344,QZ_NLP,NLP,55,100,2025-09-05 13:55:37.168988
S0344,QZ_NLP,NLP,81,100,2025-08-25 13:55:37.168988
S0344,QZ_NLP,NLP,53,100,2025-08-28 13:55:37.168988
S0344,QZ_COM,Computer Vision,62,100,2025-11-27 13:55:37.168988
S0344,QZ_COM,Computer Vision,87,100,2025-12-19 13:55:37.168988
S0344,QZ_COM,Computer Vision,43,100,2025-11-28 13:55:37.168988
S0344,QZ_COM,Computer Vision,25,100,2025-09-09 13:55:37.168988
S0344,QZ_OPT,Optimization,51,100,2025-07-22 13:55:37.168988
S0344,QZ_OPT,Optimization,56,100,2025-11-14 13:55:37.168988
S0345,QZ_LIN,Linear Algebra,29,100,2025-08-30 13:55:37.168988
S0345,QZ_LIN,Linear Algebra,88,100,2025-09-11 13:55:37.168988
S0345,QZ_LIN,Linear Algebra,29,100,2025-12-26 13:55:37.168988
S0345,QZ_PRO,Probability,64,100,2025-09-06 13:55:37.168988
S0345,QZ_PRO,Probability,31,100,2025-11-24 13:55:37.168988
S0345,QZ_PRO,Probability,57,100,2025-11-05 13:55:37.168988
S0345,QZ_STA,Statistics,28,100,2025-12-02 13:55:37.168988
S0345,QZ_STA,Statistics,65,100,2025-09-06 13:55:37.168988
S0345,QZ_STA,Statistics,76,100,2025-11-07 13:55:37.168988
S0345,QZ_STA,Statistics,62,100,2025-11-08 13:55:37.168988
S0345,QZ_ML ,ML Basics,59,100,2025-08-11 13:55:37.168988
S0345,QZ_ML ,ML Basics,66,100,2025-10-05 13:55:37.168988
S0345,QZ_ML ,ML Basics,64,100,2025-12-02 13:55:37.168988
S0345,QZ_DEE,Deep Learning,89,100,2025-12-18 13:55:37.168988
S0345,QZ_DEE,Deep Learning,78,100,2025-10-28 13:55:37.168988
S0345,QZ_DEE,Deep Learning,80,100,2025-10-29 13:55:37.168988
S0345,QZ_DEE,Deep Learning,63,100,2026-01-15 13:55:37.168988
S0345,QZ_NLP,NLP,94,100,2025-12-18 13:55:37.168988
S0345,QZ_NLP,NLP,94,100,2025-12-29 13:55:37.168988
S0345,QZ_NLP,NLP,54,100,2025-08-30 13:55:37.168988
S0345,QZ_NLP,NLP,34,100,2025-10-06 13:55:37.168988
S0345,QZ_COM,Computer Vision,96,100,2025-07-28 13:55:37.168988
S0345,QZ_COM,Computer Vision,94,100,2025-10-05 13:55:37.168988
S0345,QZ_OPT,Optimization,55,100,2025-10-12 13:55:37.168988
S0345,QZ_OPT,Optimization,66,100,2025-11-01 13:55:37.168988
S0345,QZ_OPT,Optimization,28,100,2025-08-21 13:55:37.168988
S0345,QZ_OPT,Optimization,53,100,2025-10-21 13:55:37.168988
S0346,QZ_LIN,Linear Algebra,87,100,2025-09-25 13:55:37.168988
S0346,QZ_LIN,Linear Algebra,47,100,2025-09-23 13:55:37.168988
S0346,QZ_LIN,Linear Algebra,38,100,2025-09-30 13:55:37.168988
S0346,QZ_LIN,Linear Algebra,61,100,2025-10-04 13:55:37.168988
S0346,QZ_PRO,Probability,50,100,2025-09-30 13:55:37.168988
S0346,QZ_PRO,Probability,56,100,2025-11-09 13:55:37.168988
S0346,QZ_PRO,Probability,48,100,2025-08-11 13:55:37.168988
S0346,QZ_STA,Statistics,79,100,2025-12-17 13:55:37.168988
S0346,QZ_STA,Statistics,83,100,2025-10-17 13:55:37.168988
S0346,QZ_STA,Statistics,72,100,2025-09-06 13:55:37.168988
S0346,QZ_ML ,ML Basics,81,100,2025-11-03 13:55:37.168988
S0346,QZ_ML ,ML Basics,75,100,2025-10-27 13:55:37.168988
S0346,QZ_DEE,Deep Learning,39,100,2025-12-31 13:55:37.168988
S0346,QZ_DEE,Deep Learning,52,100,2025-12-30 13:55:37.168988
S0346,QZ_DEE,Deep Learning,45,100,2025-08-04 13:55:37.168988
S0346,QZ_NLP,NLP,77,100,2025-10-02 13:55:37.168988
S0346,QZ_NLP,NLP,71,100,2026-01-12 13:55:37.168988
S0346,QZ_NLP,NLP,43,100,2025-08-05 13:55:37.168988
S0346,QZ_NLP,NLP,77,100,2025-10-24 13:55:37.168988
S0346,QZ_COM,Computer Vision,37,100,2025-10-16 13:55:37.168988
S0346,QZ_COM,Computer Vision,39,100,2025-11-05 13:55:37.168988
S0346,QZ_OPT,Optimization,43,100,2025-10-29 13:55:37.168988
S0346,QZ_OPT,Optimization,62,100,2025-08-14 13:55:37.168988
S0346,QZ_OPT,Optimization,56,100,2026-01-03 13:55:37.168988
S0346,QZ_OPT,Optimization,80,100,2025-10-13 13:55:37.168988
S0347,QZ_LIN,Linear Algebra,46,100,2025-10-29 13:55:37.168988
S0347,QZ_LIN,Linear Algebra,35,100,2026-01-08 13:55:37.168988
S0347,QZ_PRO,Probability,38,100,2025-09-12 13:55:37.168988
S0347,QZ_PRO,Probability,60,100,2025-12-01 13:55:37.168988
S0347,QZ_PRO,Probability,44,100,2026-01-03 13:55:37.168988
S0347,QZ_PRO,Probability,42,100,2025-12-28 13:55:37.168988
S0347,QZ_STA,Statistics,96,100,2026-01-03 13:55:37.168988
S0347,QZ_STA,Statistics,72,100,2025-10-31 13:55:37.168988
S0347,QZ_STA,Statistics,40,100,2025-08-30 13:55:37.168988
S0347,QZ_ML ,ML Basics,51,100,2025-08-31 13:55:37.168988
S0347,QZ_ML ,ML Basics,59,100,2025-09-20 13:55:37.168988
S0347,QZ_ML ,ML Basics,92,100,2025-10-07 13:55:37.168988
S0347,QZ_DEE,Deep Learning,79,100,2025-09-07 13:55:37.168988
S0347,QZ_DEE,Deep Learning,54,100,2026-01-12 13:55:37.168988
S0347,QZ_DEE,Deep Learning,80,100,2025-08-02 13:55:37.168988
S0347,QZ_DEE,Deep Learning,78,100,2025-08-02 13:55:37.168988
S0347,QZ_NLP,NLP,40,100,2025-08-16 13:55:37.168988
S0347,QZ_NLP,NLP,43,100,2025-11-27 13:55:37.168988
S0347,QZ_COM,Computer Vision,50,100,2025-08-30 13:55:37.168988
S0347,QZ_COM,Computer Vision,80,100,2026-01-15 13:55:37.168988
S0347,QZ_OPT,Optimization,93,100,2025-12-11 13:55:37.168988
S0347,QZ_OPT,Optimization,96,100,2025-08-25 13:55:37.168988
S0347,QZ_OPT,Optimization,74,100,2025-09-12 13:55:37.168988
S0347,QZ_OPT,Optimization,34,100,2025-09-04 13:55:37.168988
S0348,QZ_LIN,Linear Algebra,81,100,2025-09-19 13:55:37.168988
S0348,QZ_LIN,Linear Algebra,27,100,2026-01-01 13:55:37.168988
S0348,QZ_LIN,Linear Algebra,99,100,2025-12-24 13:55:37.168988
S0348,QZ_PRO,Probability,92,100,2025-10-24 13:55:37.168988
S0348,QZ_PRO,Probability,88,100,2025-09-26 13:55:37.168988
S0348,QZ_PRO,Probability,84,100,2025-09-11 13:55:37.168988
S0348,QZ_PRO,Probability,95,100,2025-09-22 13:55:37.168988
S0348,QZ_STA,Statistics,69,100,2025-09-24 13:55:37.168988
S0348,QZ_STA,Statistics,77,100,2025-08-04 13:55:37.168988
S0348,QZ_ML ,ML Basics,87,100,2025-08-13 13:55:37.168988
S0348,QZ_ML ,ML Basics,89,100,2025-10-03 13:55:37.168988
S0348,QZ_ML ,ML Basics,39,100,2025-12-19 13:55:37.168988
S0348,QZ_ML ,ML Basics,56,100,2025-09-22 13:55:37.168988
S0348,QZ_DEE,Deep Learning,66,100,2025-09-23 13:55:37.168988
S0348,QZ_DEE,Deep Learning,25,100,2025-11-01 13:55:37.168988
S0348,QZ_DEE,Deep Learning,29,100,2025-09-30 13:55:37.168988
S0348,QZ_NLP,NLP,34,100,2025-11-02 13:55:37.168988
S0348,QZ_NLP,NLP,87,100,2026-01-09 13:55:37.168988
S0348,QZ_NLP,NLP,40,100,2025-12-29 13:55:37.168988
S0348,QZ_NLP,NLP,34,100,2025-12-09 13:55:37.168988
S0348,QZ_COM,Computer Vision,31,100,2025-09-25 13:55:37.168988
S0348,QZ_COM,Computer Vision,65,100,2025-11-17 13:55:37.168988
S0348,QZ_COM,Computer Vision,28,100,2025-08-13 13:55:37.168988
S0348,QZ_OPT,Optimization,42,100,2025-10-10 13:55:37.168988
S0348,QZ_OPT,Optimization,62,100,2025-10-09 13:55:37.168988
S0349,QZ_LIN,Linear Algebra,62,100,2025-09-27 13:55:37.168988
S0349,QZ_LIN,Linear Algebra,73,100,2025-12-14 13:55:37.168988
S0349,QZ_PRO,Probability,27,100,2025-12-02 13:55:37.168988
S0349,QZ_PRO,Probability,63,100,2025-08-10 13:55:37.168988
S0349,QZ_PRO,Probability,63,100,2025-08-26 13:55:37.168988
S0349,QZ_STA,Statistics,99,100,2025-12-08 13:55:37.168988
S0349,QZ_STA,Statistics,78,100,2026-01-10 13:55:37.168988
S0349,QZ_ML ,ML Basics,38,100,2025-10-01 13:55:37.168988
S0349,QZ_ML ,ML Basics,71,100,2026-01-08 13:55:37.168988
S0349,QZ_DEE,Deep Learning,33,100,2025-09-20 13:55:37.168988
S0349,QZ_DEE,Deep Learning,28,100,2025-12-31 13:55:37.168988
S0349,QZ_NLP,NLP,83,100,2025-12-23 13:55:37.168988
S0349,QZ_NLP,NLP,43,100,2025-07-26 13:55:37.168988
S0349,QZ_COM,Computer Vision,79,100,2025-08-20 13:55:37.168988
S0349,QZ_COM,Computer Vision,45,100,2025-07-22 13:55:37.168988
S0349,QZ_COM,Computer Vision,47,100,2025-10-12 13:55:37.168988
S0349,QZ_COM,Computer Vision,73,100,2025-11-07 13:55:37.168988
S0349,QZ_OPT,Optimization,52,100,2025-10-09 13:55:37.168988
S0349,QZ_OPT,Optimization,58,100,2025-07-23 13:55:37.168988
S0349,QZ_OPT,Optimization,29,100,2025-11-10 13:55:37.168988
S0349,QZ_OPT,Optimization,81,100,2026-01-07 13:55:37.168988
S0350,QZ_LIN,Linear Algebra,85,100,2025-09-15 13:55:37.168988
S0350,QZ_LIN,Linear Algebra,40,100,2025-10-14 13:55:37.168988
S0350,QZ_LIN,Linear Algebra,53,100,2025-11-18 13:55:37.168988
S0350,QZ_LIN,Linear Algebra,67,100,2025-08-10 13:55:37.168988
S0350,QZ_PRO,Probability,88,100,2025-12-31 13:55:37.168988
S0350,QZ_PRO,Probability,52,100,2025-08-08 13:55:37.168988
S0350,QZ_PRO,Probability,62,100,2025-07-21 13:55:37.168988
S0350,QZ_STA,Statistics,29,100,2025-11-10 13:55:37.168988
S0350,QZ_STA,Statistics,57,100,2025-08-18 13:55:37.168988
S0350,QZ_STA,Statistics,92,100,2025-10-10 13:55:37.168988
S0350,QZ_ML ,ML Basics,33,100,2025-09-08 13:55:37.168988
S0350,QZ_ML ,ML Basics,82,100,2026-01-03 13:55:37.168988
S0350,QZ_ML ,ML Basics,44,100,2026-01-06 13:55:37.168988
S0350,QZ_ML ,ML Basics,89,100,2025-10-11 13:55:37.168988
S0350,QZ_DEE,Deep Learning,57,100,2025-08-09 13:55:37.168988
S0350,QZ_DEE,Deep Learning,80,100,2026-01-08 13:55:37.168988
S0350,QZ_DEE,Deep Learning,29,100,2025-10-04 13:55:37.168988
S0350,QZ_NLP,NLP,51,100,2025-11-17 13:55:37.168988
S0350,QZ_NLP,NLP,70,100,2025-08-12 13:55:37.168988
S0350,QZ_NLP,NLP,86,100,2025-08-29 13:55:37.168988
S0350,QZ_COM,Computer Vision,25,100,2025-07-26 13:55:37.168988
S0350,QZ_COM,Computer Vision,74,100,2025-09-14 13:55:37.168988
S0350,QZ_COM,Computer Vision,59,100,2025-08-20 13:55:37.168988
S0350,QZ_OPT,Optimization,36,100,2025-11-15 13:55:37.168988
S0350,QZ_OPT,Optimization,99,100,2025-10-03 13:55:37.168988
S0350,QZ_OPT,Optimization,53,100,2025-11-07 13:55:37.168988
S0351,QZ_LIN,Linear Algebra,85,100,2025-08-06 13:55:37.168988
S0351,QZ_LIN,Linear Algebra,28,100,2025-11-21 13:55:37.168988
S0351,QZ_PRO,Probability,50,100,2025-10-10 13:55:37.168988
S0351,QZ_PRO,Probability,68,100,2025-08-30 13:55:37.168988
S0351,QZ_STA,Statistics,26,100,2025-10-18 13:55:37.168988
S0351,QZ_STA,Statistics,79,100,2025-10-16 13:55:37.168988
S0351,QZ_STA,Statistics,70,100,2025-11-09 13:55:37.168988
S0351,QZ_ML ,ML Basics,37,100,2025-10-28 13:55:37.168988
S0351,QZ_ML ,ML Basics,70,100,2025-07-30 13:55:37.168988
S0351,QZ_ML ,ML Basics,59,100,2025-11-10 13:55:37.168988
S0351,QZ_ML ,ML Basics,99,100,2025-11-13 13:55:37.168988
S0351,QZ_DEE,Deep Learning,65,100,2026-01-14 13:55:37.168988
S0351,QZ_DEE,Deep Learning,59,100,2025-11-26 13:55:37.168988
S0351,QZ_DEE,Deep Learning,97,100,2025-07-26 13:55:37.168988
S0351,QZ_DEE,Deep Learning,53,100,2025-11-11 13:55:37.168988
S0351,QZ_NLP,NLP,53,100,2025-12-05 13:55:37.168988
S0351,QZ_NLP,NLP,76,100,2025-12-20 13:55:37.168988
S0351,QZ_NLP,NLP,48,100,2025-07-25 13:55:37.168988
S0351,QZ_COM,Computer Vision,47,100,2026-01-02 13:55:37.168988
S0351,QZ_COM,Computer Vision,90,100,2025-10-05 13:55:37.168988
S0351,QZ_COM,Computer Vision,42,100,2025-12-03 13:55:37.168988
S0351,QZ_COM,Computer Vision,31,100,2025-08-05 13:55:37.168988
S0351,QZ_OPT,Optimization,42,100,2025-10-08 13:55:37.168988
S0351,QZ_OPT,Optimization,67,100,2025-10-06 13:55:37.168988
S0352,QZ_LIN,Linear Algebra,40,100,2025-07-28 13:55:37.168988
S0352,QZ_LIN,Linear Algebra,64,100,2025-10-22 13:55:37.168988
S0352,QZ_LIN,Linear Algebra,93,100,2025-07-24 13:55:37.168988
S0352,QZ_PRO,Probability,94,100,2025-11-19 13:55:37.168988
S0352,QZ_PRO,Probability,69,100,2025-08-17 13:55:37.168988
S0352,QZ_PRO,Probability,62,100,2025-12-27 13:55:37.168988
S0352,QZ_PRO,Probability,30,100,2025-08-30 13:55:37.168988
S0352,QZ_STA,Statistics,65,100,2025-09-21 13:55:37.168988
S0352,QZ_STA,Statistics,32,100,2025-08-25 13:55:37.168988
S0352,QZ_ML ,ML Basics,45,100,2025-11-03 13:55:37.168988
S0352,QZ_ML ,ML Basics,38,100,2025-11-12 13:55:37.168988
S0352,QZ_ML ,ML Basics,34,100,2025-10-26 13:55:37.168988
S0352,QZ_DEE,Deep Learning,86,100,2025-09-01 13:55:37.168988
S0352,QZ_DEE,Deep Learning,63,100,2025-12-13 13:55:37.168988
S0352,QZ_NLP,NLP,38,100,2026-01-01 13:55:37.168988
S0352,QZ_NLP,NLP,96,100,2025-12-10 13:55:37.168988
S0352,QZ_COM,Computer Vision,70,100,2025-09-20 13:55:37.168988
S0352,QZ_COM,Computer Vision,54,100,2025-08-27 13:55:37.168988
S0352,QZ_OPT,Optimization,25,100,2025-11-05 13:55:37.168988
S0352,QZ_OPT,Optimization,46,100,2025-08-03 13:55:37.168988
S0352,QZ_OPT,Optimization,60,100,2025-08-05 13:55:37.168988
S0352,QZ_OPT,Optimization,35,100,2026-01-06 13:55:37.168988
S0353,QZ_LIN,Linear Algebra,25,100,2025-08-10 13:55:37.168988
S0353,QZ_LIN,Linear Algebra,70,100,2025-11-29 13:55:37.168988
S0353,QZ_LIN,Linear Algebra,83,100,2025-10-18 13:55:37.168988
S0353,QZ_PRO,Probability,69,100,2025-12-08 13:55:37.168988
S0353,QZ_PRO,Probability,76,100,2026-01-09 13:55:37.168988
S0353,QZ_STA,Statistics,40,100,2025-09-10 13:55:37.168988
S0353,QZ_STA,Statistics,95,100,2025-08-18 13:55:37.168988
S0353,QZ_STA,Statistics,57,100,2025-12-08 13:55:37.168988
S0353,QZ_STA,Statistics,76,100,2025-09-04 13:55:37.168988
S0353,QZ_ML ,ML Basics,97,100,2025-12-30 13:55:37.168988
S0353,QZ_ML ,ML Basics,77,100,2025-12-12 13:55:37.168988
S0353,QZ_ML ,ML Basics,49,100,2025-12-30 13:55:37.168988
S0353,QZ_DEE,Deep Learning,30,100,2025-10-27 13:55:37.168988
S0353,QZ_DEE,Deep Learning,43,100,2025-10-16 13:55:37.168988
S0353,QZ_DEE,Deep Learning,70,100,2025-11-29 13:55:37.168988
S0353,QZ_DEE,Deep Learning,30,100,2026-01-11 13:55:37.168988
S0353,QZ_NLP,NLP,63,100,2025-11-10 13:55:37.168988
S0353,QZ_NLP,NLP,74,100,2025-09-02 13:55:37.168988
S0353,QZ_NLP,NLP,48,100,2025-08-28 13:55:37.168988
S0353,QZ_COM,Computer Vision,27,100,2025-07-31 13:55:37.168988
S0353,QZ_COM,Computer Vision,36,100,2025-09-03 13:55:37.168988
S0353,QZ_COM,Computer Vision,85,100,2025-09-29 13:55:37.168988
S0353,QZ_OPT,Optimization,61,100,2025-10-11 13:55:37.168988
S0353,QZ_OPT,Optimization,71,100,2025-12-27 13:55:37.168988
S0353,QZ_OPT,Optimization,27,100,2025-12-06 13:55:37.168988
S0353,QZ_OPT,Optimization,95,100,2025-11-11 13:55:37.168988
S0354,QZ_LIN,Linear Algebra,53,100,2025-12-07 13:55:37.168988
S0354,QZ_LIN,Linear Algebra,90,100,2025-08-31 13:55:37.168988
S0354,QZ_LIN,Linear Algebra,52,100,2025-12-02 13:55:37.168988
S0354,QZ_PRO,Probability,89,100,2025-10-20 13:55:37.168988
S0354,QZ_PRO,Probability,78,100,2025-11-27 13:55:37.168988
S0354,QZ_PRO,Probability,75,100,2025-11-01 13:55:37.168988
S0354,QZ_PRO,Probability,70,100,2025-08-12 13:55:37.168988
S0354,QZ_STA,Statistics,80,100,2025-11-07 13:55:37.168988
S0354,QZ_STA,Statistics,68,100,2025-07-24 13:55:37.168988
S0354,QZ_STA,Statistics,31,100,2025-11-20 13:55:37.168988
S0354,QZ_ML ,ML Basics,41,100,2025-11-12 13:55:37.168988
S0354,QZ_ML ,ML Basics,30,100,2025-12-31 13:55:37.168988
S0354,QZ_ML ,ML Basics,65,100,2025-09-04 13:55:37.168988
S0354,QZ_DEE,Deep Learning,38,100,2025-10-21 13:55:37.168988
S0354,QZ_DEE,Deep Learning,26,100,2025-08-17 13:55:37.168988
S0354,QZ_DEE,Deep Learning,84,100,2025-08-20 13:55:37.168988
S0354,QZ_NLP,NLP,60,100,2025-07-24 13:55:37.168988
S0354,QZ_NLP,NLP,31,100,2026-01-01 13:55:37.168988
S0354,QZ_NLP,NLP,51,100,2025-11-05 13:55:37.168988
S0354,QZ_COM,Computer Vision,53,100,2025-09-17 13:55:37.168988
S0354,QZ_COM,Computer Vision,25,100,2025-09-17 13:55:37.168988
S0354,QZ_COM,Computer Vision,37,100,2025-12-27 13:55:37.168988
S0354,QZ_OPT,Optimization,94,100,2025-12-27 13:55:37.168988
S0354,QZ_OPT,Optimization,45,100,2025-11-21 13:55:37.168988
S0354,QZ_OPT,Optimization,46,100,2026-01-05 13:55:37.168988
S0355,QZ_LIN,Linear Algebra,78,100,2025-11-03 13:55:37.168988
S0355,QZ_LIN,Linear Algebra,50,100,2025-09-28 13:55:37.168988
S0355,QZ_LIN,Linear Algebra,62,100,2025-12-12 13:55:37.168988
S0355,QZ_PRO,Probability,53,100,2025-11-19 13:55:37.168988
S0355,QZ_PRO,Probability,49,100,2025-09-01 13:55:37.168988
S0355,QZ_PRO,Probability,40,100,2025-12-05 13:55:37.168988
S0355,QZ_PRO,Probability,79,100,2025-09-19 13:55:37.168988
S0355,QZ_STA,Statistics,32,100,2025-11-11 13:55:37.168988
S0355,QZ_STA,Statistics,40,100,2026-01-10 13:55:37.168988
S0355,QZ_STA,Statistics,76,100,2025-10-24 13:55:37.168988
S0355,QZ_STA,Statistics,41,100,2025-11-18 13:55:37.168988
S0355,QZ_ML ,ML Basics,39,100,2025-09-27 13:55:37.168988
S0355,QZ_ML ,ML Basics,51,100,2025-10-12 13:55:37.168988
S0355,QZ_ML ,ML Basics,40,100,2025-08-12 13:55:37.168988
S0355,QZ_ML ,ML Basics,91,100,2026-01-09 13:55:37.168988
S0355,QZ_DEE,Deep Learning,96,100,2026-01-13 13:55:37.168988
S0355,QZ_DEE,Deep Learning,56,100,2025-08-19 13:55:37.168988
S0355,QZ_DEE,Deep Learning,26,100,2025-10-13 13:55:37.168988
S0355,QZ_NLP,NLP,89,100,2025-07-26 13:55:37.168988
S0355,QZ_NLP,NLP,67,100,2025-08-25 13:55:37.168988
S0355,QZ_COM,Computer Vision,93,100,2025-08-01 13:55:37.168988
S0355,QZ_COM,Computer Vision,33,100,2026-01-14 13:55:37.168988
S0355,QZ_COM,Computer Vision,64,100,2025-09-30 13:55:37.168988
S0355,QZ_COM,Computer Vision,65,100,2025-10-05 13:55:37.168988
S0355,QZ_OPT,Optimization,55,100,2025-12-18 13:55:37.168988
S0355,QZ_OPT,Optimization,95,100,2026-01-16 13:55:37.168988
S0355,QZ_OPT,Optimization,43,100,2025-10-18 13:55:37.168988
S0356,QZ_LIN,Linear Algebra,85,100,2025-10-27 13:55:37.168988
S0356,QZ_LIN,Linear Algebra,44,100,2025-12-25 13:55:37.168988
S0356,QZ_PRO,Probability,54,100,2025-10-03 13:55:37.168988
S0356,QZ_PRO,Probability,38,100,2025-12-17 13:55:37.168988
S0356,QZ_PRO,Probability,44,100,2025-08-20 13:55:37.168988
S0356,QZ_PRO,Probability,87,100,2025-09-10 13:55:37.168988
S0356,QZ_STA,Statistics,42,100,2025-08-06 13:55:37.168988
S0356,QZ_STA,Statistics,78,100,2026-01-06 13:55:37.168988
S0356,QZ_ML ,ML Basics,71,100,2026-01-07 13:55:37.168988
S0356,QZ_ML ,ML Basics,83,100,2025-11-06 13:55:37.168988
S0356,QZ_ML ,ML Basics,96,100,2025-08-06 13:55:37.168988
S0356,QZ_DEE,Deep Learning,63,100,2025-10-27 13:55:37.168988
S0356,QZ_DEE,Deep Learning,52,100,2025-08-19 13:55:37.168988
S0356,QZ_DEE,Deep Learning,36,100,2025-07-21 13:55:37.168988
S0356,QZ_DEE,Deep Learning,84,100,2025-11-24 13:55:37.168988
S0356,QZ_NLP,NLP,79,100,2025-08-28 13:55:37.168988
S0356,QZ_NLP,NLP,28,100,2025-09-22 13:55:37.168988
S0356,QZ_NLP,NLP,25,100,2025-08-06 13:55:37.168988
S0356,QZ_COM,Computer Vision,72,100,2025-10-31 13:55:37.168988
S0356,QZ_COM,Computer Vision,90,100,2025-07-23 13:55:37.168988
S0356,QZ_OPT,Optimization,28,100,2025-12-16 13:55:37.168988
S0356,QZ_OPT,Optimization,59,100,2025-09-16 13:55:37.168988
S0356,QZ_OPT,Optimization,63,100,2025-09-16 13:55:37.168988
S0356,QZ_OPT,Optimization,39,100,2025-11-28 13:55:37.168988
S0357,QZ_LIN,Linear Algebra,86,100,2025-11-02 13:55:37.168988
S0357,QZ_LIN,Linear Algebra,36,100,2025-11-19 13:55:37.168988
S0357,QZ_PRO,Probability,70,100,2025-09-04 13:55:37.168988
S0357,QZ_PRO,Probability,53,100,2025-11-03 13:55:37.168988
S0357,QZ_PRO,Probability,58,100,2025-08-30 13:55:37.168988
S0357,QZ_STA,Statistics,37,100,2025-09-04 13:55:37.168988
S0357,QZ_STA,Statistics,92,100,2025-12-15 13:55:37.168988
S0357,QZ_ML ,ML Basics,73,100,2025-09-16 13:55:37.168988
S0357,QZ_ML ,ML Basics,47,100,2026-01-09 13:55:37.168988
S0357,QZ_DEE,Deep Learning,88,100,2025-09-10 13:55:37.168988
S0357,QZ_DEE,Deep Learning,34,100,2025-11-10 13:55:37.168988
S0357,QZ_NLP,NLP,71,100,2025-09-18 13:55:37.168988
S0357,QZ_NLP,NLP,93,100,2025-10-07 13:55:37.168988
S0357,QZ_COM,Computer Vision,27,100,2025-08-13 13:55:37.168988
S0357,QZ_COM,Computer Vision,36,100,2025-07-23 13:55:37.168988
S0357,QZ_COM,Computer Vision,64,100,2025-08-13 13:55:37.168988
S0357,QZ_COM,Computer Vision,76,100,2025-11-01 13:55:37.168988
S0357,QZ_OPT,Optimization,68,100,2025-12-30 13:55:37.168988
S0357,QZ_OPT,Optimization,27,100,2025-09-26 13:55:37.168988
S0357,QZ_OPT,Optimization,89,100,2026-01-15 13:55:37.168988
S0357,QZ_OPT,Optimization,77,100,2025-12-09 13:55:37.168988
S0358,QZ_LIN,Linear Algebra,46,100,2025-12-04 13:55:37.168988
S0358,QZ_LIN,Linear Algebra,88,100,2026-01-01 13:55:37.168988
S0358,QZ_LIN,Linear Algebra,41,100,2025-08-14 13:55:37.168988
S0358,QZ_PRO,Probability,70,100,2025-08-10 13:55:37.168988
S0358,QZ_PRO,Probability,58,100,2025-08-16 13:55:37.168988
S0358,QZ_PRO,Probability,92,100,2025-12-16 13:55:37.168988
S0358,QZ_PRO,Probability,93,100,2025-12-24 13:55:37.168988
S0358,QZ_STA,Statistics,67,100,2025-10-11 13:55:37.168988
S0358,QZ_STA,Statistics,39,100,2025-10-03 13:55:37.168988
S0358,QZ_ML ,ML Basics,77,100,2025-09-30 13:55:37.168988
S0358,QZ_ML ,ML Basics,30,100,2025-09-01 13:55:37.168988
S0358,QZ_DEE,Deep Learning,58,100,2025-12-21 13:55:37.168988
S0358,QZ_DEE,Deep Learning,62,100,2025-12-03 13:55:37.168988
S0358,QZ_DEE,Deep Learning,28,100,2025-07-22 13:55:37.168988
S0358,QZ_DEE,Deep Learning,94,100,2025-08-17 13:55:37.168988
S0358,QZ_NLP,NLP,70,100,2025-11-21 13:55:37.168988
S0358,QZ_NLP,NLP,27,100,2025-10-16 13:55:37.168988
S0358,QZ_COM,Computer Vision,40,100,2025-12-04 13:55:37.168988
S0358,QZ_COM,Computer Vision,99,100,2025-09-19 13:55:37.168988
S0358,QZ_COM,Computer Vision,83,100,2025-09-24 13:55:37.168988
S0358,QZ_OPT,Optimization,32,100,2025-11-06 13:55:37.168988
S0358,QZ_OPT,Optimization,74,100,2026-01-08 13:55:37.168988
S0359,QZ_LIN,Linear Algebra,49,100,2025-09-01 13:55:37.168988
S0359,QZ_LIN,Linear Algebra,43,100,2025-12-05 13:55:37.168988
S0359,QZ_PRO,Probability,70,100,2025-09-04 13:55:37.168988
S0359,QZ_PRO,Probability,38,100,2025-11-14 13:55:37.168988
S0359,QZ_STA,Statistics,93,100,2025-08-05 13:55:37.168988
S0359,QZ_STA,Statistics,66,100,2025-09-16 13:55:37.168988
S0359,QZ_STA,Statistics,32,100,2025-09-27 13:55:37.168988
S0359,QZ_STA,Statistics,81,100,2025-12-13 13:55:37.168988
S0359,QZ_ML ,ML Basics,85,100,2025-08-16 13:55:37.168988
S0359,QZ_ML ,ML Basics,79,100,2025-09-25 13:55:37.168988
S0359,QZ_ML ,ML Basics,78,100,2025-12-26 13:55:37.168988
S0359,QZ_DEE,Deep Learning,33,100,2025-12-21 13:55:37.168988
S0359,QZ_DEE,Deep Learning,95,100,2025-09-01 13:55:37.168988
S0359,QZ_DEE,Deep Learning,48,100,2025-07-26 13:55:37.168988
S0359,QZ_NLP,NLP,82,100,2025-10-23 13:55:37.168988
S0359,QZ_NLP,NLP,70,100,2026-01-15 13:55:37.168988
S0359,QZ_NLP,NLP,33,100,2025-08-08 13:55:37.168988
S0359,QZ_NLP,NLP,58,100,2025-09-15 13:55:37.168988
S0359,QZ_COM,Computer Vision,36,100,2025-08-05 13:55:37.168988
S0359,QZ_COM,Computer Vision,84,100,2025-10-22 13:55:37.168988
S0359,QZ_COM,Computer Vision,40,100,2025-08-05 13:55:37.168988
S0359,QZ_OPT,Optimization,36,100,2025-12-17 13:55:37.168988
S0359,QZ_OPT,Optimization,30,100,2025-09-16 13:55:37.168988
S0359,QZ_OPT,Optimization,38,100,2025-08-27 13:55:37.168988
S0359,QZ_OPT,Optimization,64,100,2025-10-02 13:55:37.168988
S0360,QZ_LIN,Linear Algebra,56,100,2025-12-14 13:55:37.168988
S0360,QZ_LIN,Linear Algebra,45,100,2026-01-12 13:55:37.168988
S0360,QZ_PRO,Probability,65,100,2025-10-29 13:55:37.168988
S0360,QZ_PRO,Probability,46,100,2025-08-15 13:55:37.168988
S0360,QZ_PRO,Probability,50,100,2025-11-27 13:55:37.168988
S0360,QZ_PRO,Probability,92,100,2025-09-07 13:55:37.168988
S0360,QZ_STA,Statistics,95,100,2025-10-03 13:55:37.168988
S0360,QZ_STA,Statistics,38,100,2025-08-30 13:55:37.168988
S0360,QZ_ML ,ML Basics,30,100,2025-08-05 13:55:37.168988
S0360,QZ_ML ,ML Basics,58,100,2025-11-13 13:55:37.168988
S0360,QZ_ML ,ML Basics,26,100,2025-12-31 13:55:37.168988
S0360,QZ_ML ,ML Basics,42,100,2025-10-30 13:55:37.168988
S0360,QZ_DEE,Deep Learning,68,100,2025-10-03 13:55:37.168988
S0360,QZ_DEE,Deep Learning,25,100,2025-09-20 13:55:37.168988
S0360,QZ_NLP,NLP,77,100,2026-01-05 13:55:37.168988
S0360,QZ_NLP,NLP,47,100,2025-07-31 13:55:37.168988
S0360,QZ_COM,Computer Vision,46,100,2026-01-11 13:55:37.168988
S0360,QZ_COM,Computer Vision,74,100,2025-08-15 13:55:37.168988
S0360,QZ_OPT,Optimization,59,100,2025-09-08 13:55:37.168988
S0360,QZ_OPT,Optimization,45,100,2025-09-02 13:55:37.168988
S0360,QZ_OPT,Optimization,36,100,2025-08-27 13:55:37.168988
S0360,QZ_OPT,Optimization,91,100,2025-11-19 13:55:37.168988
S0361,QZ_LIN,Linear Algebra,66,100,2026-01-02 13:55:37.168988
S0361,QZ_LIN,Linear Algebra,37,100,2025-09-08 13:55:37.168988
S0361,QZ_LIN,Linear Algebra,63,100,2025-10-17 13:55:37.168988
S0361,QZ_LIN,Linear Algebra,50,100,2025-11-19 13:55:37.168988
S0361,QZ_PRO,Probability,55,100,2025-10-19 13:55:37.168988
S0361,QZ_PRO,Probability,45,100,2025-08-19 13:55:37.168988
S0361,QZ_PRO,Probability,51,100,2026-01-08 13:55:37.168988
S0361,QZ_STA,Statistics,62,100,2025-10-09 13:55:37.168988
S0361,QZ_STA,Statistics,87,100,2025-08-08 13:55:37.168988
S0361,QZ_STA,Statistics,96,100,2025-08-02 13:55:37.168988
S0361,QZ_ML ,ML Basics,82,100,2025-11-03 13:55:37.168988
S0361,QZ_ML ,ML Basics,37,100,2025-09-22 13:55:37.168988
S0361,QZ_ML ,ML Basics,29,100,2025-10-08 13:55:37.168988
S0361,QZ_ML ,ML Basics,41,100,2025-11-16 13:55:37.168988
S0361,QZ_DEE,Deep Learning,25,100,2025-08-06 13:55:37.168988
S0361,QZ_DEE,Deep Learning,29,100,2025-08-10 13:55:37.168988
S0361,QZ_NLP,NLP,70,100,2025-07-28 13:55:37.168988
S0361,QZ_NLP,NLP,60,100,2025-08-15 13:55:37.168988
S0361,QZ_COM,Computer Vision,69,100,2025-10-22 13:55:37.168988
S0361,QZ_COM,Computer Vision,84,100,2025-10-25 13:55:37.168988
S0361,QZ_COM,Computer Vision,92,100,2026-01-09 13:55:37.168988
S0361,QZ_OPT,Optimization,91,100,2026-01-05 13:55:37.168988
S0361,QZ_OPT,Optimization,35,100,2025-10-30 13:55:37.168988
S0361,QZ_OPT,Optimization,98,100,2025-09-26 13:55:37.168988
S0361,QZ_OPT,Optimization,59,100,2025-11-27 13:55:37.168988
S0362,QZ_LIN,Linear Algebra,33,100,2025-09-23 13:55:37.168988
S0362,QZ_LIN,Linear Algebra,50,100,2025-10-24 13:55:37.168988
S0362,QZ_LIN,Linear Algebra,67,100,2025-09-28 13:55:37.168988
S0362,QZ_PRO,Probability,53,100,2025-08-08 13:55:37.168988
S0362,QZ_PRO,Probability,58,100,2025-12-27 13:55:37.168988
S0362,QZ_PRO,Probability,68,100,2025-09-12 13:55:37.168988
S0362,QZ_PRO,Probability,51,100,2025-09-12 13:55:37.168988
S0362,QZ_STA,Statistics,30,100,2025-10-12 13:55:37.168988
S0362,QZ_STA,Statistics,86,100,2025-09-28 13:55:37.168988
S0362,QZ_STA,Statistics,97,100,2025-10-13 13:55:37.168988
S0362,QZ_STA,Statistics,59,100,2025-09-08 13:55:37.168988
S0362,QZ_ML ,ML Basics,42,100,2025-09-03 13:55:37.168988
S0362,QZ_ML ,ML Basics,68,100,2026-01-01 13:55:37.168988
S0362,QZ_ML ,ML Basics,38,100,2025-09-28 13:55:37.168988
S0362,QZ_DEE,Deep Learning,49,100,2025-12-15 13:55:37.168988
S0362,QZ_DEE,Deep Learning,47,100,2025-10-18 13:55:37.168988
S0362,QZ_NLP,NLP,92,100,2025-10-31 13:55:37.168988
S0362,QZ_NLP,NLP,59,100,2025-09-04 13:55:37.168988
S0362,QZ_COM,Computer Vision,87,100,2025-10-09 13:55:37.168988
S0362,QZ_COM,Computer Vision,92,100,2025-09-25 13:55:37.168988
S0362,QZ_COM,Computer Vision,92,100,2025-10-02 13:55:37.168988
S0362,QZ_COM,Computer Vision,97,100,2025-10-19 13:55:37.168988
S0362,QZ_OPT,Optimization,27,100,2025-08-28 13:55:37.168988
S0362,QZ_OPT,Optimization,42,100,2025-11-20 13:55:37.168988
S0362,QZ_OPT,Optimization,95,100,2025-10-08 13:55:37.168988
S0363,QZ_LIN,Linear Algebra,34,100,2025-08-30 13:55:37.168988
S0363,QZ_LIN,Linear Algebra,92,100,2025-11-05 13:55:37.168988
S0363,QZ_PRO,Probability,51,100,2026-01-04 13:55:37.168988
S0363,QZ_PRO,Probability,87,100,2026-01-05 13:55:37.168988
S0363,QZ_PRO,Probability,77,100,2025-09-20 13:55:37.168988
S0363,QZ_STA,Statistics,56,100,2026-01-07 13:55:37.168988
S0363,QZ_STA,Statistics,84,100,2025-08-06 13:55:37.168988
S0363,QZ_STA,Statistics,28,100,2025-10-25 13:55:37.168988
S0363,QZ_ML ,ML Basics,82,100,2025-10-05 13:55:37.168988
S0363,QZ_ML ,ML Basics,98,100,2025-10-26 13:55:37.168988
S0363,QZ_DEE,Deep Learning,85,100,2026-01-11 13:55:37.168988
S0363,QZ_DEE,Deep Learning,36,100,2025-11-20 13:55:37.168988
S0363,QZ_DEE,Deep Learning,62,100,2025-09-11 13:55:37.168988
S0363,QZ_NLP,NLP,35,100,2025-10-08 13:55:37.168988
S0363,QZ_NLP,NLP,86,100,2025-08-16 13:55:37.168988
S0363,QZ_COM,Computer Vision,32,100,2026-01-08 13:55:37.168988
S0363,QZ_COM,Computer Vision,51,100,2025-10-24 13:55:37.168988
S0363,QZ_OPT,Optimization,46,100,2025-11-26 13:55:37.168988
S0363,QZ_OPT,Optimization,71,100,2025-08-17 13:55:37.168988
S0364,QZ_LIN,Linear Algebra,70,100,2025-10-19 13:55:37.168988
S0364,QZ_LIN,Linear Algebra,87,100,2025-11-24 13:55:37.168988
S0364,QZ_PRO,Probability,34,100,2025-11-02 13:55:37.168988
S0364,QZ_PRO,Probability,87,100,2025-09-14 13:55:37.168988
S0364,QZ_STA,Statistics,50,100,2025-10-25 13:55:37.168988
S0364,QZ_STA,Statistics,74,100,2025-09-19 13:55:37.168988
S0364,QZ_ML ,ML Basics,33,100,2025-10-27 13:55:37.168988
S0364,QZ_ML ,ML Basics,91,100,2026-01-08 13:55:37.168988
S0364,QZ_ML ,ML Basics,35,100,2025-10-16 13:55:37.168988
S0364,QZ_ML ,ML Basics,66,100,2025-12-31 13:55:37.168988
S0364,QZ_DEE,Deep Learning,48,100,2026-01-01 13:55:37.168988
S0364,QZ_DEE,Deep Learning,91,100,2025-10-11 13:55:37.168988
S0364,QZ_NLP,NLP,72,100,2025-11-23 13:55:37.168988
S0364,QZ_NLP,NLP,94,100,2025-10-21 13:55:37.168988
S0364,QZ_NLP,NLP,35,100,2025-08-15 13:55:37.168988
S0364,QZ_COM,Computer Vision,40,100,2026-01-11 13:55:37.168988
S0364,QZ_COM,Computer Vision,68,100,2025-12-29 13:55:37.168988
S0364,QZ_COM,Computer Vision,90,100,2025-11-10 13:55:37.168988
S0364,QZ_OPT,Optimization,65,100,2025-10-19 13:55:37.168988
S0364,QZ_OPT,Optimization,27,100,2025-12-28 13:55:37.168988
S0364,QZ_OPT,Optimization,63,100,2025-08-16 13:55:37.168988
S0364,QZ_OPT,Optimization,55,100,2025-09-13 13:55:37.168988
S0365,QZ_LIN,Linear Algebra,49,100,2025-10-10 13:55:37.168988
S0365,QZ_LIN,Linear Algebra,31,100,2025-09-25 13:55:37.168988
S0365,QZ_PRO,Probability,43,100,2025-09-08 13:55:37.168988
S0365,QZ_PRO,Probability,79,100,2025-12-14 13:55:37.168988
S0365,QZ_PRO,Probability,31,100,2025-12-17 13:55:37.168988
S0365,QZ_PRO,Probability,81,100,2025-08-11 13:55:37.168988
S0365,QZ_STA,Statistics,60,100,2025-08-28 13:55:37.168988
S0365,QZ_STA,Statistics,31,100,2025-10-04 13:55:37.168988
S0365,QZ_ML ,ML Basics,45,100,2025-08-09 13:55:37.168988
S0365,QZ_ML ,ML Basics,93,100,2025-12-27 13:55:37.168988
S0365,QZ_ML ,ML Basics,53,100,2025-11-20 13:55:37.168988
S0365,QZ_ML ,ML Basics,29,100,2025-09-16 13:55:37.168988
S0365,QZ_DEE,Deep Learning,50,100,2025-10-12 13:55:37.168988
S0365,QZ_DEE,Deep Learning,84,100,2026-01-02 13:55:37.168988
S0365,QZ_DEE,Deep Learning,83,100,2026-01-08 13:55:37.168988
S0365,QZ_NLP,NLP,73,100,2025-12-26 13:55:37.168988
S0365,QZ_NLP,NLP,34,100,2025-07-30 13:55:37.168988
S0365,QZ_NLP,NLP,28,100,2025-10-12 13:55:37.168988
S0365,QZ_NLP,NLP,77,100,2025-11-08 13:55:37.168988
S0365,QZ_COM,Computer Vision,36,100,2025-07-27 13:55:37.168988
S0365,QZ_COM,Computer Vision,51,100,2025-12-11 13:55:37.168988
S0365,QZ_COM,Computer Vision,63,100,2025-11-25 13:55:37.168988
S0365,QZ_COM,Computer Vision,55,100,2025-07-23 13:55:37.168988
S0365,QZ_OPT,Optimization,68,100,2025-08-01 13:55:37.168988
S0365,QZ_OPT,Optimization,76,100,2026-01-16 13:55:37.168988
S0365,QZ_OPT,Optimization,47,100,2025-12-09 13:55:37.168988
S0366,QZ_LIN,Linear Algebra,74,100,2025-11-17 13:55:37.168988
S0366,QZ_LIN,Linear Algebra,65,100,2025-12-29 13:55:37.168988
S0366,QZ_LIN,Linear Algebra,42,100,2025-10-21 13:55:37.168988
S0366,QZ_PRO,Probability,32,100,2025-11-23 13:55:37.168988
S0366,QZ_PRO,Probability,52,100,2026-01-05 13:55:37.168988
S0366,QZ_PRO,Probability,44,100,2025-08-27 13:55:37.168988
S0366,QZ_PRO,Probability,93,100,2025-10-05 13:55:37.168988
S0366,QZ_STA,Statistics,35,100,2025-10-06 13:55:37.168988
S0366,QZ_STA,Statistics,69,100,2025-10-28 13:55:37.168988
S0366,QZ_STA,Statistics,94,100,2025-12-02 13:55:37.168988
S0366,QZ_STA,Statistics,36,100,2025-12-25 13:55:37.168988
S0366,QZ_ML ,ML Basics,52,100,2025-09-17 13:55:37.168988
S0366,QZ_ML ,ML Basics,30,100,2026-01-15 13:55:37.168988
S0366,QZ_ML ,ML Basics,95,100,2025-12-08 13:55:37.168988
S0366,QZ_ML ,ML Basics,71,100,2025-12-22 13:55:37.168988
S0366,QZ_DEE,Deep Learning,55,100,2025-08-15 13:55:37.168988
S0366,QZ_DEE,Deep Learning,93,100,2025-12-05 13:55:37.168988
S0366,QZ_NLP,NLP,33,100,2025-11-13 13:55:37.168988
S0366,QZ_NLP,NLP,52,100,2025-08-03 13:55:37.168988
S0366,QZ_NLP,NLP,51,100,2026-01-11 13:55:37.168988
S0366,QZ_NLP,NLP,76,100,2025-11-22 13:55:37.168988
S0366,QZ_COM,Computer Vision,87,100,2025-11-17 13:55:37.168988
S0366,QZ_COM,Computer Vision,35,100,2025-07-23 13:55:37.168988
S0366,QZ_COM,Computer Vision,67,100,2025-08-22 13:55:37.168988
S0366,QZ_COM,Computer Vision,85,100,2025-12-13 13:55:37.168988
S0366,QZ_OPT,Optimization,31,100,2025-07-31 13:55:37.168988
S0366,QZ_OPT,Optimization,26,100,2025-07-26 13:55:37.168988
S0366,QZ_OPT,Optimization,25,100,2025-10-10 13:55:37.168988
S0366,QZ_OPT,Optimization,26,100,2025-12-23 13:55:37.168988
S0367,QZ_LIN,Linear Algebra,37,100,2025-12-20 13:55:37.168988
S0367,QZ_LIN,Linear Algebra,62,100,2025-11-01 13:55:37.168988
S0367,QZ_PRO,Probability,83,100,2025-09-21 13:55:37.168988
S0367,QZ_PRO,Probability,53,100,2025-10-12 13:55:37.168988
S0367,QZ_STA,Statistics,84,100,2025-09-08 13:55:37.168988
S0367,QZ_STA,Statistics,31,100,2025-11-25 13:55:37.168988
S0367,QZ_STA,Statistics,41,100,2025-08-07 13:55:37.168988
S0367,QZ_ML ,ML Basics,79,100,2025-12-17 13:55:37.168988
S0367,QZ_ML ,ML Basics,71,100,2025-12-10 13:55:37.168988
S0367,QZ_ML ,ML Basics,74,100,2025-10-03 13:55:37.168988
S0367,QZ_DEE,Deep Learning,29,100,2025-10-11 13:55:37.168988
S0367,QZ_DEE,Deep Learning,86,100,2025-12-06 13:55:37.168988
S0367,QZ_NLP,NLP,88,100,2025-12-21 13:55:37.168988
S0367,QZ_NLP,NLP,94,100,2025-09-11 13:55:37.168988
S0367,QZ_NLP,NLP,73,100,2025-10-18 13:55:37.168988
S0367,QZ_COM,Computer Vision,96,100,2025-10-23 13:55:37.168988
S0367,QZ_COM,Computer Vision,63,100,2025-10-19 13:55:37.168988
S0367,QZ_COM,Computer Vision,36,100,2025-12-27 13:55:37.168988
S0367,QZ_COM,Computer Vision,84,100,2025-07-29 13:55:37.168988
S0367,QZ_OPT,Optimization,44,100,2025-08-17 13:55:37.168988
S0367,QZ_OPT,Optimization,51,100,2025-12-07 13:55:37.168988
S0367,QZ_OPT,Optimization,64,100,2026-01-06 13:55:37.168988
S0367,QZ_OPT,Optimization,79,100,2026-01-13 13:55:37.168988
S0368,QZ_LIN,Linear Algebra,55,100,2025-10-08 13:55:37.168988
S0368,QZ_LIN,Linear Algebra,81,100,2025-10-15 13:55:37.168988
S0368,QZ_LIN,Linear Algebra,66,100,2025-08-25 13:55:37.168988
S0368,QZ_LIN,Linear Algebra,83,100,2026-01-13 13:55:37.168988
S0368,QZ_PRO,Probability,90,100,2026-01-13 13:55:37.168988
S0368,QZ_PRO,Probability,46,100,2025-10-13 13:55:37.168988
S0368,QZ_PRO,Probability,49,100,2026-01-03 13:55:37.168988
S0368,QZ_STA,Statistics,66,100,2025-10-21 13:55:37.168988
S0368,QZ_STA,Statistics,51,100,2025-12-28 13:55:37.168988
S0368,QZ_STA,Statistics,31,100,2025-12-20 13:55:37.168988
S0368,QZ_ML ,ML Basics,26,100,2025-07-21 13:55:37.168988
S0368,QZ_ML ,ML Basics,79,100,2025-12-03 13:55:37.168988
S0368,QZ_ML ,ML Basics,69,100,2026-01-11 13:55:37.168988
S0368,QZ_ML ,ML Basics,40,100,2025-12-10 13:55:37.168988
S0368,QZ_DEE,Deep Learning,88,100,2025-07-30 13:55:37.168988
S0368,QZ_DEE,Deep Learning,55,100,2025-10-31 13:55:37.168988
S0368,QZ_DEE,Deep Learning,89,100,2025-08-06 13:55:37.168988
S0368,QZ_NLP,NLP,65,100,2025-09-16 13:55:37.168988
S0368,QZ_NLP,NLP,51,100,2025-08-27 13:55:37.168988
S0368,QZ_COM,Computer Vision,48,100,2025-10-16 13:55:37.168988
S0368,QZ_COM,Computer Vision,87,100,2025-12-25 13:55:37.168988
S0368,QZ_COM,Computer Vision,88,100,2025-11-15 13:55:37.168988
S0368,QZ_OPT,Optimization,55,100,2025-09-26 13:55:37.168988
S0368,QZ_OPT,Optimization,62,100,2025-12-20 13:55:37.168988
S0368,QZ_OPT,Optimization,92,100,2025-07-21 13:55:37.168988
S0368,QZ_OPT,Optimization,33,100,2025-11-04 13:55:37.168988
S0369,QZ_LIN,Linear Algebra,65,100,2025-10-07 13:55:37.168988
S0369,QZ_LIN,Linear Algebra,63,100,2026-01-11 13:55:37.168988
S0369,QZ_LIN,Linear Algebra,57,100,2025-08-15 13:55:37.168988
S0369,QZ_LIN,Linear Algebra,45,100,2026-01-09 13:55:37.168988
S0369,QZ_PRO,Probability,73,100,2025-08-03 13:55:37.168988
S0369,QZ_PRO,Probability,97,100,2025-08-09 13:55:37.168988
S0369,QZ_PRO,Probability,74,100,2025-10-05 13:55:37.168988
S0369,QZ_PRO,Probability,27,100,2025-09-12 13:55:37.168988
S0369,QZ_STA,Statistics,94,100,2025-09-13 13:55:37.168988
S0369,QZ_STA,Statistics,33,100,2025-12-14 13:55:37.168988
S0369,QZ_STA,Statistics,89,100,2025-11-15 13:55:37.168988
S0369,QZ_ML ,ML Basics,90,100,2025-11-29 13:55:37.168988
S0369,QZ_ML ,ML Basics,47,100,2025-12-20 13:55:37.168988
S0369,QZ_ML ,ML Basics,28,100,2025-10-05 13:55:37.168988
S0369,QZ_ML ,ML Basics,83,100,2025-09-20 13:55:37.168988
S0369,QZ_DEE,Deep Learning,94,100,2025-10-01 13:55:37.168988
S0369,QZ_DEE,Deep Learning,74,100,2025-11-02 13:55:37.168988
S0369,QZ_DEE,Deep Learning,37,100,2025-09-26 13:55:37.168988
S0369,QZ_DEE,Deep Learning,73,100,2026-01-05 13:55:37.168988
S0369,QZ_NLP,NLP,42,100,2025-10-25 13:55:37.168988
S0369,QZ_NLP,NLP,85,100,2025-09-12 13:55:37.168988
S0369,QZ_COM,Computer Vision,68,100,2025-10-10 13:55:37.168988
S0369,QZ_COM,Computer Vision,58,100,2025-10-16 13:55:37.168988
S0369,QZ_COM,Computer Vision,68,100,2025-12-03 13:55:37.168988
S0369,QZ_OPT,Optimization,35,100,2025-08-13 13:55:37.168988
S0369,QZ_OPT,Optimization,90,100,2026-01-06 13:55:37.168988
S0369,QZ_OPT,Optimization,96,100,2025-08-18 13:55:37.168988
S0369,QZ_OPT,Optimization,66,100,2025-08-09 13:55:37.168988
S0370,QZ_LIN,Linear Algebra,64,100,2025-08-22 13:55:37.168988
S0370,QZ_LIN,Linear Algebra,82,100,2025-09-03 13:55:37.168988
S0370,QZ_LIN,Linear Algebra,70,100,2025-08-28 13:55:37.168988
S0370,QZ_LIN,Linear Algebra,29,100,2025-07-29 13:55:37.168988
S0370,QZ_PRO,Probability,91,100,2025-12-22 13:55:37.168988
S0370,QZ_PRO,Probability,70,100,2025-10-14 13:55:37.168988
S0370,QZ_PRO,Probability,67,100,2025-11-17 13:55:37.168988
S0370,QZ_STA,Statistics,95,100,2025-09-07 13:55:37.168988
S0370,QZ_STA,Statistics,80,100,2025-07-22 13:55:37.168988
S0370,QZ_STA,Statistics,65,100,2025-11-03 13:55:37.168988
S0370,QZ_STA,Statistics,44,100,2025-12-25 13:55:37.168988
S0370,QZ_ML ,ML Basics,64,100,2025-11-08 13:55:37.168988
S0370,QZ_ML ,ML Basics,85,100,2025-08-09 13:55:37.168988
S0370,QZ_ML ,ML Basics,35,100,2025-11-09 13:55:37.168988
S0370,QZ_DEE,Deep Learning,60,100,2025-07-26 13:55:37.168988
S0370,QZ_DEE,Deep Learning,53,100,2025-08-05 13:55:37.168988
S0370,QZ_NLP,NLP,96,100,2025-11-26 13:55:37.168988
S0370,QZ_NLP,NLP,42,100,2025-11-27 13:55:37.168988
S0370,QZ_COM,Computer Vision,50,100,2025-11-28 13:55:37.168988
S0370,QZ_COM,Computer Vision,64,100,2025-09-01 13:55:37.168988
S0370,QZ_COM,Computer Vision,26,100,2025-09-10 13:55:37.168988
S0370,QZ_COM,Computer Vision,77,100,2026-01-10 13:55:37.168988
S0370,QZ_OPT,Optimization,61,100,2025-07-30 13:55:37.168988
S0370,QZ_OPT,Optimization,86,100,2026-01-01 13:55:37.168988
S0370,QZ_OPT,Optimization,33,100,2025-11-20 13:55:37.168988
S0371,QZ_LIN,Linear Algebra,37,100,2025-11-20 13:55:37.168988
S0371,QZ_LIN,Linear Algebra,52,100,2025-08-15 13:55:37.168988
S0371,QZ_PRO,Probability,96,100,2025-08-13 13:55:37.168988
S0371,QZ_PRO,Probability,41,100,2025-12-24 13:55:37.168988
S0371,QZ_PRO,Probability,56,100,2025-12-19 13:55:37.168988
S0371,QZ_STA,Statistics,96,100,2025-09-11 13:55:37.168988
S0371,QZ_STA,Statistics,74,100,2025-12-13 13:55:37.168988
S0371,QZ_STA,Statistics,44,100,2025-11-17 13:55:37.168988
S0371,QZ_STA,Statistics,83,100,2025-11-13 13:55:37.168988
S0371,QZ_ML ,ML Basics,89,100,2025-08-25 13:55:37.168988
S0371,QZ_ML ,ML Basics,37,100,2025-10-22 13:55:37.168988
S0371,QZ_DEE,Deep Learning,85,100,2025-08-09 13:55:37.168988
S0371,QZ_DEE,Deep Learning,62,100,2025-12-07 13:55:37.168988
S0371,QZ_NLP,NLP,70,100,2026-01-06 13:55:37.168988
S0371,QZ_NLP,NLP,62,100,2025-09-07 13:55:37.168988
S0371,QZ_NLP,NLP,68,100,2025-10-23 13:55:37.168988
S0371,QZ_COM,Computer Vision,43,100,2025-07-27 13:55:37.168988
S0371,QZ_COM,Computer Vision,66,100,2025-08-17 13:55:37.168988
S0371,QZ_COM,Computer Vision,56,100,2025-08-03 13:55:37.168988
S0371,QZ_OPT,Optimization,43,100,2025-11-19 13:55:37.168988
S0371,QZ_OPT,Optimization,34,100,2025-12-27 13:55:37.168988
S0372,QZ_LIN,Linear Algebra,95,100,2025-12-04 13:55:37.168988
S0372,QZ_LIN,Linear Algebra,78,100,2025-11-30 13:55:37.168988
S0372,QZ_LIN,Linear Algebra,26,100,2025-08-05 13:55:37.168988
S0372,QZ_LIN,Linear Algebra,60,100,2025-10-23 13:55:37.168988
S0372,QZ_PRO,Probability,42,100,2025-10-28 13:55:37.168988
S0372,QZ_PRO,Probability,95,100,2025-12-21 13:55:37.168988
S0372,QZ_PRO,Probability,38,100,2026-01-04 13:55:37.168988
S0372,QZ_STA,Statistics,55,100,2025-08-29 13:55:37.168988
S0372,QZ_STA,Statistics,55,100,2025-08-19 13:55:37.168988
S0372,QZ_STA,Statistics,30,100,2025-12-10 13:55:37.168988
S0372,QZ_STA,Statistics,89,100,2025-10-25 13:55:37.168988
S0372,QZ_ML ,ML Basics,71,100,2025-10-11 13:55:37.168988
S0372,QZ_ML ,ML Basics,37,100,2025-08-26 13:55:37.168988
S0372,QZ_ML ,ML Basics,70,100,2025-11-01 13:55:37.168988
S0372,QZ_DEE,Deep Learning,98,100,2025-11-03 13:55:37.168988
S0372,QZ_DEE,Deep Learning,70,100,2025-11-08 13:55:37.168988
S0372,QZ_DEE,Deep Learning,54,100,2025-08-17 13:55:37.168988
S0372,QZ_NLP,NLP,98,100,2025-08-25 13:55:37.168988
S0372,QZ_NLP,NLP,63,100,2025-11-17 13:55:37.168988
S0372,QZ_COM,Computer Vision,38,100,2025-12-19 13:55:37.168988
S0372,QZ_COM,Computer Vision,46,100,2025-09-13 13:55:37.168988
S0372,QZ_COM,Computer Vision,52,100,2025-12-27 13:55:37.168988
S0372,QZ_OPT,Optimization,79,100,2025-09-27 13:55:37.168988
S0372,QZ_OPT,Optimization,42,100,2025-08-31 13:55:37.168988
S0373,QZ_LIN,Linear Algebra,36,100,2025-09-24 13:55:37.168988
S0373,QZ_LIN,Linear Algebra,85,100,2025-08-15 13:55:37.168988
S0373,QZ_PRO,Probability,34,100,2025-11-18 13:55:37.168988
S0373,QZ_PRO,Probability,66,100,2025-11-03 13:55:37.168988
S0373,QZ_PRO,Probability,51,100,2025-12-25 13:55:37.168988
S0373,QZ_STA,Statistics,87,100,2025-08-26 13:55:37.168988
S0373,QZ_STA,Statistics,58,100,2025-12-06 13:55:37.168988
S0373,QZ_STA,Statistics,64,100,2025-08-07 13:55:37.168988
S0373,QZ_STA,Statistics,61,100,2025-11-22 13:55:37.168988
S0373,QZ_ML ,ML Basics,66,100,2025-11-14 13:55:37.168988
S0373,QZ_ML ,ML Basics,83,100,2025-10-01 13:55:37.168988
S0373,QZ_ML ,ML Basics,59,100,2025-08-13 13:55:37.168988
S0373,QZ_ML ,ML Basics,96,100,2025-08-26 13:55:37.168988
S0373,QZ_DEE,Deep Learning,86,100,2025-09-05 13:55:37.168988
S0373,QZ_DEE,Deep Learning,74,100,2025-10-29 13:55:37.168988
S0373,QZ_NLP,NLP,34,100,2025-10-06 13:55:37.168988
S0373,QZ_NLP,NLP,39,100,2025-12-29 13:55:37.168988
S0373,QZ_NLP,NLP,39,100,2025-12-22 13:55:37.168988
S0373,QZ_COM,Computer Vision,85,100,2025-10-29 13:55:37.168988
S0373,QZ_COM,Computer Vision,78,100,2025-09-28 13:55:37.168988
S0373,QZ_COM,Computer Vision,90,100,2026-01-06 13:55:37.168988
S0373,QZ_OPT,Optimization,56,100,2025-11-02 13:55:37.168988
S0373,QZ_OPT,Optimization,61,100,2025-08-08 13:55:37.168988
S0373,QZ_OPT,Optimization,50,100,2025-11-23 13:55:37.168988
S0373,QZ_OPT,Optimization,81,100,2025-10-30 13:55:37.168988
S0374,QZ_LIN,Linear Algebra,56,100,2025-11-09 13:55:37.168988
S0374,QZ_LIN,Linear Algebra,92,100,2025-12-01 13:55:37.168988
S0374,QZ_PRO,Probability,44,100,2025-09-16 13:55:37.168988
S0374,QZ_PRO,Probability,69,100,2025-11-10 13:55:37.168988
S0374,QZ_STA,Statistics,51,100,2025-12-07 13:55:37.168988
S0374,QZ_STA,Statistics,77,100,2025-11-08 13:55:37.168988
S0374,QZ_STA,Statistics,39,100,2025-09-23 13:55:37.168988
S0374,QZ_STA,Statistics,39,100,2025-12-19 13:55:37.168988
S0374,QZ_ML ,ML Basics,82,100,2025-11-15 13:55:37.168988
S0374,QZ_ML ,ML Basics,43,100,2025-08-05 13:55:37.168988
S0374,QZ_ML ,ML Basics,27,100,2025-10-12 13:55:37.168988
S0374,QZ_ML ,ML Basics,90,100,2025-07-28 13:55:37.168988
S0374,QZ_DEE,Deep Learning,67,100,2025-11-12 13:55:37.168988
S0374,QZ_DEE,Deep Learning,92,100,2025-10-01 13:55:37.168988
S0374,QZ_NLP,NLP,44,100,2025-11-01 13:55:37.168988
S0374,QZ_NLP,NLP,82,100,2025-10-19 13:55:37.168988
S0374,QZ_NLP,NLP,56,100,2025-08-31 13:55:37.168988
S0374,QZ_COM,Computer Vision,82,100,2025-09-14 13:55:37.168988
S0374,QZ_COM,Computer Vision,98,100,2025-08-06 13:55:37.168988
S0374,QZ_COM,Computer Vision,69,100,2025-10-30 13:55:37.168988
S0374,QZ_OPT,Optimization,57,100,2025-10-20 13:55:37.168988
S0374,QZ_OPT,Optimization,28,100,2025-11-18 13:55:37.168988
S0374,QZ_OPT,Optimization,98,100,2025-10-09 13:55:37.168988
S0375,QZ_LIN,Linear Algebra,61,100,2025-08-01 13:55:37.168988
S0375,QZ_LIN,Linear Algebra,87,100,2025-09-29 13:55:37.168988
S0375,QZ_LIN,Linear Algebra,66,100,2025-09-02 13:55:37.168988
S0375,QZ_PRO,Probability,86,100,2025-10-02 13:55:37.168988
S0375,QZ_PRO,Probability,98,100,2025-09-08 13:55:37.168988
S0375,QZ_PRO,Probability,37,100,2025-12-11 13:55:37.168988
S0375,QZ_STA,Statistics,85,100,2025-10-14 13:55:37.168988
S0375,QZ_STA,Statistics,92,100,2025-10-05 13:55:37.168988
S0375,QZ_STA,Statistics,39,100,2025-09-30 13:55:37.168988
S0375,QZ_ML ,ML Basics,88,100,2025-09-22 13:55:37.168988
S0375,QZ_ML ,ML Basics,32,100,2026-01-14 13:55:37.168988
S0375,QZ_ML ,ML Basics,52,100,2026-01-06 13:55:37.168988
S0375,QZ_DEE,Deep Learning,74,100,2025-08-27 13:55:37.168988
S0375,QZ_DEE,Deep Learning,92,100,2026-01-07 13:55:37.168988
S0375,QZ_DEE,Deep Learning,48,100,2025-08-03 13:55:37.168988
S0375,QZ_DEE,Deep Learning,41,100,2025-10-20 13:55:37.168988
S0375,QZ_NLP,NLP,34,100,2025-10-15 13:55:37.168988
S0375,QZ_NLP,NLP,63,100,2025-12-26 13:55:37.168988
S0375,QZ_NLP,NLP,37,100,2025-08-06 13:55:37.168988
S0375,QZ_COM,Computer Vision,91,100,2025-12-26 13:55:37.168988
S0375,QZ_COM,Computer Vision,47,100,2025-09-20 13:55:37.168988
S0375,QZ_COM,Computer Vision,74,100,2025-11-30 13:55:37.168988
S0375,QZ_OPT,Optimization,97,100,2025-10-11 13:55:37.168988
S0375,QZ_OPT,Optimization,97,100,2025-12-06 13:55:37.168988
S0376,QZ_LIN,Linear Algebra,57,100,2026-01-10 13:55:37.168988
S0376,QZ_LIN,Linear Algebra,86,100,2026-01-02 13:55:37.168988
S0376,QZ_PRO,Probability,79,100,2026-01-13 13:55:37.168988
S0376,QZ_PRO,Probability,84,100,2025-11-11 13:55:37.168988
S0376,QZ_STA,Statistics,76,100,2025-08-01 13:55:37.168988
S0376,QZ_STA,Statistics,56,100,2025-12-04 13:55:37.168988
S0376,QZ_STA,Statistics,43,100,2025-11-24 13:55:37.168988
S0376,QZ_ML ,ML Basics,74,100,2025-09-07 13:55:37.168988
S0376,QZ_ML ,ML Basics,99,100,2025-12-09 13:55:37.168988
S0376,QZ_ML ,ML Basics,54,100,2025-12-17 13:55:37.168988
S0376,QZ_ML ,ML Basics,39,100,2025-11-13 13:55:37.168988
S0376,QZ_DEE,Deep Learning,76,100,2025-11-30 13:55:37.168988
S0376,QZ_DEE,Deep Learning,27,100,2025-10-24 13:55:37.168988
S0376,QZ_DEE,Deep Learning,28,100,2025-09-27 13:55:37.168988
S0376,QZ_NLP,NLP,30,100,2025-10-18 13:55:37.168988
S0376,QZ_NLP,NLP,45,100,2025-11-10 13:55:37.168988
S0376,QZ_NLP,NLP,96,100,2025-10-13 13:55:37.168988
S0376,QZ_COM,Computer Vision,79,100,2025-12-09 13:55:37.168988
S0376,QZ_COM,Computer Vision,84,100,2025-11-27 13:55:37.168988
S0376,QZ_OPT,Optimization,66,100,2025-09-05 13:55:37.168988
S0376,QZ_OPT,Optimization,98,100,2025-12-05 13:55:37.168988
S0376,QZ_OPT,Optimization,38,100,2026-01-06 13:55:37.168988
S0376,QZ_OPT,Optimization,88,100,2025-12-07 13:55:37.168988
S0377,QZ_LIN,Linear Algebra,93,100,2025-10-23 13:55:37.168988
S0377,QZ_LIN,Linear Algebra,58,100,2025-12-28 13:55:37.168988
S0377,QZ_LIN,Linear Algebra,72,100,2025-11-27 13:55:37.168988
S0377,QZ_LIN,Linear Algebra,25,100,2025-10-13 13:55:37.168988
S0377,QZ_PRO,Probability,53,100,2025-08-11 13:55:37.168988
S0377,QZ_PRO,Probability,46,100,2026-01-02 13:55:37.168988
S0377,QZ_STA,Statistics,82,100,2025-12-18 13:55:37.168988
S0377,QZ_STA,Statistics,29,100,2025-08-08 13:55:37.168988
S0377,QZ_STA,Statistics,51,100,2025-09-25 13:55:37.168988
S0377,QZ_ML ,ML Basics,54,100,2025-08-08 13:55:37.168988
S0377,QZ_ML ,ML Basics,64,100,2025-10-06 13:55:37.168988
S0377,QZ_ML ,ML Basics,63,100,2025-10-01 13:55:37.168988
S0377,QZ_ML ,ML Basics,85,100,2025-11-14 13:55:37.168988
S0377,QZ_DEE,Deep Learning,98,100,2025-09-05 13:55:37.168988
S0377,QZ_DEE,Deep Learning,36,100,2025-11-18 13:55:37.168988
S0377,QZ_NLP,NLP,54,100,2025-10-03 13:55:37.168988
S0377,QZ_NLP,NLP,69,100,2025-12-10 13:55:37.168988
S0377,QZ_NLP,NLP,25,100,2026-01-11 13:55:37.168988
S0377,QZ_COM,Computer Vision,79,100,2025-08-13 13:55:37.168988
S0377,QZ_COM,Computer Vision,94,100,2025-12-04 13:55:37.168988
S0377,QZ_COM,Computer Vision,38,100,2025-10-24 13:55:37.168988
S0377,QZ_OPT,Optimization,46,100,2025-12-02 13:55:37.168988
S0377,QZ_OPT,Optimization,39,100,2025-09-10 13:55:37.168988
S0378,QZ_LIN,Linear Algebra,70,100,2025-12-22 13:55:37.168988
S0378,QZ_LIN,Linear Algebra,42,100,2025-10-15 13:55:37.168988
S0378,QZ_PRO,Probability,93,100,2025-10-26 13:55:37.168988
S0378,QZ_PRO,Probability,73,100,2025-09-18 13:55:37.168988
S0378,QZ_PRO,Probability,86,100,2025-08-08 13:55:37.168988
S0378,QZ_PRO,Probability,51,100,2025-11-24 13:55:37.168988
S0378,QZ_STA,Statistics,58,100,2025-10-02 13:55:37.168988
S0378,QZ_STA,Statistics,30,100,2025-12-14 13:55:37.168988
S0378,QZ_ML ,ML Basics,48,100,2025-07-29 13:55:37.168988
S0378,QZ_ML ,ML Basics,40,100,2025-09-11 13:55:37.168988
S0378,QZ_ML ,ML Basics,72,100,2025-11-20 13:55:37.168988
S0378,QZ_DEE,Deep Learning,30,100,2025-07-31 13:55:37.168988
S0378,QZ_DEE,Deep Learning,57,100,2025-12-20 13:55:37.168988
S0378,QZ_DEE,Deep Learning,83,100,2025-08-14 13:55:37.168988
S0378,QZ_NLP,NLP,94,100,2025-07-21 13:55:37.168988
S0378,QZ_NLP,NLP,71,100,2025-09-25 13:55:37.168988
S0378,QZ_NLP,NLP,79,100,2025-10-05 13:55:37.168988
S0378,QZ_NLP,NLP,82,100,2025-11-09 13:55:37.168988
S0378,QZ_COM,Computer Vision,64,100,2025-12-19 13:55:37.168988
S0378,QZ_COM,Computer Vision,46,100,2025-08-01 13:55:37.168988
S0378,QZ_OPT,Optimization,64,100,2025-09-27 13:55:37.168988
S0378,QZ_OPT,Optimization,35,100,2025-11-17 13:55:37.168988
S0378,QZ_OPT,Optimization,91,100,2025-12-20 13:55:37.168988
S0378,QZ_OPT,Optimization,64,100,2026-01-06 13:55:37.168988
S0379,QZ_LIN,Linear Algebra,90,100,2025-09-20 13:55:37.168988
S0379,QZ_LIN,Linear Algebra,30,100,2025-09-11 13:55:37.168988
S0379,QZ_LIN,Linear Algebra,98,100,2026-01-12 13:55:37.168988
S0379,QZ_PRO,Probability,51,100,2025-09-19 13:55:37.168988
S0379,QZ_PRO,Probability,69,100,2025-08-21 13:55:37.168988
S0379,QZ_PRO,Probability,50,100,2025-09-17 13:55:37.168988
S0379,QZ_PRO,Probability,60,100,2025-08-29 13:55:37.168988
S0379,QZ_STA,Statistics,86,100,2025-11-22 13:55:37.168988
S0379,QZ_STA,Statistics,47,100,2025-07-30 13:55:37.168988
S0379,QZ_STA,Statistics,59,100,2025-08-29 13:55:37.168988
S0379,QZ_STA,Statistics,65,100,2025-11-12 13:55:37.168988
S0379,QZ_ML ,ML Basics,91,100,2025-12-30 13:55:37.168988
S0379,QZ_ML ,ML Basics,90,100,2025-10-11 13:55:37.168988
S0379,QZ_ML ,ML Basics,66,100,2026-01-13 13:55:37.168988
S0379,QZ_DEE,Deep Learning,81,100,2025-08-11 13:55:37.168988
S0379,QZ_DEE,Deep Learning,27,100,2025-09-04 13:55:37.168988
S0379,QZ_NLP,NLP,53,100,2025-12-25 13:55:37.168988
S0379,QZ_NLP,NLP,37,100,2025-09-10 13:55:37.168988
S0379,QZ_NLP,NLP,82,100,2025-09-17 13:55:37.168988
S0379,QZ_COM,Computer Vision,63,100,2025-10-14 13:55:37.168988
S0379,QZ_COM,Computer Vision,28,100,2025-11-12 13:55:37.168988
S0379,QZ_OPT,Optimization,56,100,2025-07-26 13:55:37.168988
S0379,QZ_OPT,Optimization,67,100,2025-07-29 13:55:37.168988
S0380,QZ_LIN,Linear Algebra,63,100,2025-12-23 13:55:37.168988
S0380,QZ_LIN,Linear Algebra,87,100,2025-10-16 13:55:37.168988
S0380,QZ_PRO,Probability,72,100,2025-09-18 13:55:37.168988
S0380,QZ_PRO,Probability,25,100,2025-09-14 13:55:37.168988
S0380,QZ_STA,Statistics,65,100,2025-09-12 13:55:37.168988
S0380,QZ_STA,Statistics,95,100,2025-12-24 13:55:37.168988
S0380,QZ_STA,Statistics,91,100,2025-10-28 13:55:37.168988
S0380,QZ_ML ,ML Basics,28,100,2026-01-10 13:55:37.168988
S0380,QZ_ML ,ML Basics,42,100,2025-12-17 13:55:37.168988
S0380,QZ_ML ,ML Basics,98,100,2025-09-27 13:55:37.168988
S0380,QZ_ML ,ML Basics,44,100,2025-10-29 13:55:37.168988
S0380,QZ_DEE,Deep Learning,94,100,2025-08-31 13:55:37.168988
S0380,QZ_DEE,Deep Learning,68,100,2025-09-11 13:55:37.168988
S0380,QZ_NLP,NLP,83,100,2025-11-28 13:55:37.168988
S0380,QZ_NLP,NLP,48,100,2025-09-29 13:55:37.168988
S0380,QZ_COM,Computer Vision,73,100,2025-12-25 13:55:37.168988
S0380,QZ_COM,Computer Vision,39,100,2025-10-08 13:55:37.168988
S0380,QZ_COM,Computer Vision,73,100,2025-08-03 13:55:37.168988
S0380,QZ_OPT,Optimization,33,100,2025-12-15 13:55:37.168988
S0380,QZ_OPT,Optimization,43,100,2025-10-18 13:55:37.168988
S0381,QZ_LIN,Linear Algebra,42,100,2025-08-13 13:55:37.168988
S0381,QZ_LIN,Linear Algebra,63,100,2025-12-29 13:55:37.168988
S0381,QZ_PRO,Probability,73,100,2025-11-22 13:55:37.168988
S0381,QZ_PRO,Probability,36,100,2026-01-12 13:55:37.168988
S0381,QZ_PRO,Probability,26,100,2025-12-16 13:55:37.168988
S0381,QZ_STA,Statistics,31,100,2025-09-04 13:55:37.168988
S0381,QZ_STA,Statistics,92,100,2025-07-22 13:55:37.168988
S0381,QZ_STA,Statistics,55,100,2025-09-13 13:55:37.168988
S0381,QZ_STA,Statistics,94,100,2025-12-31 13:55:37.168988
S0381,QZ_ML ,ML Basics,69,100,2025-12-15 13:55:37.168988
S0381,QZ_ML ,ML Basics,55,100,2025-10-07 13:55:37.168988
S0381,QZ_DEE,Deep Learning,67,100,2025-12-29 13:55:37.168988
S0381,QZ_DEE,Deep Learning,37,100,2025-12-28 13:55:37.168988
S0381,QZ_DEE,Deep Learning,30,100,2025-10-13 13:55:37.168988
S0381,QZ_NLP,NLP,36,100,2025-10-10 13:55:37.168988
S0381,QZ_NLP,NLP,40,100,2025-11-14 13:55:37.168988
S0381,QZ_NLP,NLP,69,100,2025-12-19 13:55:37.168988
S0381,QZ_COM,Computer Vision,94,100,2025-12-22 13:55:37.168988
S0381,QZ_COM,Computer Vision,78,100,2025-07-27 13:55:37.168988
S0381,QZ_COM,Computer Vision,47,100,2025-08-06 13:55:37.168988
S0381,QZ_OPT,Optimization,49,100,2025-08-03 13:55:37.168988
S0381,QZ_OPT,Optimization,53,100,2025-08-14 13:55:37.168988
S0382,QZ_LIN,Linear Algebra,42,100,2025-11-12 13:55:37.168988
S0382,QZ_LIN,Linear Algebra,29,100,2025-08-15 13:55:37.168988
S0382,QZ_LIN,Linear Algebra,54,100,2025-08-31 13:55:37.168988
S0382,QZ_LIN,Linear Algebra,36,100,2025-10-25 13:55:37.168988
S0382,QZ_PRO,Probability,65,100,2025-11-28 13:55:37.168988
S0382,QZ_PRO,Probability,66,100,2025-11-15 13:55:37.168988
S0382,QZ_STA,Statistics,96,100,2026-01-04 13:55:37.168988
S0382,QZ_STA,Statistics,88,100,2025-11-21 13:55:37.168988
S0382,QZ_ML ,ML Basics,73,100,2025-08-26 13:55:37.168988
S0382,QZ_ML ,ML Basics,27,100,2025-10-14 13:55:37.168988
S0382,QZ_ML ,ML Basics,73,100,2025-08-27 13:55:37.168988
S0382,QZ_DEE,Deep Learning,96,100,2025-07-22 13:55:37.168988
S0382,QZ_DEE,Deep Learning,69,100,2025-12-27 13:55:37.168988
S0382,QZ_DEE,Deep Learning,71,100,2025-09-17 13:55:37.168988
S0382,QZ_DEE,Deep Learning,37,100,2025-09-10 13:55:37.168988
S0382,QZ_NLP,NLP,38,100,2025-07-31 13:55:37.168988
S0382,QZ_NLP,NLP,64,100,2025-12-13 13:55:37.168988
S0382,QZ_COM,Computer Vision,62,100,2025-08-12 13:55:37.168988
S0382,QZ_COM,Computer Vision,44,100,2025-09-18 13:55:37.168988
S0382,QZ_COM,Computer Vision,80,100,2025-12-05 13:55:37.168988
S0382,QZ_OPT,Optimization,95,100,2025-09-11 13:55:37.168988
S0382,QZ_OPT,Optimization,64,100,2025-11-28 13:55:37.168988
S0382,QZ_OPT,Optimization,92,100,2025-08-03 13:55:37.168988
S0382,QZ_OPT,Optimization,95,100,2026-01-02 13:55:37.168988
S0383,QZ_LIN,Linear Algebra,83,100,2025-07-26 13:55:37.168988
S0383,QZ_LIN,Linear Algebra,93,100,2025-11-07 13:55:37.168988
S0383,QZ_LIN,Linear Algebra,94,100,2026-01-12 13:55:37.168988
S0383,QZ_LIN,Linear Algebra,64,100,2025-11-04 13:55:37.168988
S0383,QZ_PRO,Probability,73,100,2026-01-13 13:55:37.168988
S0383,QZ_PRO,Probability,97,100,2025-12-04 13:55:37.168988
S0383,QZ_PRO,Probability,67,100,2025-08-03 13:55:37.168988
S0383,QZ_PRO,Probability,27,100,2025-11-27 13:55:37.168988
S0383,QZ_STA,Statistics,50,100,2025-11-12 13:55:37.168988
S0383,QZ_STA,Statistics,59,100,2025-08-11 13:55:37.168988
S0383,QZ_STA,Statistics,60,100,2025-12-12 13:55:37.168988
S0383,QZ_ML ,ML Basics,41,100,2025-11-10 13:55:37.168988
S0383,QZ_ML ,ML Basics,81,100,2026-01-04 13:55:37.168988
S0383,QZ_ML ,ML Basics,47,100,2025-09-18 13:55:37.168988
S0383,QZ_DEE,Deep Learning,29,100,2025-09-05 13:55:37.168988
S0383,QZ_DEE,Deep Learning,38,100,2025-11-30 13:55:37.168988
S0383,QZ_DEE,Deep Learning,57,100,2025-12-13 13:55:37.168988
S0383,QZ_NLP,NLP,38,100,2025-08-17 13:55:37.168988
S0383,QZ_NLP,NLP,32,100,2025-09-09 13:55:37.168988
S0383,QZ_NLP,NLP,94,100,2026-01-02 13:55:37.168988
S0383,QZ_COM,Computer Vision,30,100,2025-09-16 13:55:37.168988
S0383,QZ_COM,Computer Vision,25,100,2025-11-12 13:55:37.168988
S0383,QZ_COM,Computer Vision,80,100,2025-11-19 13:55:37.168988
S0383,QZ_COM,Computer Vision,76,100,2025-12-20 13:55:37.168988
S0383,QZ_OPT,Optimization,29,100,2025-08-01 13:55:37.168988
S0383,QZ_OPT,Optimization,25,100,2025-11-12 13:55:37.168988
S0383,QZ_OPT,Optimization,63,100,2025-09-14 13:55:37.168988
S0383,QZ_OPT,Optimization,98,100,2025-10-24 13:55:37.168988
S0384,QZ_LIN,Linear Algebra,36,100,2025-11-27 13:55:37.168988
S0384,QZ_LIN,Linear Algebra,50,100,2025-11-02 13:55:37.168988
S0384,QZ_PRO,Probability,68,100,2025-11-08 13:55:37.168988
S0384,QZ_PRO,Probability,31,100,2025-09-15 13:55:37.168988
S0384,QZ_PRO,Probability,58,100,2025-11-06 13:55:37.168988
S0384,QZ_STA,Statistics,69,100,2025-10-27 13:55:37.168988
S0384,QZ_STA,Statistics,25,100,2025-08-10 13:55:37.168988
S0384,QZ_STA,Statistics,35,100,2025-12-10 13:55:37.168988
S0384,QZ_STA,Statistics,68,100,2025-08-10 13:55:37.168988
S0384,QZ_ML ,ML Basics,86,100,2025-09-12 13:55:37.168988
S0384,QZ_ML ,ML Basics,72,100,2025-07-29 13:55:37.168988
S0384,QZ_ML ,ML Basics,75,100,2025-09-11 13:55:37.168988
S0384,QZ_ML ,ML Basics,42,100,2025-10-15 13:55:37.168988
S0384,QZ_DEE,Deep Learning,95,100,2025-12-30 13:55:37.168988
S0384,QZ_DEE,Deep Learning,57,100,2025-10-24 13:55:37.168988
S0384,QZ_DEE,Deep Learning,81,100,2025-07-30 13:55:37.168988
S0384,QZ_DEE,Deep Learning,43,100,2025-08-14 13:55:37.168988
S0384,QZ_NLP,NLP,45,100,2025-09-07 13:55:37.168988
S0384,QZ_NLP,NLP,78,100,2025-11-12 13:55:37.168988
S0384,QZ_NLP,NLP,99,100,2025-10-08 13:55:37.168988
S0384,QZ_NLP,NLP,37,100,2025-10-25 13:55:37.168988
S0384,QZ_COM,Computer Vision,68,100,2025-12-21 13:55:37.168988
S0384,QZ_COM,Computer Vision,88,100,2025-12-13 13:55:37.168988
S0384,QZ_COM,Computer Vision,88,100,2025-08-01 13:55:37.168988
S0384,QZ_COM,Computer Vision,87,100,2025-11-12 13:55:37.168988
S0384,QZ_OPT,Optimization,62,100,2025-09-11 13:55:37.168988
S0384,QZ_OPT,Optimization,80,100,2025-09-24 13:55:37.168988
S0385,QZ_LIN,Linear Algebra,98,100,2025-12-07 13:55:37.168988
S0385,QZ_LIN,Linear Algebra,61,100,2025-08-18 13:55:37.168988
S0385,QZ_LIN,Linear Algebra,54,100,2025-11-01 13:55:37.168988
S0385,QZ_PRO,Probability,48,100,2025-12-27 13:55:37.168988
S0385,QZ_PRO,Probability,34,100,2025-08-27 13:55:37.168988
S0385,QZ_PRO,Probability,95,100,2025-10-14 13:55:37.168988
S0385,QZ_PRO,Probability,89,100,2025-09-04 13:55:37.168988
S0385,QZ_STA,Statistics,49,100,2025-09-21 13:55:37.168988
S0385,QZ_STA,Statistics,95,100,2025-08-23 13:55:37.168988
S0385,QZ_STA,Statistics,57,100,2025-08-26 13:55:37.168988
S0385,QZ_ML ,ML Basics,74,100,2025-10-01 13:55:37.168988
S0385,QZ_ML ,ML Basics,48,100,2025-11-29 13:55:37.168988
S0385,QZ_ML ,ML Basics,71,100,2026-01-04 13:55:37.168988
S0385,QZ_ML ,ML Basics,97,100,2025-09-22 13:55:37.168988
S0385,QZ_DEE,Deep Learning,29,100,2025-10-01 13:55:37.168988
S0385,QZ_DEE,Deep Learning,50,100,2025-10-09 13:55:37.168988
S0385,QZ_DEE,Deep Learning,59,100,2025-11-25 13:55:37.168988
S0385,QZ_DEE,Deep Learning,41,100,2025-10-14 13:55:37.168988
S0385,QZ_NLP,NLP,56,100,2025-08-29 13:55:37.168988
S0385,QZ_NLP,NLP,47,100,2025-12-12 13:55:37.168988
S0385,QZ_NLP,NLP,32,100,2025-07-26 13:55:37.168988
S0385,QZ_NLP,NLP,66,100,2025-07-31 13:55:37.168988
S0385,QZ_COM,Computer Vision,56,100,2026-01-06 13:55:37.168988
S0385,QZ_COM,Computer Vision,83,100,2025-10-12 13:55:37.168988
S0385,QZ_COM,Computer Vision,59,100,2025-07-26 13:55:37.168988
S0385,QZ_COM,Computer Vision,45,100,2025-08-05 13:55:37.168988
S0385,QZ_OPT,Optimization,83,100,2025-11-30 13:55:37.168988
S0385,QZ_OPT,Optimization,96,100,2025-07-23 13:55:37.168988
S0385,QZ_OPT,Optimization,46,100,2025-10-30 13:55:37.168988
S0385,QZ_OPT,Optimization,76,100,2025-08-21 13:55:37.168988
S0386,QZ_LIN,Linear Algebra,50,100,2025-12-16 13:55:37.168988
S0386,QZ_LIN,Linear Algebra,76,100,2025-11-10 13:55:37.168988
S0386,QZ_LIN,Linear Algebra,43,100,2025-08-05 13:55:37.168988
S0386,QZ_PRO,Probability,67,100,2025-09-16 13:55:37.168988
S0386,QZ_PRO,Probability,58,100,2025-09-23 13:55:37.168988
S0386,QZ_PRO,Probability,83,100,2025-10-21 13:55:37.168988
S0386,QZ_STA,Statistics,49,100,2025-08-04 13:55:37.168988
S0386,QZ_STA,Statistics,38,100,2025-12-01 13:55:37.168988
S0386,QZ_STA,Statistics,44,100,2025-09-14 13:55:37.168988
S0386,QZ_STA,Statistics,37,100,2025-11-25 13:55:37.168988
S0386,QZ_ML ,ML Basics,78,100,2025-11-09 13:55:37.168988
S0386,QZ_ML ,ML Basics,94,100,2025-11-04 13:55:37.168988
S0386,QZ_ML ,ML Basics,57,100,2025-09-22 13:55:37.168988
S0386,QZ_ML ,ML Basics,75,100,2025-12-30 13:55:37.168988
S0386,QZ_DEE,Deep Learning,39,100,2025-12-26 13:55:37.168988
S0386,QZ_DEE,Deep Learning,92,100,2025-10-23 13:55:37.168988
S0386,QZ_DEE,Deep Learning,41,100,2025-12-28 13:55:37.168988
S0386,QZ_DEE,Deep Learning,26,100,2025-10-20 13:55:37.168988
S0386,QZ_NLP,NLP,54,100,2025-11-20 13:55:37.168988
S0386,QZ_NLP,NLP,86,100,2025-09-28 13:55:37.168988
S0386,QZ_NLP,NLP,73,100,2025-12-22 13:55:37.168988
S0386,QZ_NLP,NLP,29,100,2026-01-06 13:55:37.168988
S0386,QZ_COM,Computer Vision,65,100,2025-12-07 13:55:37.168988
S0386,QZ_COM,Computer Vision,58,100,2025-09-18 13:55:37.168988
S0386,QZ_OPT,Optimization,81,100,2025-12-07 13:55:37.168988
S0386,QZ_OPT,Optimization,78,100,2025-08-09 13:55:37.168988
S0386,QZ_OPT,Optimization,26,100,2025-10-11 13:55:37.168988
S0386,QZ_OPT,Optimization,98,100,2025-09-17 13:55:37.168988
S0387,QZ_LIN,Linear Algebra,44,100,2025-08-21 13:55:37.168988
S0387,QZ_LIN,Linear Algebra,99,100,2025-12-02 13:55:37.168988
S0387,QZ_LIN,Linear Algebra,78,100,2025-07-29 13:55:37.168988
S0387,QZ_LIN,Linear Algebra,83,100,2025-09-30 13:55:37.168988
S0387,QZ_PRO,Probability,47,100,2025-12-04 13:55:37.168988
S0387,QZ_PRO,Probability,99,100,2025-09-01 13:55:37.168988
S0387,QZ_PRO,Probability,84,100,2025-10-27 13:55:37.168988
S0387,QZ_STA,Statistics,29,100,2025-09-13 13:55:37.168988
S0387,QZ_STA,Statistics,36,100,2025-09-17 13:55:37.168988
S0387,QZ_STA,Statistics,26,100,2026-01-04 13:55:37.168988
S0387,QZ_STA,Statistics,72,100,2025-12-05 13:55:37.168988
S0387,QZ_ML ,ML Basics,45,100,2025-09-12 13:55:37.168988
S0387,QZ_ML ,ML Basics,66,100,2025-10-09 13:55:37.168988
S0387,QZ_ML ,ML Basics,82,100,2025-10-17 13:55:37.168988
S0387,QZ_DEE,Deep Learning,96,100,2025-11-20 13:55:37.168988
S0387,QZ_DEE,Deep Learning,27,100,2025-08-10 13:55:37.168988
S0387,QZ_NLP,NLP,99,100,2025-09-17 13:55:37.168988
S0387,QZ_NLP,NLP,66,100,2025-09-01 13:55:37.168988
S0387,QZ_NLP,NLP,32,100,2025-12-27 13:55:37.168988
S0387,QZ_COM,Computer Vision,33,100,2025-11-03 13:55:37.168988
S0387,QZ_COM,Computer Vision,42,100,2025-08-31 13:55:37.168988
S0387,QZ_COM,Computer Vision,99,100,2026-01-12 13:55:37.168988
S0387,QZ_OPT,Optimization,37,100,2025-07-23 13:55:37.168988
S0387,QZ_OPT,Optimization,93,100,2025-08-28 13:55:37.168988
S0388,QZ_LIN,Linear Algebra,94,100,2025-09-01 13:55:37.168988
S0388,QZ_LIN,Linear Algebra,78,100,2026-01-05 13:55:37.168988
S0388,QZ_LIN,Linear Algebra,99,100,2025-08-19 13:55:37.168988
S0388,QZ_LIN,Linear Algebra,45,100,2026-01-09 13:55:37.168988
S0388,QZ_PRO,Probability,87,100,2025-11-09 13:55:37.168988
S0388,QZ_PRO,Probability,77,100,2025-09-11 13:55:37.168988
S0388,QZ_PRO,Probability,63,100,2025-10-06 13:55:37.168988
S0388,QZ_PRO,Probability,58,100,2025-07-25 13:55:37.168988
S0388,QZ_STA,Statistics,62,100,2025-10-14 13:55:37.168988
S0388,QZ_STA,Statistics,26,100,2026-01-11 13:55:37.168988
S0388,QZ_STA,Statistics,60,100,2025-08-06 13:55:37.168988
S0388,QZ_STA,Statistics,44,100,2025-08-02 13:55:37.168988
S0388,QZ_ML ,ML Basics,42,100,2025-11-20 13:55:37.168988
S0388,QZ_ML ,ML Basics,36,100,2025-10-17 13:55:37.168988
S0388,QZ_ML ,ML Basics,80,100,2025-08-25 13:55:37.168988
S0388,QZ_ML ,ML Basics,80,100,2025-09-06 13:55:37.168988
S0388,QZ_DEE,Deep Learning,35,100,2026-01-10 13:55:37.168988
S0388,QZ_DEE,Deep Learning,25,100,2025-10-31 13:55:37.168988
S0388,QZ_DEE,Deep Learning,71,100,2025-10-28 13:55:37.168988
S0388,QZ_DEE,Deep Learning,73,100,2025-12-19 13:55:37.168988
S0388,QZ_NLP,NLP,45,100,2025-09-28 13:55:37.168988
S0388,QZ_NLP,NLP,91,100,2026-01-15 13:55:37.168988
S0388,QZ_NLP,NLP,94,100,2025-10-18 13:55:37.168988
S0388,QZ_COM,Computer Vision,87,100,2025-12-06 13:55:37.168988
S0388,QZ_COM,Computer Vision,41,100,2025-11-08 13:55:37.168988
S0388,QZ_COM,Computer Vision,86,100,2025-11-13 13:55:37.168988
S0388,QZ_COM,Computer Vision,71,100,2025-10-27 13:55:37.168988
S0388,QZ_OPT,Optimization,32,100,2025-07-27 13:55:37.168988
S0388,QZ_OPT,Optimization,81,100,2025-10-16 13:55:37.168988
S0388,QZ_OPT,Optimization,90,100,2025-07-28 13:55:37.168988
S0388,QZ_OPT,Optimization,79,100,2025-08-29 13:55:37.168988
S0389,QZ_LIN,Linear Algebra,50,100,2025-08-16 13:55:37.168988
S0389,QZ_LIN,Linear Algebra,39,100,2025-08-25 13:55:37.168988
S0389,QZ_LIN,Linear Algebra,33,100,2025-09-21 13:55:37.168988
S0389,QZ_LIN,Linear Algebra,87,100,2025-07-26 13:55:37.168988
S0389,QZ_PRO,Probability,29,100,2025-12-22 13:55:37.168988
S0389,QZ_PRO,Probability,61,100,2025-07-31 13:55:37.168988
S0389,QZ_PRO,Probability,66,100,2025-11-13 13:55:37.168988
S0389,QZ_PRO,Probability,77,100,2025-12-20 13:55:37.168988
S0389,QZ_STA,Statistics,29,100,2025-08-09 13:55:37.168988
S0389,QZ_STA,Statistics,43,100,2025-10-16 13:55:37.168988
S0389,QZ_ML ,ML Basics,52,100,2025-07-30 13:55:37.168988
S0389,QZ_ML ,ML Basics,87,100,2025-10-22 13:55:37.168988
S0389,QZ_DEE,Deep Learning,60,100,2025-10-02 13:55:37.168988
S0389,QZ_DEE,Deep Learning,99,100,2025-10-02 13:55:37.168988
S0389,QZ_DEE,Deep Learning,43,100,2025-11-05 13:55:37.168988
S0389,QZ_NLP,NLP,57,100,2026-01-14 13:55:37.168988
S0389,QZ_NLP,NLP,28,100,2026-01-14 13:55:37.168988
S0389,QZ_NLP,NLP,88,100,2025-09-28 13:55:37.168988
S0389,QZ_COM,Computer Vision,41,100,2025-11-02 13:55:37.168988
S0389,QZ_COM,Computer Vision,59,100,2025-08-18 13:55:37.168988
S0389,QZ_COM,Computer Vision,30,100,2025-11-24 13:55:37.168988
S0389,QZ_COM,Computer Vision,71,100,2025-11-06 13:55:37.168988
S0389,QZ_OPT,Optimization,54,100,2025-10-07 13:55:37.168988
S0389,QZ_OPT,Optimization,58,100,2025-10-07 13:55:37.168988
S0389,QZ_OPT,Optimization,45,100,2025-09-23 13:55:37.168988
S0389,QZ_OPT,Optimization,40,100,2025-07-26 13:55:37.168988
S0390,QZ_LIN,Linear Algebra,50,100,2025-08-16 13:55:37.168988
S0390,QZ_LIN,Linear Algebra,54,100,2025-08-12 13:55:37.168988
S0390,QZ_PRO,Probability,87,100,2025-09-01 13:55:37.168988
S0390,QZ_PRO,Probability,63,100,2025-12-19 13:55:37.168988
S0390,QZ_PRO,Probability,30,100,2026-01-09 13:55:37.168988
S0390,QZ_STA,Statistics,77,100,2025-10-20 13:55:37.168988
S0390,QZ_STA,Statistics,38,100,2025-09-12 13:55:37.168988
S0390,QZ_STA,Statistics,75,100,2026-01-01 13:55:37.168988
S0390,QZ_STA,Statistics,77,100,2025-12-05 13:55:37.168988
S0390,QZ_ML ,ML Basics,68,100,2025-09-29 13:55:37.168988
S0390,QZ_ML ,ML Basics,27,100,2026-01-06 13:55:37.168988
S0390,QZ_ML ,ML Basics,46,100,2025-09-03 13:55:37.168988
S0390,QZ_ML ,ML Basics,31,100,2025-08-04 13:55:37.168988
S0390,QZ_DEE,Deep Learning,70,100,2025-08-07 13:55:37.168988
S0390,QZ_DEE,Deep Learning,69,100,2025-08-13 13:55:37.168988
S0390,QZ_DEE,Deep Learning,48,100,2025-12-28 13:55:37.168988
S0390,QZ_NLP,NLP,55,100,2025-09-03 13:55:37.168988
S0390,QZ_NLP,NLP,70,100,2025-08-04 13:55:37.168988
S0390,QZ_COM,Computer Vision,57,100,2025-08-29 13:55:37.168988
S0390,QZ_COM,Computer Vision,35,100,2025-09-23 13:55:37.168988
S0390,QZ_COM,Computer Vision,63,100,2025-09-21 13:55:37.168988
S0390,QZ_COM,Computer Vision,27,100,2025-10-05 13:55:37.168988
S0390,QZ_OPT,Optimization,96,100,2025-12-08 13:55:37.168988
S0390,QZ_OPT,Optimization,61,100,2025-10-20 13:55:37.168988
S0390,QZ_OPT,Optimization,82,100,2025-10-06 13:55:37.168988
S0391,QZ_LIN,Linear Algebra,67,100,2025-12-04 13:55:37.168988
S0391,QZ_LIN,Linear Algebra,51,100,2025-10-25 13:55:37.168988
S0391,QZ_LIN,Linear Algebra,43,100,2025-09-30 13:55:37.168988
S0391,QZ_LIN,Linear Algebra,84,100,2026-01-05 13:55:37.168988
S0391,QZ_PRO,Probability,65,100,2025-09-01 13:55:37.168988
S0391,QZ_PRO,Probability,96,100,2025-12-18 13:55:37.168988
S0391,QZ_PRO,Probability,91,100,2025-09-25 13:55:37.168988
S0391,QZ_STA,Statistics,68,100,2025-11-22 13:55:37.168988
S0391,QZ_STA,Statistics,31,100,2025-11-06 13:55:37.168988
S0391,QZ_STA,Statistics,89,100,2025-12-24 13:55:37.168988
S0391,QZ_ML ,ML Basics,48,100,2025-09-06 13:55:37.168988
S0391,QZ_ML ,ML Basics,98,100,2025-08-22 13:55:37.168988
S0391,QZ_ML ,ML Basics,49,100,2025-09-10 13:55:37.168988
S0391,QZ_DEE,Deep Learning,43,100,2025-12-26 13:55:37.168988
S0391,QZ_DEE,Deep Learning,85,100,2025-12-15 13:55:37.168988
S0391,QZ_DEE,Deep Learning,41,100,2026-01-03 13:55:37.168988
S0391,QZ_NLP,NLP,95,100,2025-10-04 13:55:37.168988
S0391,QZ_NLP,NLP,93,100,2025-08-03 13:55:37.168988
S0391,QZ_NLP,NLP,60,100,2025-08-30 13:55:37.168988
S0391,QZ_NLP,NLP,85,100,2025-09-27 13:55:37.168988
S0391,QZ_COM,Computer Vision,60,100,2025-10-09 13:55:37.168988
S0391,QZ_COM,Computer Vision,49,100,2026-01-03 13:55:37.168988
S0391,QZ_COM,Computer Vision,45,100,2025-08-24 13:55:37.168988
S0391,QZ_COM,Computer Vision,72,100,2025-07-23 13:55:37.168988
S0391,QZ_OPT,Optimization,48,100,2025-12-31 13:55:37.168988
S0391,QZ_OPT,Optimization,31,100,2025-11-26 13:55:37.168988
S0391,QZ_OPT,Optimization,44,100,2025-11-05 13:55:37.168988
S0392,QZ_LIN,Linear Algebra,43,100,2025-07-27 13:55:37.168988
S0392,QZ_LIN,Linear Algebra,50,100,2025-11-09 13:55:37.168988
S0392,QZ_LIN,Linear Algebra,74,100,2026-01-05 13:55:37.168988
S0392,QZ_LIN,Linear Algebra,66,100,2025-11-09 13:55:37.168988
S0392,QZ_PRO,Probability,37,100,2025-11-17 13:55:37.168988
S0392,QZ_PRO,Probability,90,100,2025-07-31 13:55:37.168988
S0392,QZ_PRO,Probability,63,100,2026-01-10 13:55:37.168988
S0392,QZ_STA,Statistics,68,100,2025-11-30 13:55:37.168988
S0392,QZ_STA,Statistics,78,100,2025-12-12 13:55:37.168988
S0392,QZ_ML ,ML Basics,47,100,2025-11-12 13:55:37.168988
S0392,QZ_ML ,ML Basics,93,100,2025-12-24 13:55:37.168988
S0392,QZ_ML ,ML Basics,46,100,2025-12-20 13:55:37.168988
S0392,QZ_DEE,Deep Learning,56,100,2025-08-07 13:55:37.168988
S0392,QZ_DEE,Deep Learning,94,100,2026-01-06 13:55:37.168988
S0392,QZ_DEE,Deep Learning,86,100,2025-09-14 13:55:37.168988
S0392,QZ_DEE,Deep Learning,26,100,2025-09-28 13:55:37.168988
S0392,QZ_NLP,NLP,76,100,2025-08-03 13:55:37.168988
S0392,QZ_NLP,NLP,57,100,2025-09-18 13:55:37.168988
S0392,QZ_NLP,NLP,53,100,2025-08-10 13:55:37.168988
S0392,QZ_NLP,NLP,72,100,2025-09-18 13:55:37.168988
S0392,QZ_COM,Computer Vision,66,100,2026-01-15 13:55:37.168988
S0392,QZ_COM,Computer Vision,72,100,2025-10-06 13:55:37.168988
S0392,QZ_COM,Computer Vision,62,100,2025-09-30 13:55:37.168988
S0392,QZ_OPT,Optimization,54,100,2025-08-05 13:55:37.168988
S0392,QZ_OPT,Optimization,56,100,2025-09-09 13:55:37.168988
S0392,QZ_OPT,Optimization,58,100,2025-11-28 13:55:37.168988
S0392,QZ_OPT,Optimization,61,100,2025-10-06 13:55:37.168988
S0393,QZ_LIN,Linear Algebra,59,100,2025-09-20 13:55:37.168988
S0393,QZ_LIN,Linear Algebra,74,100,2025-10-24 13:55:37.168988
S0393,QZ_PRO,Probability,85,100,2025-09-01 13:55:37.168988
S0393,QZ_PRO,Probability,32,100,2025-09-16 13:55:37.168988
S0393,QZ_STA,Statistics,45,100,2025-10-05 13:55:37.168988
S0393,QZ_STA,Statistics,73,100,2025-07-21 13:55:37.168988
S0393,QZ_ML ,ML Basics,62,100,2025-12-12 13:55:37.168988
S0393,QZ_ML ,ML Basics,31,100,2025-08-20 13:55:37.168988
S0393,QZ_ML ,ML Basics,69,100,2025-09-17 13:55:37.168988
S0393,QZ_DEE,Deep Learning,71,100,2025-11-16 13:55:37.168988
S0393,QZ_DEE,Deep Learning,25,100,2025-11-05 13:55:37.168988
S0393,QZ_DEE,Deep Learning,57,100,2025-09-10 13:55:37.168988
S0393,QZ_DEE,Deep Learning,29,100,2025-12-28 13:55:37.168988
S0393,QZ_NLP,NLP,80,100,2025-08-08 13:55:37.168988
S0393,QZ_NLP,NLP,78,100,2025-10-06 13:55:37.168988
S0393,QZ_COM,Computer Vision,90,100,2025-10-14 13:55:37.168988
S0393,QZ_COM,Computer Vision,60,100,2025-11-21 13:55:37.168988
S0393,QZ_COM,Computer Vision,74,100,2025-12-21 13:55:37.168988
S0393,QZ_COM,Computer Vision,91,100,2025-07-31 13:55:37.168988
S0393,QZ_OPT,Optimization,57,100,2025-10-13 13:55:37.168988
S0393,QZ_OPT,Optimization,50,100,2025-11-29 13:55:37.168988
S0394,QZ_LIN,Linear Algebra,33,100,2025-12-16 13:55:37.168988
S0394,QZ_LIN,Linear Algebra,38,100,2025-09-14 13:55:37.168988
S0394,QZ_LIN,Linear Algebra,56,100,2025-09-10 13:55:37.168988
S0394,QZ_PRO,Probability,63,100,2025-10-22 13:55:37.168988
S0394,QZ_PRO,Probability,30,100,2025-08-03 13:55:37.168988
S0394,QZ_STA,Statistics,91,100,2025-08-13 13:55:37.168988
S0394,QZ_STA,Statistics,40,100,2025-08-12 13:55:37.168988
S0394,QZ_STA,Statistics,45,100,2025-11-03 13:55:37.168988
S0394,QZ_STA,Statistics,92,100,2025-08-11 13:55:37.168988
S0394,QZ_ML ,ML Basics,51,100,2025-10-29 13:55:37.168988
S0394,QZ_ML ,ML Basics,27,100,2025-10-08 13:55:37.168988
S0394,QZ_ML ,ML Basics,52,100,2025-08-28 13:55:37.168988
S0394,QZ_ML ,ML Basics,33,100,2025-09-01 13:55:37.168988
S0394,QZ_DEE,Deep Learning,44,100,2025-07-26 13:55:37.168988
S0394,QZ_DEE,Deep Learning,93,100,2025-12-16 13:55:37.168988
S0394,QZ_NLP,NLP,86,100,2025-12-17 13:55:37.168988
S0394,QZ_NLP,NLP,45,100,2025-09-05 13:55:37.168988
S0394,QZ_NLP,NLP,32,100,2025-08-18 13:55:37.168988
S0394,QZ_NLP,NLP,59,100,2025-10-11 13:55:37.168988
S0394,QZ_COM,Computer Vision,68,100,2025-10-20 13:55:37.168988
S0394,QZ_COM,Computer Vision,52,100,2025-08-05 13:55:37.168988
S0394,QZ_COM,Computer Vision,70,100,2025-11-27 13:55:37.168988
S0394,QZ_OPT,Optimization,58,100,2025-10-09 13:55:37.168988
S0394,QZ_OPT,Optimization,26,100,2026-01-04 13:55:37.168988
S0394,QZ_OPT,Optimization,42,100,2025-09-15 13:55:37.168988
S0395,QZ_LIN,Linear Algebra,30,100,2025-09-04 13:55:37.168988
S0395,QZ_LIN,Linear Algebra,93,100,2025-10-09 13:55:37.168988
S0395,QZ_PRO,Probability,44,100,2025-09-05 13:55:37.168988
S0395,QZ_PRO,Probability,67,100,2025-08-20 13:55:37.168988
S0395,QZ_PRO,Probability,93,100,2026-01-09 13:55:37.168988
S0395,QZ_PRO,Probability,88,100,2025-12-24 13:55:37.168988
S0395,QZ_STA,Statistics,61,100,2025-09-28 13:55:37.168988
S0395,QZ_STA,Statistics,43,100,2025-12-09 13:55:37.168988
S0395,QZ_ML ,ML Basics,26,100,2025-10-02 13:55:37.168988
S0395,QZ_ML ,ML Basics,28,100,2025-12-19 13:55:37.168988
S0395,QZ_ML ,ML Basics,62,100,2025-09-11 13:55:37.168988
S0395,QZ_ML ,ML Basics,40,100,2025-09-20 13:55:37.168988
S0395,QZ_DEE,Deep Learning,56,100,2025-12-25 13:55:37.168988
S0395,QZ_DEE,Deep Learning,45,100,2025-08-23 13:55:37.168988
S0395,QZ_DEE,Deep Learning,94,100,2026-01-02 13:55:37.168988
S0395,QZ_NLP,NLP,68,100,2025-12-29 13:55:37.168988
S0395,QZ_NLP,NLP,39,100,2025-12-24 13:55:37.168988
S0395,QZ_COM,Computer Vision,99,100,2025-11-12 13:55:37.168988
S0395,QZ_COM,Computer Vision,92,100,2025-08-21 13:55:37.168988
S0395,QZ_COM,Computer Vision,35,100,2025-08-16 13:55:37.168988
S0395,QZ_COM,Computer Vision,77,100,2025-07-25 13:55:37.168988
S0395,QZ_OPT,Optimization,88,100,2025-07-29 13:55:37.168988
S0395,QZ_OPT,Optimization,30,100,2025-08-25 13:55:37.168988
S0396,QZ_LIN,Linear Algebra,30,100,2025-07-31 13:55:37.168988
S0396,QZ_LIN,Linear Algebra,31,100,2025-09-19 13:55:37.168988
S0396,QZ_LIN,Linear Algebra,49,100,2026-01-05 13:55:37.168988
S0396,QZ_LIN,Linear Algebra,29,100,2025-10-07 13:55:37.168988
S0396,QZ_PRO,Probability,80,100,2025-11-11 13:55:37.168988
S0396,QZ_PRO,Probability,35,100,2025-09-12 13:55:37.168988
S0396,QZ_PRO,Probability,70,100,2025-08-15 13:55:37.168988
S0396,QZ_STA,Statistics,35,100,2025-10-10 13:55:37.168988
S0396,QZ_STA,Statistics,77,100,2025-12-31 13:55:37.168988
S0396,QZ_ML ,ML Basics,29,100,2025-12-25 13:55:37.168988
S0396,QZ_ML ,ML Basics,62,100,2025-12-11 13:55:37.168988
S0396,QZ_ML ,ML Basics,50,100,2025-08-26 13:55:37.168988
S0396,QZ_DEE,Deep Learning,52,100,2025-10-02 13:55:37.168988
S0396,QZ_DEE,Deep Learning,54,100,2025-10-10 13:55:37.168988
S0396,QZ_DEE,Deep Learning,30,100,2025-12-23 13:55:37.168988
S0396,QZ_DEE,Deep Learning,75,100,2025-09-08 13:55:37.168988
S0396,QZ_NLP,NLP,56,100,2025-10-22 13:55:37.168988
S0396,QZ_NLP,NLP,48,100,2025-10-16 13:55:37.168988
S0396,QZ_NLP,NLP,93,100,2025-09-03 13:55:37.168988
S0396,QZ_NLP,NLP,64,100,2025-07-27 13:55:37.168988
S0396,QZ_COM,Computer Vision,93,100,2025-12-13 13:55:37.168988
S0396,QZ_COM,Computer Vision,90,100,2025-11-06 13:55:37.168988
S0396,QZ_COM,Computer Vision,76,100,2025-08-29 13:55:37.168988
S0396,QZ_OPT,Optimization,91,100,2025-07-29 13:55:37.168988
S0396,QZ_OPT,Optimization,31,100,2026-01-01 13:55:37.168988
S0396,QZ_OPT,Optimization,87,100,2025-08-27 13:55:37.168988
S0397,QZ_LIN,Linear Algebra,28,100,2025-07-30 13:55:37.168988
S0397,QZ_LIN,Linear Algebra,29,100,2025-12-16 13:55:37.168988
S0397,QZ_PRO,Probability,28,100,2025-11-02 13:55:37.168988
S0397,QZ_PRO,Probability,46,100,2025-09-23 13:55:37.168988
S0397,QZ_PRO,Probability,72,100,2025-08-24 13:55:37.168988
S0397,QZ_PRO,Probability,33,100,2025-12-07 13:55:37.168988
S0397,QZ_STA,Statistics,78,100,2026-01-11 13:55:37.168988
S0397,QZ_STA,Statistics,80,100,2025-12-29 13:55:37.168988
S0397,QZ_STA,Statistics,93,100,2025-09-03 13:55:37.168988
S0397,QZ_STA,Statistics,78,100,2025-07-25 13:55:37.168988
S0397,QZ_ML ,ML Basics,85,100,2025-09-26 13:55:37.168988
S0397,QZ_ML ,ML Basics,34,100,2025-08-22 13:55:37.168988
S0397,QZ_DEE,Deep Learning,44,100,2025-11-20 13:55:37.168988
S0397,QZ_DEE,Deep Learning,28,100,2025-08-05 13:55:37.168988
S0397,QZ_DEE,Deep Learning,35,100,2025-12-15 13:55:37.168988
S0397,QZ_NLP,NLP,41,100,2025-10-26 13:55:37.168988
S0397,QZ_NLP,NLP,73,100,2025-09-26 13:55:37.168988
S0397,QZ_NLP,NLP,92,100,2025-11-17 13:55:37.168988
S0397,QZ_NLP,NLP,95,100,2025-09-20 13:55:37.168988
S0397,QZ_COM,Computer Vision,81,100,2025-12-05 13:55:37.168988
S0397,QZ_COM,Computer Vision,56,100,2025-09-16 13:55:37.168988
S0397,QZ_COM,Computer Vision,45,100,2025-12-19 13:55:37.168988
S0397,QZ_COM,Computer Vision,82,100,2025-10-31 13:55:37.168988
S0397,QZ_OPT,Optimization,52,100,2025-10-07 13:55:37.168988
S0397,QZ_OPT,Optimization,58,100,2025-09-22 13:55:37.168988
S0398,QZ_LIN,Linear Algebra,36,100,2025-11-04 13:55:37.168988
S0398,QZ_LIN,Linear Algebra,60,100,2025-07-26 13:55:37.168988
S0398,QZ_LIN,Linear Algebra,42,100,2025-12-21 13:55:37.168988
S0398,QZ_LIN,Linear Algebra,98,100,2025-11-20 13:55:37.168988
S0398,QZ_PRO,Probability,76,100,2025-08-02 13:55:37.168988
S0398,QZ_PRO,Probability,54,100,2026-01-13 13:55:37.168988
S0398,QZ_STA,Statistics,44,100,2025-07-27 13:55:37.168988
S0398,QZ_STA,Statistics,72,100,2025-09-09 13:55:37.168988
S0398,QZ_ML ,ML Basics,30,100,2025-12-17 13:55:37.168988
S0398,QZ_ML ,ML Basics,54,100,2025-12-21 13:55:37.168988
S0398,QZ_ML ,ML Basics,68,100,2025-10-05 13:55:37.168988
S0398,QZ_ML ,ML Basics,95,100,2025-10-19 13:55:37.168988
S0398,QZ_DEE,Deep Learning,86,100,2026-01-10 13:55:37.168988
S0398,QZ_DEE,Deep Learning,49,100,2025-10-27 13:55:37.168988
S0398,QZ_NLP,NLP,31,100,2025-12-14 13:55:37.168988
S0398,QZ_NLP,NLP,57,100,2025-07-28 13:55:37.168988
S0398,QZ_NLP,NLP,72,100,2025-12-08 13:55:37.168988
S0398,QZ_NLP,NLP,88,100,2025-07-31 13:55:37.168988
S0398,QZ_COM,Computer Vision,46,100,2025-07-23 13:55:37.168988
S0398,QZ_COM,Computer Vision,67,100,2025-10-17 13:55:37.168988
S0398,QZ_OPT,Optimization,54,100,2025-07-30 13:55:37.168988
S0398,QZ_OPT,Optimization,61,100,2025-09-06 13:55:37.168988
S0398,QZ_OPT,Optimization,51,100,2025-07-24 13:55:37.168988
S0398,QZ_OPT,Optimization,76,100,2025-11-29 13:55:37.168988
S0399,QZ_LIN,Linear Algebra,46,100,2025-12-15 13:55:37.168988
S0399,QZ_LIN,Linear Algebra,35,100,2025-12-17 13:55:37.168988
S0399,QZ_LIN,Linear Algebra,33,100,2025-09-10 13:55:37.168988
S0399,QZ_PRO,Probability,44,100,2025-12-14 13:55:37.168988
S0399,QZ_PRO,Probability,71,100,2025-10-02 13:55:37.168988
S0399,QZ_PRO,Probability,77,100,2025-10-04 13:55:37.168988
S0399,QZ_PRO,Probability,62,100,2025-10-09 13:55:37.168988
S0399,QZ_STA,Statistics,43,100,2025-10-14 13:55:37.168988
S0399,QZ_STA,Statistics,62,100,2025-10-22 13:55:37.168988
S0399,QZ_STA,Statistics,39,100,2025-10-04 13:55:37.168988
S0399,QZ_ML ,ML Basics,54,100,2026-01-12 13:55:37.168988
S0399,QZ_ML ,ML Basics,73,100,2025-11-19 13:55:37.168988
S0399,QZ_ML ,ML Basics,83,100,2025-10-14 13:55:37.168988
S0399,QZ_ML ,ML Basics,87,100,2025-11-25 13:55:37.168988
S0399,QZ_DEE,Deep Learning,46,100,2025-10-13 13:55:37.168988
S0399,QZ_DEE,Deep Learning,31,100,2025-09-10 13:55:37.168988
S0399,QZ_NLP,NLP,33,100,2026-01-15 13:55:37.168988
S0399,QZ_NLP,NLP,60,100,2025-11-17 13:55:37.168988
S0399,QZ_COM,Computer Vision,52,100,2025-09-17 13:55:37.168988
S0399,QZ_COM,Computer Vision,34,100,2025-08-30 13:55:37.168988
S0399,QZ_COM,Computer Vision,62,100,2025-11-11 13:55:37.168988
S0399,QZ_COM,Computer Vision,66,100,2025-08-26 13:55:37.168988
S0399,QZ_OPT,Optimization,77,100,2025-08-17 13:55:37.168988
S0399,QZ_OPT,Optimization,95,100,2025-10-02 13:55:37.168988
S0400,QZ_LIN,Linear Algebra,42,100,2025-08-30 13:55:37.168988
S0400,QZ_LIN,Linear Algebra,36,100,2025-08-04 13:55:37.168988
S0400,QZ_PRO,Probability,58,100,2025-07-29 13:55:37.168988
S0400,QZ_PRO,Probability,45,100,2025-11-20 13:55:37.168988
S0400,QZ_PRO,Probability,37,100,2025-07-26 13:55:37.168988
S0400,QZ_STA,Statistics,46,100,2025-10-07 13:55:37.168988
S0400,QZ_STA,Statistics,49,100,2025-08-20 13:55:37.168988
S0400,QZ_STA,Statistics,96,100,2025-09-28 13:55:37.168988
S0400,QZ_ML ,ML Basics,83,100,2025-09-04 13:55:37.168988
S0400,QZ_ML ,ML Basics,96,100,2025-08-13 13:55:37.168988
S0400,QZ_ML ,ML Basics,38,100,2025-11-25 13:55:37.168988
S0400,QZ_DEE,Deep Learning,60,100,2025-12-26 13:55:37.168988
S0400,QZ_DEE,Deep Learning,25,100,2025-11-13 13:55:37.168988
S0400,QZ_DEE,Deep Learning,44,100,2025-08-16 13:55:37.168988
S0400,QZ_NLP,NLP,34,100,2025-08-11 13:55:37.168988
S0400,QZ_NLP,NLP,56,100,2025-11-08 13:55:37.168988
S0400,QZ_COM,Computer Vision,33,100,2025-09-25 13:55:37.168988
S0400,QZ_COM,Computer Vision,49,100,2025-09-09 13:55:37.168988
S0400,QZ_COM,Computer Vision,66,100,2025-09-20 13:55:37.168988
S0400,QZ_COM,Computer Vision,65,100,2025-09-16 13:55:37.168988
S0400,QZ_OPT,Optimization,51,100,2025-11-23 13:55:37.168988
S0400,QZ_OPT,Optimization,36,100,2025-08-08 13:55:37.168988
S0400,QZ_OPT,Optimization,78,100,2025-10-31 13:55:37.168988
S0400,QZ_OPT,Optimization,27,100,2025-10-28 13:55:37.168988
S0401,QZ_LIN,Linear Algebra,51,100,2025-11-29 13:55:37.168988
S0401,QZ_LIN,Linear Algebra,65,100,2025-07-31 13:55:37.168988
S0401,QZ_PRO,Probability,64,100,2025-08-11 13:55:37.168988
S0401,QZ_PRO,Probability,84,100,2025-08-10 13:55:37.168988
S0401,QZ_PRO,Probability,59,100,2026-01-07 13:55:37.168988
S0401,QZ_PRO,Probability,80,100,2025-12-20 13:55:37.168988
S0401,QZ_STA,Statistics,85,100,2025-10-09 13:55:37.168988
S0401,QZ_STA,Statistics,39,100,2025-07-28 13:55:37.168988
S0401,QZ_STA,Statistics,55,100,2025-12-18 13:55:37.168988
S0401,QZ_ML ,ML Basics,27,100,2025-09-12 13:55:37.168988
S0401,QZ_ML ,ML Basics,97,100,2025-08-22 13:55:37.168988
S0401,QZ_ML ,ML Basics,50,100,2025-11-04 13:55:37.168988
S0401,QZ_DEE,Deep Learning,61,100,2025-12-11 13:55:37.168988
S0401,QZ_DEE,Deep Learning,40,100,2025-08-08 13:55:37.168988
S0401,QZ_DEE,Deep Learning,58,100,2025-08-28 13:55:37.168988
S0401,QZ_DEE,Deep Learning,39,100,2025-12-16 13:55:37.168988
S0401,QZ_NLP,NLP,77,100,2025-09-10 13:55:37.168988
S0401,QZ_NLP,NLP,35,100,2026-01-13 13:55:37.168988
S0401,QZ_NLP,NLP,28,100,2026-01-03 13:55:37.168988
S0401,QZ_NLP,NLP,55,100,2025-12-23 13:55:37.168988
S0401,QZ_COM,Computer Vision,80,100,2026-01-12 13:55:37.168988
S0401,QZ_COM,Computer Vision,46,100,2025-09-25 13:55:37.168988
S0401,QZ_COM,Computer Vision,39,100,2025-10-10 13:55:37.168988
S0401,QZ_OPT,Optimization,42,100,2025-11-01 13:55:37.168988
S0401,QZ_OPT,Optimization,57,100,2025-12-20 13:55:37.168988
S0402,QZ_LIN,Linear Algebra,75,100,2025-09-06 13:55:37.168988
S0402,QZ_LIN,Linear Algebra,37,100,2025-09-09 13:55:37.168988
S0402,QZ_LIN,Linear Algebra,70,100,2025-12-20 13:55:37.168988
S0402,QZ_LIN,Linear Algebra,78,100,2025-09-06 13:55:37.168988
S0402,QZ_PRO,Probability,37,100,2025-08-19 13:55:37.168988
S0402,QZ_PRO,Probability,80,100,2025-09-16 13:55:37.168988
S0402,QZ_PRO,Probability,26,100,2025-08-29 13:55:37.168988
S0402,QZ_STA,Statistics,44,100,2025-08-23 13:55:37.168988
S0402,QZ_STA,Statistics,46,100,2025-10-06 13:55:37.168988
S0402,QZ_ML ,ML Basics,40,100,2025-12-07 13:55:37.168988
S0402,QZ_ML ,ML Basics,54,100,2025-12-25 13:55:37.168988
S0402,QZ_ML ,ML Basics,80,100,2025-07-29 13:55:37.168988
S0402,QZ_ML ,ML Basics,85,100,2025-11-12 13:55:37.168988
S0402,QZ_DEE,Deep Learning,81,100,2025-11-15 13:55:37.168988
S0402,QZ_DEE,Deep Learning,95,100,2025-09-17 13:55:37.168988
S0402,QZ_DEE,Deep Learning,95,100,2025-09-18 13:55:37.168988
S0402,QZ_DEE,Deep Learning,50,100,2025-12-05 13:55:37.168988
S0402,QZ_NLP,NLP,72,100,2025-11-27 13:55:37.168988
S0402,QZ_NLP,NLP,61,100,2025-07-27 13:55:37.168988
S0402,QZ_NLP,NLP,66,100,2025-07-23 13:55:37.168988
S0402,QZ_NLP,NLP,74,100,2025-09-11 13:55:37.168988
S0402,QZ_COM,Computer Vision,70,100,2026-01-15 13:55:37.168988
S0402,QZ_COM,Computer Vision,26,100,2025-12-11 13:55:37.168988
S0402,QZ_COM,Computer Vision,61,100,2025-08-23 13:55:37.168988
S0402,QZ_COM,Computer Vision,60,100,2025-07-30 13:55:37.168988
S0402,QZ_OPT,Optimization,51,100,2026-01-14 13:55:37.168988
S0402,QZ_OPT,Optimization,68,100,2025-08-09 13:55:37.168988
S0402,QZ_OPT,Optimization,39,100,2025-11-28 13:55:37.168988
S0402,QZ_OPT,Optimization,36,100,2025-07-26 13:55:37.168988
S0403,QZ_LIN,Linear Algebra,93,100,2025-10-24 13:55:37.168988
S0403,QZ_LIN,Linear Algebra,75,100,2025-08-13 13:55:37.168988
S0403,QZ_PRO,Probability,36,100,2025-12-21 13:55:37.168988
S0403,QZ_PRO,Probability,34,100,2025-08-12 13:55:37.168988
S0403,QZ_STA,Statistics,50,100,2025-08-23 13:55:37.168988
S0403,QZ_STA,Statistics,77,100,2025-12-14 13:55:37.168988
S0403,QZ_STA,Statistics,92,100,2025-12-31 13:55:37.168988
S0403,QZ_ML ,ML Basics,37,100,2025-11-14 13:55:37.168988
S0403,QZ_ML ,ML Basics,77,100,2025-08-06 13:55:37.168988
S0403,QZ_DEE,Deep Learning,61,100,2025-08-20 13:55:37.168988
S0403,QZ_DEE,Deep Learning,56,100,2025-08-28 13:55:37.168988
S0403,QZ_NLP,NLP,32,100,2025-08-18 13:55:37.168988
S0403,QZ_NLP,NLP,25,100,2025-08-01 13:55:37.168988
S0403,QZ_NLP,NLP,84,100,2025-10-11 13:55:37.168988
S0403,QZ_COM,Computer Vision,82,100,2025-08-11 13:55:37.168988
S0403,QZ_COM,Computer Vision,58,100,2025-08-15 13:55:37.168988
S0403,QZ_COM,Computer Vision,48,100,2025-10-23 13:55:37.168988
S0403,QZ_COM,Computer Vision,79,100,2025-07-27 13:55:37.168988
S0403,QZ_OPT,Optimization,71,100,2025-09-03 13:55:37.168988
S0403,QZ_OPT,Optimization,96,100,2025-12-22 13:55:37.168988
S0403,QZ_OPT,Optimization,89,100,2025-09-16 13:55:37.168988
S0404,QZ_LIN,Linear Algebra,90,100,2025-08-20 13:55:37.168988
S0404,QZ_LIN,Linear Algebra,55,100,2025-10-14 13:55:37.168988
S0404,QZ_LIN,Linear Algebra,53,100,2025-08-28 13:55:37.168988
S0404,QZ_LIN,Linear Algebra,56,100,2025-11-22 13:55:37.168988
S0404,QZ_PRO,Probability,44,100,2025-08-12 13:55:37.168988
S0404,QZ_PRO,Probability,53,100,2025-11-26 13:55:37.168988
S0404,QZ_PRO,Probability,55,100,2025-12-29 13:55:37.168988
S0404,QZ_PRO,Probability,70,100,2025-10-09 13:55:37.168988
S0404,QZ_STA,Statistics,40,100,2025-08-08 13:55:37.168988
S0404,QZ_STA,Statistics,41,100,2025-07-29 13:55:37.168988
S0404,QZ_STA,Statistics,89,100,2025-07-23 13:55:37.168988
S0404,QZ_ML ,ML Basics,48,100,2025-09-29 13:55:37.168988
S0404,QZ_ML ,ML Basics,79,100,2025-09-19 13:55:37.168988
S0404,QZ_DEE,Deep Learning,73,100,2025-09-21 13:55:37.168988
S0404,QZ_DEE,Deep Learning,83,100,2025-09-27 13:55:37.168988
S0404,QZ_NLP,NLP,73,100,2025-10-13 13:55:37.168988
S0404,QZ_NLP,NLP,61,100,2025-11-06 13:55:37.168988
S0404,QZ_COM,Computer Vision,27,100,2025-10-19 13:55:37.168988
S0404,QZ_COM,Computer Vision,77,100,2025-12-09 13:55:37.168988
S0404,QZ_COM,Computer Vision,42,100,2025-08-19 13:55:37.168988
S0404,QZ_OPT,Optimization,65,100,2025-08-27 13:55:37.168988
S0404,QZ_OPT,Optimization,38,100,2025-09-16 13:55:37.168988
S0404,QZ_OPT,Optimization,38,100,2025-10-10 13:55:37.168988
S0404,QZ_OPT,Optimization,96,100,2025-08-21 13:55:37.168988
S0405,QZ_LIN,Linear Algebra,68,100,2026-01-11 13:55:37.168988
S0405,QZ_LIN,Linear Algebra,29,100,2026-01-04 13:55:37.168988
S0405,QZ_LIN,Linear Algebra,87,100,2025-12-25 13:55:37.168988
S0405,QZ_LIN,Linear Algebra,45,100,2025-12-09 13:55:37.168988
S0405,QZ_PRO,Probability,56,100,2026-01-11 13:55:37.168988
S0405,QZ_PRO,Probability,31,100,2025-12-27 13:55:37.168988
S0405,QZ_PRO,Probability,88,100,2025-09-15 13:55:37.168988
S0405,QZ_PRO,Probability,25,100,2025-08-15 13:55:37.168988
S0405,QZ_STA,Statistics,72,100,2025-08-07 13:55:37.168988
S0405,QZ_STA,Statistics,82,100,2026-01-04 13:55:37.168988
S0405,QZ_ML ,ML Basics,29,100,2025-09-30 13:55:37.168988
S0405,QZ_ML ,ML Basics,48,100,2025-08-09 13:55:37.168988
S0405,QZ_ML ,ML Basics,31,100,2025-09-07 13:55:37.168988
S0405,QZ_DEE,Deep Learning,26,100,2025-08-11 13:55:37.168988
S0405,QZ_DEE,Deep Learning,26,100,2025-09-17 13:55:37.168988
S0405,QZ_NLP,NLP,49,100,2026-01-11 13:55:37.168988
S0405,QZ_NLP,NLP,86,100,2025-10-16 13:55:37.168988
S0405,QZ_NLP,NLP,41,100,2025-08-31 13:55:37.168988
S0405,QZ_COM,Computer Vision,92,100,2026-01-13 13:55:37.168988
S0405,QZ_COM,Computer Vision,71,100,2025-11-09 13:55:37.168988
S0405,QZ_OPT,Optimization,95,100,2025-09-30 13:55:37.168988
S0405,QZ_OPT,Optimization,85,100,2025-10-15 13:55:37.168988
S0405,QZ_OPT,Optimization,80,100,2025-07-27 13:55:37.168988
S0405,QZ_OPT,Optimization,74,100,2025-12-02 13:55:37.168988
S0406,QZ_LIN,Linear Algebra,94,100,2025-09-28 13:55:37.168988
S0406,QZ_LIN,Linear Algebra,47,100,2025-09-18 13:55:37.168988
S0406,QZ_PRO,Probability,88,100,2025-09-29 13:55:37.168988
S0406,QZ_PRO,Probability,31,100,2025-12-11 13:55:37.168988
S0406,QZ_STA,Statistics,54,100,2025-08-31 13:55:37.168988
S0406,QZ_STA,Statistics,44,100,2025-12-09 13:55:37.168988
S0406,QZ_ML ,ML Basics,96,100,2025-09-02 13:55:37.168988
S0406,QZ_ML ,ML Basics,77,100,2025-08-12 13:55:37.168988
S0406,QZ_DEE,Deep Learning,66,100,2025-08-14 13:55:37.168988
S0406,QZ_DEE,Deep Learning,65,100,2025-07-21 13:55:37.168988
S0406,QZ_DEE,Deep Learning,85,100,2025-10-05 13:55:37.168988
S0406,QZ_NLP,NLP,80,100,2025-07-26 13:55:37.168988
S0406,QZ_NLP,NLP,96,100,2025-12-25 13:55:37.168988
S0406,QZ_NLP,NLP,29,100,2026-01-05 13:55:37.168988
S0406,QZ_COM,Computer Vision,65,100,2025-11-07 13:55:37.168988
S0406,QZ_COM,Computer Vision,32,100,2025-11-17 13:55:37.168988
S0406,QZ_OPT,Optimization,52,100,2025-08-27 13:55:37.168988
S0406,QZ_OPT,Optimization,55,100,2025-07-29 13:55:37.168988
S0406,QZ_OPT,Optimization,76,100,2025-10-04 13:55:37.168988
S0407,QZ_LIN,Linear Algebra,98,100,2025-09-20 13:55:37.168988
S0407,QZ_LIN,Linear Algebra,94,100,2026-01-06 13:55:37.168988
S0407,QZ_LIN,Linear Algebra,77,100,2025-07-21 13:55:37.168988
S0407,QZ_PRO,Probability,35,100,2025-11-24 13:55:37.168988
S0407,QZ_PRO,Probability,58,100,2025-09-15 13:55:37.168988
S0407,QZ_STA,Statistics,42,100,2026-01-16 13:55:37.168988
S0407,QZ_STA,Statistics,90,100,2025-10-31 13:55:37.168988
S0407,QZ_STA,Statistics,69,100,2025-11-22 13:55:37.168988
S0407,QZ_STA,Statistics,97,100,2025-12-10 13:55:37.168988
S0407,QZ_ML ,ML Basics,50,100,2025-09-14 13:55:37.168988
S0407,QZ_ML ,ML Basics,96,100,2025-11-26 13:55:37.168988
S0407,QZ_DEE,Deep Learning,95,100,2025-11-14 13:55:37.168988
S0407,QZ_DEE,Deep Learning,96,100,2025-12-09 13:55:37.168988
S0407,QZ_NLP,NLP,83,100,2025-11-09 13:55:37.168988
S0407,QZ_NLP,NLP,89,100,2026-01-04 13:55:37.168988
S0407,QZ_NLP,NLP,96,100,2025-08-14 13:55:37.168988
S0407,QZ_COM,Computer Vision,45,100,2025-10-10 13:55:37.168988
S0407,QZ_COM,Computer Vision,70,100,2025-09-25 13:55:37.168988
S0407,QZ_OPT,Optimization,64,100,2025-12-25 13:55:37.168988
S0407,QZ_OPT,Optimization,73,100,2025-09-27 13:55:37.168988
S0407,QZ_OPT,Optimization,73,100,2025-07-24 13:55:37.168988
S0407,QZ_OPT,Optimization,35,100,2025-11-26 13:55:37.168988
S0408,QZ_LIN,Linear Algebra,69,100,2025-12-07 13:55:37.168988
S0408,QZ_LIN,Linear Algebra,83,100,2025-09-04 13:55:37.168988
S0408,QZ_LIN,Linear Algebra,25,100,2025-10-29 13:55:37.168988
S0408,QZ_LIN,Linear Algebra,37,100,2025-11-09 13:55:37.168988
S0408,QZ_PRO,Probability,25,100,2025-11-18 13:55:37.168988
S0408,QZ_PRO,Probability,48,100,2025-08-09 13:55:37.168988
S0408,QZ_PRO,Probability,49,100,2025-12-29 13:55:37.168988
S0408,QZ_PRO,Probability,73,100,2026-01-10 13:55:37.168988
S0408,QZ_STA,Statistics,92,100,2025-08-27 13:55:37.168988
S0408,QZ_STA,Statistics,68,100,2025-10-05 13:55:37.168988
S0408,QZ_ML ,ML Basics,39,100,2025-12-14 13:55:37.168988
S0408,QZ_ML ,ML Basics,73,100,2025-10-29 13:55:37.168988
S0408,QZ_DEE,Deep Learning,65,100,2025-12-28 13:55:37.168988
S0408,QZ_DEE,Deep Learning,70,100,2025-12-24 13:55:37.168988
S0408,QZ_DEE,Deep Learning,56,100,2026-01-06 13:55:37.168988
S0408,QZ_NLP,NLP,33,100,2025-10-14 13:55:37.168988
S0408,QZ_NLP,NLP,77,100,2025-12-28 13:55:37.168988
S0408,QZ_NLP,NLP,92,100,2025-08-30 13:55:37.168988
S0408,QZ_COM,Computer Vision,64,100,2026-01-05 13:55:37.168988
S0408,QZ_COM,Computer Vision,55,100,2025-09-29 13:55:37.168988
S0408,QZ_COM,Computer Vision,88,100,2025-11-27 13:55:37.168988
S0408,QZ_COM,Computer Vision,55,100,2025-09-27 13:55:37.168988
S0408,QZ_OPT,Optimization,37,100,2025-09-26 13:55:37.168988
S0408,QZ_OPT,Optimization,89,100,2025-10-13 13:55:37.168988
S0409,QZ_LIN,Linear Algebra,30,100,2026-01-08 13:55:37.168988
S0409,QZ_LIN,Linear Algebra,83,100,2025-09-12 13:55:37.168988
S0409,QZ_LIN,Linear Algebra,74,100,2025-10-20 13:55:37.168988
S0409,QZ_PRO,Probability,81,100,2025-12-21 13:55:37.168988
S0409,QZ_PRO,Probability,58,100,2025-12-12 13:55:37.168988
S0409,QZ_PRO,Probability,71,100,2025-10-28 13:55:37.168988
S0409,QZ_STA,Statistics,58,100,2026-01-06 13:55:37.168988
S0409,QZ_STA,Statistics,30,100,2026-01-02 13:55:37.168988
S0409,QZ_ML ,ML Basics,56,100,2025-09-20 13:55:37.168988
S0409,QZ_ML ,ML Basics,95,100,2025-07-22 13:55:37.168988
S0409,QZ_ML ,ML Basics,36,100,2025-11-06 13:55:37.168988
S0409,QZ_ML ,ML Basics,26,100,2025-10-09 13:55:37.168988
S0409,QZ_DEE,Deep Learning,61,100,2025-09-16 13:55:37.168988
S0409,QZ_DEE,Deep Learning,53,100,2025-08-25 13:55:37.168988
S0409,QZ_DEE,Deep Learning,73,100,2025-12-01 13:55:37.168988
S0409,QZ_NLP,NLP,37,100,2025-10-12 13:55:37.168988
S0409,QZ_NLP,NLP,60,100,2025-09-17 13:55:37.168988
S0409,QZ_NLP,NLP,53,100,2025-12-13 13:55:37.168988
S0409,QZ_COM,Computer Vision,79,100,2025-07-21 13:55:37.168988
S0409,QZ_COM,Computer Vision,25,100,2025-12-11 13:55:37.168988
S0409,QZ_COM,Computer Vision,62,100,2025-11-14 13:55:37.168988
S0409,QZ_OPT,Optimization,69,100,2026-01-15 13:55:37.168988
S0409,QZ_OPT,Optimization,90,100,2025-09-07 13:55:37.168988
S0409,QZ_OPT,Optimization,55,100,2025-11-06 13:55:37.168988
S0410,QZ_LIN,Linear Algebra,78,100,2025-07-21 13:55:37.168988
S0410,QZ_LIN,Linear Algebra,32,100,2025-10-20 13:55:37.168988
S0410,QZ_LIN,Linear Algebra,86,100,2025-09-28 13:55:37.168988
S0410,QZ_PRO,Probability,77,100,2025-08-23 13:55:37.168988
S0410,QZ_PRO,Probability,71,100,2025-08-22 13:55:37.168988
S0410,QZ_PRO,Probability,91,100,2025-11-03 13:55:37.168988
S0410,QZ_PRO,Probability,49,100,2025-11-01 13:55:37.168988
S0410,QZ_STA,Statistics,98,100,2026-01-08 13:55:37.168988
S0410,QZ_STA,Statistics,83,100,2025-12-23 13:55:37.168988
S0410,QZ_STA,Statistics,81,100,2025-07-23 13:55:37.168988
S0410,QZ_STA,Statistics,76,100,2025-10-07 13:55:37.168988
S0410,QZ_ML ,ML Basics,74,100,2025-10-18 13:55:37.168988
S0410,QZ_ML ,ML Basics,39,100,2025-10-27 13:55:37.168988
S0410,QZ_DEE,Deep Learning,57,100,2025-11-04 13:55:37.168988
S0410,QZ_DEE,Deep Learning,34,100,2025-08-13 13:55:37.168988
S0410,QZ_DEE,Deep Learning,48,100,2025-12-18 13:55:37.168988
S0410,QZ_NLP,NLP,54,100,2025-12-06 13:55:37.168988
S0410,QZ_NLP,NLP,61,100,2025-09-29 13:55:37.168988
S0410,QZ_COM,Computer Vision,71,100,2025-08-12 13:55:37.168988
S0410,QZ_COM,Computer Vision,42,100,2025-10-28 13:55:37.168988
S0410,QZ_COM,Computer Vision,40,100,2025-09-03 13:55:37.168988
S0410,QZ_OPT,Optimization,30,100,2025-09-11 13:55:37.168988
S0410,QZ_OPT,Optimization,42,100,2025-10-18 13:55:37.168988
S0410,QZ_OPT,Optimization,98,100,2025-11-30 13:55:37.168988
S0410,QZ_OPT,Optimization,54,100,2025-12-23 13:55:37.168988
S0411,QZ_LIN,Linear Algebra,75,100,2025-10-10 13:55:37.168988
S0411,QZ_LIN,Linear Algebra,77,100,2025-10-29 13:55:37.168988
S0411,QZ_PRO,Probability,59,100,2025-08-21 13:55:37.168988
S0411,QZ_PRO,Probability,93,100,2025-10-10 13:55:37.168988
S0411,QZ_PRO,Probability,63,100,2025-08-08 13:55:37.168988
S0411,QZ_STA,Statistics,46,100,2025-10-18 13:55:37.168988
S0411,QZ_STA,Statistics,77,100,2025-12-25 13:55:37.168988
S0411,QZ_STA,Statistics,42,100,2025-09-27 13:55:37.168988
S0411,QZ_ML ,ML Basics,59,100,2025-10-09 13:55:37.168988
S0411,QZ_ML ,ML Basics,42,100,2025-11-13 13:55:37.168988
S0411,QZ_ML ,ML Basics,30,100,2025-11-03 13:55:37.168988
S0411,QZ_ML ,ML Basics,49,100,2025-11-07 13:55:37.168988
S0411,QZ_DEE,Deep Learning,53,100,2025-08-19 13:55:37.168988
S0411,QZ_DEE,Deep Learning,67,100,2025-07-29 13:55:37.168988
S0411,QZ_DEE,Deep Learning,63,100,2025-11-11 13:55:37.168988
S0411,QZ_DEE,Deep Learning,78,100,2025-07-26 13:55:37.168988
S0411,QZ_NLP,NLP,68,100,2025-10-17 13:55:37.168988
S0411,QZ_NLP,NLP,65,100,2025-08-21 13:55:37.168988
S0411,QZ_NLP,NLP,90,100,2025-09-25 13:55:37.168988
S0411,QZ_NLP,NLP,40,100,2025-09-01 13:55:37.168988
S0411,QZ_COM,Computer Vision,78,100,2025-08-08 13:55:37.168988
S0411,QZ_COM,Computer Vision,62,100,2025-09-13 13:55:37.168988
S0411,QZ_OPT,Optimization,86,100,2025-08-20 13:55:37.168988
S0411,QZ_OPT,Optimization,36,100,2025-11-08 13:55:37.168988
S0411,QZ_OPT,Optimization,76,100,2025-12-25 13:55:37.168988
S0411,QZ_OPT,Optimization,27,100,2025-07-22 13:55:37.168988
S0412,QZ_LIN,Linear Algebra,65,100,2025-11-21 13:55:37.168988
S0412,QZ_LIN,Linear Algebra,26,100,2025-08-21 13:55:37.168988
S0412,QZ_LIN,Linear Algebra,65,100,2025-10-18 13:55:37.168988
S0412,QZ_LIN,Linear Algebra,40,100,2025-09-13 13:55:37.168988
S0412,QZ_PRO,Probability,69,100,2026-01-10 13:55:37.168988
S0412,QZ_PRO,Probability,99,100,2025-11-03 13:55:37.168988
S0412,QZ_STA,Statistics,68,100,2025-08-27 13:55:37.168988
S0412,QZ_STA,Statistics,32,100,2025-11-28 13:55:37.168988
S0412,QZ_STA,Statistics,26,100,2025-12-29 13:55:37.168988
S0412,QZ_STA,Statistics,85,100,2025-11-20 13:55:37.168988
S0412,QZ_ML ,ML Basics,66,100,2025-09-09 13:55:37.168988
S0412,QZ_ML ,ML Basics,26,100,2025-08-04 13:55:37.168988
S0412,QZ_DEE,Deep Learning,74,100,2025-09-09 13:55:37.168988
S0412,QZ_DEE,Deep Learning,33,100,2025-12-03 13:55:37.168988
S0412,QZ_DEE,Deep Learning,38,100,2025-07-25 13:55:37.168988
S0412,QZ_NLP,NLP,93,100,2025-09-17 13:55:37.168988
S0412,QZ_NLP,NLP,26,100,2025-12-14 13:55:37.168988
S0412,QZ_NLP,NLP,81,100,2025-11-04 13:55:37.168988
S0412,QZ_NLP,NLP,47,100,2025-08-09 13:55:37.168988
S0412,QZ_COM,Computer Vision,91,100,2026-01-06 13:55:37.168988
S0412,QZ_COM,Computer Vision,84,100,2025-11-09 13:55:37.168988
S0412,QZ_OPT,Optimization,47,100,2025-08-31 13:55:37.168988
S0412,QZ_OPT,Optimization,47,100,2025-08-09 13:55:37.168988
S0412,QZ_OPT,Optimization,76,100,2025-09-07 13:55:37.168988
S0413,QZ_LIN,Linear Algebra,95,100,2025-08-02 13:55:37.168988
S0413,QZ_LIN,Linear Algebra,76,100,2025-10-06 13:55:37.168988
S0413,QZ_LIN,Linear Algebra,80,100,2025-12-01 13:55:37.168988
S0413,QZ_PRO,Probability,98,100,2025-12-31 13:55:37.168988
S0413,QZ_PRO,Probability,41,100,2025-09-26 13:55:37.168988
S0413,QZ_PRO,Probability,60,100,2026-01-08 13:55:37.168988
S0413,QZ_STA,Statistics,66,100,2026-01-06 13:55:37.168988
S0413,QZ_STA,Statistics,31,100,2026-01-02 13:55:37.168988
S0413,QZ_ML ,ML Basics,31,100,2025-08-11 13:55:37.168988
S0413,QZ_ML ,ML Basics,94,100,2025-10-26 13:55:37.168988
S0413,QZ_ML ,ML Basics,90,100,2025-08-10 13:55:37.168988
S0413,QZ_ML ,ML Basics,73,100,2025-11-23 13:55:37.168988
S0413,QZ_DEE,Deep Learning,79,100,2026-01-07 13:55:37.168988
S0413,QZ_DEE,Deep Learning,53,100,2025-11-27 13:55:37.168988
S0413,QZ_DEE,Deep Learning,60,100,2026-01-07 13:55:37.168988
S0413,QZ_NLP,NLP,70,100,2025-09-30 13:55:37.168988
S0413,QZ_NLP,NLP,92,100,2025-10-04 13:55:37.168988
S0413,QZ_NLP,NLP,63,100,2025-09-17 13:55:37.168988
S0413,QZ_COM,Computer Vision,64,100,2025-10-03 13:55:37.168988
S0413,QZ_COM,Computer Vision,62,100,2025-09-22 13:55:37.168988
S0413,QZ_OPT,Optimization,30,100,2025-08-31 13:55:37.168988
S0413,QZ_OPT,Optimization,59,100,2025-11-10 13:55:37.168988
S0414,QZ_LIN,Linear Algebra,50,100,2025-10-15 13:55:37.168988
S0414,QZ_LIN,Linear Algebra,61,100,2025-12-14 13:55:37.168988
S0414,QZ_LIN,Linear Algebra,35,100,2025-12-11 13:55:37.168988
S0414,QZ_PRO,Probability,28,100,2025-10-09 13:55:37.168988
S0414,QZ_PRO,Probability,38,100,2025-11-06 13:55:37.168988
S0414,QZ_STA,Statistics,44,100,2025-07-29 13:55:37.168988
S0414,QZ_STA,Statistics,78,100,2025-09-01 13:55:37.168988
S0414,QZ_STA,Statistics,61,100,2025-10-28 13:55:37.168988
S0414,QZ_STA,Statistics,72,100,2025-11-25 13:55:37.168988
S0414,QZ_ML ,ML Basics,74,100,2025-08-17 13:55:37.168988
S0414,QZ_ML ,ML Basics,41,100,2025-11-10 13:55:37.168988
S0414,QZ_DEE,Deep Learning,65,100,2025-11-12 13:55:37.168988
S0414,QZ_DEE,Deep Learning,44,100,2025-10-12 13:55:37.168988
S0414,QZ_NLP,NLP,54,100,2026-01-08 13:55:37.168988
S0414,QZ_NLP,NLP,55,100,2025-10-08 13:55:37.168988
S0414,QZ_COM,Computer Vision,66,100,2025-11-25 13:55:37.168988
S0414,QZ_COM,Computer Vision,93,100,2025-09-02 13:55:37.168988
S0414,QZ_OPT,Optimization,92,100,2025-09-07 13:55:37.168988
S0414,QZ_OPT,Optimization,83,100,2025-10-08 13:55:37.168988
S0414,QZ_OPT,Optimization,81,100,2025-12-28 13:55:37.168988
S0415,QZ_LIN,Linear Algebra,81,100,2026-01-14 13:55:37.168988
S0415,QZ_LIN,Linear Algebra,61,100,2025-11-07 13:55:37.168988
S0415,QZ_LIN,Linear Algebra,39,100,2025-10-30 13:55:37.168988
S0415,QZ_LIN,Linear Algebra,27,100,2025-10-17 13:55:37.168988
S0415,QZ_PRO,Probability,64,100,2025-09-22 13:55:37.168988
S0415,QZ_PRO,Probability,25,100,2025-12-07 13:55:37.168988
S0415,QZ_PRO,Probability,52,100,2025-12-14 13:55:37.168988
S0415,QZ_PRO,Probability,30,100,2025-12-26 13:55:37.168988
S0415,QZ_STA,Statistics,35,100,2025-12-29 13:55:37.168988
S0415,QZ_STA,Statistics,68,100,2025-09-12 13:55:37.168988
S0415,QZ_ML ,ML Basics,80,100,2025-10-05 13:55:37.168988
S0415,QZ_ML ,ML Basics,76,100,2025-09-24 13:55:37.168988
S0415,QZ_ML ,ML Basics,72,100,2025-11-02 13:55:37.168988
S0415,QZ_DEE,Deep Learning,69,100,2025-10-25 13:55:37.168988
S0415,QZ_DEE,Deep Learning,94,100,2025-08-07 13:55:37.168988
S0415,QZ_DEE,Deep Learning,35,100,2025-09-05 13:55:37.168988
S0415,QZ_NLP,NLP,68,100,2025-10-28 13:55:37.168988
S0415,QZ_NLP,NLP,98,100,2025-10-29 13:55:37.168988
S0415,QZ_NLP,NLP,67,100,2025-11-17 13:55:37.168988
S0415,QZ_COM,Computer Vision,69,100,2025-10-16 13:55:37.168988
S0415,QZ_COM,Computer Vision,62,100,2025-10-06 13:55:37.168988
S0415,QZ_COM,Computer Vision,83,100,2025-12-17 13:55:37.168988
S0415,QZ_OPT,Optimization,69,100,2025-09-06 13:55:37.168988
S0415,QZ_OPT,Optimization,60,100,2025-07-25 13:55:37.168988
S0416,QZ_LIN,Linear Algebra,77,100,2025-09-08 13:55:37.168988
S0416,QZ_LIN,Linear Algebra,29,100,2025-07-26 13:55:37.168988
S0416,QZ_LIN,Linear Algebra,71,100,2025-07-25 13:55:37.168988
S0416,QZ_LIN,Linear Algebra,80,100,2025-09-14 13:55:37.168988
S0416,QZ_PRO,Probability,56,100,2026-01-08 13:55:37.168988
S0416,QZ_PRO,Probability,53,100,2025-12-24 13:55:37.168988
S0416,QZ_PRO,Probability,39,100,2025-08-12 13:55:37.168988
S0416,QZ_PRO,Probability,31,100,2025-09-09 13:55:37.168988
S0416,QZ_STA,Statistics,27,100,2025-12-19 13:55:37.168988
S0416,QZ_STA,Statistics,96,100,2025-08-26 13:55:37.168988
S0416,QZ_STA,Statistics,58,100,2025-12-31 13:55:37.168988
S0416,QZ_ML ,ML Basics,36,100,2025-08-27 13:55:37.168988
S0416,QZ_ML ,ML Basics,47,100,2025-11-25 13:55:37.168988
S0416,QZ_ML ,ML Basics,61,100,2025-09-05 13:55:37.168988
S0416,QZ_DEE,Deep Learning,98,100,2026-01-14 13:55:37.168988
S0416,QZ_DEE,Deep Learning,29,100,2025-10-08 13:55:37.168988
S0416,QZ_DEE,Deep Learning,46,100,2026-01-09 13:55:37.168988
S0416,QZ_DEE,Deep Learning,72,100,2025-12-16 13:55:37.168988
S0416,QZ_NLP,NLP,69,100,2025-08-09 13:55:37.168988
S0416,QZ_NLP,NLP,77,100,2025-11-17 13:55:37.168988
S0416,QZ_COM,Computer Vision,84,100,2026-01-13 13:55:37.168988
S0416,QZ_COM,Computer Vision,49,100,2025-10-12 13:55:37.168988
S0416,QZ_COM,Computer Vision,97,100,2025-09-01 13:55:37.168988
S0416,QZ_OPT,Optimization,80,100,2025-10-23 13:55:37.168988
S0416,QZ_OPT,Optimization,99,100,2025-09-11 13:55:37.168988
S0416,QZ_OPT,Optimization,91,100,2025-09-12 13:55:37.168988
S0416,QZ_OPT,Optimization,70,100,2025-08-23 13:55:37.168988
S0417,QZ_LIN,Linear Algebra,81,100,2025-12-10 13:55:37.168988
S0417,QZ_LIN,Linear Algebra,42,100,2025-10-08 13:55:37.168988
S0417,QZ_LIN,Linear Algebra,86,100,2025-12-16 13:55:37.168988
S0417,QZ_PRO,Probability,98,100,2025-08-23 13:55:37.168988
S0417,QZ_PRO,Probability,65,100,2025-10-04 13:55:37.168988
S0417,QZ_PRO,Probability,78,100,2025-11-29 13:55:37.168988
S0417,QZ_PRO,Probability,45,100,2025-09-16 13:55:37.168988
S0417,QZ_STA,Statistics,91,100,2025-09-16 13:55:37.168988
S0417,QZ_STA,Statistics,91,100,2025-12-31 13:55:37.168988
S0417,QZ_STA,Statistics,93,100,2025-11-30 13:55:37.168988
S0417,QZ_ML ,ML Basics,37,100,2025-08-04 13:55:37.168988
S0417,QZ_ML ,ML Basics,59,100,2025-07-24 13:55:37.168988
S0417,QZ_ML ,ML Basics,61,100,2025-12-28 13:55:37.168988
S0417,QZ_ML ,ML Basics,52,100,2026-01-10 13:55:37.168988
S0417,QZ_DEE,Deep Learning,50,100,2025-08-15 13:55:37.168988
S0417,QZ_DEE,Deep Learning,28,100,2025-10-21 13:55:37.168988
S0417,QZ_DEE,Deep Learning,87,100,2026-01-05 13:55:37.168988
S0417,QZ_DEE,Deep Learning,50,100,2025-10-05 13:55:37.168988
S0417,QZ_NLP,NLP,31,100,2025-09-19 13:55:37.168988
S0417,QZ_NLP,NLP,32,100,2026-01-08 13:55:37.168988
S0417,QZ_NLP,NLP,84,100,2026-01-10 13:55:37.168988
S0417,QZ_NLP,NLP,90,100,2026-01-15 13:55:37.168988
S0417,QZ_COM,Computer Vision,43,100,2025-11-12 13:55:37.168988
S0417,QZ_COM,Computer Vision,40,100,2026-01-06 13:55:37.168988
S0417,QZ_COM,Computer Vision,89,100,2025-11-12 13:55:37.168988
S0417,QZ_OPT,Optimization,25,100,2025-10-21 13:55:37.168988
S0417,QZ_OPT,Optimization,79,100,2025-12-08 13:55:37.168988
S0417,QZ_OPT,Optimization,62,100,2025-10-26 13:55:37.168988
S0418,QZ_LIN,Linear Algebra,45,100,2025-10-05 13:55:37.168988
S0418,QZ_LIN,Linear Algebra,71,100,2025-09-25 13:55:37.168988
S0418,QZ_PRO,Probability,52,100,2025-12-07 13:55:37.168988
S0418,QZ_PRO,Probability,59,100,2025-11-30 13:55:37.168988
S0418,QZ_STA,Statistics,84,100,2025-11-30 13:55:37.168988
S0418,QZ_STA,Statistics,86,100,2025-11-17 13:55:37.168988
S0418,QZ_ML ,ML Basics,53,100,2025-10-03 13:55:37.168988
S0418,QZ_ML ,ML Basics,78,100,2025-11-21 13:55:37.168988
S0418,QZ_ML ,ML Basics,84,100,2025-08-20 13:55:37.168988
S0418,QZ_ML ,ML Basics,34,100,2026-01-04 13:55:37.168988
S0418,QZ_DEE,Deep Learning,49,100,2025-12-25 13:55:37.168988
S0418,QZ_DEE,Deep Learning,71,100,2025-11-25 13:55:37.168988
S0418,QZ_NLP,NLP,44,100,2026-01-09 13:55:37.168988
S0418,QZ_NLP,NLP,36,100,2025-09-24 13:55:37.168988
S0418,QZ_NLP,NLP,55,100,2025-11-25 13:55:37.168988
S0418,QZ_NLP,NLP,88,100,2025-08-12 13:55:37.168988
S0418,QZ_COM,Computer Vision,59,100,2025-10-23 13:55:37.168988
S0418,QZ_COM,Computer Vision,50,100,2025-09-26 13:55:37.168988
S0418,QZ_COM,Computer Vision,93,100,2025-08-29 13:55:37.168988
S0418,QZ_COM,Computer Vision,90,100,2025-12-24 13:55:37.168988
S0418,QZ_OPT,Optimization,88,100,2025-12-11 13:55:37.168988
S0418,QZ_OPT,Optimization,62,100,2025-10-02 13:55:37.168988
S0418,QZ_OPT,Optimization,26,100,2025-12-05 13:55:37.168988
S0418,QZ_OPT,Optimization,77,100,2025-11-12 13:55:37.168988
S0419,QZ_LIN,Linear Algebra,34,100,2025-12-20 13:55:37.168988
S0419,QZ_LIN,Linear Algebra,54,100,2025-08-05 13:55:37.168988
S0419,QZ_PRO,Probability,65,100,2025-09-22 13:55:37.168988
S0419,QZ_PRO,Probability,37,100,2025-10-24 13:55:37.168988
S0419,QZ_PRO,Probability,33,100,2025-10-04 13:55:37.168988
S0419,QZ_STA,Statistics,43,100,2025-09-06 13:55:37.168988
S0419,QZ_STA,Statistics,96,100,2025-12-08 13:55:37.168988
S0419,QZ_STA,Statistics,79,100,2026-01-11 13:55:37.168988
S0419,QZ_ML ,ML Basics,52,100,2026-01-06 13:55:37.168988
S0419,QZ_ML ,ML Basics,57,100,2025-12-06 13:55:37.168988
S0419,QZ_ML ,ML Basics,55,100,2025-11-03 13:55:37.168988
S0419,QZ_DEE,Deep Learning,99,100,2025-12-04 13:55:37.168988
S0419,QZ_DEE,Deep Learning,39,100,2025-11-04 13:55:37.168988
S0419,QZ_DEE,Deep Learning,84,100,2025-10-26 13:55:37.168988
S0419,QZ_NLP,NLP,84,100,2025-12-17 13:55:37.168988
S0419,QZ_NLP,NLP,32,100,2025-10-20 13:55:37.168988
S0419,QZ_NLP,NLP,48,100,2025-08-19 13:55:37.168988
S0419,QZ_NLP,NLP,68,100,2025-10-12 13:55:37.168988
S0419,QZ_COM,Computer Vision,50,100,2025-09-04 13:55:37.168988
S0419,QZ_COM,Computer Vision,99,100,2025-12-18 13:55:37.168988
S0419,QZ_COM,Computer Vision,76,100,2025-11-16 13:55:37.168988
S0419,QZ_COM,Computer Vision,37,100,2025-07-21 13:55:37.168988
S0419,QZ_OPT,Optimization,97,100,2025-12-08 13:55:37.168988
S0419,QZ_OPT,Optimization,84,100,2025-10-02 13:55:37.168988
S0420,QZ_LIN,Linear Algebra,26,100,2026-01-01 13:55:37.168988
S0420,QZ_LIN,Linear Algebra,67,100,2025-10-19 13:55:37.168988
S0420,QZ_LIN,Linear Algebra,30,100,2025-11-26 13:55:37.168988
S0420,QZ_LIN,Linear Algebra,99,100,2025-09-01 13:55:37.168988
S0420,QZ_PRO,Probability,98,100,2025-09-03 13:55:37.168988
S0420,QZ_PRO,Probability,46,100,2025-12-31 13:55:37.168988
S0420,QZ_PRO,Probability,37,100,2025-07-28 13:55:37.168988
S0420,QZ_PRO,Probability,44,100,2026-01-14 13:55:37.168988
S0420,QZ_STA,Statistics,34,100,2025-09-22 13:55:37.168988
S0420,QZ_STA,Statistics,28,100,2025-12-04 13:55:37.168988
S0420,QZ_ML ,ML Basics,88,100,2025-10-22 13:55:37.168988
S0420,QZ_ML ,ML Basics,36,100,2025-08-22 13:55:37.168988
S0420,QZ_ML ,ML Basics,71,100,2026-01-13 13:55:37.168988
S0420,QZ_ML ,ML Basics,70,100,2026-01-08 13:55:37.168988
S0420,QZ_DEE,Deep Learning,67,100,2025-08-04 13:55:37.168988
S0420,QZ_DEE,Deep Learning,44,100,2025-12-05 13:55:37.168988
S0420,QZ_DEE,Deep Learning,29,100,2026-01-11 13:55:37.168988
S0420,QZ_NLP,NLP,83,100,2025-08-14 13:55:37.168988
S0420,QZ_NLP,NLP,89,100,2025-09-16 13:55:37.168988
S0420,QZ_NLP,NLP,93,100,2025-12-17 13:55:37.168988
S0420,QZ_COM,Computer Vision,71,100,2025-11-20 13:55:37.168988
S0420,QZ_COM,Computer Vision,57,100,2025-10-28 13:55:37.168988
S0420,QZ_COM,Computer Vision,59,100,2025-09-21 13:55:37.168988
S0420,QZ_COM,Computer Vision,80,100,2026-01-13 13:55:37.168988
S0420,QZ_OPT,Optimization,32,100,2025-09-29 13:55:37.168988
S0420,QZ_OPT,Optimization,87,100,2025-11-09 13:55:37.168988
S0420,QZ_OPT,Optimization,76,100,2025-10-06 13:55:37.168988
S0421,QZ_LIN,Linear Algebra,84,100,2025-10-01 13:55:37.168988
S0421,QZ_LIN,Linear Algebra,62,100,2025-09-25 13:55:37.168988
S0421,QZ_LIN,Linear Algebra,68,100,2026-01-01 13:55:37.168988
S0421,QZ_LIN,Linear Algebra,86,100,2025-11-14 13:55:37.168988
S0421,QZ_PRO,Probability,54,100,2025-10-31 13:55:37.168988
S0421,QZ_PRO,Probability,66,100,2025-11-05 13:55:37.168988
S0421,QZ_PRO,Probability,87,100,2025-09-14 13:55:37.168988
S0421,QZ_PRO,Probability,58,100,2025-11-10 13:55:37.168988
S0421,QZ_STA,Statistics,84,100,2025-10-08 13:55:37.168988
S0421,QZ_STA,Statistics,25,100,2025-07-24 13:55:37.168988
S0421,QZ_STA,Statistics,28,100,2025-09-25 13:55:37.168988
S0421,QZ_STA,Statistics,34,100,2025-08-15 13:55:37.168988
S0421,QZ_ML ,ML Basics,27,100,2026-01-07 13:55:37.168988
S0421,QZ_ML ,ML Basics,46,100,2025-09-27 13:55:37.168988
S0421,QZ_ML ,ML Basics,51,100,2025-07-21 13:55:37.168988
S0421,QZ_DEE,Deep Learning,80,100,2026-01-03 13:55:37.168988
S0421,QZ_DEE,Deep Learning,31,100,2025-10-21 13:55:37.168988
S0421,QZ_NLP,NLP,51,100,2026-01-12 13:55:37.168988
S0421,QZ_NLP,NLP,67,100,2025-12-20 13:55:37.168988
S0421,QZ_COM,Computer Vision,33,100,2025-10-15 13:55:37.168988
S0421,QZ_COM,Computer Vision,74,100,2025-12-13 13:55:37.168988
S0421,QZ_OPT,Optimization,49,100,2025-12-03 13:55:37.168988
S0421,QZ_OPT,Optimization,61,100,2025-11-05 13:55:37.168988
S0421,QZ_OPT,Optimization,67,100,2025-08-31 13:55:37.168988
S0421,QZ_OPT,Optimization,64,100,2025-08-15 13:55:37.168988
S0422,QZ_LIN,Linear Algebra,31,100,2025-09-08 13:55:37.168988
S0422,QZ_LIN,Linear Algebra,96,100,2025-11-15 13:55:37.168988
S0422,QZ_LIN,Linear Algebra,38,100,2025-08-27 13:55:37.168988
S0422,QZ_LIN,Linear Algebra,35,100,2025-10-08 13:55:37.168988
S0422,QZ_PRO,Probability,88,100,2025-10-20 13:55:37.168988
S0422,QZ_PRO,Probability,38,100,2025-11-27 13:55:37.168988
S0422,QZ_PRO,Probability,84,100,2025-11-07 13:55:37.168988
S0422,QZ_STA,Statistics,54,100,2025-11-24 13:55:37.168988
S0422,QZ_STA,Statistics,62,100,2025-08-01 13:55:37.168988
S0422,QZ_STA,Statistics,78,100,2025-09-14 13:55:37.168988
S0422,QZ_STA,Statistics,27,100,2025-11-17 13:55:37.168988
S0422,QZ_ML ,ML Basics,98,100,2025-07-28 13:55:37.168988
S0422,QZ_ML ,ML Basics,43,100,2025-11-01 13:55:37.168988
S0422,QZ_ML ,ML Basics,28,100,2026-01-11 13:55:37.168988
S0422,QZ_ML ,ML Basics,41,100,2025-08-18 13:55:37.168988
S0422,QZ_DEE,Deep Learning,63,100,2025-08-12 13:55:37.168988
S0422,QZ_DEE,Deep Learning,59,100,2025-09-25 13:55:37.168988
S0422,QZ_NLP,NLP,55,100,2025-11-29 13:55:37.168988
S0422,QZ_NLP,NLP,28,100,2025-09-01 13:55:37.168988
S0422,QZ_COM,Computer Vision,53,100,2025-11-19 13:55:37.168988
S0422,QZ_COM,Computer Vision,41,100,2025-10-11 13:55:37.168988
S0422,QZ_COM,Computer Vision,50,100,2025-08-09 13:55:37.168988
S0422,QZ_OPT,Optimization,91,100,2025-08-28 13:55:37.168988
S0422,QZ_OPT,Optimization,71,100,2025-12-19 13:55:37.168988
S0422,QZ_OPT,Optimization,73,100,2025-12-24 13:55:37.168988
S0423,QZ_LIN,Linear Algebra,36,100,2025-09-21 13:55:37.168988
S0423,QZ_LIN,Linear Algebra,27,100,2025-08-05 13:55:37.168988
S0423,QZ_LIN,Linear Algebra,85,100,2025-08-23 13:55:37.168988
S0423,QZ_LIN,Linear Algebra,95,100,2025-09-19 13:55:37.168988
S0423,QZ_PRO,Probability,67,100,2025-12-29 13:55:37.168988
S0423,QZ_PRO,Probability,97,100,2025-12-18 13:55:37.168988
S0423,QZ_STA,Statistics,76,100,2025-08-31 13:55:37.168988
S0423,QZ_STA,Statistics,99,100,2025-07-31 13:55:37.168988
S0423,QZ_STA,Statistics,77,100,2025-07-24 13:55:37.168988
S0423,QZ_ML ,ML Basics,71,100,2025-10-16 13:55:37.168988
S0423,QZ_ML ,ML Basics,84,100,2025-10-01 13:55:37.168988
S0423,QZ_DEE,Deep Learning,49,100,2025-12-03 13:55:37.168988
S0423,QZ_DEE,Deep Learning,39,100,2025-09-06 13:55:37.168988
S0423,QZ_DEE,Deep Learning,59,100,2026-01-04 13:55:37.168988
S0423,QZ_NLP,NLP,42,100,2025-07-24 13:55:37.168988
S0423,QZ_NLP,NLP,29,100,2025-09-24 13:55:37.168988
S0423,QZ_NLP,NLP,57,100,2026-01-15 13:55:37.168988
S0423,QZ_NLP,NLP,46,100,2025-11-14 13:55:37.168988
S0423,QZ_COM,Computer Vision,28,100,2025-08-10 13:55:37.168988
S0423,QZ_COM,Computer Vision,33,100,2025-09-02 13:55:37.168988
S0423,QZ_COM,Computer Vision,81,100,2025-08-19 13:55:37.168988
S0423,QZ_OPT,Optimization,47,100,2026-01-11 13:55:37.168988
S0423,QZ_OPT,Optimization,92,100,2026-01-04 13:55:37.168988
S0424,QZ_LIN,Linear Algebra,33,100,2025-10-14 13:55:37.168988
S0424,QZ_LIN,Linear Algebra,34,100,2025-09-26 13:55:37.168988
S0424,QZ_LIN,Linear Algebra,62,100,2025-09-07 13:55:37.168988
S0424,QZ_LIN,Linear Algebra,62,100,2025-08-20 13:55:37.168988
S0424,QZ_PRO,Probability,93,100,2025-08-01 13:55:37.168988
S0424,QZ_PRO,Probability,56,100,2025-10-25 13:55:37.168988
S0424,QZ_PRO,Probability,91,100,2025-12-13 13:55:37.168988
S0424,QZ_STA,Statistics,46,100,2025-08-05 13:55:37.168988
S0424,QZ_STA,Statistics,89,100,2025-10-10 13:55:37.168988
S0424,QZ_STA,Statistics,88,100,2025-08-30 13:55:37.168988
S0424,QZ_ML ,ML Basics,94,100,2025-11-16 13:55:37.168988
S0424,QZ_ML ,ML Basics,91,100,2026-01-15 13:55:37.168988
S0424,QZ_ML ,ML Basics,35,100,2025-12-27 13:55:37.168988
S0424,QZ_DEE,Deep Learning,31,100,2025-10-01 13:55:37.168988
S0424,QZ_DEE,Deep Learning,43,100,2026-01-08 13:55:37.168988
S0424,QZ_DEE,Deep Learning,76,100,2025-10-08 13:55:37.168988
S0424,QZ_DEE,Deep Learning,64,100,2025-12-27 13:55:37.168988
S0424,QZ_NLP,NLP,63,100,2025-10-06 13:55:37.168988
S0424,QZ_NLP,NLP,29,100,2025-12-17 13:55:37.168988
S0424,QZ_COM,Computer Vision,96,100,2025-08-12 13:55:37.168988
S0424,QZ_COM,Computer Vision,58,100,2025-09-10 13:55:37.168988
S0424,QZ_OPT,Optimization,88,100,2026-01-03 13:55:37.168988
S0424,QZ_OPT,Optimization,26,100,2025-09-21 13:55:37.168988
S0425,QZ_LIN,Linear Algebra,56,100,2025-10-30 13:55:37.168988
S0425,QZ_LIN,Linear Algebra,28,100,2025-10-04 13:55:37.168988
S0425,QZ_LIN,Linear Algebra,76,100,2025-08-03 13:55:37.168988
S0425,QZ_LIN,Linear Algebra,95,100,2025-12-15 13:55:37.168988
S0425,QZ_PRO,Probability,62,100,2025-11-18 13:55:37.168988
S0425,QZ_PRO,Probability,27,100,2025-07-23 13:55:37.168988
S0425,QZ_STA,Statistics,77,100,2025-11-12 13:55:37.168988
S0425,QZ_STA,Statistics,42,100,2025-12-20 13:55:37.168988
S0425,QZ_STA,Statistics,28,100,2025-09-20 13:55:37.168988
S0425,QZ_STA,Statistics,68,100,2026-01-02 13:55:37.168988
S0425,QZ_ML ,ML Basics,56,100,2025-11-14 13:55:37.168988
S0425,QZ_ML ,ML Basics,60,100,2025-09-10 13:55:37.168988
S0425,QZ_ML ,ML Basics,31,100,2025-10-01 13:55:37.168988
S0425,QZ_DEE,Deep Learning,70,100,2025-12-03 13:55:37.168988
S0425,QZ_DEE,Deep Learning,25,100,2025-10-08 13:55:37.168988
S0425,QZ_NLP,NLP,38,100,2025-08-05 13:55:37.168988
S0425,QZ_NLP,NLP,85,100,2025-10-10 13:55:37.168988
S0425,QZ_NLP,NLP,38,100,2025-11-17 13:55:37.168988
S0425,QZ_COM,Computer Vision,97,100,2025-10-29 13:55:37.168988
S0425,QZ_COM,Computer Vision,38,100,2025-08-16 13:55:37.168988
S0425,QZ_COM,Computer Vision,76,100,2025-07-24 13:55:37.168988
S0425,QZ_OPT,Optimization,56,100,2025-12-27 13:55:37.168988
S0425,QZ_OPT,Optimization,55,100,2025-12-30 13:55:37.168988
S0425,QZ_OPT,Optimization,45,100,2025-08-10 13:55:37.168988
S0426,QZ_LIN,Linear Algebra,77,100,2025-10-12 13:55:37.168988
S0426,QZ_LIN,Linear Algebra,60,100,2025-09-02 13:55:37.168988
S0426,QZ_PRO,Probability,51,100,2025-10-28 13:55:37.168988
S0426,QZ_PRO,Probability,75,100,2025-12-20 13:55:37.168988
S0426,QZ_STA,Statistics,45,100,2025-09-03 13:55:37.168988
S0426,QZ_STA,Statistics,36,100,2025-11-24 13:55:37.168988
S0426,QZ_STA,Statistics,40,100,2025-11-27 13:55:37.168988
S0426,QZ_STA,Statistics,38,100,2025-12-01 13:55:37.168988
S0426,QZ_ML ,ML Basics,82,100,2025-12-26 13:55:37.168988
S0426,QZ_ML ,ML Basics,62,100,2025-07-23 13:55:37.168988
S0426,QZ_DEE,Deep Learning,99,100,2025-09-19 13:55:37.168988
S0426,QZ_DEE,Deep Learning,47,100,2025-11-04 13:55:37.168988
S0426,QZ_DEE,Deep Learning,84,100,2025-10-03 13:55:37.168988
S0426,QZ_DEE,Deep Learning,52,100,2025-11-29 13:55:37.168988
S0426,QZ_NLP,NLP,80,100,2025-07-26 13:55:37.168988
S0426,QZ_NLP,NLP,46,100,2025-11-01 13:55:37.168988
S0426,QZ_NLP,NLP,57,100,2025-09-30 13:55:37.168988
S0426,QZ_COM,Computer Vision,49,100,2025-08-12 13:55:37.168988
S0426,QZ_COM,Computer Vision,72,100,2025-09-18 13:55:37.168988
S0426,QZ_COM,Computer Vision,78,100,2025-10-18 13:55:37.168988
S0426,QZ_COM,Computer Vision,33,100,2025-07-21 13:55:37.168988
S0426,QZ_OPT,Optimization,88,100,2025-09-16 13:55:37.168988
S0426,QZ_OPT,Optimization,95,100,2025-09-03 13:55:37.168988
S0426,QZ_OPT,Optimization,39,100,2025-12-01 13:55:37.168988
S0427,QZ_LIN,Linear Algebra,74,100,2025-12-31 13:55:37.168988
S0427,QZ_LIN,Linear Algebra,99,100,2025-08-19 13:55:37.168988
S0427,QZ_LIN,Linear Algebra,56,100,2025-07-29 13:55:37.168988
S0427,QZ_PRO,Probability,61,100,2025-10-17 13:55:37.168988
S0427,QZ_PRO,Probability,69,100,2025-12-11 13:55:37.168988
S0427,QZ_PRO,Probability,57,100,2025-12-31 13:55:37.168988
S0427,QZ_PRO,Probability,78,100,2025-08-23 13:55:37.168988
S0427,QZ_STA,Statistics,63,100,2025-10-17 13:55:37.168988
S0427,QZ_STA,Statistics,69,100,2025-08-19 13:55:37.168988
S0427,QZ_ML ,ML Basics,37,100,2025-08-12 13:55:37.168988
S0427,QZ_ML ,ML Basics,52,100,2025-11-18 13:55:37.168988
S0427,QZ_ML ,ML Basics,67,100,2025-10-22 13:55:37.168988
S0427,QZ_DEE,Deep Learning,28,100,2025-07-23 13:55:37.168988
S0427,QZ_DEE,Deep Learning,29,100,2025-08-14 13:55:37.168988
S0427,QZ_NLP,NLP,92,100,2025-07-22 13:55:37.168988
S0427,QZ_NLP,NLP,69,100,2025-07-26 13:55:37.168988
S0427,QZ_NLP,NLP,34,100,2025-11-30 13:55:37.168988
S0427,QZ_COM,Computer Vision,79,100,2025-08-12 13:55:37.168988
S0427,QZ_COM,Computer Vision,49,100,2025-08-02 13:55:37.168988
S0427,QZ_COM,Computer Vision,75,100,2025-11-11 13:55:37.168988
S0427,QZ_COM,Computer Vision,29,100,2025-08-15 13:55:37.168988
S0427,QZ_OPT,Optimization,37,100,2025-10-03 13:55:37.168988
S0427,QZ_OPT,Optimization,99,100,2025-10-08 13:55:37.168988
S0428,QZ_LIN,Linear Algebra,72,100,2025-08-24 13:55:37.168988
S0428,QZ_LIN,Linear Algebra,68,100,2025-11-24 13:55:37.168988
S0428,QZ_LIN,Linear Algebra,84,100,2025-12-17 13:55:37.168988
S0428,QZ_PRO,Probability,87,100,2025-12-02 13:55:37.168988
S0428,QZ_PRO,Probability,85,100,2025-09-07 13:55:37.168988
S0428,QZ_PRO,Probability,72,100,2026-01-02 13:55:37.168988
S0428,QZ_STA,Statistics,90,100,2025-10-22 13:55:37.168988
S0428,QZ_STA,Statistics,61,100,2025-09-07 13:55:37.168988
S0428,QZ_ML ,ML Basics,37,100,2025-10-20 13:55:37.168988
S0428,QZ_ML ,ML Basics,96,100,2025-10-23 13:55:37.168988
S0428,QZ_DEE,Deep Learning,46,100,2025-12-05 13:55:37.168988
S0428,QZ_DEE,Deep Learning,32,100,2025-12-28 13:55:37.168988
S0428,QZ_DEE,Deep Learning,47,100,2026-01-10 13:55:37.168988
S0428,QZ_DEE,Deep Learning,88,100,2026-01-03 13:55:37.168988
S0428,QZ_NLP,NLP,71,100,2025-07-28 13:55:37.168988
S0428,QZ_NLP,NLP,51,100,2025-11-19 13:55:37.168988
S0428,QZ_COM,Computer Vision,28,100,2025-08-22 13:55:37.168988
S0428,QZ_COM,Computer Vision,51,100,2025-12-02 13:55:37.168988
S0428,QZ_COM,Computer Vision,57,100,2025-12-26 13:55:37.168988
S0428,QZ_OPT,Optimization,82,100,2025-11-25 13:55:37.168988
S0428,QZ_OPT,Optimization,55,100,2025-10-05 13:55:37.168988
S0428,QZ_OPT,Optimization,94,100,2025-12-23 13:55:37.168988
S0428,QZ_OPT,Optimization,35,100,2026-01-14 13:55:37.168988
S0429,QZ_LIN,Linear Algebra,90,100,2026-01-08 13:55:37.168988
S0429,QZ_LIN,Linear Algebra,59,100,2025-12-02 13:55:37.168988
S0429,QZ_LIN,Linear Algebra,44,100,2025-09-10 13:55:37.168988
S0429,QZ_PRO,Probability,59,100,2025-11-24 13:55:37.168988
S0429,QZ_PRO,Probability,30,100,2025-07-31 13:55:37.168988
S0429,QZ_PRO,Probability,97,100,2025-11-16 13:55:37.168988
S0429,QZ_STA,Statistics,72,100,2025-09-01 13:55:37.168988
S0429,QZ_STA,Statistics,92,100,2025-09-06 13:55:37.168988
S0429,QZ_STA,Statistics,51,100,2025-09-02 13:55:37.168988
S0429,QZ_STA,Statistics,55,100,2025-08-16 13:55:37.168988
S0429,QZ_ML ,ML Basics,28,100,2025-11-21 13:55:37.168988
S0429,QZ_ML ,ML Basics,72,100,2025-10-20 13:55:37.168988
S0429,QZ_ML ,ML Basics,47,100,2026-01-14 13:55:37.168988
S0429,QZ_ML ,ML Basics,57,100,2025-11-22 13:55:37.168988
S0429,QZ_DEE,Deep Learning,70,100,2025-11-16 13:55:37.168988
S0429,QZ_DEE,Deep Learning,96,100,2025-09-15 13:55:37.168988
S0429,QZ_DEE,Deep Learning,59,100,2025-08-14 13:55:37.168988
S0429,QZ_DEE,Deep Learning,85,100,2025-08-23 13:55:37.168988
S0429,QZ_NLP,NLP,31,100,2025-10-10 13:55:37.168988
S0429,QZ_NLP,NLP,65,100,2025-11-02 13:55:37.168988
S0429,QZ_NLP,NLP,65,100,2025-11-14 13:55:37.168988
S0429,QZ_NLP,NLP,32,100,2025-08-31 13:55:37.168988
S0429,QZ_COM,Computer Vision,89,100,2025-12-06 13:55:37.168988
S0429,QZ_COM,Computer Vision,76,100,2025-10-13 13:55:37.168988
S0429,QZ_OPT,Optimization,45,100,2025-10-10 13:55:37.168988
S0429,QZ_OPT,Optimization,65,100,2025-10-12 13:55:37.168988
S0430,QZ_LIN,Linear Algebra,38,100,2025-09-06 13:55:37.168988
S0430,QZ_LIN,Linear Algebra,31,100,2025-12-03 13:55:37.168988
S0430,QZ_LIN,Linear Algebra,44,100,2025-12-14 13:55:37.168988
S0430,QZ_LIN,Linear Algebra,26,100,2025-08-29 13:55:37.168988
S0430,QZ_PRO,Probability,86,100,2025-08-26 13:55:37.168988
S0430,QZ_PRO,Probability,43,100,2025-10-28 13:55:37.168988
S0430,QZ_PRO,Probability,50,100,2025-10-30 13:55:37.168988
S0430,QZ_STA,Statistics,98,100,2025-10-11 13:55:37.168988
S0430,QZ_STA,Statistics,36,100,2025-10-28 13:55:37.168988
S0430,QZ_STA,Statistics,40,100,2025-08-23 13:55:37.168988
S0430,QZ_STA,Statistics,95,100,2025-11-18 13:55:37.168988
S0430,QZ_ML ,ML Basics,54,100,2025-09-18 13:55:37.168988
S0430,QZ_ML ,ML Basics,42,100,2025-11-08 13:55:37.168988
S0430,QZ_DEE,Deep Learning,95,100,2025-11-11 13:55:37.168988
S0430,QZ_DEE,Deep Learning,65,100,2025-10-12 13:55:37.168988
S0430,QZ_NLP,NLP,73,100,2025-12-25 13:55:37.168988
S0430,QZ_NLP,NLP,66,100,2025-09-13 13:55:37.168988
S0430,QZ_NLP,NLP,62,100,2025-11-20 13:55:37.168988
S0430,QZ_COM,Computer Vision,71,100,2025-12-01 13:55:37.168988
S0430,QZ_COM,Computer Vision,47,100,2025-09-18 13:55:37.168988
S0430,QZ_OPT,Optimization,66,100,2025-09-29 13:55:37.168988
S0430,QZ_OPT,Optimization,72,100,2025-12-30 13:55:37.168988
S0431,QZ_LIN,Linear Algebra,93,100,2025-09-20 13:55:37.168988
S0431,QZ_LIN,Linear Algebra,64,100,2025-11-09 13:55:37.168988
S0431,QZ_LIN,Linear Algebra,93,100,2025-11-22 13:55:37.168988
S0431,QZ_LIN,Linear Algebra,76,100,2025-10-08 13:55:37.168988
S0431,QZ_PRO,Probability,63,100,2025-11-06 13:55:37.168988
S0431,QZ_PRO,Probability,66,100,2025-10-06 13:55:37.168988
S0431,QZ_PRO,Probability,75,100,2025-11-22 13:55:37.168988
S0431,QZ_STA,Statistics,29,100,2025-08-10 13:55:37.168988
S0431,QZ_STA,Statistics,91,100,2025-11-17 13:55:37.168988
S0431,QZ_ML ,ML Basics,75,100,2025-11-09 13:55:37.168988
S0431,QZ_ML ,ML Basics,43,100,2025-09-09 13:55:37.168988
S0431,QZ_DEE,Deep Learning,72,100,2025-10-19 13:55:37.168988
S0431,QZ_DEE,Deep Learning,57,100,2025-11-28 13:55:37.168988
S0431,QZ_NLP,NLP,71,100,2025-11-15 13:55:37.168988
S0431,QZ_NLP,NLP,59,100,2025-10-04 13:55:37.168988
S0431,QZ_NLP,NLP,61,100,2025-10-27 13:55:37.168988
S0431,QZ_COM,Computer Vision,98,100,2025-12-08 13:55:37.168988
S0431,QZ_COM,Computer Vision,99,100,2025-11-16 13:55:37.168988
S0431,QZ_COM,Computer Vision,48,100,2025-10-26 13:55:37.168988
S0431,QZ_OPT,Optimization,71,100,2026-01-09 13:55:37.168988
S0431,QZ_OPT,Optimization,27,100,2026-01-10 13:55:37.168988
S0432,QZ_LIN,Linear Algebra,61,100,2026-01-15 13:55:37.168988
S0432,QZ_LIN,Linear Algebra,68,100,2025-09-23 13:55:37.168988
S0432,QZ_LIN,Linear Algebra,88,100,2025-07-31 13:55:37.168988
S0432,QZ_LIN,Linear Algebra,83,100,2025-10-21 13:55:37.168988
S0432,QZ_PRO,Probability,67,100,2025-09-07 13:55:37.168988
S0432,QZ_PRO,Probability,87,100,2025-12-21 13:55:37.168988
S0432,QZ_STA,Statistics,48,100,2025-09-13 13:55:37.168988
S0432,QZ_STA,Statistics,87,100,2025-12-22 13:55:37.168988
S0432,QZ_STA,Statistics,96,100,2026-01-14 13:55:37.168988
S0432,QZ_STA,Statistics,77,100,2025-08-08 13:55:37.168988
S0432,QZ_ML ,ML Basics,49,100,2025-10-29 13:55:37.168988
S0432,QZ_ML ,ML Basics,46,100,2025-08-09 13:55:37.168988
S0432,QZ_ML ,ML Basics,43,100,2025-12-07 13:55:37.168988
S0432,QZ_ML ,ML Basics,68,100,2025-09-02 13:55:37.168988
S0432,QZ_DEE,Deep Learning,65,100,2025-10-02 13:55:37.168988
S0432,QZ_DEE,Deep Learning,26,100,2025-12-14 13:55:37.168988
S0432,QZ_NLP,NLP,72,100,2025-09-22 13:55:37.168988
S0432,QZ_NLP,NLP,54,100,2025-08-18 13:55:37.168988
S0432,QZ_COM,Computer Vision,65,100,2025-08-20 13:55:37.168988
S0432,QZ_COM,Computer Vision,32,100,2025-12-23 13:55:37.168988
S0432,QZ_OPT,Optimization,84,100,2025-11-16 13:55:37.168988
S0432,QZ_OPT,Optimization,63,100,2025-09-14 13:55:37.168988
S0432,QZ_OPT,Optimization,41,100,2025-07-23 13:55:37.168988
S0432,QZ_OPT,Optimization,90,100,2025-11-12 13:55:37.168988
S0433,QZ_LIN,Linear Algebra,67,100,2025-07-29 13:55:37.168988
S0433,QZ_LIN,Linear Algebra,56,100,2025-12-07 13:55:37.168988
S0433,QZ_LIN,Linear Algebra,47,100,2025-12-02 13:55:37.168988
S0433,QZ_LIN,Linear Algebra,43,100,2026-01-06 13:55:37.168988
S0433,QZ_PRO,Probability,26,100,2025-12-09 13:55:37.168988
S0433,QZ_PRO,Probability,82,100,2025-07-24 13:55:37.168988
S0433,QZ_STA,Statistics,25,100,2025-09-02 13:55:37.168988
S0433,QZ_STA,Statistics,46,100,2025-10-19 13:55:37.168988
S0433,QZ_ML ,ML Basics,45,100,2025-08-18 13:55:37.168988
S0433,QZ_ML ,ML Basics,68,100,2025-09-15 13:55:37.168988
S0433,QZ_DEE,Deep Learning,27,100,2026-01-14 13:55:37.168988
S0433,QZ_DEE,Deep Learning,86,100,2025-12-20 13:55:37.168988
S0433,QZ_DEE,Deep Learning,57,100,2025-12-01 13:55:37.168988
S0433,QZ_DEE,Deep Learning,68,100,2025-12-01 13:55:37.168988
S0433,QZ_NLP,NLP,44,100,2025-11-19 13:55:37.168988
S0433,QZ_NLP,NLP,51,100,2026-01-08 13:55:37.168988
S0433,QZ_NLP,NLP,50,100,2025-11-19 13:55:37.168988
S0433,QZ_NLP,NLP,94,100,2025-08-10 13:55:37.168988
S0433,QZ_COM,Computer Vision,64,100,2025-12-15 13:55:37.168988
S0433,QZ_COM,Computer Vision,54,100,2025-10-02 13:55:37.168988
S0433,QZ_COM,Computer Vision,66,100,2025-12-12 13:55:37.168988
S0433,QZ_OPT,Optimization,45,100,2025-08-11 13:55:37.168988
S0433,QZ_OPT,Optimization,42,100,2025-09-14 13:55:37.168988
S0433,QZ_OPT,Optimization,76,100,2025-09-14 13:55:37.168988
S0433,QZ_OPT,Optimization,39,100,2025-09-18 13:55:37.168988
S0434,QZ_LIN,Linear Algebra,54,100,2025-08-27 13:55:37.168988
S0434,QZ_LIN,Linear Algebra,91,100,2026-01-14 13:55:37.168988
S0434,QZ_PRO,Probability,51,100,2025-09-12 13:55:37.168988
S0434,QZ_PRO,Probability,70,100,2025-11-20 13:55:37.168988
S0434,QZ_PRO,Probability,25,100,2025-08-04 13:55:37.168988
S0434,QZ_STA,Statistics,38,100,2025-12-24 13:55:37.168988
S0434,QZ_STA,Statistics,45,100,2025-09-20 13:55:37.168988
S0434,QZ_ML ,ML Basics,57,100,2025-11-11 13:55:37.168988
S0434,QZ_ML ,ML Basics,44,100,2025-08-21 13:55:37.168988
S0434,QZ_ML ,ML Basics,82,100,2025-12-31 13:55:37.168988
S0434,QZ_DEE,Deep Learning,93,100,2025-09-25 13:55:37.168988
S0434,QZ_DEE,Deep Learning,79,100,2025-11-01 13:55:37.168988
S0434,QZ_DEE,Deep Learning,25,100,2025-10-11 13:55:37.168988
S0434,QZ_NLP,NLP,93,100,2025-09-03 13:55:37.168988
S0434,QZ_NLP,NLP,37,100,2025-11-16 13:55:37.168988
S0434,QZ_COM,Computer Vision,92,100,2025-08-04 13:55:37.168988
S0434,QZ_COM,Computer Vision,79,100,2025-07-30 13:55:37.168988
S0434,QZ_OPT,Optimization,40,100,2025-12-13 13:55:37.168988
S0434,QZ_OPT,Optimization,70,100,2025-12-30 13:55:37.168988
S0435,QZ_LIN,Linear Algebra,95,100,2025-08-13 13:55:37.168988
S0435,QZ_LIN,Linear Algebra,31,100,2025-10-04 13:55:37.168988
S0435,QZ_LIN,Linear Algebra,62,100,2025-09-25 13:55:37.168988
S0435,QZ_PRO,Probability,91,100,2025-09-01 13:55:37.168988
S0435,QZ_PRO,Probability,66,100,2025-10-02 13:55:37.168988
S0435,QZ_STA,Statistics,94,100,2025-10-06 13:55:37.168988
S0435,QZ_STA,Statistics,50,100,2025-08-08 13:55:37.168988
S0435,QZ_STA,Statistics,76,100,2026-01-07 13:55:37.168988
S0435,QZ_STA,Statistics,89,100,2025-09-02 13:55:37.168988
S0435,QZ_ML ,ML Basics,65,100,2025-08-02 13:55:37.168988
S0435,QZ_ML ,ML Basics,47,100,2026-01-02 13:55:37.168988
S0435,QZ_ML ,ML Basics,35,100,2025-08-01 13:55:37.168988
S0435,QZ_DEE,Deep Learning,87,100,2025-08-16 13:55:37.168988
S0435,QZ_DEE,Deep Learning,79,100,2025-08-11 13:55:37.168988
S0435,QZ_DEE,Deep Learning,38,100,2025-09-11 13:55:37.168988
S0435,QZ_DEE,Deep Learning,29,100,2025-09-11 13:55:37.168988
S0435,QZ_NLP,NLP,75,100,2025-10-14 13:55:37.168988
S0435,QZ_NLP,NLP,27,100,2025-11-06 13:55:37.168988
S0435,QZ_NLP,NLP,89,100,2025-09-06 13:55:37.168988
S0435,QZ_COM,Computer Vision,33,100,2026-01-08 13:55:37.168988
S0435,QZ_COM,Computer Vision,35,100,2025-10-17 13:55:37.168988
S0435,QZ_COM,Computer Vision,43,100,2025-08-10 13:55:37.168988
S0435,QZ_OPT,Optimization,30,100,2025-12-18 13:55:37.168988
S0435,QZ_OPT,Optimization,43,100,2025-09-20 13:55:37.168988
S0436,QZ_LIN,Linear Algebra,40,100,2025-12-20 13:55:37.168988
S0436,QZ_LIN,Linear Algebra,77,100,2025-09-18 13:55:37.168988
S0436,QZ_PRO,Probability,70,100,2025-12-10 13:55:37.168988
S0436,QZ_PRO,Probability,53,100,2025-10-21 13:55:37.168988
S0436,QZ_PRO,Probability,70,100,2026-01-12 13:55:37.168988
S0436,QZ_PRO,Probability,56,100,2025-12-02 13:55:37.168988
S0436,QZ_STA,Statistics,71,100,2025-12-12 13:55:37.168988
S0436,QZ_STA,Statistics,67,100,2025-09-27 13:55:37.168988
S0436,QZ_ML ,ML Basics,96,100,2025-07-24 13:55:37.168988
S0436,QZ_ML ,ML Basics,25,100,2025-09-13 13:55:37.168988
S0436,QZ_ML ,ML Basics,60,100,2025-08-31 13:55:37.168988
S0436,QZ_ML ,ML Basics,72,100,2025-08-06 13:55:37.168988
S0436,QZ_DEE,Deep Learning,66,100,2025-10-15 13:55:37.168988
S0436,QZ_DEE,Deep Learning,57,100,2025-07-29 13:55:37.168988
S0436,QZ_DEE,Deep Learning,35,100,2026-01-02 13:55:37.168988
S0436,QZ_DEE,Deep Learning,28,100,2025-08-19 13:55:37.168988
S0436,QZ_NLP,NLP,44,100,2025-11-29 13:55:37.168988
S0436,QZ_NLP,NLP,51,100,2025-11-04 13:55:37.168988
S0436,QZ_NLP,NLP,82,100,2025-10-25 13:55:37.168988
S0436,QZ_NLP,NLP,97,100,2025-09-08 13:55:37.168988
S0436,QZ_COM,Computer Vision,32,100,2025-10-05 13:55:37.168988
S0436,QZ_COM,Computer Vision,52,100,2025-08-24 13:55:37.168988
S0436,QZ_COM,Computer Vision,95,100,2025-11-22 13:55:37.168988
S0436,QZ_OPT,Optimization,29,100,2026-01-08 13:55:37.168988
S0436,QZ_OPT,Optimization,38,100,2025-08-16 13:55:37.168988
S0437,QZ_LIN,Linear Algebra,74,100,2025-12-06 13:55:37.168988
S0437,QZ_LIN,Linear Algebra,81,100,2025-09-03 13:55:37.168988
S0437,QZ_LIN,Linear Algebra,63,100,2025-09-23 13:55:37.168988
S0437,QZ_LIN,Linear Algebra,41,100,2025-11-06 13:55:37.168988
S0437,QZ_PRO,Probability,38,100,2025-10-15 13:55:37.168988
S0437,QZ_PRO,Probability,50,100,2025-10-11 13:55:37.168988
S0437,QZ_PRO,Probability,81,100,2026-01-12 13:55:37.168988
S0437,QZ_STA,Statistics,91,100,2025-10-21 13:55:37.168988
S0437,QZ_STA,Statistics,39,100,2025-11-06 13:55:37.168988
S0437,QZ_STA,Statistics,63,100,2025-11-04 13:55:37.168988
S0437,QZ_STA,Statistics,79,100,2025-10-25 13:55:37.168988
S0437,QZ_ML ,ML Basics,91,100,2025-10-20 13:55:37.168988
S0437,QZ_ML ,ML Basics,61,100,2025-08-23 13:55:37.168988
S0437,QZ_ML ,ML Basics,37,100,2025-11-10 13:55:37.168988
S0437,QZ_ML ,ML Basics,82,100,2026-01-15 13:55:37.168988
S0437,QZ_DEE,Deep Learning,63,100,2025-11-22 13:55:37.168988
S0437,QZ_DEE,Deep Learning,42,100,2025-07-29 13:55:37.168988
S0437,QZ_NLP,NLP,46,100,2025-09-01 13:55:37.168988
S0437,QZ_NLP,NLP,99,100,2025-09-15 13:55:37.168988
S0437,QZ_NLP,NLP,48,100,2025-08-30 13:55:37.168988
S0437,QZ_NLP,NLP,70,100,2025-09-23 13:55:37.168988
S0437,QZ_COM,Computer Vision,69,100,2025-08-10 13:55:37.168988
S0437,QZ_COM,Computer Vision,26,100,2025-11-18 13:55:37.168988
S0437,QZ_COM,Computer Vision,90,100,2025-08-15 13:55:37.168988
S0437,QZ_OPT,Optimization,60,100,2025-09-26 13:55:37.168988
S0437,QZ_OPT,Optimization,76,100,2025-09-11 13:55:37.168988
S0437,QZ_OPT,Optimization,55,100,2025-09-03 13:55:37.168988
S0437,QZ_OPT,Optimization,50,100,2025-07-21 13:55:37.168988
S0438,QZ_LIN,Linear Algebra,77,100,2025-12-21 13:55:37.168988
S0438,QZ_LIN,Linear Algebra,33,100,2025-08-22 13:55:37.168988
S0438,QZ_LIN,Linear Algebra,54,100,2025-08-09 13:55:37.168988
S0438,QZ_PRO,Probability,58,100,2025-07-27 13:55:37.168988
S0438,QZ_PRO,Probability,97,100,2026-01-13 13:55:37.168988
S0438,QZ_PRO,Probability,26,100,2025-08-24 13:55:37.168988
S0438,QZ_STA,Statistics,80,100,2025-11-08 13:55:37.168988
S0438,QZ_STA,Statistics,27,100,2025-09-05 13:55:37.168988
S0438,QZ_STA,Statistics,93,100,2025-12-01 13:55:37.168988
S0438,QZ_ML ,ML Basics,81,100,2025-08-01 13:55:37.168988
S0438,QZ_ML ,ML Basics,66,100,2025-12-04 13:55:37.168988
S0438,QZ_ML ,ML Basics,29,100,2025-10-10 13:55:37.168988
S0438,QZ_ML ,ML Basics,28,100,2025-08-30 13:55:37.168988
S0438,QZ_DEE,Deep Learning,86,100,2025-11-13 13:55:37.168988
S0438,QZ_DEE,Deep Learning,47,100,2025-12-22 13:55:37.168988
S0438,QZ_DEE,Deep Learning,78,100,2025-10-30 13:55:37.168988
S0438,QZ_DEE,Deep Learning,55,100,2025-12-30 13:55:37.168988
S0438,QZ_NLP,NLP,57,100,2025-08-27 13:55:37.168988
S0438,QZ_NLP,NLP,34,100,2025-12-08 13:55:37.168988
S0438,QZ_COM,Computer Vision,47,100,2025-10-23 13:55:37.168988
S0438,QZ_COM,Computer Vision,90,100,2025-08-09 13:55:37.168988
S0438,QZ_COM,Computer Vision,41,100,2025-08-30 13:55:37.168988
S0438,QZ_COM,Computer Vision,58,100,2025-07-23 13:55:37.168988
S0438,QZ_OPT,Optimization,41,100,2026-01-07 13:55:37.168988
S0438,QZ_OPT,Optimization,61,100,2025-09-19 13:55:37.168988
S0439,QZ_LIN,Linear Algebra,33,100,2025-11-10 13:55:37.168988
S0439,QZ_LIN,Linear Algebra,48,100,2025-11-21 13:55:37.168988
S0439,QZ_LIN,Linear Algebra,58,100,2025-08-06 13:55:37.168988
S0439,QZ_PRO,Probability,68,100,2025-11-22 13:55:37.168988
S0439,QZ_PRO,Probability,59,100,2025-12-08 13:55:37.168988
S0439,QZ_PRO,Probability,95,100,2025-07-21 13:55:37.168988
S0439,QZ_STA,Statistics,85,100,2025-09-02 13:55:37.168988
S0439,QZ_STA,Statistics,74,100,2025-08-02 13:55:37.168988
S0439,QZ_STA,Statistics,55,100,2025-08-08 13:55:37.168988
S0439,QZ_STA,Statistics,65,100,2025-11-27 13:55:37.168988
S0439,QZ_ML ,ML Basics,25,100,2025-07-26 13:55:37.168988
S0439,QZ_ML ,ML Basics,38,100,2025-09-02 13:55:37.168988
S0439,QZ_DEE,Deep Learning,48,100,2025-09-06 13:55:37.168988
S0439,QZ_DEE,Deep Learning,42,100,2025-08-02 13:55:37.168988
S0439,QZ_NLP,NLP,92,100,2025-08-14 13:55:37.168988
S0439,QZ_NLP,NLP,75,100,2025-09-11 13:55:37.168988
S0439,QZ_COM,Computer Vision,56,100,2025-11-02 13:55:37.168988
S0439,QZ_COM,Computer Vision,92,100,2025-09-25 13:55:37.168988
S0439,QZ_COM,Computer Vision,38,100,2025-10-15 13:55:37.168988
S0439,QZ_OPT,Optimization,70,100,2025-09-06 13:55:37.168988
S0439,QZ_OPT,Optimization,71,100,2025-11-23 13:55:37.168988
S0439,QZ_OPT,Optimization,71,100,2025-11-05 13:55:37.168988
S0440,QZ_LIN,Linear Algebra,50,100,2025-08-03 13:55:37.168988
S0440,QZ_LIN,Linear Algebra,31,100,2025-09-30 13:55:37.168988
S0440,QZ_LIN,Linear Algebra,85,100,2026-01-14 13:55:37.168988
S0440,QZ_LIN,Linear Algebra,99,100,2025-07-28 13:55:37.168988
S0440,QZ_PRO,Probability,25,100,2025-08-22 13:55:37.168988
S0440,QZ_PRO,Probability,30,100,2025-12-05 13:55:37.168988
S0440,QZ_PRO,Probability,74,100,2025-11-09 13:55:37.168988
S0440,QZ_STA,Statistics,33,100,2025-10-07 13:55:37.168988
S0440,QZ_STA,Statistics,85,100,2025-12-30 13:55:37.168988
S0440,QZ_ML ,ML Basics,71,100,2025-10-24 13:55:37.168988
S0440,QZ_ML ,ML Basics,38,100,2025-11-06 13:55:37.168988
S0440,QZ_ML ,ML Basics,86,100,2026-01-01 13:55:37.168988
S0440,QZ_ML ,ML Basics,78,100,2025-09-03 13:55:37.168988
S0440,QZ_DEE,Deep Learning,80,100,2025-12-15 13:55:37.168988
S0440,QZ_DEE,Deep Learning,53,100,2026-01-15 13:55:37.168988
S0440,QZ_DEE,Deep Learning,43,100,2026-01-09 13:55:37.168988
S0440,QZ_DEE,Deep Learning,25,100,2025-12-18 13:55:37.168988
S0440,QZ_NLP,NLP,84,100,2025-10-17 13:55:37.168988
S0440,QZ_NLP,NLP,82,100,2025-09-24 13:55:37.168988
S0440,QZ_NLP,NLP,26,100,2025-12-24 13:55:37.168988
S0440,QZ_NLP,NLP,85,100,2025-12-16 13:55:37.168988
S0440,QZ_COM,Computer Vision,61,100,2025-08-15 13:55:37.168988
S0440,QZ_COM,Computer Vision,46,100,2025-09-11 13:55:37.168988
S0440,QZ_COM,Computer Vision,89,100,2026-01-15 13:55:37.168988
S0440,QZ_OPT,Optimization,85,100,2025-08-03 13:55:37.168988
S0440,QZ_OPT,Optimization,59,100,2025-08-29 13:55:37.168988
S0441,QZ_LIN,Linear Algebra,96,100,2025-12-13 13:55:37.168988
S0441,QZ_LIN,Linear Algebra,29,100,2025-12-07 13:55:37.168988
S0441,QZ_PRO,Probability,83,100,2025-11-10 13:55:37.168988
S0441,QZ_PRO,Probability,42,100,2025-12-16 13:55:37.168988
S0441,QZ_PRO,Probability,29,100,2025-10-08 13:55:37.168988
S0441,QZ_PRO,Probability,62,100,2025-12-07 13:55:37.168988
S0441,QZ_STA,Statistics,33,100,2025-10-08 13:55:37.168988
S0441,QZ_STA,Statistics,70,100,2025-08-26 13:55:37.168988
S0441,QZ_STA,Statistics,77,100,2025-08-08 13:55:37.168988
S0441,QZ_STA,Statistics,63,100,2025-09-16 13:55:37.168988
S0441,QZ_ML ,ML Basics,65,100,2025-10-12 13:55:37.168988
S0441,QZ_ML ,ML Basics,81,100,2025-12-01 13:55:37.168988
S0441,QZ_DEE,Deep Learning,82,100,2026-01-07 13:55:37.168988
S0441,QZ_DEE,Deep Learning,89,100,2025-08-03 13:55:37.168988
S0441,QZ_DEE,Deep Learning,84,100,2025-11-17 13:55:37.168988
S0441,QZ_NLP,NLP,82,100,2025-10-01 13:55:37.168988
S0441,QZ_NLP,NLP,65,100,2025-12-09 13:55:37.168988
S0441,QZ_NLP,NLP,41,100,2026-01-16 13:55:37.168988
S0441,QZ_COM,Computer Vision,99,100,2025-10-16 13:55:37.168988
S0441,QZ_COM,Computer Vision,72,100,2025-09-20 13:55:37.168988
S0441,QZ_COM,Computer Vision,73,100,2025-08-15 13:55:37.168988
S0441,QZ_COM,Computer Vision,93,100,2025-11-22 13:55:37.168988
S0441,QZ_OPT,Optimization,90,100,2025-08-14 13:55:37.168988
S0441,QZ_OPT,Optimization,29,100,2025-08-06 13:55:37.168988
S0442,QZ_LIN,Linear Algebra,96,100,2026-01-10 13:55:37.168988
S0442,QZ_LIN,Linear Algebra,77,100,2026-01-08 13:55:37.168988
S0442,QZ_LIN,Linear Algebra,55,100,2025-11-18 13:55:37.168988
S0442,QZ_PRO,Probability,82,100,2025-12-29 13:55:37.168988
S0442,QZ_PRO,Probability,93,100,2025-07-30 13:55:37.168988
S0442,QZ_PRO,Probability,29,100,2025-07-28 13:55:37.168988
S0442,QZ_STA,Statistics,54,100,2025-08-26 13:55:37.168988
S0442,QZ_STA,Statistics,91,100,2025-08-08 13:55:37.168988
S0442,QZ_STA,Statistics,50,100,2025-12-24 13:55:37.168988
S0442,QZ_ML ,ML Basics,55,100,2025-08-29 13:55:37.168988
S0442,QZ_ML ,ML Basics,83,100,2025-12-21 13:55:37.168988
S0442,QZ_ML ,ML Basics,52,100,2025-10-08 13:55:37.168988
S0442,QZ_ML ,ML Basics,39,100,2025-12-29 13:55:37.168988
S0442,QZ_DEE,Deep Learning,49,100,2025-10-15 13:55:37.168988
S0442,QZ_DEE,Deep Learning,45,100,2025-12-09 13:55:37.168988
S0442,QZ_DEE,Deep Learning,45,100,2025-12-24 13:55:37.168988
S0442,QZ_NLP,NLP,67,100,2025-08-18 13:55:37.168988
S0442,QZ_NLP,NLP,66,100,2025-11-03 13:55:37.168988
S0442,QZ_NLP,NLP,77,100,2025-12-10 13:55:37.168988
S0442,QZ_NLP,NLP,59,100,2025-07-23 13:55:37.168988
S0442,QZ_COM,Computer Vision,91,100,2025-11-21 13:55:37.168988
S0442,QZ_COM,Computer Vision,55,100,2025-07-28 13:55:37.168988
S0442,QZ_COM,Computer Vision,33,100,2025-09-05 13:55:37.168988
S0442,QZ_COM,Computer Vision,77,100,2026-01-01 13:55:37.168988
S0442,QZ_OPT,Optimization,29,100,2025-11-27 13:55:37.168988
S0442,QZ_OPT,Optimization,79,100,2025-12-03 13:55:37.168988
S0442,QZ_OPT,Optimization,48,100,2025-12-20 13:55:37.168988
S0443,QZ_LIN,Linear Algebra,58,100,2025-07-23 13:55:37.168988
S0443,QZ_LIN,Linear Algebra,98,100,2025-09-09 13:55:37.168988
S0443,QZ_LIN,Linear Algebra,53,100,2025-12-19 13:55:37.168988
S0443,QZ_LIN,Linear Algebra,73,100,2025-12-29 13:55:37.168988
S0443,QZ_PRO,Probability,64,100,2025-11-27 13:55:37.168988
S0443,QZ_PRO,Probability,77,100,2025-12-20 13:55:37.168988
S0443,QZ_STA,Statistics,56,100,2025-11-14 13:55:37.168988
S0443,QZ_STA,Statistics,99,100,2025-12-03 13:55:37.168988
S0443,QZ_ML ,ML Basics,95,100,2026-01-03 13:55:37.168988
S0443,QZ_ML ,ML Basics,47,100,2025-09-21 13:55:37.168988
S0443,QZ_DEE,Deep Learning,60,100,2025-10-02 13:55:37.168988
S0443,QZ_DEE,Deep Learning,49,100,2025-10-16 13:55:37.168988
S0443,QZ_NLP,NLP,72,100,2026-01-15 13:55:37.168988
S0443,QZ_NLP,NLP,61,100,2025-12-27 13:55:37.168988
S0443,QZ_NLP,NLP,54,100,2025-10-07 13:55:37.168988
S0443,QZ_COM,Computer Vision,91,100,2025-10-19 13:55:37.168988
S0443,QZ_COM,Computer Vision,40,100,2025-12-11 13:55:37.168988
S0443,QZ_COM,Computer Vision,32,100,2025-09-24 13:55:37.168988
S0443,QZ_OPT,Optimization,59,100,2025-12-10 13:55:37.168988
S0443,QZ_OPT,Optimization,69,100,2025-10-04 13:55:37.168988
S0444,QZ_LIN,Linear Algebra,68,100,2026-01-12 13:55:37.168988
S0444,QZ_LIN,Linear Algebra,64,100,2026-01-03 13:55:37.168988
S0444,QZ_PRO,Probability,73,100,2025-08-23 13:55:37.168988
S0444,QZ_PRO,Probability,27,100,2026-01-16 13:55:37.168988
S0444,QZ_PRO,Probability,84,100,2025-10-25 13:55:37.168988
S0444,QZ_PRO,Probability,68,100,2025-09-26 13:55:37.168988
S0444,QZ_STA,Statistics,63,100,2025-08-31 13:55:37.168988
S0444,QZ_STA,Statistics,41,100,2025-07-23 13:55:37.168988
S0444,QZ_STA,Statistics,73,100,2025-09-08 13:55:37.168988
S0444,QZ_ML ,ML Basics,41,100,2025-12-17 13:55:37.168988
S0444,QZ_ML ,ML Basics,86,100,2025-10-24 13:55:37.168988
S0444,QZ_ML ,ML Basics,58,100,2025-12-24 13:55:37.168988
S0444,QZ_DEE,Deep Learning,38,100,2025-09-08 13:55:37.168988
S0444,QZ_DEE,Deep Learning,82,100,2025-12-05 13:55:37.168988
S0444,QZ_DEE,Deep Learning,49,100,2025-12-19 13:55:37.168988
S0444,QZ_NLP,NLP,75,100,2025-10-28 13:55:37.168988
S0444,QZ_NLP,NLP,97,100,2025-11-18 13:55:37.168988
S0444,QZ_NLP,NLP,67,100,2025-12-15 13:55:37.168988
S0444,QZ_COM,Computer Vision,69,100,2025-10-03 13:55:37.168988
S0444,QZ_COM,Computer Vision,73,100,2026-01-11 13:55:37.168988
S0444,QZ_COM,Computer Vision,39,100,2025-09-30 13:55:37.168988
S0444,QZ_COM,Computer Vision,58,100,2025-11-03 13:55:37.168988
S0444,QZ_OPT,Optimization,91,100,2025-07-24 13:55:37.168988
S0444,QZ_OPT,Optimization,67,100,2025-09-27 13:55:37.168988
S0444,QZ_OPT,Optimization,52,100,2025-12-01 13:55:37.168988
S0445,QZ_LIN,Linear Algebra,74,100,2026-01-01 13:55:37.168988
S0445,QZ_LIN,Linear Algebra,53,100,2025-10-08 13:55:37.168988
S0445,QZ_LIN,Linear Algebra,67,100,2025-11-15 13:55:37.168988
S0445,QZ_PRO,Probability,67,100,2025-12-19 13:55:37.168988
S0445,QZ_PRO,Probability,68,100,2025-08-06 13:55:37.168988
S0445,QZ_PRO,Probability,27,100,2025-11-01 13:55:37.168988
S0445,QZ_PRO,Probability,67,100,2025-07-30 13:55:37.168988
S0445,QZ_STA,Statistics,95,100,2025-08-09 13:55:37.168988
S0445,QZ_STA,Statistics,26,100,2025-09-09 13:55:37.168988
S0445,QZ_ML ,ML Basics,88,100,2025-08-16 13:55:37.168988
S0445,QZ_ML ,ML Basics,57,100,2025-10-19 13:55:37.168988
S0445,QZ_ML ,ML Basics,96,100,2025-08-30 13:55:37.168988
S0445,QZ_ML ,ML Basics,66,100,2025-09-11 13:55:37.168988
S0445,QZ_DEE,Deep Learning,62,100,2026-01-15 13:55:37.168988
S0445,QZ_DEE,Deep Learning,58,100,2025-11-14 13:55:37.168988
S0445,QZ_DEE,Deep Learning,70,100,2025-10-11 13:55:37.168988
S0445,QZ_DEE,Deep Learning,76,100,2025-08-01 13:55:37.168988
S0445,QZ_NLP,NLP,51,100,2025-12-04 13:55:37.168988
S0445,QZ_NLP,NLP,88,100,2025-07-27 13:55:37.168988
S0445,QZ_NLP,NLP,40,100,2025-11-26 13:55:37.168988
S0445,QZ_COM,Computer Vision,49,100,2025-11-04 13:55:37.168988
S0445,QZ_COM,Computer Vision,48,100,2025-09-10 13:55:37.168988
S0445,QZ_COM,Computer Vision,26,100,2025-12-11 13:55:37.168988
S0445,QZ_COM,Computer Vision,54,100,2025-10-27 13:55:37.168988
S0445,QZ_OPT,Optimization,69,100,2025-12-08 13:55:37.168988
S0445,QZ_OPT,Optimization,40,100,2025-07-28 13:55:37.168988
S0445,QZ_OPT,Optimization,83,100,2025-09-20 13:55:37.168988
S0445,QZ_OPT,Optimization,75,100,2025-11-04 13:55:37.168988
S0446,QZ_LIN,Linear Algebra,75,100,2025-11-22 13:55:37.168988
S0446,QZ_LIN,Linear Algebra,88,100,2026-01-03 13:55:37.168988
S0446,QZ_PRO,Probability,51,100,2025-08-03 13:55:37.168988
S0446,QZ_PRO,Probability,95,100,2025-09-17 13:55:37.168988
S0446,QZ_STA,Statistics,37,100,2025-09-21 13:55:37.168988
S0446,QZ_STA,Statistics,39,100,2025-11-30 13:55:37.168988
S0446,QZ_STA,Statistics,36,100,2025-12-10 13:55:37.168988
S0446,QZ_STA,Statistics,29,100,2025-10-01 13:55:37.168988
S0446,QZ_ML ,ML Basics,38,100,2025-10-01 13:55:37.168988
S0446,QZ_ML ,ML Basics,62,100,2025-09-20 13:55:37.168988
S0446,QZ_ML ,ML Basics,63,100,2025-07-21 13:55:37.168988
S0446,QZ_ML ,ML Basics,36,100,2025-08-30 13:55:37.168988
S0446,QZ_DEE,Deep Learning,34,100,2025-10-22 13:55:37.168988
S0446,QZ_DEE,Deep Learning,39,100,2025-10-09 13:55:37.168988
S0446,QZ_NLP,NLP,35,100,2026-01-07 13:55:37.168988
S0446,QZ_NLP,NLP,92,100,2025-09-15 13:55:37.168988
S0446,QZ_COM,Computer Vision,32,100,2025-08-17 13:55:37.168988
S0446,QZ_COM,Computer Vision,94,100,2025-08-14 13:55:37.168988
S0446,QZ_OPT,Optimization,89,100,2025-10-08 13:55:37.168988
S0446,QZ_OPT,Optimization,40,100,2025-12-16 13:55:37.168988
S0447,QZ_LIN,Linear Algebra,49,100,2025-11-17 13:55:37.168988
S0447,QZ_LIN,Linear Algebra,33,100,2025-08-10 13:55:37.168988
S0447,QZ_LIN,Linear Algebra,74,100,2025-08-28 13:55:37.168988
S0447,QZ_LIN,Linear Algebra,37,100,2025-12-24 13:55:37.168988
S0447,QZ_PRO,Probability,77,100,2025-07-26 13:55:37.168988
S0447,QZ_PRO,Probability,95,100,2025-11-27 13:55:37.168988
S0447,QZ_PRO,Probability,71,100,2025-08-30 13:55:37.168988
S0447,QZ_STA,Statistics,88,100,2025-09-15 13:55:37.168988
S0447,QZ_STA,Statistics,32,100,2025-09-21 13:55:37.168988
S0447,QZ_STA,Statistics,32,100,2025-08-06 13:55:37.168988
S0447,QZ_ML ,ML Basics,79,100,2025-08-09 13:55:37.168988
S0447,QZ_ML ,ML Basics,39,100,2025-10-04 13:55:37.168988
S0447,QZ_ML ,ML Basics,77,100,2025-11-02 13:55:37.168988
S0447,QZ_DEE,Deep Learning,45,100,2025-09-15 13:55:37.168988
S0447,QZ_DEE,Deep Learning,71,100,2025-10-02 13:55:37.168988
S0447,QZ_DEE,Deep Learning,76,100,2025-11-22 13:55:37.168988
S0447,QZ_DEE,Deep Learning,92,100,2025-10-28 13:55:37.168988
S0447,QZ_NLP,NLP,84,100,2025-09-03 13:55:37.168988
S0447,QZ_NLP,NLP,52,100,2025-08-18 13:55:37.168988
S0447,QZ_COM,Computer Vision,68,100,2025-07-30 13:55:37.168988
S0447,QZ_COM,Computer Vision,57,100,2025-07-29 13:55:37.168988
S0447,QZ_COM,Computer Vision,49,100,2025-10-06 13:55:37.168988
S0447,QZ_OPT,Optimization,91,100,2025-08-26 13:55:37.168988
S0447,QZ_OPT,Optimization,64,100,2025-12-05 13:55:37.168988
S0447,QZ_OPT,Optimization,25,100,2025-09-08 13:55:37.168988
S0448,QZ_LIN,Linear Algebra,47,100,2025-12-02 13:55:37.168988
S0448,QZ_LIN,Linear Algebra,58,100,2025-09-21 13:55:37.168988
S0448,QZ_PRO,Probability,28,100,2025-10-26 13:55:37.168988
S0448,QZ_PRO,Probability,31,100,2025-10-03 13:55:37.168988
S0448,QZ_STA,Statistics,35,100,2026-01-14 13:55:37.168988
S0448,QZ_STA,Statistics,95,100,2025-08-17 13:55:37.168988
S0448,QZ_ML ,ML Basics,33,100,2025-12-14 13:55:37.168988
S0448,QZ_ML ,ML Basics,73,100,2025-08-30 13:55:37.168988
S0448,QZ_ML ,ML Basics,61,100,2025-09-30 13:55:37.168988
S0448,QZ_ML ,ML Basics,53,100,2025-09-13 13:55:37.168988
S0448,QZ_DEE,Deep Learning,73,100,2025-12-28 13:55:37.168988
S0448,QZ_DEE,Deep Learning,68,100,2025-09-30 13:55:37.168988
S0448,QZ_DEE,Deep Learning,65,100,2025-07-27 13:55:37.168988
S0448,QZ_NLP,NLP,97,100,2025-07-22 13:55:37.168988
S0448,QZ_NLP,NLP,78,100,2025-10-25 13:55:37.168988
S0448,QZ_NLP,NLP,39,100,2025-08-15 13:55:37.168988
S0448,QZ_NLP,NLP,59,100,2025-08-29 13:55:37.168988
S0448,QZ_COM,Computer Vision,50,100,2025-08-28 13:55:37.168988
S0448,QZ_COM,Computer Vision,83,100,2026-01-04 13:55:37.168988
S0448,QZ_COM,Computer Vision,64,100,2025-08-08 13:55:37.168988
S0448,QZ_COM,Computer Vision,93,100,2025-11-20 13:55:37.168988
S0448,QZ_OPT,Optimization,46,100,2025-10-12 13:55:37.168988
S0448,QZ_OPT,Optimization,57,100,2025-12-01 13:55:37.168988
S0448,QZ_OPT,Optimization,51,100,2026-01-05 13:55:37.168988
S0448,QZ_OPT,Optimization,54,100,2025-12-08 13:55:37.168988
S0449,QZ_LIN,Linear Algebra,65,100,2025-10-27 13:55:37.168988
S0449,QZ_LIN,Linear Algebra,98,100,2025-08-16 13:55:37.168988
S0449,QZ_LIN,Linear Algebra,45,100,2026-01-13 13:55:37.168988
S0449,QZ_PRO,Probability,36,100,2026-01-05 13:55:37.168988
S0449,QZ_PRO,Probability,47,100,2026-01-04 13:55:37.168988
S0449,QZ_STA,Statistics,65,100,2025-09-09 13:55:37.168988
S0449,QZ_STA,Statistics,86,100,2025-07-30 13:55:37.168988
S0449,QZ_STA,Statistics,72,100,2025-07-25 13:55:37.168988
S0449,QZ_STA,Statistics,52,100,2025-12-31 13:55:37.168988
S0449,QZ_ML ,ML Basics,42,100,2025-09-13 13:55:37.168988
S0449,QZ_ML ,ML Basics,59,100,2025-07-26 13:55:37.168988
S0449,QZ_ML ,ML Basics,85,100,2025-11-10 13:55:37.168988
S0449,QZ_ML ,ML Basics,32,100,2025-11-07 13:55:37.168988
S0449,QZ_DEE,Deep Learning,80,100,2025-09-04 13:55:37.168988
S0449,QZ_DEE,Deep Learning,57,100,2025-10-30 13:55:37.168988
S0449,QZ_NLP,NLP,92,100,2025-09-29 13:55:37.168988
S0449,QZ_NLP,NLP,34,100,2025-12-22 13:55:37.168988
S0449,QZ_NLP,NLP,94,100,2025-07-25 13:55:37.168988
S0449,QZ_NLP,NLP,42,100,2025-10-26 13:55:37.168988
S0449,QZ_COM,Computer Vision,59,100,2025-08-04 13:55:37.168988
S0449,QZ_COM,Computer Vision,75,100,2025-08-12 13:55:37.168988
S0449,QZ_COM,Computer Vision,59,100,2025-10-13 13:55:37.168988
S0449,QZ_COM,Computer Vision,47,100,2026-01-01 13:55:37.168988
S0449,QZ_OPT,Optimization,55,100,2025-12-09 13:55:37.168988
S0449,QZ_OPT,Optimization,67,100,2025-09-05 13:55:37.168988
S0450,QZ_LIN,Linear Algebra,76,100,2025-09-05 13:55:37.168988
S0450,QZ_LIN,Linear Algebra,39,100,2025-10-07 13:55:37.168988
S0450,QZ_PRO,Probability,34,100,2025-11-14 13:55:37.168988
S0450,QZ_PRO,Probability,74,100,2025-12-04 13:55:37.168988
S0450,QZ_PRO,Probability,33,100,2026-01-15 13:55:37.168988
S0450,QZ_STA,Statistics,30,100,2025-10-29 13:55:37.168988
S0450,QZ_STA,Statistics,75,100,2025-07-28 13:55:37.168988
S0450,QZ_STA,Statistics,86,100,2025-10-04 13:55:37.168988
S0450,QZ_STA,Statistics,72,100,2025-10-03 13:55:37.168988
S0450,QZ_ML ,ML Basics,79,100,2025-09-25 13:55:37.168988
S0450,QZ_ML ,ML Basics,88,100,2025-10-27 13:55:37.168988
S0450,QZ_ML ,ML Basics,30,100,2025-10-25 13:55:37.168988
S0450,QZ_DEE,Deep Learning,62,100,2025-10-05 13:55:37.168988
S0450,QZ_DEE,Deep Learning,56,100,2025-12-24 13:55:37.168988
S0450,QZ_NLP,NLP,60,100,2025-11-10 13:55:37.168988
S0450,QZ_NLP,NLP,72,100,2025-12-27 13:55:37.168988
S0450,QZ_NLP,NLP,84,100,2025-07-26 13:55:37.168988
S0450,QZ_NLP,NLP,37,100,2025-10-14 13:55:37.168988
S0450,QZ_COM,Computer Vision,70,100,2025-08-08 13:55:37.168988
S0450,QZ_COM,Computer Vision,94,100,2025-11-12 13:55:37.168988
S0450,QZ_COM,Computer Vision,90,100,2025-07-23 13:55:37.168988
S0450,QZ_OPT,Optimization,64,100,2025-08-02 13:55:37.168988
S0450,QZ_OPT,Optimization,92,100,2025-11-10 13:55:37.168988
S0450,QZ_OPT,Optimization,58,100,2025-09-05 13:55:37.168988
S0451,QZ_LIN,Linear Algebra,99,100,2025-08-01 13:55:37.168988
S0451,QZ_LIN,Linear Algebra,82,100,2025-10-12 13:55:37.168988
S0451,QZ_LIN,Linear Algebra,60,100,2026-01-10 13:55:37.168988
S0451,QZ_LIN,Linear Algebra,47,100,2025-12-25 13:55:37.168988
S0451,QZ_PRO,Probability,75,100,2025-09-14 13:55:37.168988
S0451,QZ_PRO,Probability,66,100,2025-12-15 13:55:37.168988
S0451,QZ_STA,Statistics,36,100,2025-08-17 13:55:37.168988
S0451,QZ_STA,Statistics,77,100,2025-10-16 13:55:37.168988
S0451,QZ_ML ,ML Basics,25,100,2025-11-19 13:55:37.168988
S0451,QZ_ML ,ML Basics,42,100,2025-07-27 13:55:37.168988
S0451,QZ_DEE,Deep Learning,71,100,2025-07-25 13:55:37.168988
S0451,QZ_DEE,Deep Learning,77,100,2025-12-21 13:55:37.168988
S0451,QZ_DEE,Deep Learning,81,100,2025-12-31 13:55:37.168988
S0451,QZ_NLP,NLP,80,100,2025-09-06 13:55:37.168988
S0451,QZ_NLP,NLP,36,100,2025-12-12 13:55:37.168988
S0451,QZ_NLP,NLP,93,100,2025-12-21 13:55:37.168988
S0451,QZ_NLP,NLP,71,100,2025-12-08 13:55:37.168988
S0451,QZ_COM,Computer Vision,80,100,2025-10-10 13:55:37.168988
S0451,QZ_COM,Computer Vision,62,100,2025-11-19 13:55:37.168988
S0451,QZ_OPT,Optimization,40,100,2025-08-08 13:55:37.168988
S0451,QZ_OPT,Optimization,79,100,2025-10-18 13:55:37.168988
S0452,QZ_LIN,Linear Algebra,80,100,2025-11-06 13:55:37.168988
S0452,QZ_LIN,Linear Algebra,94,100,2025-10-09 13:55:37.168988
S0452,QZ_LIN,Linear Algebra,51,100,2025-11-22 13:55:37.168988
S0452,QZ_LIN,Linear Algebra,61,100,2025-10-10 13:55:37.168988
S0452,QZ_PRO,Probability,50,100,2025-11-01 13:55:37.168988
S0452,QZ_PRO,Probability,74,100,2025-11-09 13:55:37.168988
S0452,QZ_STA,Statistics,80,100,2025-10-21 13:55:37.168988
S0452,QZ_STA,Statistics,75,100,2025-08-07 13:55:37.168988
S0452,QZ_STA,Statistics,93,100,2025-10-14 13:55:37.168988
S0452,QZ_STA,Statistics,25,100,2025-08-05 13:55:37.168988
S0452,QZ_ML ,ML Basics,86,100,2025-12-09 13:55:37.168988
S0452,QZ_ML ,ML Basics,69,100,2025-09-13 13:55:37.168988
S0452,QZ_ML ,ML Basics,50,100,2025-10-06 13:55:37.168988
S0452,QZ_DEE,Deep Learning,39,100,2025-11-17 13:55:37.168988
S0452,QZ_DEE,Deep Learning,61,100,2025-12-06 13:55:37.168988
S0452,QZ_DEE,Deep Learning,38,100,2025-12-17 13:55:37.168988
S0452,QZ_NLP,NLP,45,100,2026-01-15 13:55:37.168988
S0452,QZ_NLP,NLP,50,100,2025-08-31 13:55:37.168988
S0452,QZ_NLP,NLP,99,100,2025-08-13 13:55:37.168988
S0452,QZ_NLP,NLP,32,100,2025-10-30 13:55:37.168988
S0452,QZ_COM,Computer Vision,84,100,2025-12-10 13:55:37.168988
S0452,QZ_COM,Computer Vision,73,100,2025-09-22 13:55:37.168988
S0452,QZ_OPT,Optimization,33,100,2025-10-18 13:55:37.168988
S0452,QZ_OPT,Optimization,76,100,2025-09-08 13:55:37.168988
S0452,QZ_OPT,Optimization,98,100,2025-11-11 13:55:37.168988
S0453,QZ_LIN,Linear Algebra,80,100,2025-07-29 13:55:37.168988
S0453,QZ_LIN,Linear Algebra,53,100,2025-09-07 13:55:37.168988
S0453,QZ_LIN,Linear Algebra,66,100,2025-12-03 13:55:37.168988
S0453,QZ_PRO,Probability,94,100,2025-10-15 13:55:37.168988
S0453,QZ_PRO,Probability,33,100,2025-12-30 13:55:37.168988
S0453,QZ_PRO,Probability,80,100,2025-12-07 13:55:37.168988
S0453,QZ_PRO,Probability,94,100,2025-12-02 13:55:37.168988
S0453,QZ_STA,Statistics,47,100,2025-09-17 13:55:37.168988
S0453,QZ_STA,Statistics,70,100,2025-10-24 13:55:37.168988
S0453,QZ_STA,Statistics,63,100,2025-11-07 13:55:37.168988
S0453,QZ_ML ,ML Basics,78,100,2025-09-20 13:55:37.168988
S0453,QZ_ML ,ML Basics,33,100,2025-08-27 13:55:37.168988
S0453,QZ_DEE,Deep Learning,89,100,2025-12-13 13:55:37.168988
S0453,QZ_DEE,Deep Learning,58,100,2025-09-19 13:55:37.168988
S0453,QZ_DEE,Deep Learning,40,100,2025-11-23 13:55:37.168988
S0453,QZ_DEE,Deep Learning,79,100,2025-11-02 13:55:37.168988
S0453,QZ_NLP,NLP,54,100,2025-08-08 13:55:37.168988
S0453,QZ_NLP,NLP,96,100,2025-12-05 13:55:37.168988
S0453,QZ_COM,Computer Vision,82,100,2025-08-07 13:55:37.168988
S0453,QZ_COM,Computer Vision,99,100,2025-09-26 13:55:37.168988
S0453,QZ_OPT,Optimization,53,100,2026-01-05 13:55:37.168988
S0453,QZ_OPT,Optimization,28,100,2025-09-11 13:55:37.168988
S0453,QZ_OPT,Optimization,86,100,2026-01-07 13:55:37.168988
S0453,QZ_OPT,Optimization,49,100,2025-08-29 13:55:37.168988
S0454,QZ_LIN,Linear Algebra,84,100,2025-11-11 13:55:37.168988
S0454,QZ_LIN,Linear Algebra,64,100,2025-11-24 13:55:37.168988
S0454,QZ_LIN,Linear Algebra,61,100,2025-12-07 13:55:37.168988
S0454,QZ_LIN,Linear Algebra,52,100,2025-12-02 13:55:37.168988
S0454,QZ_PRO,Probability,40,100,2025-08-20 13:55:37.168988
S0454,QZ_PRO,Probability,37,100,2026-01-04 13:55:37.168988
S0454,QZ_PRO,Probability,85,100,2025-10-03 13:55:37.168988
S0454,QZ_PRO,Probability,59,100,2025-09-30 13:55:37.168988
S0454,QZ_STA,Statistics,94,100,2025-11-15 13:55:37.168988
S0454,QZ_STA,Statistics,95,100,2025-11-28 13:55:37.168988
S0454,QZ_STA,Statistics,29,100,2025-10-21 13:55:37.168988
S0454,QZ_STA,Statistics,79,100,2025-10-13 13:55:37.168988
S0454,QZ_ML ,ML Basics,99,100,2025-11-10 13:55:37.168988
S0454,QZ_ML ,ML Basics,41,100,2025-10-05 13:55:37.168988
S0454,QZ_ML ,ML Basics,55,100,2025-08-27 13:55:37.168988
S0454,QZ_ML ,ML Basics,74,100,2025-10-08 13:55:37.168988
S0454,QZ_DEE,Deep Learning,98,100,2025-07-29 13:55:37.168988
S0454,QZ_DEE,Deep Learning,45,100,2025-09-01 13:55:37.168988
S0454,QZ_NLP,NLP,49,100,2025-10-22 13:55:37.168988
S0454,QZ_NLP,NLP,59,100,2025-09-07 13:55:37.168988
S0454,QZ_NLP,NLP,51,100,2025-09-15 13:55:37.168988
S0454,QZ_COM,Computer Vision,66,100,2025-11-28 13:55:37.168988
S0454,QZ_COM,Computer Vision,87,100,2025-08-11 13:55:37.168988
S0454,QZ_COM,Computer Vision,32,100,2025-08-24 13:55:37.168988
S0454,QZ_COM,Computer Vision,63,100,2025-12-28 13:55:37.168988
S0454,QZ_OPT,Optimization,34,100,2025-10-30 13:55:37.168988
S0454,QZ_OPT,Optimization,56,100,2025-10-23 13:55:37.168988
S0455,QZ_LIN,Linear Algebra,56,100,2025-09-05 13:55:37.168988
S0455,QZ_LIN,Linear Algebra,76,100,2025-11-10 13:55:37.168988
S0455,QZ_PRO,Probability,97,100,2025-09-24 13:55:37.168988
S0455,QZ_PRO,Probability,97,100,2025-12-24 13:55:37.168988
S0455,QZ_STA,Statistics,75,100,2026-01-15 13:55:37.168988
S0455,QZ_STA,Statistics,97,100,2025-08-02 13:55:37.168988
S0455,QZ_STA,Statistics,51,100,2025-12-23 13:55:37.168988
S0455,QZ_ML ,ML Basics,52,100,2025-07-29 13:55:37.168988
S0455,QZ_ML ,ML Basics,72,100,2025-08-07 13:55:37.168988
S0455,QZ_ML ,ML Basics,77,100,2025-08-28 13:55:37.168988
S0455,QZ_ML ,ML Basics,37,100,2025-07-22 13:55:37.168988
S0455,QZ_DEE,Deep Learning,66,100,2026-01-01 13:55:37.168988
S0455,QZ_DEE,Deep Learning,35,100,2025-08-24 13:55:37.168988
S0455,QZ_DEE,Deep Learning,58,100,2025-08-21 13:55:37.168988
S0455,QZ_NLP,NLP,31,100,2025-10-02 13:55:37.168988
S0455,QZ_NLP,NLP,88,100,2025-11-22 13:55:37.168988
S0455,QZ_COM,Computer Vision,58,100,2025-08-11 13:55:37.168988
S0455,QZ_COM,Computer Vision,59,100,2026-01-10 13:55:37.168988
S0455,QZ_COM,Computer Vision,45,100,2025-11-27 13:55:37.168988
S0455,QZ_OPT,Optimization,78,100,2025-12-28 13:55:37.168988
S0455,QZ_OPT,Optimization,60,100,2025-12-30 13:55:37.168988
S0456,QZ_LIN,Linear Algebra,33,100,2025-11-29 13:55:37.168988
S0456,QZ_LIN,Linear Algebra,74,100,2025-09-08 13:55:37.168988
S0456,QZ_PRO,Probability,64,100,2025-09-01 13:55:37.168988
S0456,QZ_PRO,Probability,27,100,2025-12-23 13:55:37.168988
S0456,QZ_STA,Statistics,57,100,2026-01-07 13:55:37.168988
S0456,QZ_STA,Statistics,90,100,2025-12-10 13:55:37.168988
S0456,QZ_STA,Statistics,90,100,2025-10-30 13:55:37.168988
S0456,QZ_STA,Statistics,47,100,2025-09-14 13:55:37.168988
S0456,QZ_ML ,ML Basics,81,100,2025-11-02 13:55:37.168988
S0456,QZ_ML ,ML Basics,41,100,2025-09-10 13:55:37.168988
S0456,QZ_DEE,Deep Learning,28,100,2025-12-19 13:55:37.168988
S0456,QZ_DEE,Deep Learning,44,100,2025-09-18 13:55:37.168988
S0456,QZ_DEE,Deep Learning,54,100,2025-12-15 13:55:37.168988
S0456,QZ_DEE,Deep Learning,31,100,2025-10-20 13:55:37.168988
S0456,QZ_NLP,NLP,33,100,2025-08-24 13:55:37.168988
S0456,QZ_NLP,NLP,58,100,2025-09-04 13:55:37.168988
S0456,QZ_COM,Computer Vision,34,100,2025-10-27 13:55:37.168988
S0456,QZ_COM,Computer Vision,71,100,2025-07-22 13:55:37.168988
S0456,QZ_COM,Computer Vision,84,100,2025-08-29 13:55:37.168988
S0456,QZ_OPT,Optimization,80,100,2025-10-13 13:55:37.168988
S0456,QZ_OPT,Optimization,92,100,2025-12-10 13:55:37.168988
S0456,QZ_OPT,Optimization,53,100,2026-01-13 13:55:37.168988
S0456,QZ_OPT,Optimization,26,100,2025-10-23 13:55:37.168988
S0457,QZ_LIN,Linear Algebra,37,100,2025-09-20 13:55:37.168988
S0457,QZ_LIN,Linear Algebra,99,100,2025-11-17 13:55:37.168988
S0457,QZ_LIN,Linear Algebra,59,100,2026-01-01 13:55:37.168988
S0457,QZ_PRO,Probability,69,100,2025-11-13 13:55:37.168988
S0457,QZ_PRO,Probability,69,100,2025-08-20 13:55:37.168988
S0457,QZ_PRO,Probability,67,100,2025-07-31 13:55:37.168988
S0457,QZ_PRO,Probability,88,100,2025-12-23 13:55:37.168988
S0457,QZ_STA,Statistics,25,100,2025-08-13 13:55:37.168988
S0457,QZ_STA,Statistics,81,100,2025-12-13 13:55:37.168988
S0457,QZ_STA,Statistics,28,100,2025-07-27 13:55:37.168988
S0457,QZ_STA,Statistics,61,100,2025-10-31 13:55:37.168988
S0457,QZ_ML ,ML Basics,27,100,2025-07-23 13:55:37.168988
S0457,QZ_ML ,ML Basics,30,100,2025-08-30 13:55:37.168988
S0457,QZ_DEE,Deep Learning,77,100,2025-11-20 13:55:37.168988
S0457,QZ_DEE,Deep Learning,62,100,2025-10-23 13:55:37.168988
S0457,QZ_DEE,Deep Learning,32,100,2025-12-29 13:55:37.168988
S0457,QZ_DEE,Deep Learning,66,100,2025-07-24 13:55:37.168988
S0457,QZ_NLP,NLP,86,100,2025-08-06 13:55:37.168988
S0457,QZ_NLP,NLP,97,100,2026-01-02 13:55:37.168988
S0457,QZ_NLP,NLP,25,100,2026-01-04 13:55:37.168988
S0457,QZ_NLP,NLP,50,100,2025-10-09 13:55:37.168988
S0457,QZ_COM,Computer Vision,33,100,2025-11-24 13:55:37.168988
S0457,QZ_COM,Computer Vision,47,100,2025-12-25 13:55:37.168988
S0457,QZ_COM,Computer Vision,66,100,2025-10-02 13:55:37.168988
S0457,QZ_COM,Computer Vision,76,100,2025-11-28 13:55:37.168988
S0457,QZ_OPT,Optimization,89,100,2025-11-22 13:55:37.168988
S0457,QZ_OPT,Optimization,85,100,2025-10-04 13:55:37.168988
S0457,QZ_OPT,Optimization,39,100,2025-09-25 13:55:37.168988
S0457,QZ_OPT,Optimization,90,100,2025-10-14 13:55:37.168988
S0458,QZ_LIN,Linear Algebra,29,100,2026-01-09 13:55:37.168988
S0458,QZ_LIN,Linear Algebra,51,100,2025-08-01 13:55:37.168988
S0458,QZ_PRO,Probability,43,100,2025-09-09 13:55:37.168988
S0458,QZ_PRO,Probability,62,100,2025-08-01 13:55:37.168988
S0458,QZ_PRO,Probability,78,100,2025-12-27 13:55:37.168988
S0458,QZ_STA,Statistics,97,100,2025-07-22 13:55:37.168988
S0458,QZ_STA,Statistics,45,100,2025-10-25 13:55:37.168988
S0458,QZ_STA,Statistics,34,100,2025-12-27 13:55:37.168988
S0458,QZ_ML ,ML Basics,42,100,2025-08-30 13:55:37.168988
S0458,QZ_ML ,ML Basics,95,100,2025-09-10 13:55:37.168988
S0458,QZ_ML ,ML Basics,27,100,2025-09-15 13:55:37.168988
S0458,QZ_ML ,ML Basics,63,100,2025-12-28 13:55:37.168988
S0458,QZ_DEE,Deep Learning,95,100,2025-08-16 13:55:37.168988
S0458,QZ_DEE,Deep Learning,63,100,2025-11-09 13:55:37.168988
S0458,QZ_NLP,NLP,87,100,2025-10-06 13:55:37.168988
S0458,QZ_NLP,NLP,44,100,2026-01-09 13:55:37.168988
S0458,QZ_NLP,NLP,92,100,2025-10-05 13:55:37.168988
S0458,QZ_COM,Computer Vision,48,100,2026-01-10 13:55:37.168988
S0458,QZ_COM,Computer Vision,78,100,2025-12-06 13:55:37.168988
S0458,QZ_OPT,Optimization,93,100,2025-08-30 13:55:37.168988
S0458,QZ_OPT,Optimization,91,100,2025-09-26 13:55:37.168988
S0459,QZ_LIN,Linear Algebra,56,100,2025-11-09 13:55:37.168988
S0459,QZ_LIN,Linear Algebra,80,100,2025-08-26 13:55:37.168988
S0459,QZ_PRO,Probability,92,100,2025-10-19 13:55:37.168988
S0459,QZ_PRO,Probability,89,100,2025-11-16 13:55:37.168988
S0459,QZ_PRO,Probability,45,100,2025-10-23 13:55:37.168988
S0459,QZ_STA,Statistics,38,100,2025-08-20 13:55:37.168988
S0459,QZ_STA,Statistics,97,100,2025-08-31 13:55:37.168988
S0459,QZ_STA,Statistics,92,100,2025-08-07 13:55:37.168988
S0459,QZ_STA,Statistics,51,100,2025-07-31 13:55:37.168988
S0459,QZ_ML ,ML Basics,34,100,2025-10-31 13:55:37.168988
S0459,QZ_ML ,ML Basics,84,100,2025-09-20 13:55:37.168988
S0459,QZ_DEE,Deep Learning,73,100,2025-12-17 13:55:37.168988
S0459,QZ_DEE,Deep Learning,33,100,2025-10-29 13:55:37.168988
S0459,QZ_NLP,NLP,78,100,2026-01-02 13:55:37.168988
S0459,QZ_NLP,NLP,96,100,2025-09-07 13:55:37.168988
S0459,QZ_COM,Computer Vision,54,100,2025-11-16 13:55:37.168988
S0459,QZ_COM,Computer Vision,79,100,2025-12-11 13:55:37.168988
S0459,QZ_OPT,Optimization,35,100,2025-09-13 13:55:37.168988
S0459,QZ_OPT,Optimization,43,100,2025-09-05 13:55:37.168988
S0460,QZ_LIN,Linear Algebra,84,100,2025-08-20 13:55:37.168988
S0460,QZ_LIN,Linear Algebra,90,100,2025-09-23 13:55:37.168988
S0460,QZ_LIN,Linear Algebra,69,100,2025-10-29 13:55:37.168988
S0460,QZ_PRO,Probability,60,100,2025-12-17 13:55:37.168988
S0460,QZ_PRO,Probability,87,100,2026-01-11 13:55:37.168988
S0460,QZ_PRO,Probability,80,100,2025-11-27 13:55:37.168988
S0460,QZ_STA,Statistics,49,100,2025-12-29 13:55:37.168988
S0460,QZ_STA,Statistics,71,100,2025-12-21 13:55:37.168988
S0460,QZ_ML ,ML Basics,89,100,2025-09-08 13:55:37.168988
S0460,QZ_ML ,ML Basics,98,100,2025-11-02 13:55:37.168988
S0460,QZ_DEE,Deep Learning,44,100,2025-09-16 13:55:37.168988
S0460,QZ_DEE,Deep Learning,33,100,2025-10-31 13:55:37.168988
S0460,QZ_NLP,NLP,59,100,2025-10-10 13:55:37.168988
S0460,QZ_NLP,NLP,99,100,2025-08-03 13:55:37.168988
S0460,QZ_NLP,NLP,54,100,2026-01-12 13:55:37.168988
S0460,QZ_NLP,NLP,48,100,2025-10-26 13:55:37.168988
S0460,QZ_COM,Computer Vision,87,100,2025-08-17 13:55:37.168988
S0460,QZ_COM,Computer Vision,65,100,2025-11-14 13:55:37.168988
S0460,QZ_COM,Computer Vision,41,100,2025-09-18 13:55:37.168988
S0460,QZ_OPT,Optimization,83,100,2025-09-17 13:55:37.168988
S0460,QZ_OPT,Optimization,71,100,2025-08-28 13:55:37.168988
S0461,QZ_LIN,Linear Algebra,92,100,2025-09-07 13:55:37.168988
S0461,QZ_LIN,Linear Algebra,64,100,2025-08-06 13:55:37.168988
S0461,QZ_LIN,Linear Algebra,94,100,2025-11-10 13:55:37.168988
S0461,QZ_LIN,Linear Algebra,76,100,2025-08-31 13:55:37.168988
S0461,QZ_PRO,Probability,54,100,2025-08-19 13:55:37.168988
S0461,QZ_PRO,Probability,97,100,2025-08-31 13:55:37.168988
S0461,QZ_PRO,Probability,32,100,2026-01-01 13:55:37.168988
S0461,QZ_STA,Statistics,97,100,2025-11-08 13:55:37.168988
S0461,QZ_STA,Statistics,55,100,2025-11-18 13:55:37.168988
S0461,QZ_ML ,ML Basics,85,100,2025-09-15 13:55:37.168988
S0461,QZ_ML ,ML Basics,36,100,2025-08-19 13:55:37.168988
S0461,QZ_DEE,Deep Learning,52,100,2025-08-04 13:55:37.168988
S0461,QZ_DEE,Deep Learning,29,100,2025-10-01 13:55:37.168988
S0461,QZ_DEE,Deep Learning,27,100,2025-12-18 13:55:37.168988
S0461,QZ_NLP,NLP,35,100,2025-12-31 13:55:37.168988
S0461,QZ_NLP,NLP,98,100,2025-12-24 13:55:37.168988
S0461,QZ_NLP,NLP,52,100,2025-08-22 13:55:37.168988
S0461,QZ_NLP,NLP,83,100,2025-12-14 13:55:37.168988
S0461,QZ_COM,Computer Vision,36,100,2025-12-28 13:55:37.168988
S0461,QZ_COM,Computer Vision,93,100,2025-08-27 13:55:37.168988
S0461,QZ_OPT,Optimization,67,100,2025-12-13 13:55:37.168988
S0461,QZ_OPT,Optimization,95,100,2025-09-14 13:55:37.168988
S0461,QZ_OPT,Optimization,95,100,2025-12-28 13:55:37.168988
S0461,QZ_OPT,Optimization,74,100,2025-09-29 13:55:37.168988
S0462,QZ_LIN,Linear Algebra,61,100,2025-10-10 13:55:37.168988
S0462,QZ_LIN,Linear Algebra,94,100,2025-10-01 13:55:37.168988
S0462,QZ_PRO,Probability,67,100,2026-01-07 13:55:37.168988
S0462,QZ_PRO,Probability,31,100,2025-11-06 13:55:37.168988
S0462,QZ_PRO,Probability,32,100,2025-07-22 13:55:37.168988
S0462,QZ_PRO,Probability,63,100,2025-10-26 13:55:37.168988
S0462,QZ_STA,Statistics,45,100,2025-11-30 13:55:37.168988
S0462,QZ_STA,Statistics,43,100,2026-01-11 13:55:37.168988
S0462,QZ_ML ,ML Basics,82,100,2026-01-11 13:55:37.168988
S0462,QZ_ML ,ML Basics,75,100,2026-01-12 13:55:37.168988
S0462,QZ_ML ,ML Basics,27,100,2025-10-31 13:55:37.168988
S0462,QZ_ML ,ML Basics,64,100,2025-10-24 13:55:37.168988
S0462,QZ_DEE,Deep Learning,45,100,2025-11-13 13:55:37.168988
S0462,QZ_DEE,Deep Learning,76,100,2025-12-17 13:55:37.168988
S0462,QZ_DEE,Deep Learning,93,100,2025-08-17 13:55:37.168988
S0462,QZ_NLP,NLP,75,100,2025-11-18 13:55:37.168988
S0462,QZ_NLP,NLP,96,100,2026-01-12 13:55:37.168988
S0462,QZ_NLP,NLP,91,100,2025-10-01 13:55:37.168988
S0462,QZ_COM,Computer Vision,93,100,2025-12-02 13:55:37.168988
S0462,QZ_COM,Computer Vision,43,100,2026-01-04 13:55:37.168988
S0462,QZ_COM,Computer Vision,42,100,2025-08-01 13:55:37.168988
S0462,QZ_COM,Computer Vision,96,100,2025-11-20 13:55:37.168988
S0462,QZ_OPT,Optimization,29,100,2025-11-15 13:55:37.168988
S0462,QZ_OPT,Optimization,55,100,2025-11-09 13:55:37.168988
S0462,QZ_OPT,Optimization,35,100,2025-10-20 13:55:37.168988
S0462,QZ_OPT,Optimization,95,100,2025-10-28 13:55:37.168988
S0463,QZ_LIN,Linear Algebra,35,100,2025-10-07 13:55:37.168988
S0463,QZ_LIN,Linear Algebra,43,100,2025-08-14 13:55:37.168988
S0463,QZ_PRO,Probability,72,100,2025-10-13 13:55:37.168988
S0463,QZ_PRO,Probability,85,100,2025-12-20 13:55:37.168988
S0463,QZ_STA,Statistics,26,100,2025-10-16 13:55:37.168988
S0463,QZ_STA,Statistics,49,100,2025-09-03 13:55:37.168988
S0463,QZ_ML ,ML Basics,36,100,2025-11-17 13:55:37.168988
S0463,QZ_ML ,ML Basics,61,100,2025-12-20 13:55:37.168988
S0463,QZ_DEE,Deep Learning,32,100,2025-11-01 13:55:37.168988
S0463,QZ_DEE,Deep Learning,85,100,2025-11-24 13:55:37.168988
S0463,QZ_DEE,Deep Learning,89,100,2025-11-28 13:55:37.168988
S0463,QZ_NLP,NLP,69,100,2025-07-26 13:55:37.168988
S0463,QZ_NLP,NLP,51,100,2025-08-04 13:55:37.168988
S0463,QZ_NLP,NLP,65,100,2025-08-07 13:55:37.168988
S0463,QZ_NLP,NLP,69,100,2025-08-10 13:55:37.168988
S0463,QZ_COM,Computer Vision,95,100,2025-12-07 13:55:37.168988
S0463,QZ_COM,Computer Vision,56,100,2025-12-16 13:55:37.168988
S0463,QZ_COM,Computer Vision,55,100,2025-12-06 13:55:37.168988
S0463,QZ_COM,Computer Vision,76,100,2025-11-12 13:55:37.168988
S0463,QZ_OPT,Optimization,26,100,2026-01-02 13:55:37.168988
S0463,QZ_OPT,Optimization,40,100,2025-09-20 13:55:37.168988
S0463,QZ_OPT,Optimization,34,100,2025-10-07 13:55:37.168988
S0464,QZ_LIN,Linear Algebra,51,100,2025-11-11 13:55:37.168988
S0464,QZ_LIN,Linear Algebra,31,100,2025-11-27 13:55:37.168988
S0464,QZ_LIN,Linear Algebra,37,100,2025-12-25 13:55:37.168988
S0464,QZ_PRO,Probability,26,100,2025-11-05 13:55:37.168988
S0464,QZ_PRO,Probability,38,100,2025-10-09 13:55:37.168988
S0464,QZ_PRO,Probability,34,100,2025-11-10 13:55:37.168988
S0464,QZ_STA,Statistics,73,100,2025-12-21 13:55:37.168988
S0464,QZ_STA,Statistics,69,100,2025-07-23 13:55:37.168988
S0464,QZ_ML ,ML Basics,36,100,2025-11-01 13:55:37.168988
S0464,QZ_ML ,ML Basics,27,100,2025-09-12 13:55:37.168988
S0464,QZ_DEE,Deep Learning,50,100,2025-12-10 13:55:37.168988
S0464,QZ_DEE,Deep Learning,73,100,2025-12-01 13:55:37.168988
S0464,QZ_DEE,Deep Learning,60,100,2025-08-06 13:55:37.168988
S0464,QZ_DEE,Deep Learning,63,100,2025-08-20 13:55:37.168988
S0464,QZ_NLP,NLP,80,100,2025-11-10 13:55:37.168988
S0464,QZ_NLP,NLP,26,100,2025-12-01 13:55:37.168988
S0464,QZ_NLP,NLP,37,100,2025-12-31 13:55:37.168988
S0464,QZ_COM,Computer Vision,83,100,2025-09-07 13:55:37.168988
S0464,QZ_COM,Computer Vision,52,100,2025-09-04 13:55:37.168988
S0464,QZ_COM,Computer Vision,58,100,2025-12-13 13:55:37.168988
S0464,QZ_COM,Computer Vision,61,100,2025-11-05 13:55:37.168988
S0464,QZ_OPT,Optimization,63,100,2025-08-24 13:55:37.168988
S0464,QZ_OPT,Optimization,37,100,2025-07-25 13:55:37.168988
S0465,QZ_LIN,Linear Algebra,70,100,2025-09-24 13:55:37.168988
S0465,QZ_LIN,Linear Algebra,59,100,2025-10-16 13:55:37.168988
S0465,QZ_LIN,Linear Algebra,65,100,2025-12-30 13:55:37.168988
S0465,QZ_PRO,Probability,92,100,2026-01-09 13:55:37.168988
S0465,QZ_PRO,Probability,43,100,2025-12-25 13:55:37.168988
S0465,QZ_PRO,Probability,89,100,2025-11-09 13:55:37.168988
S0465,QZ_STA,Statistics,90,100,2025-12-03 13:55:37.168988
S0465,QZ_STA,Statistics,38,100,2025-07-26 13:55:37.168988
S0465,QZ_ML ,ML Basics,33,100,2025-09-01 13:55:37.168988
S0465,QZ_ML ,ML Basics,66,100,2025-10-16 13:55:37.168988
S0465,QZ_ML ,ML Basics,34,100,2025-12-19 13:55:37.168988
S0465,QZ_DEE,Deep Learning,26,100,2025-10-19 13:55:37.168988
S0465,QZ_DEE,Deep Learning,40,100,2026-01-03 13:55:37.168988
S0465,QZ_DEE,Deep Learning,36,100,2025-10-24 13:55:37.168988
S0465,QZ_DEE,Deep Learning,78,100,2025-08-03 13:55:37.168988
S0465,QZ_NLP,NLP,64,100,2025-10-20 13:55:37.168988
S0465,QZ_NLP,NLP,70,100,2025-10-21 13:55:37.168988
S0465,QZ_COM,Computer Vision,79,100,2025-09-07 13:55:37.168988
S0465,QZ_COM,Computer Vision,60,100,2025-08-13 13:55:37.168988
S0465,QZ_COM,Computer Vision,61,100,2025-11-08 13:55:37.168988
S0465,QZ_OPT,Optimization,64,100,2025-10-04 13:55:37.168988
S0465,QZ_OPT,Optimization,87,100,2025-11-12 13:55:37.168988
S0465,QZ_OPT,Optimization,73,100,2025-11-02 13:55:37.168988
S0465,QZ_OPT,Optimization,30,100,2025-08-30 13:55:37.168988
S0466,QZ_LIN,Linear Algebra,82,100,2025-08-13 13:55:37.168988
S0466,QZ_LIN,Linear Algebra,67,100,2025-08-29 13:55:37.168988
S0466,QZ_PRO,Probability,29,100,2025-11-14 13:55:37.168988
S0466,QZ_PRO,Probability,37,100,2025-12-03 13:55:37.168988
S0466,QZ_STA,Statistics,35,100,2025-08-19 13:55:37.168988
S0466,QZ_STA,Statistics,35,100,2025-10-02 13:55:37.168988
S0466,QZ_STA,Statistics,44,100,2026-01-11 13:55:37.168988
S0466,QZ_STA,Statistics,77,100,2026-01-05 13:55:37.168988
S0466,QZ_ML ,ML Basics,57,100,2025-08-16 13:55:37.168988
S0466,QZ_ML ,ML Basics,79,100,2025-09-25 13:55:37.168988
S0466,QZ_ML ,ML Basics,54,100,2025-10-06 13:55:37.168988
S0466,QZ_ML ,ML Basics,99,100,2025-11-13 13:55:37.168988
S0466,QZ_DEE,Deep Learning,72,100,2025-12-19 13:55:37.168988
S0466,QZ_DEE,Deep Learning,50,100,2025-08-21 13:55:37.168988
S0466,QZ_DEE,Deep Learning,50,100,2025-07-26 13:55:37.168988
S0466,QZ_DEE,Deep Learning,87,100,2025-08-08 13:55:37.168988
S0466,QZ_NLP,NLP,68,100,2025-08-31 13:55:37.168988
S0466,QZ_NLP,NLP,56,100,2025-11-15 13:55:37.168988
S0466,QZ_NLP,NLP,66,100,2025-10-28 13:55:37.168988
S0466,QZ_COM,Computer Vision,69,100,2025-07-30 13:55:37.168988
S0466,QZ_COM,Computer Vision,52,100,2025-09-09 13:55:37.168988
S0466,QZ_COM,Computer Vision,75,100,2025-11-21 13:55:37.168988
S0466,QZ_COM,Computer Vision,83,100,2025-10-03 13:55:37.168988
S0466,QZ_OPT,Optimization,30,100,2025-09-10 13:55:37.168988
S0466,QZ_OPT,Optimization,90,100,2025-08-17 13:55:37.168988
S0467,QZ_LIN,Linear Algebra,98,100,2026-01-11 13:55:37.168988
S0467,QZ_LIN,Linear Algebra,88,100,2025-11-15 13:55:37.168988
S0467,QZ_LIN,Linear Algebra,30,100,2025-08-21 13:55:37.168988
S0467,QZ_PRO,Probability,46,100,2025-12-02 13:55:37.168988
S0467,QZ_PRO,Probability,49,100,2025-07-21 13:55:37.168988
S0467,QZ_PRO,Probability,63,100,2025-11-02 13:55:37.168988
S0467,QZ_STA,Statistics,59,100,2026-01-12 13:55:37.168988
S0467,QZ_STA,Statistics,69,100,2025-09-09 13:55:37.168988
S0467,QZ_STA,Statistics,88,100,2025-11-27 13:55:37.168988
S0467,QZ_STA,Statistics,82,100,2025-08-18 13:55:37.168988
S0467,QZ_ML ,ML Basics,53,100,2025-12-06 13:55:37.168988
S0467,QZ_ML ,ML Basics,64,100,2025-12-15 13:55:37.168988
S0467,QZ_ML ,ML Basics,80,100,2025-11-28 13:55:37.168988
S0467,QZ_ML ,ML Basics,47,100,2025-10-28 13:55:37.168988
S0467,QZ_DEE,Deep Learning,56,100,2025-11-16 13:55:37.168988
S0467,QZ_DEE,Deep Learning,73,100,2025-12-20 13:55:37.168988
S0467,QZ_NLP,NLP,60,100,2025-10-18 13:55:37.168988
S0467,QZ_NLP,NLP,52,100,2025-08-02 13:55:37.168988
S0467,QZ_NLP,NLP,80,100,2026-01-04 13:55:37.168988
S0467,QZ_NLP,NLP,84,100,2025-09-19 13:55:37.168988
S0467,QZ_COM,Computer Vision,94,100,2025-10-12 13:55:37.168988
S0467,QZ_COM,Computer Vision,30,100,2025-12-01 13:55:37.168988
S0467,QZ_OPT,Optimization,78,100,2025-09-29 13:55:37.168988
S0467,QZ_OPT,Optimization,50,100,2025-08-07 13:55:37.168988
S0467,QZ_OPT,Optimization,83,100,2025-10-05 13:55:37.168988
S0467,QZ_OPT,Optimization,71,100,2025-11-03 13:55:37.168988
S0468,QZ_LIN,Linear Algebra,95,100,2025-09-15 13:55:37.168988
S0468,QZ_LIN,Linear Algebra,86,100,2025-08-05 13:55:37.168988
S0468,QZ_PRO,Probability,81,100,2025-12-16 13:55:37.168988
S0468,QZ_PRO,Probability,54,100,2025-08-21 13:55:37.168988
S0468,QZ_PRO,Probability,34,100,2025-11-02 13:55:37.168988
S0468,QZ_STA,Statistics,51,100,2025-11-02 13:55:37.168988
S0468,QZ_STA,Statistics,61,100,2025-10-01 13:55:37.168988
S0468,QZ_STA,Statistics,78,100,2025-10-27 13:55:37.168988
S0468,QZ_ML ,ML Basics,87,100,2025-11-14 13:55:37.168988
S0468,QZ_ML ,ML Basics,39,100,2025-07-25 13:55:37.168988
S0468,QZ_ML ,ML Basics,33,100,2026-01-11 13:55:37.168988
S0468,QZ_ML ,ML Basics,28,100,2025-09-26 13:55:37.168988
S0468,QZ_DEE,Deep Learning,39,100,2025-12-16 13:55:37.168988
S0468,QZ_DEE,Deep Learning,38,100,2025-11-11 13:55:37.168988
S0468,QZ_DEE,Deep Learning,68,100,2025-11-07 13:55:37.168988
S0468,QZ_NLP,NLP,49,100,2025-11-14 13:55:37.168988
S0468,QZ_NLP,NLP,51,100,2025-09-26 13:55:37.168988
S0468,QZ_NLP,NLP,62,100,2025-09-15 13:55:37.168988
S0468,QZ_COM,Computer Vision,69,100,2026-01-03 13:55:37.168988
S0468,QZ_COM,Computer Vision,38,100,2025-10-02 13:55:37.168988
S0468,QZ_COM,Computer Vision,81,100,2025-09-18 13:55:37.168988
S0468,QZ_COM,Computer Vision,40,100,2025-08-23 13:55:37.168988
S0468,QZ_OPT,Optimization,66,100,2025-12-20 13:55:37.168988
S0468,QZ_OPT,Optimization,88,100,2025-07-21 13:55:37.168988
S0468,QZ_OPT,Optimization,30,100,2026-01-16 13:55:37.168988
S0469,QZ_LIN,Linear Algebra,58,100,2025-08-28 13:55:37.168988
S0469,QZ_LIN,Linear Algebra,68,100,2025-09-19 13:55:37.168988
S0469,QZ_PRO,Probability,42,100,2025-10-13 13:55:37.168988
S0469,QZ_PRO,Probability,46,100,2025-09-28 13:55:37.168988
S0469,QZ_PRO,Probability,85,100,2025-08-06 13:55:37.168988
S0469,QZ_PRO,Probability,49,100,2025-12-12 13:55:37.168988
S0469,QZ_STA,Statistics,84,100,2026-01-08 13:55:37.168988
S0469,QZ_STA,Statistics,91,100,2025-09-09 13:55:37.168988
S0469,QZ_ML ,ML Basics,74,100,2025-10-01 13:55:37.168988
S0469,QZ_ML ,ML Basics,32,100,2025-09-06 13:55:37.168988
S0469,QZ_ML ,ML Basics,43,100,2026-01-02 13:55:37.168988
S0469,QZ_ML ,ML Basics,50,100,2025-11-08 13:55:37.168988
S0469,QZ_DEE,Deep Learning,79,100,2025-08-08 13:55:37.168988
S0469,QZ_DEE,Deep Learning,87,100,2025-11-16 13:55:37.168988
S0469,QZ_DEE,Deep Learning,45,100,2025-11-09 13:55:37.168988
S0469,QZ_DEE,Deep Learning,44,100,2025-11-30 13:55:37.168988
S0469,QZ_NLP,NLP,64,100,2026-01-04 13:55:37.168988
S0469,QZ_NLP,NLP,37,100,2025-09-04 13:55:37.168988
S0469,QZ_NLP,NLP,56,100,2025-10-06 13:55:37.168988
S0469,QZ_NLP,NLP,67,100,2025-10-24 13:55:37.168988
S0469,QZ_COM,Computer Vision,25,100,2025-11-05 13:55:37.168988
S0469,QZ_COM,Computer Vision,44,100,2025-10-22 13:55:37.168988
S0469,QZ_COM,Computer Vision,40,100,2025-09-27 13:55:37.168988
S0469,QZ_COM,Computer Vision,37,100,2026-01-12 13:55:37.168988
S0469,QZ_OPT,Optimization,64,100,2025-09-08 13:55:37.168988
S0469,QZ_OPT,Optimization,81,100,2026-01-08 13:55:37.168988
S0469,QZ_OPT,Optimization,33,100,2025-11-15 13:55:37.168988
S0469,QZ_OPT,Optimization,46,100,2025-10-23 13:55:37.168988
S0470,QZ_LIN,Linear Algebra,97,100,2025-10-09 13:55:37.168988
S0470,QZ_LIN,Linear Algebra,92,100,2025-12-12 13:55:37.168988
S0470,QZ_LIN,Linear Algebra,77,100,2025-11-27 13:55:37.168988
S0470,QZ_PRO,Probability,94,100,2025-12-03 13:55:37.168988
S0470,QZ_PRO,Probability,30,100,2025-09-22 13:55:37.168988
S0470,QZ_PRO,Probability,36,100,2025-12-20 13:55:37.168988
S0470,QZ_PRO,Probability,74,100,2025-08-04 13:55:37.168988
S0470,QZ_STA,Statistics,31,100,2025-09-13 13:55:37.168988
S0470,QZ_STA,Statistics,88,100,2025-08-22 13:55:37.168988
S0470,QZ_STA,Statistics,72,100,2025-08-16 13:55:37.168988
S0470,QZ_ML ,ML Basics,56,100,2025-09-08 13:55:37.168988
S0470,QZ_ML ,ML Basics,43,100,2025-09-14 13:55:37.168988
S0470,QZ_ML ,ML Basics,59,100,2025-10-02 13:55:37.168988
S0470,QZ_ML ,ML Basics,54,100,2025-09-12 13:55:37.168988
S0470,QZ_DEE,Deep Learning,57,100,2025-12-15 13:55:37.168988
S0470,QZ_DEE,Deep Learning,99,100,2025-09-20 13:55:37.168988
S0470,QZ_DEE,Deep Learning,54,100,2025-10-20 13:55:37.168988
S0470,QZ_NLP,NLP,37,100,2025-10-16 13:55:37.168988
S0470,QZ_NLP,NLP,96,100,2025-08-02 13:55:37.168988
S0470,QZ_NLP,NLP,51,100,2025-09-04 13:55:37.168988
S0470,QZ_COM,Computer Vision,83,100,2025-08-31 13:55:37.168988
S0470,QZ_COM,Computer Vision,71,100,2025-09-16 13:55:37.168988
S0470,QZ_COM,Computer Vision,87,100,2025-11-23 13:55:37.168988
S0470,QZ_COM,Computer Vision,43,100,2025-09-26 13:55:37.168988
S0470,QZ_OPT,Optimization,61,100,2025-09-21 13:55:37.168988
S0470,QZ_OPT,Optimization,73,100,2025-10-16 13:55:37.168988
S0470,QZ_OPT,Optimization,34,100,2025-10-02 13:55:37.168988
S0470,QZ_OPT,Optimization,48,100,2025-09-05 13:55:37.168988
S0471,QZ_LIN,Linear Algebra,65,100,2025-08-10 13:55:37.168988
S0471,QZ_LIN,Linear Algebra,64,100,2025-10-21 13:55:37.168988
S0471,QZ_LIN,Linear Algebra,73,100,2025-12-25 13:55:37.168988
S0471,QZ_PRO,Probability,87,100,2025-11-11 13:55:37.168988
S0471,QZ_PRO,Probability,48,100,2025-10-25 13:55:37.168988
S0471,QZ_STA,Statistics,42,100,2025-11-18 13:55:37.168988
S0471,QZ_STA,Statistics,48,100,2025-08-27 13:55:37.168988
S0471,QZ_ML ,ML Basics,41,100,2026-01-16 13:55:37.168988
S0471,QZ_ML ,ML Basics,57,100,2025-11-20 13:55:37.168988
S0471,QZ_DEE,Deep Learning,67,100,2025-09-14 13:55:37.168988
S0471,QZ_DEE,Deep Learning,76,100,2025-11-18 13:55:37.168988
S0471,QZ_DEE,Deep Learning,49,100,2025-09-20 13:55:37.168988
S0471,QZ_DEE,Deep Learning,37,100,2025-12-22 13:55:37.168988
S0471,QZ_NLP,NLP,35,100,2025-07-30 13:55:37.168988
S0471,QZ_NLP,NLP,92,100,2025-08-03 13:55:37.168988
S0471,QZ_NLP,NLP,49,100,2025-12-30 13:55:37.168988
S0471,QZ_NLP,NLP,81,100,2026-01-11 13:55:37.168988
S0471,QZ_COM,Computer Vision,55,100,2025-08-06 13:55:37.168988
S0471,QZ_COM,Computer Vision,58,100,2025-10-07 13:55:37.168988
S0471,QZ_COM,Computer Vision,32,100,2025-12-16 13:55:37.168988
S0471,QZ_COM,Computer Vision,51,100,2025-08-05 13:55:37.168988
S0471,QZ_OPT,Optimization,79,100,2025-09-19 13:55:37.168988
S0471,QZ_OPT,Optimization,62,100,2025-11-15 13:55:37.168988
S0471,QZ_OPT,Optimization,29,100,2025-12-11 13:55:37.168988
S0471,QZ_OPT,Optimization,98,100,2025-12-21 13:55:37.168988
S0472,QZ_LIN,Linear Algebra,91,100,2025-09-05 13:55:37.168988
S0472,QZ_LIN,Linear Algebra,92,100,2025-08-24 13:55:37.168988
S0472,QZ_LIN,Linear Algebra,70,100,2025-11-08 13:55:37.168988
S0472,QZ_PRO,Probability,43,100,2025-09-12 13:55:37.168988
S0472,QZ_PRO,Probability,89,100,2025-08-23 13:55:37.168988
S0472,QZ_STA,Statistics,58,100,2025-08-02 13:55:37.168988
S0472,QZ_STA,Statistics,45,100,2025-07-30 13:55:37.168988
S0472,QZ_ML ,ML Basics,77,100,2025-10-04 13:55:37.168988
S0472,QZ_ML ,ML Basics,82,100,2025-09-26 13:55:37.168988
S0472,QZ_ML ,ML Basics,59,100,2025-10-18 13:55:37.168988
S0472,QZ_ML ,ML Basics,91,100,2025-12-11 13:55:37.168988
S0472,QZ_DEE,Deep Learning,93,100,2025-12-19 13:55:37.168988
S0472,QZ_DEE,Deep Learning,86,100,2025-09-22 13:55:37.168988
S0472,QZ_NLP,NLP,90,100,2025-12-14 13:55:37.168988
S0472,QZ_NLP,NLP,65,100,2025-09-13 13:55:37.168988
S0472,QZ_NLP,NLP,70,100,2025-08-03 13:55:37.168988
S0472,QZ_NLP,NLP,40,100,2026-01-01 13:55:37.168988
S0472,QZ_COM,Computer Vision,38,100,2026-01-01 13:55:37.168988
S0472,QZ_COM,Computer Vision,44,100,2025-09-28 13:55:37.168988
S0472,QZ_COM,Computer Vision,65,100,2025-09-22 13:55:37.168988
S0472,QZ_COM,Computer Vision,73,100,2025-10-18 13:55:37.168988
S0472,QZ_OPT,Optimization,85,100,2026-01-03 13:55:37.168988
S0472,QZ_OPT,Optimization,63,100,2025-11-14 13:55:37.168988
S0472,QZ_OPT,Optimization,51,100,2025-10-10 13:55:37.168988
S0473,QZ_LIN,Linear Algebra,33,100,2025-11-07 13:55:37.168988
S0473,QZ_LIN,Linear Algebra,44,100,2025-11-18 13:55:37.168988
S0473,QZ_LIN,Linear Algebra,62,100,2025-10-19 13:55:37.168988
S0473,QZ_PRO,Probability,93,100,2025-08-25 13:55:37.168988
S0473,QZ_PRO,Probability,62,100,2025-10-11 13:55:37.168988
S0473,QZ_PRO,Probability,39,100,2025-12-19 13:55:37.168988
S0473,QZ_PRO,Probability,51,100,2025-09-11 13:55:37.168988
S0473,QZ_STA,Statistics,27,100,2025-09-24 13:55:37.168988
S0473,QZ_STA,Statistics,33,100,2025-11-23 13:55:37.168988
S0473,QZ_ML ,ML Basics,43,100,2025-09-19 13:55:37.168988
S0473,QZ_ML ,ML Basics,61,100,2025-08-08 13:55:37.168988
S0473,QZ_ML ,ML Basics,88,100,2025-09-06 13:55:37.168988
S0473,QZ_DEE,Deep Learning,25,100,2025-09-24 13:55:37.168988
S0473,QZ_DEE,Deep Learning,73,100,2025-08-02 13:55:37.168988
S0473,QZ_DEE,Deep Learning,46,100,2025-08-28 13:55:37.168988
S0473,QZ_DEE,Deep Learning,27,100,2025-07-21 13:55:37.168988
S0473,QZ_NLP,NLP,53,100,2025-08-09 13:55:37.168988
S0473,QZ_NLP,NLP,71,100,2025-10-21 13:55:37.168988
S0473,QZ_COM,Computer Vision,52,100,2025-08-29 13:55:37.168988
S0473,QZ_COM,Computer Vision,40,100,2026-01-03 13:55:37.168988
S0473,QZ_COM,Computer Vision,37,100,2026-01-06 13:55:37.168988
S0473,QZ_OPT,Optimization,86,100,2025-12-12 13:55:37.168988
S0473,QZ_OPT,Optimization,73,100,2025-07-26 13:55:37.168988
S0474,QZ_LIN,Linear Algebra,75,100,2025-07-28 13:55:37.168988
S0474,QZ_LIN,Linear Algebra,89,100,2025-11-30 13:55:37.168988
S0474,QZ_PRO,Probability,83,100,2025-12-22 13:55:37.168988
S0474,QZ_PRO,Probability,92,100,2025-09-17 13:55:37.168988
S0474,QZ_PRO,Probability,58,100,2025-12-08 13:55:37.168988
S0474,QZ_PRO,Probability,49,100,2025-08-14 13:55:37.168988
S0474,QZ_STA,Statistics,81,100,2025-09-06 13:55:37.168988
S0474,QZ_STA,Statistics,60,100,2025-12-09 13:55:37.168988
S0474,QZ_STA,Statistics,80,100,2026-01-09 13:55:37.168988
S0474,QZ_ML ,ML Basics,98,100,2025-12-21 13:55:37.168988
S0474,QZ_ML ,ML Basics,73,100,2025-10-21 13:55:37.168988
S0474,QZ_DEE,Deep Learning,53,100,2025-10-02 13:55:37.168988
S0474,QZ_DEE,Deep Learning,55,100,2025-10-07 13:55:37.168988
S0474,QZ_NLP,NLP,93,100,2025-09-22 13:55:37.168988
S0474,QZ_NLP,NLP,85,100,2025-11-27 13:55:37.168988
S0474,QZ_NLP,NLP,33,100,2026-01-08 13:55:37.168988
S0474,QZ_COM,Computer Vision,75,100,2026-01-09 13:55:37.168988
S0474,QZ_COM,Computer Vision,64,100,2025-08-11 13:55:37.168988
S0474,QZ_COM,Computer Vision,59,100,2026-01-10 13:55:37.168988
S0474,QZ_COM,Computer Vision,84,100,2025-08-22 13:55:37.168988
S0474,QZ_OPT,Optimization,29,100,2025-11-22 13:55:37.168988
S0474,QZ_OPT,Optimization,37,100,2025-09-11 13:55:37.168988
S0475,QZ_LIN,Linear Algebra,99,100,2025-12-17 13:55:37.168988
S0475,QZ_LIN,Linear Algebra,51,100,2025-08-23 13:55:37.168988
S0475,QZ_PRO,Probability,51,100,2025-09-12 13:55:37.168988
S0475,QZ_PRO,Probability,34,100,2026-01-05 13:55:37.168988
S0475,QZ_PRO,Probability,52,100,2025-07-21 13:55:37.168988
S0475,QZ_STA,Statistics,84,100,2025-11-18 13:55:37.168988
S0475,QZ_STA,Statistics,45,100,2025-09-28 13:55:37.168988
S0475,QZ_ML ,ML Basics,85,100,2026-01-16 13:55:37.168988
S0475,QZ_ML ,ML Basics,58,100,2025-10-16 13:55:37.168988
S0475,QZ_ML ,ML Basics,88,100,2025-11-03 13:55:37.168988
S0475,QZ_DEE,Deep Learning,35,100,2026-01-13 13:55:37.168988
S0475,QZ_DEE,Deep Learning,73,100,2025-08-25 13:55:37.168988
S0475,QZ_DEE,Deep Learning,51,100,2026-01-02 13:55:37.168988
S0475,QZ_DEE,Deep Learning,58,100,2025-12-12 13:55:37.168988
S0475,QZ_NLP,NLP,54,100,2025-10-17 13:55:37.168988
S0475,QZ_NLP,NLP,72,100,2025-12-18 13:55:37.168988
S0475,QZ_NLP,NLP,42,100,2025-08-31 13:55:37.168988
S0475,QZ_NLP,NLP,59,100,2025-08-14 13:55:37.168988
S0475,QZ_COM,Computer Vision,92,100,2025-10-12 13:55:37.168988
S0475,QZ_COM,Computer Vision,78,100,2025-12-21 13:55:37.168988
S0475,QZ_COM,Computer Vision,93,100,2025-11-04 13:55:37.168988
S0475,QZ_OPT,Optimization,90,100,2026-01-16 13:55:37.168988
S0475,QZ_OPT,Optimization,64,100,2025-08-04 13:55:37.168988
S0476,QZ_LIN,Linear Algebra,51,100,2025-12-30 13:55:37.168988
S0476,QZ_LIN,Linear Algebra,98,100,2025-09-12 13:55:37.168988
S0476,QZ_LIN,Linear Algebra,81,100,2025-08-22 13:55:37.168988
S0476,QZ_PRO,Probability,58,100,2026-01-08 13:55:37.168988
S0476,QZ_PRO,Probability,96,100,2026-01-14 13:55:37.168988
S0476,QZ_STA,Statistics,93,100,2025-08-05 13:55:37.168988
S0476,QZ_STA,Statistics,59,100,2025-12-15 13:55:37.168988
S0476,QZ_ML ,ML Basics,60,100,2025-10-01 13:55:37.168988
S0476,QZ_ML ,ML Basics,93,100,2025-08-22 13:55:37.168988
S0476,QZ_ML ,ML Basics,25,100,2025-12-13 13:55:37.168988
S0476,QZ_DEE,Deep Learning,54,100,2025-08-16 13:55:37.168988
S0476,QZ_DEE,Deep Learning,66,100,2025-11-28 13:55:37.168988
S0476,QZ_DEE,Deep Learning,53,100,2025-10-10 13:55:37.168988
S0476,QZ_NLP,NLP,41,100,2025-11-24 13:55:37.168988
S0476,QZ_NLP,NLP,55,100,2025-10-04 13:55:37.168988
S0476,QZ_COM,Computer Vision,55,100,2025-08-01 13:55:37.168988
S0476,QZ_COM,Computer Vision,57,100,2025-12-21 13:55:37.168988
S0476,QZ_COM,Computer Vision,74,100,2025-09-26 13:55:37.168988
S0476,QZ_COM,Computer Vision,65,100,2025-09-14 13:55:37.168988
S0476,QZ_OPT,Optimization,35,100,2025-08-19 13:55:37.168988
S0476,QZ_OPT,Optimization,65,100,2025-09-21 13:55:37.168988
S0476,QZ_OPT,Optimization,38,100,2025-12-19 13:55:37.168988
S0476,QZ_OPT,Optimization,98,100,2025-09-09 13:55:37.168988
S0477,QZ_LIN,Linear Algebra,32,100,2026-01-01 13:55:37.168988
S0477,QZ_LIN,Linear Algebra,32,100,2025-10-30 13:55:37.168988
S0477,QZ_PRO,Probability,69,100,2025-10-23 13:55:37.168988
S0477,QZ_PRO,Probability,80,100,2025-11-24 13:55:37.168988
S0477,QZ_STA,Statistics,73,100,2025-08-25 13:55:37.168988
S0477,QZ_STA,Statistics,50,100,2025-08-02 13:55:37.168988
S0477,QZ_ML ,ML Basics,68,100,2025-11-13 13:55:37.168988
S0477,QZ_ML ,ML Basics,99,100,2025-09-02 13:55:37.168988
S0477,QZ_ML ,ML Basics,45,100,2025-10-18 13:55:37.168988
S0477,QZ_DEE,Deep Learning,79,100,2025-12-21 13:55:37.168988
S0477,QZ_DEE,Deep Learning,86,100,2025-11-08 13:55:37.168988
S0477,QZ_DEE,Deep Learning,98,100,2025-09-01 13:55:37.168988
S0477,QZ_NLP,NLP,83,100,2025-09-07 13:55:37.168988
S0477,QZ_NLP,NLP,75,100,2025-12-10 13:55:37.168988
S0477,QZ_COM,Computer Vision,36,100,2025-10-08 13:55:37.168988
S0477,QZ_COM,Computer Vision,60,100,2025-12-28 13:55:37.168988
S0477,QZ_COM,Computer Vision,48,100,2025-08-19 13:55:37.168988
S0477,QZ_COM,Computer Vision,98,100,2025-08-06 13:55:37.168988
S0477,QZ_OPT,Optimization,99,100,2026-01-14 13:55:37.168988
S0477,QZ_OPT,Optimization,41,100,2025-11-02 13:55:37.168988
S0477,QZ_OPT,Optimization,39,100,2025-12-22 13:55:37.168988
S0478,QZ_LIN,Linear Algebra,37,100,2025-08-24 13:55:37.168988
S0478,QZ_LIN,Linear Algebra,52,100,2025-08-07 13:55:37.168988
S0478,QZ_LIN,Linear Algebra,38,100,2025-12-18 13:55:37.168988
S0478,QZ_PRO,Probability,48,100,2026-01-09 13:55:37.168988
S0478,QZ_PRO,Probability,60,100,2025-12-06 13:55:37.168988
S0478,QZ_PRO,Probability,31,100,2025-09-04 13:55:37.168988
S0478,QZ_STA,Statistics,62,100,2025-09-14 13:55:37.168988
S0478,QZ_STA,Statistics,26,100,2025-12-02 13:55:37.168988
S0478,QZ_ML ,ML Basics,87,100,2025-08-10 13:55:37.168988
S0478,QZ_ML ,ML Basics,58,100,2025-12-19 13:55:37.168988
S0478,QZ_ML ,ML Basics,40,100,2026-01-04 13:55:37.168988
S0478,QZ_ML ,ML Basics,95,100,2025-08-04 13:55:37.168988
S0478,QZ_DEE,Deep Learning,86,100,2026-01-08 13:55:37.168988
S0478,QZ_DEE,Deep Learning,59,100,2025-09-20 13:55:37.168988
S0478,QZ_DEE,Deep Learning,54,100,2025-08-03 13:55:37.168988
S0478,QZ_NLP,NLP,40,100,2025-11-14 13:55:37.168988
S0478,QZ_NLP,NLP,66,100,2025-08-23 13:55:37.168988
S0478,QZ_NLP,NLP,26,100,2025-11-22 13:55:37.168988
S0478,QZ_NLP,NLP,41,100,2025-10-20 13:55:37.168988
S0478,QZ_COM,Computer Vision,61,100,2025-08-16 13:55:37.168988
S0478,QZ_COM,Computer Vision,75,100,2025-11-17 13:55:37.168988
S0478,QZ_COM,Computer Vision,57,100,2025-11-23 13:55:37.168988
S0478,QZ_OPT,Optimization,94,100,2025-08-02 13:55:37.168988
S0478,QZ_OPT,Optimization,34,100,2026-01-05 13:55:37.168988
S0479,QZ_LIN,Linear Algebra,78,100,2025-07-21 13:55:37.168988
S0479,QZ_LIN,Linear Algebra,61,100,2025-07-30 13:55:37.168988
S0479,QZ_PRO,Probability,46,100,2025-09-08 13:55:37.168988
S0479,QZ_PRO,Probability,61,100,2025-08-15 13:55:37.168988
S0479,QZ_PRO,Probability,43,100,2025-12-24 13:55:37.168988
S0479,QZ_STA,Statistics,61,100,2025-11-13 13:55:37.168988
S0479,QZ_STA,Statistics,88,100,2025-07-21 13:55:37.168988
S0479,QZ_STA,Statistics,55,100,2025-10-03 13:55:37.168988
S0479,QZ_STA,Statistics,60,100,2025-11-24 13:55:37.168988
S0479,QZ_ML ,ML Basics,75,100,2025-09-04 13:55:37.168988
S0479,QZ_ML ,ML Basics,92,100,2025-10-02 13:55:37.168988
S0479,QZ_DEE,Deep Learning,47,100,2026-01-14 13:55:37.168988
S0479,QZ_DEE,Deep Learning,66,100,2025-12-13 13:55:37.168988
S0479,QZ_DEE,Deep Learning,44,100,2025-08-26 13:55:37.168988
S0479,QZ_NLP,NLP,83,100,2025-08-01 13:55:37.168988
S0479,QZ_NLP,NLP,92,100,2025-11-12 13:55:37.168988
S0479,QZ_NLP,NLP,84,100,2025-12-31 13:55:37.168988
S0479,QZ_NLP,NLP,70,100,2025-12-18 13:55:37.168988
S0479,QZ_COM,Computer Vision,71,100,2025-11-17 13:55:37.168988
S0479,QZ_COM,Computer Vision,90,100,2025-10-03 13:55:37.168988
S0479,QZ_OPT,Optimization,96,100,2026-01-08 13:55:37.168988
S0479,QZ_OPT,Optimization,30,100,2025-08-16 13:55:37.168988
S0480,QZ_LIN,Linear Algebra,57,100,2025-08-22 13:55:37.168988
S0480,QZ_LIN,Linear Algebra,72,100,2025-12-26 13:55:37.168988
S0480,QZ_LIN,Linear Algebra,75,100,2025-08-04 13:55:37.168988
S0480,QZ_LIN,Linear Algebra,80,100,2026-01-16 13:55:37.168988
S0480,QZ_PRO,Probability,25,100,2025-11-13 13:55:37.168988
S0480,QZ_PRO,Probability,86,100,2025-11-05 13:55:37.168988
S0480,QZ_PRO,Probability,82,100,2025-08-11 13:55:37.168988
S0480,QZ_PRO,Probability,29,100,2025-10-27 13:55:37.168988
S0480,QZ_STA,Statistics,58,100,2025-10-06 13:55:37.168988
S0480,QZ_STA,Statistics,48,100,2025-09-12 13:55:37.168988
S0480,QZ_STA,Statistics,44,100,2025-11-30 13:55:37.168988
S0480,QZ_ML ,ML Basics,42,100,2025-12-22 13:55:37.168988
S0480,QZ_ML ,ML Basics,56,100,2026-01-02 13:55:37.168988
S0480,QZ_ML ,ML Basics,57,100,2026-01-07 13:55:37.168988
S0480,QZ_ML ,ML Basics,82,100,2025-09-27 13:55:37.168988
S0480,QZ_DEE,Deep Learning,65,100,2025-09-14 13:55:37.168988
S0480,QZ_DEE,Deep Learning,55,100,2025-10-01 13:55:37.168988
S0480,QZ_NLP,NLP,84,100,2025-11-19 13:55:37.168988
S0480,QZ_NLP,NLP,51,100,2026-01-15 13:55:37.168988
S0480,QZ_NLP,NLP,56,100,2025-08-16 13:55:37.168988
S0480,QZ_COM,Computer Vision,92,100,2025-10-24 13:55:37.168988
S0480,QZ_COM,Computer Vision,36,100,2025-09-30 13:55:37.168988
S0480,QZ_OPT,Optimization,31,100,2026-01-04 13:55:37.168988
S0480,QZ_OPT,Optimization,82,100,2025-08-07 13:55:37.168988
S0480,QZ_OPT,Optimization,56,100,2025-08-04 13:55:37.168988
S0481,QZ_LIN,Linear Algebra,70,100,2025-08-26 13:55:37.168988
S0481,QZ_LIN,Linear Algebra,77,100,2025-09-15 13:55:37.168988
S0481,QZ_LIN,Linear Algebra,48,100,2025-08-14 13:55:37.168988
S0481,QZ_PRO,Probability,88,100,2025-08-23 13:55:37.168988
S0481,QZ_PRO,Probability,33,100,2026-01-06 13:55:37.168988
S0481,QZ_PRO,Probability,80,100,2025-11-14 13:55:37.168988
S0481,QZ_STA,Statistics,77,100,2025-10-17 13:55:37.168988
S0481,QZ_STA,Statistics,41,100,2025-12-02 13:55:37.168988
S0481,QZ_STA,Statistics,46,100,2025-09-14 13:55:37.168988
S0481,QZ_STA,Statistics,26,100,2025-08-28 13:55:37.168988
S0481,QZ_ML ,ML Basics,26,100,2026-01-02 13:55:37.168988
S0481,QZ_ML ,ML Basics,41,100,2025-09-24 13:55:37.168988
S0481,QZ_ML ,ML Basics,95,100,2025-11-01 13:55:37.168988
S0481,QZ_DEE,Deep Learning,49,100,2025-12-05 13:55:37.168988
S0481,QZ_DEE,Deep Learning,45,100,2025-11-14 13:55:37.168988
S0481,QZ_DEE,Deep Learning,99,100,2025-12-07 13:55:37.168988
S0481,QZ_DEE,Deep Learning,70,100,2025-08-22 13:55:37.168988
S0481,QZ_NLP,NLP,89,100,2025-11-02 13:55:37.168988
S0481,QZ_NLP,NLP,55,100,2025-09-22 13:55:37.168988
S0481,QZ_NLP,NLP,61,100,2025-12-16 13:55:37.168988
S0481,QZ_NLP,NLP,94,100,2025-09-01 13:55:37.168988
S0481,QZ_COM,Computer Vision,91,100,2025-10-19 13:55:37.168988
S0481,QZ_COM,Computer Vision,40,100,2025-12-05 13:55:37.168988
S0481,QZ_COM,Computer Vision,92,100,2025-11-19 13:55:37.168988
S0481,QZ_COM,Computer Vision,26,100,2026-01-09 13:55:37.168988
S0481,QZ_OPT,Optimization,59,100,2025-10-07 13:55:37.168988
S0481,QZ_OPT,Optimization,49,100,2025-12-31 13:55:37.168988
S0481,QZ_OPT,Optimization,63,100,2025-11-19 13:55:37.168988
S0481,QZ_OPT,Optimization,94,100,2025-12-31 13:55:37.168988
S0482,QZ_LIN,Linear Algebra,89,100,2026-01-09 13:55:37.168988
S0482,QZ_LIN,Linear Algebra,80,100,2025-09-28 13:55:37.168988
S0482,QZ_LIN,Linear Algebra,86,100,2025-12-17 13:55:37.168988
S0482,QZ_PRO,Probability,59,100,2025-09-30 13:55:37.168988
S0482,QZ_PRO,Probability,42,100,2025-08-20 13:55:37.168988
S0482,QZ_PRO,Probability,92,100,2025-10-20 13:55:37.168988
S0482,QZ_PRO,Probability,37,100,2025-09-09 13:55:37.168988
S0482,QZ_STA,Statistics,76,100,2025-11-21 13:55:37.168988
S0482,QZ_STA,Statistics,39,100,2025-08-22 13:55:37.168988
S0482,QZ_ML ,ML Basics,83,100,2025-10-12 13:55:37.168988
S0482,QZ_ML ,ML Basics,30,100,2025-09-21 13:55:37.168988
S0482,QZ_ML ,ML Basics,31,100,2025-07-24 13:55:37.168988
S0482,QZ_DEE,Deep Learning,56,100,2025-09-26 13:55:37.168988
S0482,QZ_DEE,Deep Learning,70,100,2025-07-31 13:55:37.168988
S0482,QZ_DEE,Deep Learning,66,100,2025-09-04 13:55:37.168988
S0482,QZ_NLP,NLP,97,100,2025-10-06 13:55:37.168988
S0482,QZ_NLP,NLP,94,100,2025-10-16 13:55:37.168988
S0482,QZ_NLP,NLP,27,100,2025-07-31 13:55:37.168988
S0482,QZ_COM,Computer Vision,55,100,2025-08-30 13:55:37.168988
S0482,QZ_COM,Computer Vision,32,100,2025-10-07 13:55:37.168988
S0482,QZ_OPT,Optimization,90,100,2025-12-11 13:55:37.168988
S0482,QZ_OPT,Optimization,75,100,2025-10-14 13:55:37.168988
S0483,QZ_LIN,Linear Algebra,32,100,2025-11-17 13:55:37.168988
S0483,QZ_LIN,Linear Algebra,40,100,2025-10-13 13:55:37.168988
S0483,QZ_LIN,Linear Algebra,75,100,2025-07-24 13:55:37.168988
S0483,QZ_PRO,Probability,68,100,2025-11-04 13:55:37.168988
S0483,QZ_PRO,Probability,61,100,2025-10-19 13:55:37.168988
S0483,QZ_STA,Statistics,79,100,2025-10-03 13:55:37.168988
S0483,QZ_STA,Statistics,69,100,2025-12-21 13:55:37.168988
S0483,QZ_STA,Statistics,61,100,2025-12-03 13:55:37.168988
S0483,QZ_STA,Statistics,62,100,2025-11-12 13:55:37.168988
S0483,QZ_ML ,ML Basics,50,100,2025-11-08 13:55:37.168988
S0483,QZ_ML ,ML Basics,59,100,2025-12-02 13:55:37.168988
S0483,QZ_ML ,ML Basics,58,100,2025-09-14 13:55:37.168988
S0483,QZ_DEE,Deep Learning,26,100,2025-12-22 13:55:37.168988
S0483,QZ_DEE,Deep Learning,42,100,2025-08-05 13:55:37.168988
S0483,QZ_NLP,NLP,69,100,2026-01-08 13:55:37.168988
S0483,QZ_NLP,NLP,29,100,2025-10-09 13:55:37.168988
S0483,QZ_COM,Computer Vision,32,100,2025-11-19 13:55:37.168988
S0483,QZ_COM,Computer Vision,79,100,2025-08-27 13:55:37.168988
S0483,QZ_COM,Computer Vision,87,100,2025-11-27 13:55:37.168988
S0483,QZ_COM,Computer Vision,81,100,2025-08-18 13:55:37.168988
S0483,QZ_OPT,Optimization,37,100,2025-10-19 13:55:37.168988
S0483,QZ_OPT,Optimization,37,100,2025-08-25 13:55:37.168988
S0483,QZ_OPT,Optimization,80,100,2025-09-13 13:55:37.168988
S0483,QZ_OPT,Optimization,56,100,2025-07-24 13:55:37.168988
S0484,QZ_LIN,Linear Algebra,69,100,2025-09-02 13:55:37.168988
S0484,QZ_LIN,Linear Algebra,79,100,2025-09-06 13:55:37.168988
S0484,QZ_PRO,Probability,62,100,2025-08-28 13:55:37.168988
S0484,QZ_PRO,Probability,80,100,2025-08-16 13:55:37.168988
S0484,QZ_PRO,Probability,74,100,2025-08-11 13:55:37.168988
S0484,QZ_PRO,Probability,85,100,2025-11-17 13:55:37.168988
S0484,QZ_STA,Statistics,42,100,2025-12-15 13:55:37.168988
S0484,QZ_STA,Statistics,99,100,2025-11-21 13:55:37.168988
S0484,QZ_ML ,ML Basics,80,100,2025-11-14 13:55:37.168988
S0484,QZ_ML ,ML Basics,73,100,2025-12-28 13:55:37.168988
S0484,QZ_ML ,ML Basics,52,100,2025-12-31 13:55:37.168988
S0484,QZ_ML ,ML Basics,62,100,2025-08-27 13:55:37.168988
S0484,QZ_DEE,Deep Learning,84,100,2025-12-23 13:55:37.168988
S0484,QZ_DEE,Deep Learning,75,100,2025-11-20 13:55:37.168988
S0484,QZ_DEE,Deep Learning,62,100,2025-09-22 13:55:37.168988
S0484,QZ_NLP,NLP,25,100,2026-01-15 13:55:37.168988
S0484,QZ_NLP,NLP,78,100,2025-11-12 13:55:37.168988
S0484,QZ_NLP,NLP,63,100,2025-09-15 13:55:37.168988
S0484,QZ_NLP,NLP,81,100,2025-12-25 13:55:37.168988
S0484,QZ_COM,Computer Vision,79,100,2025-11-05 13:55:37.168988
S0484,QZ_COM,Computer Vision,80,100,2025-11-06 13:55:37.168988
S0484,QZ_OPT,Optimization,54,100,2025-08-13 13:55:37.168988
S0484,QZ_OPT,Optimization,59,100,2025-09-28 13:55:37.168988
S0484,QZ_OPT,Optimization,98,100,2025-12-02 13:55:37.168988
S0484,QZ_OPT,Optimization,77,100,2025-09-12 13:55:37.168988
S0485,QZ_LIN,Linear Algebra,78,100,2026-01-14 13:55:37.168988
S0485,QZ_LIN,Linear Algebra,57,100,2025-11-06 13:55:37.168988
S0485,QZ_LIN,Linear Algebra,34,100,2025-12-28 13:55:37.168988
S0485,QZ_LIN,Linear Algebra,68,100,2025-10-03 13:55:37.168988
S0485,QZ_PRO,Probability,61,100,2025-11-22 13:55:37.168988
S0485,QZ_PRO,Probability,79,100,2025-11-22 13:55:37.168988
S0485,QZ_PRO,Probability,46,100,2025-12-08 13:55:37.168988
S0485,QZ_PRO,Probability,29,100,2025-09-20 13:55:37.168988
S0485,QZ_STA,Statistics,42,100,2025-08-14 13:55:37.168988
S0485,QZ_STA,Statistics,78,100,2025-09-16 13:55:37.168988
S0485,QZ_STA,Statistics,99,100,2025-09-18 13:55:37.168988
S0485,QZ_ML ,ML Basics,92,100,2025-08-16 13:55:37.168988
S0485,QZ_ML ,ML Basics,83,100,2025-09-21 13:55:37.168988
S0485,QZ_ML ,ML Basics,81,100,2025-11-19 13:55:37.168988
S0485,QZ_DEE,Deep Learning,57,100,2025-11-14 13:55:37.168988
S0485,QZ_DEE,Deep Learning,97,100,2025-09-03 13:55:37.168988
S0485,QZ_DEE,Deep Learning,40,100,2025-09-14 13:55:37.168988
S0485,QZ_DEE,Deep Learning,87,100,2025-11-03 13:55:37.168988
S0485,QZ_NLP,NLP,66,100,2025-09-09 13:55:37.168988
S0485,QZ_NLP,NLP,59,100,2025-11-20 13:55:37.168988
S0485,QZ_COM,Computer Vision,69,100,2025-08-03 13:55:37.168988
S0485,QZ_COM,Computer Vision,36,100,2025-12-22 13:55:37.168988
S0485,QZ_COM,Computer Vision,55,100,2025-12-09 13:55:37.168988
S0485,QZ_OPT,Optimization,85,100,2025-08-14 13:55:37.168988
S0485,QZ_OPT,Optimization,39,100,2025-08-14 13:55:37.168988
S0486,QZ_LIN,Linear Algebra,27,100,2025-11-22 13:55:37.168988
S0486,QZ_LIN,Linear Algebra,99,100,2025-09-13 13:55:37.168988
S0486,QZ_LIN,Linear Algebra,60,100,2025-09-25 13:55:37.168988
S0486,QZ_PRO,Probability,75,100,2025-12-14 13:55:37.168988
S0486,QZ_PRO,Probability,47,100,2025-12-03 13:55:37.168988
S0486,QZ_PRO,Probability,75,100,2025-12-02 13:55:37.168988
S0486,QZ_STA,Statistics,48,100,2025-12-27 13:55:37.168988
S0486,QZ_STA,Statistics,49,100,2025-12-30 13:55:37.168988
S0486,QZ_STA,Statistics,97,100,2025-09-11 13:55:37.168988
S0486,QZ_STA,Statistics,87,100,2025-12-27 13:55:37.168988
S0486,QZ_ML ,ML Basics,91,100,2025-11-25 13:55:37.168988
S0486,QZ_ML ,ML Basics,98,100,2025-08-14 13:55:37.168988
S0486,QZ_DEE,Deep Learning,58,100,2025-08-22 13:55:37.168988
S0486,QZ_DEE,Deep Learning,69,100,2025-11-16 13:55:37.168988
S0486,QZ_DEE,Deep Learning,33,100,2025-11-22 13:55:37.168988
S0486,QZ_NLP,NLP,63,100,2025-07-26 13:55:37.168988
S0486,QZ_NLP,NLP,35,100,2025-09-16 13:55:37.168988
S0486,QZ_NLP,NLP,80,100,2025-08-18 13:55:37.168988
S0486,QZ_NLP,NLP,53,100,2025-10-29 13:55:37.168988
S0486,QZ_COM,Computer Vision,71,100,2025-10-04 13:55:37.168988
S0486,QZ_COM,Computer Vision,37,100,2025-11-26 13:55:37.168988
S0486,QZ_COM,Computer Vision,78,100,2025-07-26 13:55:37.168988
S0486,QZ_COM,Computer Vision,56,100,2025-10-18 13:55:37.168988
S0486,QZ_OPT,Optimization,54,100,2025-09-06 13:55:37.168988
S0486,QZ_OPT,Optimization,66,100,2025-10-06 13:55:37.168988
S0487,QZ_LIN,Linear Algebra,62,100,2025-09-03 13:55:37.168988
S0487,QZ_LIN,Linear Algebra,90,100,2025-09-02 13:55:37.168988
S0487,QZ_LIN,Linear Algebra,56,100,2025-08-30 13:55:37.168988
S0487,QZ_LIN,Linear Algebra,40,100,2025-09-22 13:55:37.168988
S0487,QZ_PRO,Probability,37,100,2025-08-08 13:55:37.168988
S0487,QZ_PRO,Probability,29,100,2025-12-16 13:55:37.168988
S0487,QZ_PRO,Probability,25,100,2025-09-15 13:55:37.168988
S0487,QZ_PRO,Probability,83,100,2025-11-08 13:55:37.168988
S0487,QZ_STA,Statistics,27,100,2025-08-14 13:55:37.168988
S0487,QZ_STA,Statistics,52,100,2025-10-19 13:55:37.168988
S0487,QZ_ML ,ML Basics,58,100,2025-10-27 13:55:37.168988
S0487,QZ_ML ,ML Basics,74,100,2025-12-02 13:55:37.168988
S0487,QZ_ML ,ML Basics,38,100,2025-08-24 13:55:37.168988
S0487,QZ_DEE,Deep Learning,90,100,2025-11-30 13:55:37.168988
S0487,QZ_DEE,Deep Learning,33,100,2025-12-12 13:55:37.168988
S0487,QZ_DEE,Deep Learning,42,100,2025-11-08 13:55:37.168988
S0487,QZ_DEE,Deep Learning,31,100,2026-01-03 13:55:37.168988
S0487,QZ_NLP,NLP,73,100,2025-07-28 13:55:37.168988
S0487,QZ_NLP,NLP,80,100,2026-01-03 13:55:37.168988
S0487,QZ_NLP,NLP,96,100,2025-07-29 13:55:37.168988
S0487,QZ_NLP,NLP,90,100,2025-10-24 13:55:37.168988
S0487,QZ_COM,Computer Vision,51,100,2026-01-04 13:55:37.168988
S0487,QZ_COM,Computer Vision,57,100,2025-10-06 13:55:37.168988
S0487,QZ_COM,Computer Vision,46,100,2025-09-09 13:55:37.168988
S0487,QZ_COM,Computer Vision,79,100,2025-12-29 13:55:37.168988
S0487,QZ_OPT,Optimization,45,100,2025-09-26 13:55:37.168988
S0487,QZ_OPT,Optimization,38,100,2025-10-15 13:55:37.168988
S0487,QZ_OPT,Optimization,99,100,2025-08-21 13:55:37.168988
S0488,QZ_LIN,Linear Algebra,40,100,2025-09-29 13:55:37.168988
S0488,QZ_LIN,Linear Algebra,77,100,2025-12-28 13:55:37.168988
S0488,QZ_PRO,Probability,26,100,2025-12-22 13:55:37.168988
S0488,QZ_PRO,Probability,66,100,2025-11-23 13:55:37.168988
S0488,QZ_PRO,Probability,88,100,2025-10-12 13:55:37.168988
S0488,QZ_PRO,Probability,79,100,2025-09-08 13:55:37.168988
S0488,QZ_STA,Statistics,69,100,2025-09-10 13:55:37.168988
S0488,QZ_STA,Statistics,32,100,2025-08-20 13:55:37.168988
S0488,QZ_ML ,ML Basics,71,100,2025-08-01 13:55:37.168988
S0488,QZ_ML ,ML Basics,56,100,2025-09-17 13:55:37.168988
S0488,QZ_DEE,Deep Learning,82,100,2025-12-17 13:55:37.168988
S0488,QZ_DEE,Deep Learning,63,100,2025-10-20 13:55:37.168988
S0488,QZ_NLP,NLP,44,100,2025-11-14 13:55:37.168988
S0488,QZ_NLP,NLP,82,100,2025-12-12 13:55:37.168988
S0488,QZ_NLP,NLP,86,100,2026-01-01 13:55:37.168988
S0488,QZ_NLP,NLP,31,100,2025-10-09 13:55:37.168988
S0488,QZ_COM,Computer Vision,40,100,2025-11-10 13:55:37.168988
S0488,QZ_COM,Computer Vision,66,100,2025-08-08 13:55:37.168988
S0488,QZ_COM,Computer Vision,33,100,2025-09-29 13:55:37.168988
S0488,QZ_COM,Computer Vision,50,100,2025-08-29 13:55:37.168988
S0488,QZ_OPT,Optimization,28,100,2025-12-27 13:55:37.168988
S0488,QZ_OPT,Optimization,48,100,2025-09-22 13:55:37.168988
S0488,QZ_OPT,Optimization,94,100,2026-01-07 13:55:37.168988
S0489,QZ_LIN,Linear Algebra,85,100,2025-08-31 13:55:37.168988
S0489,QZ_LIN,Linear Algebra,28,100,2025-11-07 13:55:37.168988
S0489,QZ_PRO,Probability,81,100,2025-09-21 13:55:37.168988
S0489,QZ_PRO,Probability,26,100,2025-09-29 13:55:37.168988
S0489,QZ_PRO,Probability,37,100,2025-11-30 13:55:37.168988
S0489,QZ_PRO,Probability,61,100,2025-11-24 13:55:37.168988
S0489,QZ_STA,Statistics,31,100,2025-11-27 13:55:37.168988
S0489,QZ_STA,Statistics,89,100,2025-09-30 13:55:37.168988
S0489,QZ_STA,Statistics,30,100,2025-12-17 13:55:37.168988
S0489,QZ_ML ,ML Basics,84,100,2025-08-20 13:55:37.168988
S0489,QZ_ML ,ML Basics,76,100,2025-12-08 13:55:37.168988
S0489,QZ_ML ,ML Basics,92,100,2025-09-21 13:55:37.168988
S0489,QZ_ML ,ML Basics,33,100,2025-11-20 13:55:37.168988
S0489,QZ_DEE,Deep Learning,55,100,2025-08-26 13:55:37.168988
S0489,QZ_DEE,Deep Learning,39,100,2025-08-22 13:55:37.168988
S0489,QZ_DEE,Deep Learning,66,100,2025-12-22 13:55:37.168988
S0489,QZ_NLP,NLP,31,100,2025-12-21 13:55:37.168988
S0489,QZ_NLP,NLP,38,100,2025-10-12 13:55:37.168988
S0489,QZ_COM,Computer Vision,31,100,2025-11-08 13:55:37.168988
S0489,QZ_COM,Computer Vision,39,100,2025-09-16 13:55:37.168988
S0489,QZ_COM,Computer Vision,92,100,2025-11-20 13:55:37.168988
S0489,QZ_OPT,Optimization,45,100,2025-08-09 13:55:37.168988
S0489,QZ_OPT,Optimization,89,100,2025-10-14 13:55:37.168988
S0490,QZ_LIN,Linear Algebra,94,100,2025-10-30 13:55:37.168988
S0490,QZ_LIN,Linear Algebra,70,100,2025-09-17 13:55:37.168988
S0490,QZ_LIN,Linear Algebra,77,100,2025-12-08 13:55:37.168988
S0490,QZ_LIN,Linear Algebra,41,100,2026-01-04 13:55:37.168988
S0490,QZ_PRO,Probability,74,100,2025-08-28 13:55:37.168988
S0490,QZ_PRO,Probability,83,100,2025-08-19 13:55:37.168988
S0490,QZ_STA,Statistics,37,100,2025-07-25 13:55:37.168988
S0490,QZ_STA,Statistics,77,100,2025-08-02 13:55:37.168988
S0490,QZ_STA,Statistics,98,100,2025-10-08 13:55:37.168988
S0490,QZ_STA,Statistics,91,100,2025-10-25 13:55:37.168988
S0490,QZ_ML ,ML Basics,68,100,2025-08-30 13:55:37.168988
S0490,QZ_ML ,ML Basics,26,100,2025-09-12 13:55:37.168988
S0490,QZ_DEE,Deep Learning,61,100,2025-12-31 13:55:37.168988
S0490,QZ_DEE,Deep Learning,56,100,2025-08-27 13:55:37.168988
S0490,QZ_DEE,Deep Learning,73,100,2026-01-01 13:55:37.168988
S0490,QZ_DEE,Deep Learning,29,100,2025-09-10 13:55:37.168988
S0490,QZ_NLP,NLP,50,100,2025-11-05 13:55:37.168988
S0490,QZ_NLP,NLP,75,100,2025-09-14 13:55:37.168988
S0490,QZ_COM,Computer Vision,75,100,2025-08-29 13:55:37.168988
S0490,QZ_COM,Computer Vision,78,100,2025-10-21 13:55:37.168988
S0490,QZ_COM,Computer Vision,32,100,2025-11-16 13:55:37.168988
S0490,QZ_OPT,Optimization,46,100,2025-11-03 13:55:37.168988
S0490,QZ_OPT,Optimization,74,100,2025-10-11 13:55:37.168988
S0490,QZ_OPT,Optimization,38,100,2025-12-10 13:55:37.168988
S0491,QZ_LIN,Linear Algebra,81,100,2025-08-30 13:55:37.168988
S0491,QZ_LIN,Linear Algebra,36,100,2025-09-11 13:55:37.168988
S0491,QZ_LIN,Linear Algebra,77,100,2025-12-06 13:55:37.168988
S0491,QZ_LIN,Linear Algebra,92,100,2025-09-03 13:55:37.168988
S0491,QZ_PRO,Probability,92,100,2025-10-09 13:55:37.168988
S0491,QZ_PRO,Probability,58,100,2025-09-22 13:55:37.168988
S0491,QZ_PRO,Probability,53,100,2025-09-06 13:55:37.168988
S0491,QZ_PRO,Probability,72,100,2025-11-08 13:55:37.168988
S0491,QZ_STA,Statistics,97,100,2025-11-21 13:55:37.168988
S0491,QZ_STA,Statistics,29,100,2025-12-26 13:55:37.168988
S0491,QZ_ML ,ML Basics,43,100,2025-10-25 13:55:37.168988
S0491,QZ_ML ,ML Basics,47,100,2025-10-25 13:55:37.168988
S0491,QZ_DEE,Deep Learning,51,100,2025-12-07 13:55:37.168988
S0491,QZ_DEE,Deep Learning,29,100,2025-08-22 13:55:37.168988
S0491,QZ_DEE,Deep Learning,64,100,2025-11-22 13:55:37.168988
S0491,QZ_NLP,NLP,34,100,2025-09-24 13:55:37.168988
S0491,QZ_NLP,NLP,99,100,2025-09-12 13:55:37.168988
S0491,QZ_NLP,NLP,67,100,2025-08-10 13:55:37.168988
S0491,QZ_COM,Computer Vision,57,100,2025-08-25 13:55:37.168988
S0491,QZ_COM,Computer Vision,77,100,2025-11-30 13:55:37.168988
S0491,QZ_COM,Computer Vision,43,100,2025-11-17 13:55:37.168988
S0491,QZ_COM,Computer Vision,42,100,2025-08-29 13:55:37.168988
S0491,QZ_OPT,Optimization,34,100,2025-09-06 13:55:37.168988
S0491,QZ_OPT,Optimization,48,100,2025-12-07 13:55:37.168988
S0491,QZ_OPT,Optimization,60,100,2026-01-03 13:55:37.168988
S0491,QZ_OPT,Optimization,31,100,2025-12-11 13:55:37.168988
S0492,QZ_LIN,Linear Algebra,33,100,2025-09-09 13:55:37.168988
S0492,QZ_LIN,Linear Algebra,37,100,2025-10-07 13:55:37.168988
S0492,QZ_LIN,Linear Algebra,80,100,2026-01-10 13:55:37.168988
S0492,QZ_LIN,Linear Algebra,51,100,2025-09-13 13:55:37.168988
S0492,QZ_PRO,Probability,63,100,2025-08-11 13:55:37.168988
S0492,QZ_PRO,Probability,64,100,2025-11-25 13:55:37.168988
S0492,QZ_PRO,Probability,69,100,2025-11-08 13:55:37.168988
S0492,QZ_PRO,Probability,35,100,2025-11-25 13:55:37.168988
S0492,QZ_STA,Statistics,83,100,2026-01-16 13:55:37.168988
S0492,QZ_STA,Statistics,86,100,2025-12-15 13:55:37.168988
S0492,QZ_STA,Statistics,97,100,2025-11-16 13:55:37.168988
S0492,QZ_STA,Statistics,35,100,2025-10-26 13:55:37.168988
S0492,QZ_ML ,ML Basics,56,100,2025-12-24 13:55:37.168988
S0492,QZ_ML ,ML Basics,38,100,2025-09-09 13:55:37.168988
S0492,QZ_ML ,ML Basics,93,100,2025-10-20 13:55:37.168988
S0492,QZ_ML ,ML Basics,75,100,2025-07-23 13:55:37.168988
S0492,QZ_DEE,Deep Learning,59,100,2025-08-29 13:55:37.168988
S0492,QZ_DEE,Deep Learning,78,100,2025-09-03 13:55:37.168988
S0492,QZ_DEE,Deep Learning,91,100,2025-10-21 13:55:37.168988
S0492,QZ_DEE,Deep Learning,94,100,2025-12-09 13:55:37.168988
S0492,QZ_NLP,NLP,36,100,2025-12-30 13:55:37.168988
S0492,QZ_NLP,NLP,62,100,2025-09-28 13:55:37.168988
S0492,QZ_COM,Computer Vision,97,100,2025-11-29 13:55:37.168988
S0492,QZ_COM,Computer Vision,98,100,2025-12-27 13:55:37.168988
S0492,QZ_OPT,Optimization,29,100,2025-12-31 13:55:37.168988
S0492,QZ_OPT,Optimization,56,100,2025-12-28 13:55:37.168988
S0492,QZ_OPT,Optimization,42,100,2025-10-25 13:55:37.168988
S0493,QZ_LIN,Linear Algebra,98,100,2025-08-09 13:55:37.168988
S0493,QZ_LIN,Linear Algebra,72,100,2025-08-07 13:55:37.168988
S0493,QZ_LIN,Linear Algebra,29,100,2025-09-30 13:55:37.168988
S0493,QZ_PRO,Probability,70,100,2025-10-06 13:55:37.168988
S0493,QZ_PRO,Probability,32,100,2025-08-12 13:55:37.168988
S0493,QZ_PRO,Probability,50,100,2025-11-27 13:55:37.168988
S0493,QZ_STA,Statistics,25,100,2025-10-30 13:55:37.168988
S0493,QZ_STA,Statistics,77,100,2025-10-08 13:55:37.168988
S0493,QZ_STA,Statistics,72,100,2025-08-27 13:55:37.168988
S0493,QZ_STA,Statistics,63,100,2025-10-11 13:55:37.168988
S0493,QZ_ML ,ML Basics,40,100,2025-08-03 13:55:37.168988
S0493,QZ_ML ,ML Basics,47,100,2025-10-31 13:55:37.168988
S0493,QZ_ML ,ML Basics,25,100,2025-09-16 13:55:37.168988
S0493,QZ_DEE,Deep Learning,42,100,2025-10-01 13:55:37.168988
S0493,QZ_DEE,Deep Learning,81,100,2025-08-16 13:55:37.168988
S0493,QZ_DEE,Deep Learning,38,100,2026-01-06 13:55:37.168988
S0493,QZ_NLP,NLP,85,100,2025-09-12 13:55:37.168988
S0493,QZ_NLP,NLP,87,100,2025-11-28 13:55:37.168988
S0493,QZ_NLP,NLP,80,100,2025-12-30 13:55:37.168988
S0493,QZ_COM,Computer Vision,32,100,2025-11-17 13:55:37.168988
S0493,QZ_COM,Computer Vision,90,100,2025-11-10 13:55:37.168988
S0493,QZ_COM,Computer Vision,59,100,2025-09-14 13:55:37.168988
S0493,QZ_COM,Computer Vision,29,100,2025-12-22 13:55:37.168988
S0493,QZ_OPT,Optimization,45,100,2025-10-31 13:55:37.168988
S0493,QZ_OPT,Optimization,67,100,2025-08-12 13:55:37.168988
S0493,QZ_OPT,Optimization,56,100,2026-01-10 13:55:37.168988
S0493,QZ_OPT,Optimization,45,100,2025-09-23 13:55:37.168988
S0494,QZ_LIN,Linear Algebra,77,100,2025-12-18 13:55:37.168988
S0494,QZ_LIN,Linear Algebra,29,100,2025-09-19 13:55:37.168988
S0494,QZ_LIN,Linear Algebra,37,100,2025-08-10 13:55:37.168988
S0494,QZ_LIN,Linear Algebra,75,100,2025-08-16 13:55:37.168988
S0494,QZ_PRO,Probability,88,100,2025-12-18 13:55:37.168988
S0494,QZ_PRO,Probability,53,100,2025-12-13 13:55:37.168988
S0494,QZ_STA,Statistics,73,100,2025-08-20 13:55:37.168988
S0494,QZ_STA,Statistics,97,100,2025-12-05 13:55:37.168988
S0494,QZ_STA,Statistics,53,100,2025-11-16 13:55:37.168988
S0494,QZ_ML ,ML Basics,80,100,2025-08-29 13:55:37.168988
S0494,QZ_ML ,ML Basics,82,100,2025-11-23 13:55:37.168988
S0494,QZ_ML ,ML Basics,78,100,2025-11-19 13:55:37.168988
S0494,QZ_DEE,Deep Learning,35,100,2025-10-03 13:55:37.168988
S0494,QZ_DEE,Deep Learning,56,100,2025-08-26 13:55:37.168988
S0494,QZ_DEE,Deep Learning,25,100,2025-10-23 13:55:37.168988
S0494,QZ_DEE,Deep Learning,54,100,2025-11-22 13:55:37.168988
S0494,QZ_NLP,NLP,53,100,2025-11-10 13:55:37.168988
S0494,QZ_NLP,NLP,44,100,2026-01-14 13:55:37.168988
S0494,QZ_NLP,NLP,41,100,2025-07-29 13:55:37.168988
S0494,QZ_COM,Computer Vision,67,100,2025-08-10 13:55:37.168988
S0494,QZ_COM,Computer Vision,25,100,2026-01-11 13:55:37.168988
S0494,QZ_COM,Computer Vision,63,100,2025-08-06 13:55:37.168988
S0494,QZ_COM,Computer Vision,80,100,2025-08-28 13:55:37.168988
S0494,QZ_OPT,Optimization,84,100,2025-07-30 13:55:37.168988
S0494,QZ_OPT,Optimization,67,100,2025-12-20 13:55:37.168988
S0494,QZ_OPT,Optimization,54,100,2025-12-20 13:55:37.168988
S0495,QZ_LIN,Linear Algebra,42,100,2025-09-23 13:55:37.168988
S0495,QZ_LIN,Linear Algebra,32,100,2025-10-30 13:55:37.168988
S0495,QZ_LIN,Linear Algebra,89,100,2025-09-01 13:55:37.168988
S0495,QZ_LIN,Linear Algebra,60,100,2025-11-17 13:55:37.168988
S0495,QZ_PRO,Probability,48,100,2025-11-29 13:55:37.168988
S0495,QZ_PRO,Probability,74,100,2025-10-07 13:55:37.168988
S0495,QZ_PRO,Probability,69,100,2026-01-12 13:55:37.168988
S0495,QZ_STA,Statistics,42,100,2025-11-21 13:55:37.168988
S0495,QZ_STA,Statistics,71,100,2025-11-20 13:55:37.168988
S0495,QZ_STA,Statistics,93,100,2025-08-03 13:55:37.168988
S0495,QZ_STA,Statistics,69,100,2025-09-28 13:55:37.168988
S0495,QZ_ML ,ML Basics,59,100,2025-08-05 13:55:37.168988
S0495,QZ_ML ,ML Basics,78,100,2025-10-20 13:55:37.168988
S0495,QZ_DEE,Deep Learning,69,100,2025-11-17 13:55:37.168988
S0495,QZ_DEE,Deep Learning,78,100,2026-01-07 13:55:37.168988
S0495,QZ_NLP,NLP,46,100,2025-08-06 13:55:37.168988
S0495,QZ_NLP,NLP,45,100,2025-09-13 13:55:37.168988
S0495,QZ_NLP,NLP,43,100,2025-07-31 13:55:37.168988
S0495,QZ_COM,Computer Vision,60,100,2025-12-23 13:55:37.168988
S0495,QZ_COM,Computer Vision,44,100,2025-11-02 13:55:37.168988
S0495,QZ_COM,Computer Vision,49,100,2025-09-18 13:55:37.168988
S0495,QZ_OPT,Optimization,53,100,2025-12-01 13:55:37.168988
S0495,QZ_OPT,Optimization,79,100,2025-09-23 13:55:37.168988
S0495,QZ_OPT,Optimization,31,100,2025-08-23 13:55:37.168988
S0496,QZ_LIN,Linear Algebra,53,100,2025-07-30 13:55:37.168988
S0496,QZ_LIN,Linear Algebra,88,100,2025-12-19 13:55:37.168988
S0496,QZ_PRO,Probability,32,100,2025-10-28 13:55:37.168988
S0496,QZ_PRO,Probability,34,100,2025-10-05 13:55:37.168988
S0496,QZ_STA,Statistics,52,100,2025-09-11 13:55:37.168988
S0496,QZ_STA,Statistics,81,100,2025-10-19 13:55:37.168988
S0496,QZ_ML ,ML Basics,30,100,2025-12-14 13:55:37.168988
S0496,QZ_ML ,ML Basics,28,100,2025-11-05 13:55:37.168988
S0496,QZ_ML ,ML Basics,97,100,2025-12-05 13:55:37.168988
S0496,QZ_DEE,Deep Learning,70,100,2025-08-22 13:55:37.168988
S0496,QZ_DEE,Deep Learning,69,100,2025-10-05 13:55:37.168988
S0496,QZ_DEE,Deep Learning,68,100,2025-07-29 13:55:37.168988
S0496,QZ_DEE,Deep Learning,25,100,2025-12-30 13:55:37.168988
S0496,QZ_NLP,NLP,79,100,2025-09-20 13:55:37.168988
S0496,QZ_NLP,NLP,37,100,2025-12-30 13:55:37.168988
S0496,QZ_NLP,NLP,83,100,2025-08-08 13:55:37.168988
S0496,QZ_NLP,NLP,31,100,2025-09-15 13:55:37.168988
S0496,QZ_COM,Computer Vision,90,100,2025-12-05 13:55:37.168988
S0496,QZ_COM,Computer Vision,95,100,2025-12-06 13:55:37.168988
S0496,QZ_COM,Computer Vision,55,100,2025-11-24 13:55:37.168988
S0496,QZ_COM,Computer Vision,40,100,2025-11-09 13:55:37.168988
S0496,QZ_OPT,Optimization,69,100,2025-10-08 13:55:37.168988
S0496,QZ_OPT,Optimization,90,100,2025-10-24 13:55:37.168988
S0496,QZ_OPT,Optimization,35,100,2025-10-25 13:55:37.168988
S0496,QZ_OPT,Optimization,55,100,2025-11-05 13:55:37.168988
S0497,QZ_LIN,Linear Algebra,68,100,2025-12-05 13:55:37.168988
S0497,QZ_LIN,Linear Algebra,68,100,2025-08-30 13:55:37.168988
S0497,QZ_LIN,Linear Algebra,78,100,2025-11-03 13:55:37.168988
S0497,QZ_LIN,Linear Algebra,79,100,2025-09-17 13:55:37.168988
S0497,QZ_PRO,Probability,94,100,2025-08-24 13:55:37.168988
S0497,QZ_PRO,Probability,95,100,2026-01-09 13:55:37.168988
S0497,QZ_PRO,Probability,39,100,2026-01-04 13:55:37.168988
S0497,QZ_STA,Statistics,90,100,2025-08-27 13:55:37.168988
S0497,QZ_STA,Statistics,40,100,2025-12-26 13:55:37.168988
S0497,QZ_STA,Statistics,56,100,2026-01-08 13:55:37.168988
S0497,QZ_STA,Statistics,52,100,2025-07-25 13:55:37.168988
S0497,QZ_ML ,ML Basics,63,100,2025-07-26 13:55:37.168988
S0497,QZ_ML ,ML Basics,36,100,2025-08-05 13:55:37.168988
S0497,QZ_ML ,ML Basics,97,100,2025-09-21 13:55:37.168988
S0497,QZ_DEE,Deep Learning,75,100,2025-12-12 13:55:37.168988
S0497,QZ_DEE,Deep Learning,93,100,2026-01-10 13:55:37.168988
S0497,QZ_NLP,NLP,69,100,2026-01-02 13:55:37.168988
S0497,QZ_NLP,NLP,59,100,2025-12-21 13:55:37.168988
S0497,QZ_NLP,NLP,98,100,2025-08-23 13:55:37.168988
S0497,QZ_NLP,NLP,85,100,2025-09-21 13:55:37.168988
S0497,QZ_COM,Computer Vision,78,100,2025-07-24 13:55:37.168988
S0497,QZ_COM,Computer Vision,71,100,2025-09-28 13:55:37.168988
S0497,QZ_COM,Computer Vision,87,100,2025-08-18 13:55:37.168988
S0497,QZ_OPT,Optimization,87,100,2025-09-28 13:55:37.168988
S0497,QZ_OPT,Optimization,98,100,2025-11-17 13:55:37.168988
S0497,QZ_OPT,Optimization,96,100,2025-12-21 13:55:37.168988
S0497,QZ_OPT,Optimization,66,100,2025-08-08 13:55:37.168988
S0498,QZ_LIN,Linear Algebra,31,100,2025-12-16 13:55:37.168988
S0498,QZ_LIN,Linear Algebra,71,100,2026-01-03 13:55:37.168988
S0498,QZ_LIN,Linear Algebra,56,100,2025-10-17 13:55:37.168988
S0498,QZ_PRO,Probability,30,100,2026-01-07 13:55:37.168988
S0498,QZ_PRO,Probability,77,100,2025-10-30 13:55:37.168988
S0498,QZ_STA,Statistics,80,100,2025-08-23 13:55:37.168988
S0498,QZ_STA,Statistics,86,100,2025-11-11 13:55:37.168988
S0498,QZ_ML ,ML Basics,41,100,2025-08-23 13:55:37.168988
S0498,QZ_ML ,ML Basics,79,100,2025-08-09 13:55:37.168988
S0498,QZ_DEE,Deep Learning,43,100,2025-09-13 13:55:37.168988
S0498,QZ_DEE,Deep Learning,48,100,2025-09-19 13:55:37.168988
S0498,QZ_DEE,Deep Learning,79,100,2026-01-15 13:55:37.168988
S0498,QZ_DEE,Deep Learning,26,100,2025-11-26 13:55:37.168988
S0498,QZ_NLP,NLP,61,100,2025-09-10 13:55:37.168988
S0498,QZ_NLP,NLP,63,100,2025-08-20 13:55:37.168988
S0498,QZ_NLP,NLP,85,100,2025-11-13 13:55:37.168988
S0498,QZ_COM,Computer Vision,45,100,2025-11-17 13:55:37.168988
S0498,QZ_COM,Computer Vision,26,100,2025-08-28 13:55:37.168988
S0498,QZ_OPT,Optimization,32,100,2025-10-19 13:55:37.168988
S0498,QZ_OPT,Optimization,45,100,2025-08-09 13:55:37.168988
S0499,QZ_LIN,Linear Algebra,75,100,2026-01-03 13:55:37.168988
S0499,QZ_LIN,Linear Algebra,95,100,2025-08-02 13:55:37.168988
S0499,QZ_LIN,Linear Algebra,71,100,2026-01-08 13:55:37.168988
S0499,QZ_PRO,Probability,72,100,2025-08-28 13:55:37.168988
S0499,QZ_PRO,Probability,95,100,2025-09-08 13:55:37.168988
S0499,QZ_PRO,Probability,69,100,2025-10-16 13:55:37.168988
S0499,QZ_PRO,Probability,85,100,2025-10-17 13:55:37.168988
S0499,QZ_STA,Statistics,38,100,2025-09-28 13:55:37.168988
S0499,QZ_STA,Statistics,71,100,2025-12-06 13:55:37.168988
S0499,QZ_ML ,ML Basics,72,100,2025-11-24 13:55:37.168988
S0499,QZ_ML ,ML Basics,84,100,2025-09-16 13:55:37.168988
S0499,QZ_ML ,ML Basics,61,100,2025-09-13 13:55:37.168988
S0499,QZ_ML ,ML Basics,44,100,2025-08-17 13:55:37.168988
S0499,QZ_DEE,Deep Learning,36,100,2025-09-19 13:55:37.168988
S0499,QZ_DEE,Deep Learning,33,100,2025-10-27 13:55:37.168988
S0499,QZ_DEE,Deep Learning,72,100,2025-12-22 13:55:37.168988
S0499,QZ_DEE,Deep Learning,55,100,2025-11-20 13:55:37.168988
S0499,QZ_NLP,NLP,39,100,2025-09-28 13:55:37.168988
S0499,QZ_NLP,NLP,77,100,2025-11-03 13:55:37.168988
S0499,QZ_NLP,NLP,40,100,2025-12-12 13:55:37.168988
S0499,QZ_NLP,NLP,29,100,2025-11-03 13:55:37.168988
S0499,QZ_COM,Computer Vision,64,100,2025-12-16 13:55:37.168988
S0499,QZ_COM,Computer Vision,98,100,2025-12-09 13:55:37.168988
S0499,QZ_OPT,Optimization,50,100,2025-09-02 13:55:37.168988
S0499,QZ_OPT,Optimization,72,100,2025-12-28 13:55:37.168988
S0499,QZ_OPT,Optimization,35,100,2025-08-18 13:55:37.168988
S0499,QZ_OPT,Optimization,32,100,2025-12-19 13:55:37.168988
S0500,QZ_LIN,Linear Algebra,45,100,2025-08-16 13:55:37.168988
S0500,QZ_LIN,Linear Algebra,84,100,2026-01-03 13:55:37.168988
S0500,QZ_LIN,Linear Algebra,86,100,2025-12-02 13:55:37.168988
S0500,QZ_PRO,Probability,89,100,2025-10-10 13:55:37.168988
S0500,QZ_PRO,Probability,57,100,2025-09-27 13:55:37.168988
S0500,QZ_PRO,Probability,55,100,2025-08-12 13:55:37.168988
S0500,QZ_PRO,Probability,48,100,2026-01-16 13:55:37.168988
S0500,QZ_STA,Statistics,51,100,2025-08-26 13:55:37.168988
S0500,QZ_STA,Statistics,73,100,2025-12-12 13:55:37.168988
S0500,QZ_ML ,ML Basics,82,100,2025-11-26 13:55:37.168988
S0500,QZ_ML ,ML Basics,72,100,2025-12-12 13:55:37.168988
S0500,QZ_DEE,Deep Learning,94,100,2025-12-25 13:55:37.168988
S0500,QZ_DEE,Deep Learning,71,100,2026-01-11 13:55:37.168988
S0500,QZ_DEE,Deep Learning,82,100,2025-07-28 13:55:37.168988
S0500,QZ_NLP,NLP,90,100,2025-08-20 13:55:37.168988
S0500,QZ_NLP,NLP,91,100,2025-10-22 13:55:37.168988
S0500,QZ_COM,Computer Vision,55,100,2025-12-29 13:55:37.168988
S0500,QZ_COM,Computer Vision,74,100,2025-12-18 13:55:37.168988
S0500,QZ_OPT,Optimization,94,100,2025-08-08 13:55:37.168988
S0500,QZ_OPT,Optimization,49,100,2025-12-23 13:55:37.168988
S0500,QZ_OPT,Optimization,81,100,2025-11-27 13:55:37.168988
